ISO-10303-21;
HEADER;
FILE_DESCRIPTION(('FreeCAD Model'),'2;1');
FILE_NAME('Open CASCADE Shape Model','2026-08-29T23:22:24',('FreeCAD'),(
    'FreeCAD'),'Open CASCADE STEP processor 7.8','FreeCAD','Unknown');
FILE_SCHEMA(('AUTOMOTIVE_DESIGN { 1 0 10303 214 1 1 1 1 }'));
ENDSEC;
DATA;
#1 = APPLICATION_PROTOCOL_DEFINITION('international standard',
  'automotive_design',2000,#2);
#2 = APPLICATION_CONTEXT(
  'core data for automotive mechanical design processes');
#3 = SHAPE_DEFINITION_REPRESENTATION(#4,#10);
#4 = PRODUCT_DEFINITION_SHAPE('','',#5);
#5 = PRODUCT_DEFINITION('design','',#6,#9);
#6 = PRODUCT_DEFINITION_FORMATION('','',#7);
#7 = PRODUCT('Open CASCADE STEP translator 7.8 4',
  'Open CASCADE STEP translator 7.8 4','',(#8));
#8 = PRODUCT_CONTEXT('',#2,'mechanical');
#9 = PRODUCT_DEFINITION_CONTEXT('part definition',#2,'design');
#10 = ADVANCED_BREP_SHAPE_REPRESENTATION('',(#11,#15),#2980);
#11 = AXIS2_PLACEMENT_3D('',#12,#13,#14);
#12 = CARTESIAN_POINT('',(0.,0.,0.));
#13 = DIRECTION('',(0.,0.,1.));
#14 = DIRECTION('',(1.,0.,-0.));
#15 = MANIFOLD_SOLID_BREP('',#16);
#16 = CLOSED_SHELL('',(#17,#97,#128,#203,#227,#251,#276,#293,#318,#343,
    #363,#700,#725,#760,#778,#793,#818,#827,#881,#930,#955,#980,#1032,
    #1084,#1116,#1148,#1172,#1196,#1221,#1246,#1263,#1280,#1306,#1330,
    #1355,#1390,#1416,#1441,#1472,#1496,#1520,#1544,#1568,#1585,#1603,
    #1612,#1827,#1839,#1851,#1896,#1941,#1960,#1979,#1988,#2002,#2042,
    #2068,#2092,#2117,#2149,#2173,#2198,#2215,#2247,#2271,#2296,#2320,
    #2345,#2363,#2395,#2420,#2445,#2463,#2503,#2529,#2553,#2578,#2593,
    #2608,#2623,#2638,#2669,#2700,#2718,#2741,#2753,#2767,#2779,#2797,
    #2820,#2844,#2861,#2885,#2902,#2924,#2946,#2963));
#17 = ADVANCED_FACE('',(#18,#70,#81),#92,.F.);
#18 = FACE_BOUND('',#19,.F.);
#19 = EDGE_LOOP('',(#20,#30,#39,#47,#55,#64));
#20 = ORIENTED_EDGE('',*,*,#21,.F.);
#21 = EDGE_CURVE('',#22,#24,#26,.T.);
#22 = VERTEX_POINT('',#23);
#23 = CARTESIAN_POINT('',(13.10659408136,112.44400070421,7.5));
#24 = VERTEX_POINT('',#25);
#25 = CARTESIAN_POINT('',(9.,113.73880484448,7.5));
#26 = LINE('',#27,#28);
#27 = CARTESIAN_POINT('',(13.10659408136,112.44400070421,7.5));
#28 = VECTOR('',#29,1.);
#29 = DIRECTION('',(-0.953716950748,0.300705799504,-5.058838517696E-16)
  );
#30 = ORIENTED_EDGE('',*,*,#31,.T.);
#31 = EDGE_CURVE('',#22,#32,#34,.T.);
#32 = VERTEX_POINT('',#33);
#33 = CARTESIAN_POINT('',(2.444000704214,123.10659408136,7.5));
#34 = CIRCLE('',#35,8.5);
#35 = AXIS2_PLACEMENT_3D('',#36,#37,#38);
#36 = CARTESIAN_POINT('',(5.,115.,7.5));
#37 = DIRECTION('',(6.710223024625E-16,4.4E-16,-1.));
#38 = DIRECTION('',(-5.6E-16,1.,4.4E-16));
#39 = ORIENTED_EDGE('',*,*,#40,.T.);
#40 = EDGE_CURVE('',#32,#41,#43,.T.);
#41 = VERTEX_POINT('',#42);
#42 = CARTESIAN_POINT('',(3.738804844484,119.,7.5));
#43 = LINE('',#44,#45);
#44 = CARTESIAN_POINT('',(2.444000704214,123.10659408136,7.5));
#45 = VECTOR('',#46,1.);
#46 = DIRECTION('',(0.300705799504,-0.953716950748,-2.266149497752E-16)
  );
#47 = ORIENTED_EDGE('',*,*,#48,.F.);
#48 = EDGE_CURVE('',#49,#41,#51,.T.);
#49 = VERTEX_POINT('',#50);
#50 = CARTESIAN_POINT('',(5.,119.,7.5));
#51 = LINE('',#52,#53);
#52 = CARTESIAN_POINT('',(5.,119.,7.5));
#53 = VECTOR('',#54,1.);
#54 = DIRECTION('',(-1.,3.3E-16,-6.710223024625E-16));
#55 = ORIENTED_EDGE('',*,*,#56,.F.);
#56 = EDGE_CURVE('',#57,#49,#59,.T.);
#57 = VERTEX_POINT('',#58);
#58 = CARTESIAN_POINT('',(9.,115.,7.5));
#59 = CIRCLE('',#60,4.);
#60 = AXIS2_PLACEMENT_3D('',#61,#62,#63);
#61 = CARTESIAN_POINT('',(5.,115.,7.5));
#62 = DIRECTION('',(-6.710223024625E-16,-4.4E-16,1.));
#63 = DIRECTION('',(-5.6E-16,1.,4.4E-16));
#64 = ORIENTED_EDGE('',*,*,#65,.T.);
#65 = EDGE_CURVE('',#57,#24,#66,.T.);
#66 = LINE('',#67,#68);
#67 = CARTESIAN_POINT('',(9.,115.,7.5));
#68 = VECTOR('',#69,1.);
#69 = DIRECTION('',(5.6E-16,-1.,-4.4E-16));
#70 = FACE_BOUND('',#71,.F.);
#71 = EDGE_LOOP('',(#72));
#72 = ORIENTED_EDGE('',*,*,#73,.T.);
#73 = EDGE_CURVE('',#74,#74,#76,.T.);
#74 = VERTEX_POINT('',#75);
#75 = CARTESIAN_POINT('',(5.,117.45,7.5));
#76 = CIRCLE('',#77,2.45);
#77 = AXIS2_PLACEMENT_3D('',#78,#79,#80);
#78 = CARTESIAN_POINT('',(5.,115.,7.5));
#79 = DIRECTION('',(-1.671022302463E-15,-4.4E-16,1.));
#80 = DIRECTION('',(5.E-17,1.,4.4E-16));
#81 = FACE_BOUND('',#82,.F.);
#82 = EDGE_LOOP('',(#83));
#83 = ORIENTED_EDGE('',*,*,#84,.T.);
#84 = EDGE_CURVE('',#85,#85,#87,.T.);
#85 = VERTEX_POINT('',#86);
#86 = CARTESIAN_POINT('',(1.,112.99999999994,7.5));
#87 = CIRCLE('',#88,2.);
#88 = AXIS2_PLACEMENT_3D('',#89,#90,#91);
#89 = CARTESIAN_POINT('',(1.,110.99999999994,7.5));
#90 = DIRECTION('',(-6.710223024625E-16,-4.4E-16,1.));
#91 = DIRECTION('',(-5.6E-16,1.,4.4E-16));
#92 = PLANE('',#93);
#93 = AXIS2_PLACEMENT_3D('',#94,#95,#96);
#94 = CARTESIAN_POINT('',(0.226694119619,110.22669411961,7.5));
#95 = DIRECTION('',(-2.189776975375E-16,-4.4E-16,-1.));
#96 = DIRECTION('',(1.,-3.3E-16,-2.189776975375E-16));
#97 = ADVANCED_FACE('',(#98),#123,.T.);
#98 = FACE_BOUND('',#99,.T.);
#99 = EDGE_LOOP('',(#100,#108,#116,#122));
#100 = ORIENTED_EDGE('',*,*,#101,.T.);
#101 = EDGE_CURVE('',#22,#102,#104,.T.);
#102 = VERTEX_POINT('',#103);
#103 = CARTESIAN_POINT('',(13.10659408136,112.44400070421,1.));
#104 = LINE('',#105,#106);
#105 = CARTESIAN_POINT('',(13.10659408136,112.44400070421,7.5));
#106 = VECTOR('',#107,1.);
#107 = DIRECTION('',(-2.189776975375E-16,-6.6E-16,-1.));
#108 = ORIENTED_EDGE('',*,*,#109,.T.);
#109 = EDGE_CURVE('',#102,#110,#112,.T.);
#110 = VERTEX_POINT('',#111);
#111 = CARTESIAN_POINT('',(9.,113.73880484448,1.));
#112 = LINE('',#113,#114);
#113 = CARTESIAN_POINT('',(13.10659408136,112.44400070421,1.));
#114 = VECTOR('',#115,1.);
#115 = DIRECTION('',(-0.953716950748,0.300705799504,-5.058838517696E-16)
  );
#116 = ORIENTED_EDGE('',*,*,#117,.F.);
#117 = EDGE_CURVE('',#24,#110,#118,.T.);
#118 = LINE('',#119,#120);
#119 = CARTESIAN_POINT('',(9.,113.73880484448,7.5));
#120 = VECTOR('',#121,1.);
#121 = DIRECTION('',(-2.189776975375E-16,-6.6E-16,-1.));
#122 = ORIENTED_EDGE('',*,*,#21,.F.);
#123 = PLANE('',#124);
#124 = AXIS2_PLACEMENT_3D('',#125,#126,#127);
#125 = CARTESIAN_POINT('',(13.10659408136,112.44400070421,7.5));
#126 = DIRECTION('',(0.300705799504,0.953716950748,4.133850502248E-16));
#127 = DIRECTION('',(-0.953716950748,0.300705799504,-7.158838517696E-16)
  );
#128 = ADVANCED_FACE('',(#129),#198,.T.);
#129 = FACE_BOUND('',#130,.T.);
#130 = EDGE_LOOP('',(#131,#142,#148,#149,#150,#158,#166,#175,#183,#192)
  );
#131 = ORIENTED_EDGE('',*,*,#132,.F.);
#132 = EDGE_CURVE('',#133,#135,#137,.T.);
#133 = VERTEX_POINT('',#134);
#134 = CARTESIAN_POINT('',(13.10659408136,112.44400070421,
    1.245512425235E-14));
#135 = VERTEX_POINT('',#136);
#136 = CARTESIAN_POINT('',(12.551977953332,111.09902204666,
    1.039354949284E-14));
#137 = CIRCLE('',#138,8.5);
#138 = AXIS2_PLACEMENT_3D('',#139,#140,#141);
#139 = CARTESIAN_POINT('',(5.,115.,5.440511151231E-14));
#140 = DIRECTION('',(6.710223024625E-16,4.4E-16,-1.));
#141 = DIRECTION('',(-5.6E-16,1.,4.4E-16));
#142 = ORIENTED_EDGE('',*,*,#143,.F.);
#143 = EDGE_CURVE('',#102,#133,#144,.T.);
#144 = LINE('',#145,#146);
#145 = CARTESIAN_POINT('',(13.10659408136,112.44400070421,1.));
#146 = VECTOR('',#147,1.);
#147 = DIRECTION('',(-2.189776975375E-16,-6.6E-16,-1.));
#148 = ORIENTED_EDGE('',*,*,#101,.F.);
#149 = ORIENTED_EDGE('',*,*,#31,.T.);
#150 = ORIENTED_EDGE('',*,*,#151,.T.);
#151 = EDGE_CURVE('',#32,#152,#154,.T.);
#152 = VERTEX_POINT('',#153);
#153 = CARTESIAN_POINT('',(2.444000704214,123.10659408136,1.));
#154 = LINE('',#155,#156);
#155 = CARTESIAN_POINT('',(2.444000704214,123.10659408136,7.5));
#156 = VECTOR('',#157,1.);
#157 = DIRECTION('',(-2.189776975375E-16,-6.6E-16,-1.));
#158 = ORIENTED_EDGE('',*,*,#159,.T.);
#159 = EDGE_CURVE('',#152,#160,#162,.T.);
#160 = VERTEX_POINT('',#161);
#161 = CARTESIAN_POINT('',(2.444000704214,123.10659408136,
    2.271338585402E-15));
#162 = LINE('',#163,#164);
#163 = CARTESIAN_POINT('',(2.444000704214,123.10659408136,1.));
#164 = VECTOR('',#165,1.);
#165 = DIRECTION('',(-2.189776975375E-16,-6.6E-16,-1.));
#166 = ORIENTED_EDGE('',*,*,#167,.F.);
#167 = EDGE_CURVE('',#168,#160,#170,.T.);
#168 = VERTEX_POINT('',#169);
#169 = CARTESIAN_POINT('',(1.099022046668,122.55197795333,
    1.220159580782E-16));
#170 = CIRCLE('',#171,8.5);
#171 = AXIS2_PLACEMENT_3D('',#172,#173,#174);
#172 = CARTESIAN_POINT('',(5.,115.,5.440511151231E-14));
#173 = DIRECTION('',(6.710223024625E-16,4.4E-16,-1.));
#174 = DIRECTION('',(-5.6E-16,1.,4.4E-16));
#175 = ORIENTED_EDGE('',*,*,#176,.F.);
#176 = EDGE_CURVE('',#177,#168,#179,.T.);
#177 = VERTEX_POINT('',#178);
#178 = CARTESIAN_POINT('',(1.099022046668,122.55197795333,2.));
#179 = LINE('',#180,#181);
#180 = CARTESIAN_POINT('',(1.099022046668,122.55197795333,
    5.686201595808E-14));
#181 = VECTOR('',#182,1.);
#182 = DIRECTION('',(4.410223024625E-16,-1.33E-15,-1.));
#183 = ORIENTED_EDGE('',*,*,#184,.F.);
#184 = EDGE_CURVE('',#185,#177,#187,.T.);
#185 = VERTEX_POINT('',#186);
#186 = CARTESIAN_POINT('',(12.551977953332,111.09902204666,2.));
#187 = CIRCLE('',#188,8.5);
#188 = AXIS2_PLACEMENT_3D('',#189,#190,#191);
#189 = CARTESIAN_POINT('',(5.,115.,2.));
#190 = DIRECTION('',(8.910223024625E-16,4.4E-16,-1.));
#191 = DIRECTION('',(-7.8E-16,1.,4.4E-16));
#192 = ORIENTED_EDGE('',*,*,#193,.F.);
#193 = EDGE_CURVE('',#135,#185,#194,.T.);
#194 = LINE('',#195,#196);
#195 = CARTESIAN_POINT('',(12.551977953332,111.09902204666,1.5));
#196 = VECTOR('',#197,1.);
#197 = DIRECTION('',(-5.610223024625E-16,6.6E-16,1.));
#198 = CYLINDRICAL_SURFACE('',#199,8.5);
#199 = AXIS2_PLACEMENT_3D('',#200,#201,#202);
#200 = CARTESIAN_POINT('',(5.,115.,5.551511151231E-14));
#201 = DIRECTION('',(1.022302462516E-18,-4.4E-16,-1.));
#202 = DIRECTION('',(-7.8E-16,1.,-4.4E-16));
#203 = ADVANCED_FACE('',(#204),#222,.F.);
#204 = FACE_BOUND('',#205,.F.);
#205 = EDGE_LOOP('',(#206,#214,#220,#221));
#206 = ORIENTED_EDGE('',*,*,#207,.T.);
#207 = EDGE_CURVE('',#57,#208,#210,.T.);
#208 = VERTEX_POINT('',#209);
#209 = CARTESIAN_POINT('',(9.,115.,1.));
#210 = LINE('',#211,#212);
#211 = CARTESIAN_POINT('',(9.,115.,7.5));
#212 = VECTOR('',#213,1.);
#213 = DIRECTION('',(-2.189776975375E-16,-6.6E-16,-1.));
#214 = ORIENTED_EDGE('',*,*,#215,.T.);
#215 = EDGE_CURVE('',#208,#110,#216,.T.);
#216 = LINE('',#217,#218);
#217 = CARTESIAN_POINT('',(9.,115.,1.));
#218 = VECTOR('',#219,1.);
#219 = DIRECTION('',(5.6E-16,-1.,-4.4E-16));
#220 = ORIENTED_EDGE('',*,*,#117,.F.);
#221 = ORIENTED_EDGE('',*,*,#65,.F.);
#222 = PLANE('',#223);
#223 = AXIS2_PLACEMENT_3D('',#224,#225,#226);
#224 = CARTESIAN_POINT('',(9.,115.,7.5));
#225 = DIRECTION('',(-1.,1.1E-16,-6.710223024625E-16));
#226 = DIRECTION('',(-1.1E-16,-1.,-4.4E-16));
#227 = ADVANCED_FACE('',(#228),#246,.F.);
#228 = FACE_BOUND('',#229,.F.);
#229 = EDGE_LOOP('',(#230,#231,#239,#245));
#230 = ORIENTED_EDGE('',*,*,#151,.T.);
#231 = ORIENTED_EDGE('',*,*,#232,.T.);
#232 = EDGE_CURVE('',#152,#233,#235,.T.);
#233 = VERTEX_POINT('',#234);
#234 = CARTESIAN_POINT('',(3.738804844484,119.,1.));
#235 = LINE('',#236,#237);
#236 = CARTESIAN_POINT('',(2.444000704214,123.10659408136,1.));
#237 = VECTOR('',#238,1.);
#238 = DIRECTION('',(0.300705799504,-0.953716950748,-2.266149497752E-16)
  );
#239 = ORIENTED_EDGE('',*,*,#240,.F.);
#240 = EDGE_CURVE('',#41,#233,#241,.T.);
#241 = LINE('',#242,#243);
#242 = CARTESIAN_POINT('',(3.738804844484,119.,7.5));
#243 = VECTOR('',#244,1.);
#244 = DIRECTION('',(-2.189776975375E-16,-6.6E-16,-1.));
#245 = ORIENTED_EDGE('',*,*,#40,.F.);
#246 = PLANE('',#247);
#247 = AXIS2_PLACEMENT_3D('',#248,#249,#250);
#248 = CARTESIAN_POINT('',(2.444000704214,123.10659408136,7.5));
#249 = DIRECTION('',(-0.953716950748,-0.300705799504,-6.958838517696E-16
    ));
#250 = DIRECTION('',(0.300705799504,-0.953716950748,-1.566149497752E-16)
  );
#251 = ADVANCED_FACE('',(#252),#271,.T.);
#252 = FACE_BOUND('',#253,.T.);
#253 = EDGE_LOOP('',(#254,#255,#264,#270));
#254 = ORIENTED_EDGE('',*,*,#207,.T.);
#255 = ORIENTED_EDGE('',*,*,#256,.T.);
#256 = EDGE_CURVE('',#208,#257,#259,.T.);
#257 = VERTEX_POINT('',#258);
#258 = CARTESIAN_POINT('',(5.,119.,1.));
#259 = CIRCLE('',#260,4.);
#260 = AXIS2_PLACEMENT_3D('',#261,#262,#263);
#261 = CARTESIAN_POINT('',(5.,115.,1.));
#262 = DIRECTION('',(-6.710223024625E-16,-4.4E-16,1.));
#263 = DIRECTION('',(-5.6E-16,1.,4.4E-16));
#264 = ORIENTED_EDGE('',*,*,#265,.F.);
#265 = EDGE_CURVE('',#49,#257,#266,.T.);
#266 = LINE('',#267,#268);
#267 = CARTESIAN_POINT('',(5.,119.,7.5));
#268 = VECTOR('',#269,1.);
#269 = DIRECTION('',(-2.189776975375E-16,-6.6E-16,-1.));
#270 = ORIENTED_EDGE('',*,*,#56,.F.);
#271 = CYLINDRICAL_SURFACE('',#272,4.);
#272 = AXIS2_PLACEMENT_3D('',#273,#274,#275);
#273 = CARTESIAN_POINT('',(5.,115.,7.5));
#274 = DIRECTION('',(-1.022302462516E-18,4.4E-16,1.));
#275 = DIRECTION('',(-7.8E-16,1.,-4.4E-16));
#276 = ADVANCED_FACE('',(#277),#288,.T.);
#277 = FACE_BOUND('',#278,.T.);
#278 = EDGE_LOOP('',(#279,#280,#286,#287));
#279 = ORIENTED_EDGE('',*,*,#265,.T.);
#280 = ORIENTED_EDGE('',*,*,#281,.T.);
#281 = EDGE_CURVE('',#257,#233,#282,.T.);
#282 = LINE('',#283,#284);
#283 = CARTESIAN_POINT('',(5.,119.,1.));
#284 = VECTOR('',#285,1.);
#285 = DIRECTION('',(-1.,3.3E-16,-6.710223024625E-16));
#286 = ORIENTED_EDGE('',*,*,#240,.F.);
#287 = ORIENTED_EDGE('',*,*,#48,.F.);
#288 = PLANE('',#289);
#289 = AXIS2_PLACEMENT_3D('',#290,#291,#292);
#290 = CARTESIAN_POINT('',(5.,119.,7.5));
#291 = DIRECTION('',(-5.6E-16,1.,2.2E-16));
#292 = DIRECTION('',(-1.,-5.6E-16,-8.910223024625E-16));
#293 = ADVANCED_FACE('',(#294),#313,.F.);
#294 = FACE_BOUND('',#295,.T.);
#295 = EDGE_LOOP('',(#296,#304,#305,#306));
#296 = ORIENTED_EDGE('',*,*,#297,.F.);
#297 = EDGE_CURVE('',#74,#298,#300,.T.);
#298 = VERTEX_POINT('',#299);
#299 = CARTESIAN_POINT('',(5.,116.45,5.5));
#300 = LINE('',#301,#302);
#301 = CARTESIAN_POINT('',(5.,116.45,5.5));
#302 = VECTOR('',#303,1.);
#303 = DIRECTION('',(1.193013661299E-16,-0.4472135955,-0.894427191));
#304 = ORIENTED_EDGE('',*,*,#73,.T.);
#305 = ORIENTED_EDGE('',*,*,#297,.T.);
#306 = ORIENTED_EDGE('',*,*,#307,.F.);
#307 = EDGE_CURVE('',#298,#298,#308,.T.);
#308 = CIRCLE('',#309,1.45);
#309 = AXIS2_PLACEMENT_3D('',#310,#311,#312);
#310 = CARTESIAN_POINT('',(5.,115.,5.5));
#311 = DIRECTION('',(-1.671022302463E-15,-4.4E-16,1.));
#312 = DIRECTION('',(5.E-17,1.,4.4E-16));
#313 = CONICAL_SURFACE('',#314,1.45,0.463647609001);
#314 = AXIS2_PLACEMENT_3D('',#315,#316,#317);
#315 = CARTESIAN_POINT('',(5.,115.,5.5));
#316 = DIRECTION('',(-7.810223024625E-16,4.4E-16,1.));
#317 = DIRECTION('',(5.E-17,1.,-4.4E-16));
#318 = ADVANCED_FACE('',(#319),#338,.F.);
#319 = FACE_BOUND('',#320,.F.);
#320 = EDGE_LOOP('',(#321,#329,#336,#337));
#321 = ORIENTED_EDGE('',*,*,#322,.T.);
#322 = EDGE_CURVE('',#85,#323,#325,.T.);
#323 = VERTEX_POINT('',#324);
#324 = CARTESIAN_POINT('',(1.,112.99999999994,5.25));
#325 = LINE('',#326,#327);
#326 = CARTESIAN_POINT('',(1.,112.99999999994,7.5));
#327 = VECTOR('',#328,1.);
#328 = DIRECTION('',(2.210223024625E-16,-2.2E-16,-1.));
#329 = ORIENTED_EDGE('',*,*,#330,.T.);
#330 = EDGE_CURVE('',#323,#323,#331,.T.);
#331 = CIRCLE('',#332,2.);
#332 = AXIS2_PLACEMENT_3D('',#333,#334,#335);
#333 = CARTESIAN_POINT('',(1.,110.99999999994,5.25));
#334 = DIRECTION('',(-6.710223024625E-16,-4.4E-16,1.));
#335 = DIRECTION('',(-5.6E-16,1.,4.4E-16));
#336 = ORIENTED_EDGE('',*,*,#322,.F.);
#337 = ORIENTED_EDGE('',*,*,#84,.F.);
#338 = CYLINDRICAL_SURFACE('',#339,2.);
#339 = AXIS2_PLACEMENT_3D('',#340,#341,#342);
#340 = CARTESIAN_POINT('',(1.,110.99999999994,7.5));
#341 = DIRECTION('',(-4.410223024625E-16,-0.,1.));
#342 = DIRECTION('',(-3.3E-16,1.,-1.455373598126E-31));
#343 = ADVANCED_FACE('',(#344),#358,.F.);
#344 = FACE_BOUND('',#345,.F.);
#345 = EDGE_LOOP('',(#346,#353,#354,#355,#356,#357));
#346 = ORIENTED_EDGE('',*,*,#347,.F.);
#347 = EDGE_CURVE('',#102,#152,#348,.T.);
#348 = ELLIPSE('',#349,9.458578491931,6.5);
#349 = AXIS2_PLACEMENT_3D('',#350,#351,#352);
#350 = CARTESIAN_POINT('',(5.,115.,1.));
#351 = DIRECTION('',(-6.710223024625E-16,-4.4E-16,1.));
#352 = DIRECTION('',(0.707106781187,-0.707106781187,1.633574366766E-16)
  );
#353 = ORIENTED_EDGE('',*,*,#109,.T.);
#354 = ORIENTED_EDGE('',*,*,#215,.F.);
#355 = ORIENTED_EDGE('',*,*,#256,.T.);
#356 = ORIENTED_EDGE('',*,*,#281,.T.);
#357 = ORIENTED_EDGE('',*,*,#232,.F.);
#358 = PLANE('',#359);
#359 = AXIS2_PLACEMENT_3D('',#360,#361,#362);
#360 = CARTESIAN_POINT('',(8.445420298909,118.44542029891,1.));
#361 = DIRECTION('',(-2.189776975375E-16,-4.4E-16,-1.));
#362 = DIRECTION('',(1.,-3.3E-16,-2.189776975375E-16));
#363 = ADVANCED_FACE('',(#364,#634,#645),#695,.T.);
#364 = FACE_BOUND('',#365,.T.);
#365 = EDGE_LOOP('',(#366,#376,#385,#393,#402,#410,#418,#426,#435,#443,
    #452,#460,#469,#478,#487,#496,#503,#504,#551,#552,#561,#570,#578,
    #586,#595,#603,#611,#619,#628));
#366 = ORIENTED_EDGE('',*,*,#367,.F.);
#367 = EDGE_CURVE('',#368,#370,#372,.T.);
#368 = VERTEX_POINT('',#369);
#369 = CARTESIAN_POINT('',(6.98146305915,-0.509090909095,
    5.775098103384E-15));
#370 = VERTEX_POINT('',#371);
#371 = CARTESIAN_POINT('',(11.3901626817,59.95,1.026456208634E-14));
#372 = LINE('',#373,#374);
#373 = CARTESIAN_POINT('',(6.98146305915,-0.509090909095,
    4.425098103384E-15));
#374 = VECTOR('',#375,1.);
#375 = DIRECTION('',(7.272727272727E-02,0.997351865593,4.8807434927E-16)
  );
#376 = ORIENTED_EDGE('',*,*,#377,.T.);
#377 = EDGE_CURVE('',#368,#378,#380,.T.);
#378 = VERTEX_POINT('',#379);
#379 = CARTESIAN_POINT('',(5.000000000025E-02,-6.999821426294,
    5.551115123154E-18));
#380 = CIRCLE('',#381,7.);
#381 = AXIS2_PLACEMENT_3D('',#382,#383,#384);
#382 = CARTESIAN_POINT('',(0.,0.,0.));
#383 = DIRECTION('',(6.710223024625E-16,4.4E-16,-1.));
#384 = DIRECTION('',(-5.6E-16,1.,4.4E-16));
#385 = ORIENTED_EDGE('',*,*,#386,.F.);
#386 = EDGE_CURVE('',#387,#378,#389,.T.);
#387 = VERTEX_POINT('',#388);
#388 = CARTESIAN_POINT('',(5.000000000001E-02,-4.549725266431,
    5.551115123127E-18));
#389 = LINE('',#390,#391);
#390 = CARTESIAN_POINT('',(5.E-02,-2.E-17,3.555111512313E-17));
#391 = VECTOR('',#392,1.);
#392 = DIRECTION('',(5.6E-16,-1.,-4.4E-16));
#393 = ORIENTED_EDGE('',*,*,#394,.F.);
#394 = EDGE_CURVE('',#395,#387,#397,.T.);
#395 = VERTEX_POINT('',#396);
#396 = CARTESIAN_POINT('',(0.375,4.53452037155,4.163336342344E-17));
#397 = CIRCLE('',#398,4.55);
#398 = AXIS2_PLACEMENT_3D('',#399,#400,#401);
#399 = CARTESIAN_POINT('',(-7.771561172376E-33,0.,7.E-17));
#400 = DIRECTION('',(1.551022302463E-15,4.4E-16,-1.));
#401 = DIRECTION('',(9.259259259259E-02,0.995704078427,5.81722970662E-16
    ));
#402 = ORIENTED_EDGE('',*,*,#403,.F.);
#403 = EDGE_CURVE('',#404,#395,#406,.T.);
#404 = VERTEX_POINT('',#405);
#405 = CARTESIAN_POINT('',(0.375,5.032601517631,4.163336342344E-17));
#406 = LINE('',#407,#408);
#407 = CARTESIAN_POINT('',(0.375,5.032601517631,2.481633363423E-15));
#408 = VECTOR('',#409,1.);
#409 = DIRECTION('',(5.6E-16,-1.,-4.4E-16));
#410 = ORIENTED_EDGE('',*,*,#411,.F.);
#411 = EDGE_CURVE('',#412,#404,#414,.T.);
#412 = VERTEX_POINT('',#413);
#413 = CARTESIAN_POINT('',(-0.375,5.032601517631,-4.163336342344E-17));
#414 = LINE('',#415,#416);
#415 = CARTESIAN_POINT('',(-0.375,5.032601517631,1.988366636577E-15));
#416 = VECTOR('',#417,1.);
#417 = DIRECTION('',(1.,-3.3E-16,6.710223024625E-16));
#418 = ORIENTED_EDGE('',*,*,#419,.F.);
#419 = EDGE_CURVE('',#420,#412,#422,.T.);
#420 = VERTEX_POINT('',#421);
#421 = CARTESIAN_POINT('',(-0.375,4.53452037155,-4.163336342344E-17));
#422 = LINE('',#423,#424);
#423 = CARTESIAN_POINT('',(-0.375,4.032601517631,1.538366636577E-15));
#424 = VECTOR('',#425,1.);
#425 = DIRECTION('',(-5.6E-16,1.,4.4E-16));
#426 = ORIENTED_EDGE('',*,*,#427,.F.);
#427 = EDGE_CURVE('',#428,#420,#430,.T.);
#428 = VERTEX_POINT('',#429);
#429 = CARTESIAN_POINT('',(-5.000000000001E-02,-4.549725266431,
    -5.551115123127E-18));
#430 = CIRCLE('',#431,4.55);
#431 = AXIS2_PLACEMENT_3D('',#432,#433,#434);
#432 = CARTESIAN_POINT('',(-7.771561172376E-33,0.,7.E-17));
#433 = DIRECTION('',(1.551022302463E-15,4.4E-16,-1.));
#434 = DIRECTION('',(9.259259259259E-02,0.995704078427,5.81722970662E-16
    ));
#435 = ORIENTED_EDGE('',*,*,#436,.F.);
#436 = EDGE_CURVE('',#437,#428,#439,.T.);
#437 = VERTEX_POINT('',#438);
#438 = CARTESIAN_POINT('',(-5.000000000025E-02,-6.999821426294,
    -5.551115123153E-18));
#439 = LINE('',#440,#441);
#440 = CARTESIAN_POINT('',(-4.999999999999E-02,-20.,-8.915551115123E-15)
  );
#441 = VECTOR('',#442,1.);
#442 = DIRECTION('',(-5.6E-16,1.,4.4E-16));
#443 = ORIENTED_EDGE('',*,*,#444,.T.);
#444 = EDGE_CURVE('',#437,#445,#447,.T.);
#445 = VERTEX_POINT('',#446);
#446 = CARTESIAN_POINT('',(-6.98146305915,-0.509090909095,
    -5.775098103384E-15));
#447 = CIRCLE('',#448,7.);
#448 = AXIS2_PLACEMENT_3D('',#449,#450,#451);
#449 = CARTESIAN_POINT('',(0.,0.,0.));
#450 = DIRECTION('',(6.710223024625E-16,4.4E-16,-1.));
#451 = DIRECTION('',(-5.6E-16,1.,4.4E-16));
#452 = ORIENTED_EDGE('',*,*,#453,.T.);
#453 = EDGE_CURVE('',#445,#454,#456,.T.);
#454 = VERTEX_POINT('',#455);
#455 = CARTESIAN_POINT('',(-14.93056417511,108.50160797311,
    -1.365762561179E-14));
#456 = LINE('',#457,#458);
#457 = CARTESIAN_POINT('',(-6.98146305915,-0.509090909095,
    -1.107509810338E-14));
#458 = VECTOR('',#459,1.);
#459 = DIRECTION('',(-7.272727272727E-02,0.997351865593,3.3192565073E-16
    ));
#460 = ORIENTED_EDGE('',*,*,#461,.F.);
#461 = EDGE_CURVE('',#462,#454,#464,.T.);
#462 = VERTEX_POINT('',#463);
#463 = CARTESIAN_POINT('',(-14.925,111.49812382665,-1.365700786425E-14)
  );
#464 = CIRCLE('',#465,1.5);
#465 = AXIS2_PLACEMENT_3D('',#466,#467,#468);
#466 = CARTESIAN_POINT('',(-15.,110.,3.885466546306E-14));
#467 = DIRECTION('',(6.710223024625E-16,4.4E-16,-1.));
#468 = DIRECTION('',(-5.6E-16,1.,4.4E-16));
#469 = ORIENTED_EDGE('',*,*,#470,.T.);
#470 = EDGE_CURVE('',#462,#471,#473,.T.);
#471 = VERTEX_POINT('',#472);
#472 = CARTESIAN_POINT('',(-14.49142621268,113.8727982548,
    -9.608871504098E-15));
#473 = CIRCLE('',#474,15.);
#474 = AXIS2_PLACEMENT_3D('',#475,#476,#477);
#475 = CARTESIAN_POINT('',(-6.106E-14,110.,4.885E-14));
#476 = DIRECTION('',(6.710223024625E-16,4.4E-16,-1.));
#477 = DIRECTION('',(-5.6E-16,1.,4.4E-16));
#478 = ORIENTED_EDGE('',*,*,#479,.T.);
#479 = EDGE_CURVE('',#471,#480,#482,.T.);
#480 = VERTEX_POINT('',#481);
#481 = CARTESIAN_POINT('',(-11.28177317887,119.88542330608,
    -8.252528434178E-15));
#482 = CIRCLE('',#483,15.);
#483 = AXIS2_PLACEMENT_3D('',#484,#485,#486);
#484 = CARTESIAN_POINT('',(-6.106E-14,110.,4.885E-14));
#485 = DIRECTION('',(6.710223024625E-16,4.4E-16,-1.));
#486 = DIRECTION('',(-5.6E-16,1.,4.4E-16));
#487 = ORIENTED_EDGE('',*,*,#488,.F.);
#488 = EDGE_CURVE('',#489,#480,#491,.T.);
#489 = VERTEX_POINT('',#490);
#490 = CARTESIAN_POINT('',(-7.484894415121,120.13589441512,
    -5.830990211656E-15));
#491 = CIRCLE('',#492,2.690634137436);
#492 = AXIS2_PLACEMENT_3D('',#493,#494,#495);
#493 = CARTESIAN_POINT('',(-9.258098242479,118.11221947873,
    4.62821446167E-14));
#494 = DIRECTION('',(-6.710223024625E-16,-4.4E-16,1.));
#495 = DIRECTION('',(5.6E-16,-1.,-4.4E-16));
#496 = ORIENTED_EDGE('',*,*,#497,.F.);
#497 = EDGE_CURVE('',#168,#489,#498,.T.);
#498 = CIRCLE('',#499,12.6);
#499 = AXIS2_PLACEMENT_3D('',#500,#501,#502);
#500 = CARTESIAN_POINT('',(-6.106E-14,110.,4.885E-14));
#501 = DIRECTION('',(-6.710223024625E-16,-4.4E-16,1.));
#502 = DIRECTION('',(5.6E-16,-1.,-4.4E-16));
#503 = ORIENTED_EDGE('',*,*,#167,.T.);
#504 = ORIENTED_EDGE('',*,*,#505,.T.);
#505 = EDGE_CURVE('',#160,#133,#506,.T.);
#506 = B_SPLINE_CURVE_WITH_KNOTS('',7,(#507,#508,#509,#510,#511,#512,
    #513,#514,#515,#516,#517,#518,#519,#520,#521,#522,#523,#524,#525,
    #526,#527,#528,#529,#530,#531,#532,#533,#534,#535,#536,#537,#538,
    #539,#540,#541,#542,#543,#544,#545,#546,#547,#548,#549,#550),
  .UNSPECIFIED.,.F.,.F.,(8,6,6,6,6,6,6,8),(0.,0.120824736434,
    0.218924026527,0.500018449121,0.704445133216,0.781078986321,
    0.879176926364,1.),.UNSPECIFIED.);
#507 = CARTESIAN_POINT('',(2.444000704214,123.10659408136,
    5.98713385854E-14));
#508 = CARTESIAN_POINT('',(2.724189186973,123.09295922101,
    6.046244575588E-14));
#509 = CARTESIAN_POINT('',(3.003831780082,123.0670276338,
    6.103349232043E-14));
#510 = CARTESIAN_POINT('',(3.282350126311,123.02953741753,
    6.160441406851E-14));
#511 = CARTESIAN_POINT('',(3.559256549819,122.98118088035,
    6.215515685722E-14));
#512 = CARTESIAN_POINT('',(3.834152234428,122.92259675492,
    6.271567640906E-14));
#513 = CARTESIAN_POINT('',(4.106725401895,122.85436241252,
    6.32559381097E-14));
#514 = CARTESIAN_POINT('',(4.595985816703,122.71416315042,
    6.422025692746E-14));
#515 = CARTESIAN_POINT('',(4.813526421858,122.64531809983,
    6.464440878632E-14));
#516 = CARTESIAN_POINT('',(5.029240600695,122.57072616312,
    6.505835787113E-14));
#517 = CARTESIAN_POINT('',(5.243012017046,122.49064061627,
    6.548209126597E-14));
#518 = CARTESIAN_POINT('',(5.454738752643,122.40529325217,
    6.588559765565E-14));
#519 = CARTESIAN_POINT('',(5.664333356225,122.31489485907,
    6.627886733112E-14));
#520 = CARTESIAN_POINT('',(6.465978385633,121.94667940643,
    6.780786780805E-14));
#521 = CARTESIAN_POINT('',(7.041844485819,121.63394413865,
    6.88818017884E-14));
#522 = CARTESIAN_POINT('',(7.598001871581,121.28578977461,
    6.98935476619E-14));
#523 = CARTESIAN_POINT('',(8.132926240401,120.90551050286,
    7.085293619697E-14));
#524 = CARTESIAN_POINT('',(8.645192988139,120.49585466255,
    7.173980923078E-14));
#525 = CARTESIAN_POINT('',(9.133432493879,120.05895566154,
    7.257401470486E-14));
#526 = CARTESIAN_POINT('',(9.932738699398,119.25964945602,
    7.390275552017E-14));
#527 = CARTESIAN_POINT('',(10.255671604029,118.9095620488,
    7.441860827478E-14));
#528 = CARTESIAN_POINT('',(10.564390798221,118.54654482007,
    7.491288299053E-14));
#529 = CARTESIAN_POINT('',(10.858122630008,118.17116853637,
    7.53654937748E-14));
#530 = CARTESIAN_POINT('',(11.13595296391,117.78398777579,
    7.577633913817E-14));
#531 = CARTESIAN_POINT('',(11.396816485603,117.3855357658,
    7.614530080697E-14));
#532 = CARTESIAN_POINT('',(11.730398464489,116.82287251355,
    7.659233584633E-14));
#533 = CARTESIAN_POINT('',(11.818786145126,116.66794635622,
    7.671214885014E-14));
#534 = CARTESIAN_POINT('',(11.904538924419,116.51153805912,
    7.682166932114E-14));
#535 = CARTESIAN_POINT('',(11.987582827099,116.35367809766,
    7.693088904642E-14));
#536 = CARTESIAN_POINT('',(12.067838156324,116.19439894136,
    7.701979917786E-14));
#537 = CARTESIAN_POINT('',(12.145219493681,116.0337350538,
    7.71183902321E-14));
#538 = CARTESIAN_POINT('',(12.314894859069,115.66433335622,
    7.730722798184E-14));
#539 = CARTESIAN_POINT('',(12.405293252173,115.45473875264,
    7.740726421958E-14));
#540 = CARTESIAN_POINT('',(12.490640616279,115.24301201704,
    7.748673968045E-14));
#541 = CARTESIAN_POINT('',(12.57072616312,115.02924060069,
    7.756563096226E-14));
#542 = CARTESIAN_POINT('',(12.645318099836,114.81352642185,
    7.762391233081E-14));
#543 = CARTESIAN_POINT('',(12.714163150421,114.5959858167,
    7.767155566684E-14));
#544 = CARTESIAN_POINT('',(12.85436241252,114.10672540189,
    7.774712091173E-14));
#545 = CARTESIAN_POINT('',(12.922596754928,113.83415223442,
    7.777469644553E-14));
#546 = CARTESIAN_POINT('',(12.981180880358,113.55925654982,
    7.778120059002E-14));
#547 = CARTESIAN_POINT('',(13.029537417532,113.28235012631,
    7.774656924412E-14));
#548 = CARTESIAN_POINT('',(13.067027633803,113.00383178008,
    7.771073149425E-14));
#549 = CARTESIAN_POINT('',(13.092959221014,112.72418918697,
    7.764361047876E-14));
#550 = CARTESIAN_POINT('',(13.10659408136,112.44400070421,
    7.754512425235E-14));
#551 = ORIENTED_EDGE('',*,*,#132,.T.);
#552 = ORIENTED_EDGE('',*,*,#553,.F.);
#553 = EDGE_CURVE('',#554,#135,#556,.T.);
#554 = VERTEX_POINT('',#555);
#555 = CARTESIAN_POINT('',(10.135894415122,102.51510558487,
    1.012531033548E-14));
#556 = CIRCLE('',#557,12.6);
#557 = AXIS2_PLACEMENT_3D('',#558,#559,#560);
#558 = CARTESIAN_POINT('',(-6.106E-14,110.,4.885E-14));
#559 = DIRECTION('',(-6.710223024625E-16,-4.4E-16,1.));
#560 = DIRECTION('',(5.6E-16,-1.,-4.4E-16));
#561 = ORIENTED_EDGE('',*,*,#562,.F.);
#562 = EDGE_CURVE('',#563,#554,#565,.T.);
#563 = VERTEX_POINT('',#564);
#564 = CARTESIAN_POINT('',(14.154859199211,97.863909406144,
    9.571505059329E-15));
#565 = CIRCLE('',#566,4.346590838164);
#566 = AXIS2_PLACEMENT_3D('',#567,#568,#569);
#567 = CARTESIAN_POINT('',(9.819778717799,98.180025103465,
    5.014021444292E-14));
#568 = DIRECTION('',(-6.710223024625E-16,-4.4E-16,1.));
#569 = DIRECTION('',(5.6E-16,-1.,-4.4E-16));
#570 = ORIENTED_EDGE('',*,*,#571,.F.);
#571 = EDGE_CURVE('',#572,#563,#574,.T.);
#572 = VERTEX_POINT('',#573);
#573 = CARTESIAN_POINT('',(11.397454719268,60.05,1.026537166515E-14));
#574 = LINE('',#575,#576);
#575 = CARTESIAN_POINT('',(6.98146305915,-0.509090909095,
    4.425098103384E-15));
#576 = VECTOR('',#577,1.);
#577 = DIRECTION('',(7.272727272727E-02,0.997351865593,4.8807434927E-16)
  );
#578 = ORIENTED_EDGE('',*,*,#579,.F.);
#579 = EDGE_CURVE('',#580,#572,#582,.T.);
#580 = VERTEX_POINT('',#581);
#581 = CARTESIAN_POINT('',(4.549725266431,60.05,6.505120974651E-15));
#582 = LINE('',#583,#584);
#583 = CARTESIAN_POINT('',(-3.333E-14,60.05,2.667E-14));
#584 = VECTOR('',#585,1.);
#585 = DIRECTION('',(1.,-3.3E-16,6.710223024625E-16));
#586 = ORIENTED_EDGE('',*,*,#587,.F.);
#587 = EDGE_CURVE('',#588,#580,#590,.T.);
#588 = VERTEX_POINT('',#589);
#589 = CARTESIAN_POINT('',(0.375,64.53452037155,4.163336342344E-17));
#590 = CIRCLE('',#591,4.55);
#591 = AXIS2_PLACEMENT_3D('',#592,#593,#594);
#592 = CARTESIAN_POINT('',(-6.662E-14,60.,2.672E-14));
#593 = DIRECTION('',(1.551022302463E-15,4.4E-16,-1.));
#594 = DIRECTION('',(9.25925925926E-02,0.995704078427,5.81722970662E-16)
  );
#595 = ORIENTED_EDGE('',*,*,#596,.F.);
#596 = EDGE_CURVE('',#597,#588,#599,.T.);
#597 = VERTEX_POINT('',#598);
#598 = CARTESIAN_POINT('',(0.375,65.032601517631,4.163336342344E-17));
#599 = LINE('',#600,#601);
#600 = CARTESIAN_POINT('',(0.375,65.032601517631,2.913163336342E-14));
#601 = VECTOR('',#602,1.);
#602 = DIRECTION('',(5.6E-16,-1.,-4.4E-16));
#603 = ORIENTED_EDGE('',*,*,#604,.F.);
#604 = EDGE_CURVE('',#605,#597,#607,.T.);
#605 = VERTEX_POINT('',#606);
#606 = CARTESIAN_POINT('',(-0.375,65.032601517631,-4.163336342345E-17));
#607 = LINE('',#608,#609);
#608 = CARTESIAN_POINT('',(-0.375,65.032601517631,2.862836663658E-14));
#609 = VECTOR('',#610,1.);
#610 = DIRECTION('',(1.,-3.3E-16,6.710223024625E-16));
#611 = ORIENTED_EDGE('',*,*,#612,.F.);
#612 = EDGE_CURVE('',#613,#605,#615,.T.);
#613 = VERTEX_POINT('',#614);
#614 = CARTESIAN_POINT('',(-0.375,64.53452037155,-4.163336342345E-17));
#615 = LINE('',#616,#617);
#616 = CARTESIAN_POINT('',(-0.375,64.032601517631,2.818836663658E-14));
#617 = VECTOR('',#618,1.);
#618 = DIRECTION('',(-5.6E-16,1.,4.4E-16));
#619 = ORIENTED_EDGE('',*,*,#620,.F.);
#620 = EDGE_CURVE('',#621,#613,#623,.T.);
#621 = VERTEX_POINT('',#622);
#622 = CARTESIAN_POINT('',(4.549725266431,59.95,6.505120974651E-15));
#623 = CIRCLE('',#624,4.55);
#624 = AXIS2_PLACEMENT_3D('',#625,#626,#627);
#625 = CARTESIAN_POINT('',(-6.662E-14,60.,2.672E-14));
#626 = DIRECTION('',(1.551022302463E-15,4.4E-16,-1.));
#627 = DIRECTION('',(9.25925925926E-02,0.995704078427,5.81722970662E-16)
  );
#628 = ORIENTED_EDGE('',*,*,#629,.F.);
#629 = EDGE_CURVE('',#370,#621,#630,.T.);
#630 = LINE('',#631,#632);
#631 = CARTESIAN_POINT('',(20.,59.95,3.995044604925E-14));
#632 = VECTOR('',#633,1.);
#633 = DIRECTION('',(-1.,3.3E-16,-6.710223024625E-16));
#634 = FACE_BOUND('',#635,.T.);
#635 = EDGE_LOOP('',(#636));
#636 = ORIENTED_EDGE('',*,*,#637,.F.);
#637 = EDGE_CURVE('',#638,#638,#640,.T.);
#638 = VERTEX_POINT('',#639);
#639 = CARTESIAN_POINT('',(-6.7E-14,121.,-7.438494264989E-30));
#640 = CIRCLE('',#641,1.);
#641 = AXIS2_PLACEMENT_3D('',#642,#643,#644);
#642 = CARTESIAN_POINT('',(-6.661E-14,120.,5.329E-14));
#643 = DIRECTION('',(6.710223024625E-16,4.4E-16,-1.));
#644 = DIRECTION('',(-5.6E-16,1.,4.4E-16));
#645 = FACE_BOUND('',#646,.T.);
#646 = EDGE_LOOP('',(#647,#657,#665,#673,#681,#689));
#647 = ORIENTED_EDGE('',*,*,#648,.T.);
#648 = EDGE_CURVE('',#649,#651,#653,.T.);
#649 = VERTEX_POINT('',#650);
#650 = CARTESIAN_POINT('',(3.977475644174,76.022524355826,
    4.1441588504E-14));
#651 = VERTEX_POINT('',#652);
#652 = CARTESIAN_POINT('',(-4.551914400963E-30,80.,4.1E-14));
#653 = LINE('',#654,#655);
#654 = CARTESIAN_POINT('',(3.977475644174,76.022524355826,
    4.1441588504E-14));
#655 = VECTOR('',#656,1.);
#656 = DIRECTION('',(-0.707106781187,0.707106781187,-7.850462293419E-17)
  );
#657 = ORIENTED_EDGE('',*,*,#658,.T.);
#658 = EDGE_CURVE('',#651,#659,#661,.T.);
#659 = VERTEX_POINT('',#660);
#660 = CARTESIAN_POINT('',(-5.607521218247,74.392478781753,
    4.037744008324E-14));
#661 = LINE('',#662,#663);
#662 = CARTESIAN_POINT('',(-4.551914400963E-30,80.,4.1E-14));
#663 = VECTOR('',#664,1.);
#664 = DIRECTION('',(-0.707106781187,-0.707106781187,-7.850462293419E-17
    ));
#665 = ORIENTED_EDGE('',*,*,#666,.T.);
#666 = EDGE_CURVE('',#659,#667,#669,.T.);
#667 = VERTEX_POINT('',#668);
#668 = CARTESIAN_POINT('',(-4.466694870693,73.251652434199,
    4.050409725106E-14));
#669 = LINE('',#670,#671);
#670 = CARTESIAN_POINT('',(-5.607521218247,74.392478781753,
    4.037744008324E-14));
#671 = VECTOR('',#672,1.);
#672 = DIRECTION('',(0.707106781187,-0.707106781187,7.850462293419E-17)
  );
#673 = ORIENTED_EDGE('',*,*,#674,.T.);
#674 = EDGE_CURVE('',#667,#675,#677,.T.);
#675 = VERTEX_POINT('',#676);
#676 = CARTESIAN_POINT('',(0.187054410139,77.905401715032,
    4.10207672113E-14));
#677 = LINE('',#678,#679);
#678 = CARTESIAN_POINT('',(-4.466694870693,73.251652434199,
    4.050409725106E-14));
#679 = VECTOR('',#680,1.);
#680 = DIRECTION('',(0.707106781187,0.707106781187,7.850462293419E-17));
#681 = ORIENTED_EDGE('',*,*,#682,.T.);
#682 = EDGE_CURVE('',#675,#683,#685,.T.);
#683 = VERTEX_POINT('',#684);
#684 = CARTESIAN_POINT('',(3.02370370676,75.068752418411,
    4.133569854749E-14));
#685 = LINE('',#686,#687);
#686 = CARTESIAN_POINT('',(0.187054410139,77.905401715032,
    4.10207672113E-14));
#687 = VECTOR('',#688,1.);
#688 = DIRECTION('',(0.707106781187,-0.707106781187,7.850462293419E-17)
  );
#689 = ORIENTED_EDGE('',*,*,#690,.T.);
#690 = EDGE_CURVE('',#683,#649,#691,.T.);
#691 = LINE('',#692,#693);
#692 = CARTESIAN_POINT('',(3.02370370676,75.068752418411,
    4.133569854749E-14));
#693 = VECTOR('',#694,1.);
#694 = DIRECTION('',(0.707106781187,0.707106781187,7.850462293419E-17));
#695 = PLANE('',#696);
#696 = AXIS2_PLACEMENT_3D('',#697,#698,#699);
#697 = CARTESIAN_POINT('',(-7.474896724329E-02,61.509492401682,
    2.726170119755E-14));
#698 = DIRECTION('',(6.610223024625E-16,-4.4E-16,-1.));
#699 = DIRECTION('',(1.,-3.3E-16,6.610223024625E-16));
#700 = ADVANCED_FACE('',(#701),#720,.T.);
#701 = FACE_BOUND('',#702,.F.);
#702 = EDGE_LOOP('',(#703,#704,#705,#713));
#703 = ORIENTED_EDGE('',*,*,#193,.F.);
#704 = ORIENTED_EDGE('',*,*,#553,.F.);
#705 = ORIENTED_EDGE('',*,*,#706,.T.);
#706 = EDGE_CURVE('',#554,#707,#709,.T.);
#707 = VERTEX_POINT('',#708);
#708 = CARTESIAN_POINT('',(10.135894415121,102.51510558487,2.));
#709 = LINE('',#710,#711);
#710 = CARTESIAN_POINT('',(10.135894415122,102.51510558487,
    6.465531033548E-14));
#711 = VECTOR('',#712,1.);
#712 = DIRECTION('',(-1.110223024625E-16,1.33E-15,1.));
#713 = ORIENTED_EDGE('',*,*,#714,.F.);
#714 = EDGE_CURVE('',#185,#707,#715,.T.);
#715 = CIRCLE('',#716,12.6);
#716 = AXIS2_PLACEMENT_3D('',#717,#718,#719);
#717 = CARTESIAN_POINT('',(-1.217914658014E-13,110.,2.));
#718 = DIRECTION('',(1.001022302463E-15,2.2E-16,-1.));
#719 = DIRECTION('',(-1.12E-15,1.,2.2E-16));
#720 = CYLINDRICAL_SURFACE('',#721,12.6);
#721 = AXIS2_PLACEMENT_3D('',#722,#723,#724);
#722 = CARTESIAN_POINT('',(-1.9539E-13,110.,4.885E-14));
#723 = DIRECTION('',(3.310223024625E-16,-1.11E-15,-1.));
#724 = DIRECTION('',(1.78E-15,-1.,1.11E-15));
#725 = ADVANCED_FACE('',(#726),#755,.F.);
#726 = FACE_BOUND('',#727,.F.);
#727 = EDGE_LOOP('',(#728,#739,#746,#747,#748));
#728 = ORIENTED_EDGE('',*,*,#729,.T.);
#729 = EDGE_CURVE('',#730,#732,#734,.T.);
#730 = VERTEX_POINT('',#731);
#731 = CARTESIAN_POINT('',(-7.484894415122,120.13589441512,2.));
#732 = VERTEX_POINT('',#733);
#733 = CARTESIAN_POINT('',(-1.912220446049E-13,122.6,2.));
#734 = CIRCLE('',#735,12.6);
#735 = AXIS2_PLACEMENT_3D('',#736,#737,#738);
#736 = CARTESIAN_POINT('',(-1.217914658014E-13,110.,2.));
#737 = DIRECTION('',(1.001022302463E-15,2.2E-16,-1.));
#738 = DIRECTION('',(-1.12E-15,1.,2.2E-16));
#739 = ORIENTED_EDGE('',*,*,#740,.T.);
#740 = EDGE_CURVE('',#732,#177,#741,.T.);
#741 = CIRCLE('',#742,12.6);
#742 = AXIS2_PLACEMENT_3D('',#743,#744,#745);
#743 = CARTESIAN_POINT('',(-1.217914658014E-13,110.,2.));
#744 = DIRECTION('',(1.001022302463E-15,2.2E-16,-1.));
#745 = DIRECTION('',(-1.12E-15,1.,2.2E-16));
#746 = ORIENTED_EDGE('',*,*,#184,.F.);
#747 = ORIENTED_EDGE('',*,*,#714,.T.);
#748 = ORIENTED_EDGE('',*,*,#749,.T.);
#749 = EDGE_CURVE('',#707,#730,#750,.T.);
#750 = CIRCLE('',#751,13.5);
#751 = AXIS2_PLACEMENT_3D('',#752,#753,#754);
#752 = CARTESIAN_POINT('',(5.,115.,2.));
#753 = DIRECTION('',(8.910223024625E-16,4.4E-16,-1.));
#754 = DIRECTION('',(-7.8E-16,1.,4.4E-16));
#755 = PLANE('',#756);
#756 = AXIS2_PLACEMENT_3D('',#757,#758,#759);
#757 = CARTESIAN_POINT('',(-3.01980662698E-14,56.338342266413,2.));
#758 = DIRECTION('',(-2.189776975375E-16,-4.4E-16,-1.));
#759 = DIRECTION('',(1.,-3.3E-16,-2.189776975375E-16));
#760 = ADVANCED_FACE('',(#761),#773,.T.);
#761 = FACE_BOUND('',#762,.F.);
#762 = EDGE_LOOP('',(#763,#769,#770,#771,#772));
#763 = ORIENTED_EDGE('',*,*,#764,.F.);
#764 = EDGE_CURVE('',#489,#730,#765,.T.);
#765 = LINE('',#766,#767);
#766 = CARTESIAN_POINT('',(-7.484894415122,120.13589441512,
    3.922900978834E-14));
#767 = VECTOR('',#768,1.);
#768 = DIRECTION('',(-1.110223024625E-16,1.33E-15,1.));
#769 = ORIENTED_EDGE('',*,*,#497,.F.);
#770 = ORIENTED_EDGE('',*,*,#176,.F.);
#771 = ORIENTED_EDGE('',*,*,#740,.F.);
#772 = ORIENTED_EDGE('',*,*,#729,.F.);
#773 = CYLINDRICAL_SURFACE('',#774,12.6);
#774 = AXIS2_PLACEMENT_3D('',#775,#776,#777);
#775 = CARTESIAN_POINT('',(-1.9539E-13,110.,4.885E-14));
#776 = DIRECTION('',(3.310223024625E-16,-1.11E-15,-1.));
#777 = DIRECTION('',(1.78E-15,-1.,1.11E-15));
#778 = ADVANCED_FACE('',(#779),#785,.T.);
#779 = FACE_BOUND('',#780,.T.);
#780 = EDGE_LOOP('',(#781,#782,#783,#784));
#781 = ORIENTED_EDGE('',*,*,#347,.F.);
#782 = ORIENTED_EDGE('',*,*,#143,.T.);
#783 = ORIENTED_EDGE('',*,*,#505,.F.);
#784 = ORIENTED_EDGE('',*,*,#159,.F.);
#785 = SURFACE_OF_LINEAR_EXTRUSION('',#786,#791);
#786 = ELLIPSE('',#787,9.458578491931,6.5);
#787 = AXIS2_PLACEMENT_3D('',#788,#789,#790);
#788 = CARTESIAN_POINT('',(5.,115.,1.));
#789 = DIRECTION('',(-8.910223024625E-16,-4.4E-16,1.));
#790 = DIRECTION('',(0.707106781187,-0.707106781187,3.189209285376E-16)
  );
#791 = VECTOR('',#792,1.);
#792 = DIRECTION('',(2.189776975375E-16,6.6E-16,1.));
#793 = ADVANCED_FACE('',(#794),#813,.F.);
#794 = FACE_BOUND('',#795,.F.);
#795 = EDGE_LOOP('',(#796,#804,#811,#812));
#796 = ORIENTED_EDGE('',*,*,#797,.T.);
#797 = EDGE_CURVE('',#298,#798,#800,.T.);
#798 = VERTEX_POINT('',#799);
#799 = CARTESIAN_POINT('',(5.,116.45,0.5));
#800 = LINE('',#801,#802);
#801 = CARTESIAN_POINT('',(5.,116.45,7.5));
#802 = VECTOR('',#803,1.);
#803 = DIRECTION('',(-4.389776975375E-16,-8.8E-16,-1.));
#804 = ORIENTED_EDGE('',*,*,#805,.T.);
#805 = EDGE_CURVE('',#798,#798,#806,.T.);
#806 = CIRCLE('',#807,1.45);
#807 = AXIS2_PLACEMENT_3D('',#808,#809,#810);
#808 = CARTESIAN_POINT('',(5.,115.,0.5));
#809 = DIRECTION('',(-6.710223024625E-16,-4.4E-16,1.));
#810 = DIRECTION('',(-5.6E-16,1.,4.4E-16));
#811 = ORIENTED_EDGE('',*,*,#797,.F.);
#812 = ORIENTED_EDGE('',*,*,#307,.F.);
#813 = CYLINDRICAL_SURFACE('',#814,1.45);
#814 = AXIS2_PLACEMENT_3D('',#815,#816,#817);
#815 = CARTESIAN_POINT('',(5.,115.,7.5));
#816 = DIRECTION('',(2.189776975375E-16,4.4E-16,1.));
#817 = DIRECTION('',(-5.6E-16,1.,-4.4E-16));
#818 = ADVANCED_FACE('',(#819),#822,.F.);
#819 = FACE_BOUND('',#820,.T.);
#820 = EDGE_LOOP('',(#821));
#821 = ORIENTED_EDGE('',*,*,#330,.T.);
#822 = PLANE('',#823);
#823 = AXIS2_PLACEMENT_3D('',#824,#825,#826);
#824 = CARTESIAN_POINT('',(1.,110.99999999994,5.25));
#825 = DIRECTION('',(-2.189776975375E-16,-4.4E-16,-1.));
#826 = DIRECTION('',(1.,-3.3E-16,-2.189776975375E-16));
#827 = ADVANCED_FACE('',(#828),#876,.T.);
#828 = FACE_BOUND('',#829,.T.);
#829 = EDGE_LOOP('',(#830,#838,#839,#847,#855,#861,#862,#870));
#830 = ORIENTED_EDGE('',*,*,#831,.F.);
#831 = EDGE_CURVE('',#368,#832,#834,.T.);
#832 = VERTEX_POINT('',#833);
#833 = CARTESIAN_POINT('',(6.98146305915,-0.509090909095,9.));
#834 = LINE('',#835,#836);
#835 = CARTESIAN_POINT('',(6.98146305915,-0.509090909095,
    8.305098103384E-15));
#836 = VECTOR('',#837,1.);
#837 = DIRECTION('',(1.089776975375E-16,8.8E-16,1.));
#838 = ORIENTED_EDGE('',*,*,#367,.T.);
#839 = ORIENTED_EDGE('',*,*,#840,.F.);
#840 = EDGE_CURVE('',#841,#370,#843,.T.);
#841 = VERTEX_POINT('',#842);
#842 = CARTESIAN_POINT('',(11.3901626817,59.95,0.25));
#843 = LINE('',#844,#845);
#844 = CARTESIAN_POINT('',(11.3901626817,59.95,2.25));
#845 = VECTOR('',#846,1.);
#846 = DIRECTION('',(6.110223024625E-16,-6.6E-16,-1.));
#847 = ORIENTED_EDGE('',*,*,#848,.T.);
#848 = EDGE_CURVE('',#841,#849,#851,.T.);
#849 = VERTEX_POINT('',#850);
#850 = CARTESIAN_POINT('',(11.397454719268,60.05,0.25));
#851 = LINE('',#852,#853);
#852 = CARTESIAN_POINT('',(9.896073445007,39.460675545809,0.25));
#853 = VECTOR('',#854,1.);
#854 = DIRECTION('',(7.272727272727E-02,0.997351865593,2.6807434927E-16)
  );
#855 = ORIENTED_EDGE('',*,*,#856,.F.);
#856 = EDGE_CURVE('',#572,#849,#857,.T.);
#857 = LINE('',#858,#859);
#858 = CARTESIAN_POINT('',(11.397454719268,60.05,2.25));
#859 = VECTOR('',#860,1.);
#860 = DIRECTION('',(-6.110223024625E-16,6.6E-16,1.));
#861 = ORIENTED_EDGE('',*,*,#571,.T.);
#862 = ORIENTED_EDGE('',*,*,#863,.T.);
#863 = EDGE_CURVE('',#563,#864,#866,.T.);
#864 = VERTEX_POINT('',#865);
#865 = CARTESIAN_POINT('',(14.154859199211,97.863909406144,9.));
#866 = LINE('',#867,#868);
#867 = CARTESIAN_POINT('',(14.154859199211,97.863909406144,
    5.603150505933E-14));
#868 = VECTOR('',#869,1.);
#869 = DIRECTION('',(2.189776975375E-16,6.6E-16,1.));
#870 = ORIENTED_EDGE('',*,*,#871,.F.);
#871 = EDGE_CURVE('',#832,#864,#872,.T.);
#872 = LINE('',#873,#874);
#873 = CARTESIAN_POINT('',(6.98146305915,-0.509090909095,9.));
#874 = VECTOR('',#875,1.);
#875 = DIRECTION('',(7.272727272727E-02,0.997351865593,4.8807434927E-16)
  );
#876 = PLANE('',#877);
#877 = AXIS2_PLACEMENT_3D('',#878,#879,#880);
#878 = CARTESIAN_POINT('',(10.970870521522,54.199999999998,4.5));
#879 = DIRECTION('',(0.997351865593,-7.272727272727E-02,
    8.107283004834E-16));
#880 = DIRECTION('',(7.272727272727E-02,0.997351865593,4.8807434927E-16)
  );
#881 = ADVANCED_FACE('',(#882),#925,.T.);
#882 = FACE_BOUND('',#883,.T.);
#883 = EDGE_LOOP('',(#884,#885,#886,#895,#901,#902,#910,#919));
#884 = ORIENTED_EDGE('',*,*,#377,.F.);
#885 = ORIENTED_EDGE('',*,*,#831,.T.);
#886 = ORIENTED_EDGE('',*,*,#887,.T.);
#887 = EDGE_CURVE('',#832,#888,#890,.T.);
#888 = VERTEX_POINT('',#889);
#889 = CARTESIAN_POINT('',(-6.98146305915,-0.509090909095,9.));
#890 = CIRCLE('',#891,7.);
#891 = AXIS2_PLACEMENT_3D('',#892,#893,#894);
#892 = CARTESIAN_POINT('',(8.881784197001E-15,2.E-15,9.));
#893 = DIRECTION('',(6.710223024625E-16,4.4E-16,-1.));
#894 = DIRECTION('',(-5.6E-16,1.,4.4E-16));
#895 = ORIENTED_EDGE('',*,*,#896,.F.);
#896 = EDGE_CURVE('',#445,#888,#897,.T.);
#897 = LINE('',#898,#899);
#898 = CARTESIAN_POINT('',(-6.98146305915,-0.509090909095,
    -8.755098103384E-15));
#899 = VECTOR('',#900,1.);
#900 = DIRECTION('',(1.089776975375E-16,8.8E-16,1.));
#901 = ORIENTED_EDGE('',*,*,#444,.F.);
#902 = ORIENTED_EDGE('',*,*,#903,.F.);
#903 = EDGE_CURVE('',#904,#437,#906,.T.);
#904 = VERTEX_POINT('',#905);
#905 = CARTESIAN_POINT('',(-5.E-02,-6.999821426294,0.25));
#906 = LINE('',#907,#908);
#907 = CARTESIAN_POINT('',(-4.999999999999E-02,-6.999821426294,
    1.504448884877E-15));
#908 = VECTOR('',#909,1.);
#909 = DIRECTION('',(3.310223024625E-16,-1.1E-15,-1.));
#910 = ORIENTED_EDGE('',*,*,#911,.F.);
#911 = EDGE_CURVE('',#912,#904,#914,.T.);
#912 = VERTEX_POINT('',#913);
#913 = CARTESIAN_POINT('',(5.E-02,-6.999821426294,0.25));
#914 = CIRCLE('',#915,7.);
#915 = AXIS2_PLACEMENT_3D('',#916,#917,#918);
#916 = CARTESIAN_POINT('',(-8.775557561563E-17,2.8E-16,0.25));
#917 = DIRECTION('',(1.221022302463E-15,-2.2E-16,-1.));
#918 = DIRECTION('',(-1.79E-15,1.,-2.2E-16));
#919 = ORIENTED_EDGE('',*,*,#920,.T.);
#920 = EDGE_CURVE('',#912,#378,#921,.T.);
#921 = LINE('',#922,#923);
#922 = CARTESIAN_POINT('',(5.000000000001E-02,-6.999821426294,
    1.575551115123E-15));
#923 = VECTOR('',#924,1.);
#924 = DIRECTION('',(3.310223024625E-16,-1.1E-15,-1.));
#925 = CYLINDRICAL_SURFACE('',#926,7.);
#926 = AXIS2_PLACEMENT_3D('',#927,#928,#929);
#927 = CARTESIAN_POINT('',(0.,0.,0.));
#928 = DIRECTION('',(1.110223024625E-16,-6.6E-16,-1.));
#929 = DIRECTION('',(-1.12E-15,1.,-6.6E-16));
#930 = ADVANCED_FACE('',(#931),#950,.F.);
#931 = FACE_BOUND('',#932,.F.);
#932 = EDGE_LOOP('',(#933,#934,#935,#943));
#933 = ORIENTED_EDGE('',*,*,#629,.F.);
#934 = ORIENTED_EDGE('',*,*,#840,.F.);
#935 = ORIENTED_EDGE('',*,*,#936,.T.);
#936 = EDGE_CURVE('',#841,#937,#939,.T.);
#937 = VERTEX_POINT('',#938);
#938 = CARTESIAN_POINT('',(4.299709292499,59.95,0.25));
#939 = LINE('',#940,#941);
#940 = CARTESIAN_POINT('',(20.,59.95,0.25));
#941 = VECTOR('',#942,1.);
#942 = DIRECTION('',(-1.,3.3E-16,-6.710223024625E-16));
#943 = ORIENTED_EDGE('',*,*,#944,.T.);
#944 = EDGE_CURVE('',#937,#621,#945,.T.);
#945 = HYPERBOLA('',#946,5.000000000004E-02,5.000000000004E-02);
#946 = AXIS2_PLACEMENT_3D('',#947,#948,#949);
#947 = CARTESIAN_POINT('',(-1.105551514762E-13,59.95,4.55));
#948 = DIRECTION('',(-3.3E-16,-1.,6.6E-16));
#949 = DIRECTION('',(8.810223024625E-16,-6.6E-16,-1.));
#950 = PLANE('',#951);
#951 = AXIS2_PLACEMENT_3D('',#952,#953,#954);
#952 = CARTESIAN_POINT('',(20.,59.95,4.439044604925E-14));
#953 = DIRECTION('',(5.6E-16,-1.,-2.2E-16));
#954 = DIRECTION('',(-1.,-5.6E-16,-8.910223024625E-16));
#955 = ADVANCED_FACE('',(#956),#975,.F.);
#956 = FACE_BOUND('',#957,.F.);
#957 = EDGE_LOOP('',(#958,#959,#968,#974));
#958 = ORIENTED_EDGE('',*,*,#386,.F.);
#959 = ORIENTED_EDGE('',*,*,#960,.T.);
#960 = EDGE_CURVE('',#387,#961,#963,.T.);
#961 = VERTEX_POINT('',#962);
#962 = CARTESIAN_POINT('',(5.E-02,-4.299709292499,0.25));
#963 = HYPERBOLA('',#964,5.000000000001E-02,5.000000000001E-02);
#964 = AXIS2_PLACEMENT_3D('',#965,#966,#967);
#965 = CARTESIAN_POINT('',(5.E-02,4.03E-15,4.55));
#966 = DIRECTION('',(1.,7.8E-16,-2.189776975375E-16));
#967 = DIRECTION('',(-2.189776975375E-16,-8.8E-16,-1.));
#968 = ORIENTED_EDGE('',*,*,#969,.T.);
#969 = EDGE_CURVE('',#961,#912,#970,.T.);
#970 = LINE('',#971,#972);
#971 = CARTESIAN_POINT('',(5.E-02,-2.E-17,0.25));
#972 = VECTOR('',#973,1.);
#973 = DIRECTION('',(5.6E-16,-1.,-4.4E-16));
#974 = ORIENTED_EDGE('',*,*,#920,.T.);
#975 = PLANE('',#976);
#976 = AXIS2_PLACEMENT_3D('',#977,#978,#979);
#977 = CARTESIAN_POINT('',(5.E-02,-2.E-17,4.555111512313E-17));
#978 = DIRECTION('',(1.,-1.1E-16,6.710223024625E-16));
#979 = DIRECTION('',(-1.1E-16,-1.,-4.4E-16));
#980 = ADVANCED_FACE('',(#981),#1027,.F.);
#981 = FACE_BOUND('',#982,.T.);
#982 = EDGE_LOOP('',(#983,#992,#993,#1002,#1009,#1010,#1011,#1020));
#983 = ORIENTED_EDGE('',*,*,#984,.F.);
#984 = EDGE_CURVE('',#588,#985,#987,.T.);
#985 = VERTEX_POINT('',#986);
#986 = CARTESIAN_POINT('',(0.375,64.032601517631,0.5));
#987 = HYPERBOLA('',#988,0.375,0.375);
#988 = AXIS2_PLACEMENT_3D('',#989,#990,#991);
#989 = CARTESIAN_POINT('',(0.375,60.,4.55));
#990 = DIRECTION('',(-1.,-1.12E-15,2.189776975375E-16));
#991 = DIRECTION('',(-2.189776975375E-16,-4.4E-16,-1.));
#992 = ORIENTED_EDGE('',*,*,#587,.T.);
#993 = ORIENTED_EDGE('',*,*,#994,.T.);
#994 = EDGE_CURVE('',#580,#995,#997,.T.);
#995 = VERTEX_POINT('',#996);
#996 = CARTESIAN_POINT('',(4.299709292499,60.05,0.25));
#997 = HYPERBOLA('',#998,4.999999999995E-02,4.999999999995E-02);
#998 = AXIS2_PLACEMENT_3D('',#999,#1000,#1001);
#999 = CARTESIAN_POINT('',(-1.106151514762E-13,60.05,4.55));
#1000 = DIRECTION('',(3.3E-16,1.,-6.6E-16));
#1001 = DIRECTION('',(8.810223024625E-16,-6.6E-16,-1.));
#1002 = ORIENTED_EDGE('',*,*,#1003,.F.);
#1003 = EDGE_CURVE('',#937,#995,#1004,.T.);
#1004 = CIRCLE('',#1005,4.3);
#1005 = AXIS2_PLACEMENT_3D('',#1006,#1007,#1008);
#1006 = CARTESIAN_POINT('',(-1.067977555756E-13,60.,0.25));
#1007 = DIRECTION('',(-1.771022302463E-15,2.465190328816E-32,1.));
#1008 = DIRECTION('',(9.25925925926E-02,0.995704078427,
    1.639835465243E-16));
#1009 = ORIENTED_EDGE('',*,*,#944,.T.);
#1010 = ORIENTED_EDGE('',*,*,#620,.T.);
#1011 = ORIENTED_EDGE('',*,*,#1012,.T.);
#1012 = EDGE_CURVE('',#613,#1013,#1015,.T.);
#1013 = VERTEX_POINT('',#1014);
#1014 = CARTESIAN_POINT('',(-0.375,64.032601517631,0.5));
#1015 = HYPERBOLA('',#1016,0.375,0.375);
#1016 = AXIS2_PLACEMENT_3D('',#1017,#1018,#1019);
#1017 = CARTESIAN_POINT('',(-0.375,60.,4.55));
#1018 = DIRECTION('',(-1.,-8.2E-16,2.189776975375E-16));
#1019 = DIRECTION('',(-2.189776975375E-16,-4.4E-16,-1.));
#1020 = ORIENTED_EDGE('',*,*,#1021,.F.);
#1021 = EDGE_CURVE('',#985,#1013,#1022,.T.);
#1022 = CIRCLE('',#1023,4.05);
#1023 = AXIS2_PLACEMENT_3D('',#1024,#1025,#1026);
#1024 = CARTESIAN_POINT('',(-6.694551115123E-14,60.,0.5));
#1025 = DIRECTION('',(1.551022302463E-15,4.4E-16,-1.));
#1026 = DIRECTION('',(9.25925925926E-02,0.995704078427,5.81722970662E-16
    ));
#1027 = CONICAL_SURFACE('',#1028,4.05,0.785398163397);
#1028 = AXIS2_PLACEMENT_3D('',#1029,#1030,#1031);
#1029 = CARTESIAN_POINT('',(-6.694551115123E-14,60.,0.5));
#1030 = DIRECTION('',(6.610223024625E-16,-4.4E-16,-1.));
#1031 = DIRECTION('',(9.25925925926E-02,0.995704078427,
    -3.769040257615E-16));
#1032 = ADVANCED_FACE('',(#1033),#1079,.F.);
#1033 = FACE_BOUND('',#1034,.T.);
#1034 = EDGE_LOOP('',(#1035,#1044,#1045,#1046,#1055,#1062,#1063,#1072));
#1035 = ORIENTED_EDGE('',*,*,#1036,.F.);
#1036 = EDGE_CURVE('',#395,#1037,#1039,.T.);
#1037 = VERTEX_POINT('',#1038);
#1038 = CARTESIAN_POINT('',(0.375,4.032601517631,0.5));
#1039 = HYPERBOLA('',#1040,0.375,0.375);
#1040 = AXIS2_PLACEMENT_3D('',#1041,#1042,#1043);
#1041 = CARTESIAN_POINT('',(0.375,2.11E-15,4.55));
#1042 = DIRECTION('',(-1.,-1.12E-15,2.189776975375E-16));
#1043 = DIRECTION('',(-2.189776975375E-16,-4.4E-16,-1.));
#1044 = ORIENTED_EDGE('',*,*,#394,.T.);
#1045 = ORIENTED_EDGE('',*,*,#960,.T.);
#1046 = ORIENTED_EDGE('',*,*,#1047,.F.);
#1047 = EDGE_CURVE('',#1048,#961,#1050,.T.);
#1048 = VERTEX_POINT('',#1049);
#1049 = CARTESIAN_POINT('',(-5.E-02,-4.299709292499,0.25));
#1050 = CIRCLE('',#1051,4.3);
#1051 = AXIS2_PLACEMENT_3D('',#1052,#1053,#1054);
#1052 = CARTESIAN_POINT('',(-2.277555756156E-16,2.2E-16,0.25));
#1053 = DIRECTION('',(-1.771022302463E-15,2.465190328816E-32,1.));
#1054 = DIRECTION('',(9.259259259259E-02,0.995704078427,
    1.639835465243E-16));
#1055 = ORIENTED_EDGE('',*,*,#1056,.T.);
#1056 = EDGE_CURVE('',#1048,#428,#1057,.T.);
#1057 = HYPERBOLA('',#1058,4.999999999999E-02,4.999999999999E-02);
#1058 = AXIS2_PLACEMENT_3D('',#1059,#1060,#1061);
#1059 = CARTESIAN_POINT('',(-5.E-02,4.05E-15,4.55));
#1060 = DIRECTION('',(-1.,-7.8E-16,2.189776975375E-16));
#1061 = DIRECTION('',(-2.189776975375E-16,-8.8E-16,-1.));
#1062 = ORIENTED_EDGE('',*,*,#427,.T.);
#1063 = ORIENTED_EDGE('',*,*,#1064,.T.);
#1064 = EDGE_CURVE('',#420,#1065,#1067,.T.);
#1065 = VERTEX_POINT('',#1066);
#1066 = CARTESIAN_POINT('',(-0.375,4.032601517631,0.5));
#1067 = HYPERBOLA('',#1068,0.375,0.375);
#1068 = AXIS2_PLACEMENT_3D('',#1069,#1070,#1071);
#1069 = CARTESIAN_POINT('',(-0.375,1.94E-15,4.55));
#1070 = DIRECTION('',(-1.,-1.12E-15,2.189776975375E-16));
#1071 = DIRECTION('',(-2.189776975375E-16,-4.4E-16,-1.));
#1072 = ORIENTED_EDGE('',*,*,#1073,.F.);
#1073 = EDGE_CURVE('',#1037,#1065,#1074,.T.);
#1074 = CIRCLE('',#1075,4.05);
#1075 = AXIS2_PLACEMENT_3D('',#1076,#1077,#1078);
#1076 = CARTESIAN_POINT('',(-3.255111512313E-16,2.2E-16,0.5));
#1077 = DIRECTION('',(1.551022302463E-15,4.4E-16,-1.));
#1078 = DIRECTION('',(9.259259259259E-02,0.995704078427,
    5.81722970662E-16));
#1079 = CONICAL_SURFACE('',#1080,4.05,0.785398163397);
#1080 = AXIS2_PLACEMENT_3D('',#1081,#1082,#1083);
#1081 = CARTESIAN_POINT('',(-3.255111512313E-16,2.2E-16,0.5));
#1082 = DIRECTION('',(6.610223024625E-16,-4.4E-16,-1.));
#1083 = DIRECTION('',(9.259259259259E-02,0.995704078427,
    -3.769040257615E-16));
#1084 = ADVANCED_FACE('',(#1085),#1111,.T.);
#1085 = FACE_BOUND('',#1086,.T.);
#1086 = EDGE_LOOP('',(#1087,#1095,#1096,#1097,#1105));
#1087 = ORIENTED_EDGE('',*,*,#1088,.F.);
#1088 = EDGE_CURVE('',#1013,#1089,#1091,.T.);
#1089 = VERTEX_POINT('',#1090);
#1090 = CARTESIAN_POINT('',(-0.375,64.032601517631,3.75));
#1091 = LINE('',#1092,#1093);
#1092 = CARTESIAN_POINT('',(-0.375,64.032601517631,2.797836663658E-14));
#1093 = VECTOR('',#1094,1.);
#1094 = DIRECTION('',(1.089776975375E-16,8.8E-16,1.));
#1095 = ORIENTED_EDGE('',*,*,#1012,.F.);
#1096 = ORIENTED_EDGE('',*,*,#612,.T.);
#1097 = ORIENTED_EDGE('',*,*,#1098,.T.);
#1098 = EDGE_CURVE('',#605,#1099,#1101,.T.);
#1099 = VERTEX_POINT('',#1100);
#1100 = CARTESIAN_POINT('',(-0.375,65.032601517631,3.75));
#1101 = LINE('',#1102,#1103);
#1102 = CARTESIAN_POINT('',(-0.375,65.032601517631,2.841836663658E-14));
#1103 = VECTOR('',#1104,1.);
#1104 = DIRECTION('',(1.089776975375E-16,8.8E-16,1.));
#1105 = ORIENTED_EDGE('',*,*,#1106,.F.);
#1106 = EDGE_CURVE('',#1089,#1099,#1107,.T.);
#1107 = LINE('',#1108,#1109);
#1108 = CARTESIAN_POINT('',(-0.375,47.266300758816,3.75));
#1109 = VECTOR('',#1110,1.);
#1110 = DIRECTION('',(-9.3E-16,1.,2.2E-16));
#1111 = PLANE('',#1112);
#1112 = AXIS2_PLACEMENT_3D('',#1113,#1114,#1115);
#1113 = CARTESIAN_POINT('',(-0.375,64.532601517631,4.5));
#1114 = DIRECTION('',(1.,-7.E-17,6.710223024625E-16));
#1115 = DIRECTION('',(7.E-17,1.,4.4E-16));
#1116 = ADVANCED_FACE('',(#1117),#1143,.T.);
#1117 = FACE_BOUND('',#1118,.T.);
#1118 = EDGE_LOOP('',(#1119,#1127,#1135,#1141,#1142));
#1119 = ORIENTED_EDGE('',*,*,#1120,.T.);
#1120 = EDGE_CURVE('',#1037,#1121,#1123,.T.);
#1121 = VERTEX_POINT('',#1122);
#1122 = CARTESIAN_POINT('',(0.375,4.032601517631,3.75));
#1123 = LINE('',#1124,#1125);
#1124 = CARTESIAN_POINT('',(0.375,4.032601517631,2.251633363423E-15));
#1125 = VECTOR('',#1126,1.);
#1126 = DIRECTION('',(1.089776975375E-16,8.8E-16,1.));
#1127 = ORIENTED_EDGE('',*,*,#1128,.F.);
#1128 = EDGE_CURVE('',#1129,#1121,#1131,.T.);
#1129 = VERTEX_POINT('',#1130);
#1130 = CARTESIAN_POINT('',(0.375,5.032601517631,3.75));
#1131 = LINE('',#1132,#1133);
#1132 = CARTESIAN_POINT('',(0.375,17.266300758816,3.75));
#1133 = VECTOR('',#1134,1.);
#1134 = DIRECTION('',(1.23E-15,-1.,-2.2E-16));
#1135 = ORIENTED_EDGE('',*,*,#1136,.F.);
#1136 = EDGE_CURVE('',#404,#1129,#1137,.T.);
#1137 = LINE('',#1138,#1139);
#1138 = CARTESIAN_POINT('',(0.375,5.032601517631,2.691633363423E-15));
#1139 = VECTOR('',#1140,1.);
#1140 = DIRECTION('',(1.089776975375E-16,8.8E-16,1.));
#1141 = ORIENTED_EDGE('',*,*,#403,.T.);
#1142 = ORIENTED_EDGE('',*,*,#1036,.T.);
#1143 = PLANE('',#1144);
#1144 = AXIS2_PLACEMENT_3D('',#1145,#1146,#1147);
#1145 = CARTESIAN_POINT('',(0.375,4.532601517631,4.5));
#1146 = DIRECTION('',(-1.,-2.3E-16,-6.710223024625E-16));
#1147 = DIRECTION('',(2.3E-16,-1.,-4.4E-16));
#1148 = ADVANCED_FACE('',(#1149),#1167,.T.);
#1149 = FACE_BOUND('',#1150,.T.);
#1150 = EDGE_LOOP('',(#1151,#1152,#1153,#1161));
#1151 = ORIENTED_EDGE('',*,*,#1098,.F.);
#1152 = ORIENTED_EDGE('',*,*,#604,.T.);
#1153 = ORIENTED_EDGE('',*,*,#1154,.T.);
#1154 = EDGE_CURVE('',#597,#1155,#1157,.T.);
#1155 = VERTEX_POINT('',#1156);
#1156 = CARTESIAN_POINT('',(0.375,65.032601517631,3.75));
#1157 = LINE('',#1158,#1159);
#1158 = CARTESIAN_POINT('',(0.375,65.032601517631,2.934163336342E-14));
#1159 = VECTOR('',#1160,1.);
#1160 = DIRECTION('',(1.089776975375E-16,8.8E-16,1.));
#1161 = ORIENTED_EDGE('',*,*,#1162,.F.);
#1162 = EDGE_CURVE('',#1099,#1155,#1163,.T.);
#1163 = LINE('',#1164,#1165);
#1164 = CARTESIAN_POINT('',(-7.372633363423E-14,65.032601517631,3.75));
#1165 = VECTOR('',#1166,1.);
#1166 = DIRECTION('',(1.,0.,6.710223024625E-16));
#1167 = PLANE('',#1168);
#1168 = AXIS2_PLACEMENT_3D('',#1169,#1170,#1171);
#1169 = CARTESIAN_POINT('',(-7.173960036108E-14,65.032601517631,4.5));
#1170 = DIRECTION('',(5.6E-16,-1.,-4.4E-16));
#1171 = DIRECTION('',(2.189776975375E-16,-4.4E-16,1.));
#1172 = ADVANCED_FACE('',(#1173),#1191,.T.);
#1173 = FACE_BOUND('',#1174,.T.);
#1174 = EDGE_LOOP('',(#1175,#1183,#1184,#1185));
#1175 = ORIENTED_EDGE('',*,*,#1176,.F.);
#1176 = EDGE_CURVE('',#412,#1177,#1179,.T.);
#1177 = VERTEX_POINT('',#1178);
#1178 = CARTESIAN_POINT('',(-0.375,5.032601517631,3.75));
#1179 = LINE('',#1180,#1181);
#1180 = CARTESIAN_POINT('',(-0.375,5.032601517631,1.778366636577E-15));
#1181 = VECTOR('',#1182,1.);
#1182 = DIRECTION('',(1.089776975375E-16,8.8E-16,1.));
#1183 = ORIENTED_EDGE('',*,*,#411,.T.);
#1184 = ORIENTED_EDGE('',*,*,#1136,.T.);
#1185 = ORIENTED_EDGE('',*,*,#1186,.F.);
#1186 = EDGE_CURVE('',#1177,#1129,#1187,.T.);
#1187 = LINE('',#1188,#1189);
#1188 = CARTESIAN_POINT('',(-3.936333634234E-15,5.032601517631,3.75));
#1189 = VECTOR('',#1190,1.);
#1190 = DIRECTION('',(1.,0.,6.710223024625E-16));
#1191 = PLANE('',#1192);
#1192 = AXIS2_PLACEMENT_3D('',#1193,#1194,#1195);
#1193 = CARTESIAN_POINT('',(-5.429600361081E-15,5.032601517631,4.5));
#1194 = DIRECTION('',(5.6E-16,-1.,2.E-17));
#1195 = DIRECTION('',(2.189776975375E-16,2.E-17,1.));
#1196 = ADVANCED_FACE('',(#1197),#1216,.T.);
#1197 = FACE_BOUND('',#1198,.T.);
#1198 = EDGE_LOOP('',(#1199,#1207,#1213,#1214,#1215));
#1199 = ORIENTED_EDGE('',*,*,#1200,.T.);
#1200 = EDGE_CURVE('',#985,#1201,#1203,.T.);
#1201 = VERTEX_POINT('',#1202);
#1202 = CARTESIAN_POINT('',(0.375,64.032601517631,3.75));
#1203 = LINE('',#1204,#1205);
#1204 = CARTESIAN_POINT('',(0.375,64.032601517631,2.889163336342E-14));
#1205 = VECTOR('',#1206,1.);
#1206 = DIRECTION('',(1.089776975375E-16,8.8E-16,1.));
#1207 = ORIENTED_EDGE('',*,*,#1208,.F.);
#1208 = EDGE_CURVE('',#1155,#1201,#1209,.T.);
#1209 = LINE('',#1210,#1211);
#1210 = CARTESIAN_POINT('',(0.375,47.266300758816,3.75));
#1211 = VECTOR('',#1212,1.);
#1212 = DIRECTION('',(1.23E-15,-1.,-2.2E-16));
#1213 = ORIENTED_EDGE('',*,*,#1154,.F.);
#1214 = ORIENTED_EDGE('',*,*,#596,.T.);
#1215 = ORIENTED_EDGE('',*,*,#984,.T.);
#1216 = PLANE('',#1217);
#1217 = AXIS2_PLACEMENT_3D('',#1218,#1219,#1220);
#1218 = CARTESIAN_POINT('',(0.375,64.532601517631,4.5));
#1219 = DIRECTION('',(-1.,-2.3E-16,-6.710223024625E-16));
#1220 = DIRECTION('',(2.3E-16,-1.,-4.4E-16));
#1221 = ADVANCED_FACE('',(#1222),#1241,.T.);
#1222 = FACE_BOUND('',#1223,.T.);
#1223 = EDGE_LOOP('',(#1224,#1232,#1233,#1234,#1235));
#1224 = ORIENTED_EDGE('',*,*,#1225,.F.);
#1225 = EDGE_CURVE('',#1065,#1226,#1228,.T.);
#1226 = VERTEX_POINT('',#1227);
#1227 = CARTESIAN_POINT('',(-0.375,4.032601517631,3.75));
#1228 = LINE('',#1229,#1230);
#1229 = CARTESIAN_POINT('',(-0.375,4.032601517631,1.328366636577E-15));
#1230 = VECTOR('',#1231,1.);
#1231 = DIRECTION('',(1.089776975375E-16,8.8E-16,1.));
#1232 = ORIENTED_EDGE('',*,*,#1064,.F.);
#1233 = ORIENTED_EDGE('',*,*,#419,.T.);
#1234 = ORIENTED_EDGE('',*,*,#1176,.T.);
#1235 = ORIENTED_EDGE('',*,*,#1236,.F.);
#1236 = EDGE_CURVE('',#1226,#1177,#1237,.T.);
#1237 = LINE('',#1238,#1239);
#1238 = CARTESIAN_POINT('',(-0.375,17.266300758816,3.75));
#1239 = VECTOR('',#1240,1.);
#1240 = DIRECTION('',(-1.23E-15,1.,2.2E-16));
#1241 = PLANE('',#1242);
#1242 = AXIS2_PLACEMENT_3D('',#1243,#1244,#1245);
#1243 = CARTESIAN_POINT('',(-0.375,4.532601517631,4.5));
#1244 = DIRECTION('',(1.,2.3E-16,6.710223024625E-16));
#1245 = DIRECTION('',(-2.3E-16,1.,4.4E-16));
#1246 = ADVANCED_FACE('',(#1247),#1258,.F.);
#1247 = FACE_BOUND('',#1248,.F.);
#1248 = EDGE_LOOP('',(#1249,#1250,#1251,#1257));
#1249 = ORIENTED_EDGE('',*,*,#579,.F.);
#1250 = ORIENTED_EDGE('',*,*,#994,.T.);
#1251 = ORIENTED_EDGE('',*,*,#1252,.T.);
#1252 = EDGE_CURVE('',#995,#849,#1253,.T.);
#1253 = LINE('',#1254,#1255);
#1254 = CARTESIAN_POINT('',(-3.308464613383E-14,60.05,0.25));
#1255 = VECTOR('',#1256,1.);
#1256 = DIRECTION('',(1.,-3.3E-16,6.710223024625E-16));
#1257 = ORIENTED_EDGE('',*,*,#856,.F.);
#1258 = PLANE('',#1259);
#1259 = AXIS2_PLACEMENT_3D('',#1260,#1261,#1262);
#1260 = CARTESIAN_POINT('',(-4.666E-14,60.05,2.667E-14));
#1261 = DIRECTION('',(-5.6E-16,1.,2.2E-16));
#1262 = DIRECTION('',(1.,5.6E-16,8.910223024625E-16));
#1263 = ADVANCED_FACE('',(#1264),#1275,.F.);
#1264 = FACE_BOUND('',#1265,.F.);
#1265 = EDGE_LOOP('',(#1266,#1267,#1268,#1274));
#1266 = ORIENTED_EDGE('',*,*,#436,.F.);
#1267 = ORIENTED_EDGE('',*,*,#903,.F.);
#1268 = ORIENTED_EDGE('',*,*,#1269,.T.);
#1269 = EDGE_CURVE('',#904,#1048,#1270,.T.);
#1270 = LINE('',#1271,#1272);
#1271 = CARTESIAN_POINT('',(-4.999999999999E-02,-20.,0.25));
#1272 = VECTOR('',#1273,1.);
#1273 = DIRECTION('',(-5.6E-16,1.,4.4E-16));
#1274 = ORIENTED_EDGE('',*,*,#1056,.T.);
#1275 = PLANE('',#1276);
#1276 = AXIS2_PLACEMENT_3D('',#1277,#1278,#1279);
#1277 = CARTESIAN_POINT('',(-4.999999999998E-02,-20.,-8.925551115123E-15
    ));
#1278 = DIRECTION('',(-1.,1.1E-16,-6.710223024625E-16));
#1279 = DIRECTION('',(1.1E-16,1.,4.4E-16));
#1280 = ADVANCED_FACE('',(#1281),#1301,.T.);
#1281 = FACE_BOUND('',#1282,.F.);
#1282 = EDGE_LOOP('',(#1283,#1284,#1285,#1294,#1300));
#1283 = ORIENTED_EDGE('',*,*,#562,.F.);
#1284 = ORIENTED_EDGE('',*,*,#863,.T.);
#1285 = ORIENTED_EDGE('',*,*,#1286,.F.);
#1286 = EDGE_CURVE('',#1287,#864,#1289,.T.);
#1287 = VERTEX_POINT('',#1288);
#1288 = CARTESIAN_POINT('',(10.135894415121,102.51510558487,9.));
#1289 = CIRCLE('',#1290,4.346590838164);
#1290 = AXIS2_PLACEMENT_3D('',#1291,#1292,#1293);
#1291 = CARTESIAN_POINT('',(9.819778717799,98.180025103465,9.));
#1292 = DIRECTION('',(8.910223024625E-16,4.4E-16,-1.));
#1293 = DIRECTION('',(7.8E-16,-1.,-4.4E-16));
#1294 = ORIENTED_EDGE('',*,*,#1295,.F.);
#1295 = EDGE_CURVE('',#707,#1287,#1296,.T.);
#1296 = LINE('',#1297,#1298);
#1297 = CARTESIAN_POINT('',(10.135894415122,102.51510558487,
    5.452531033548E-14));
#1298 = VECTOR('',#1299,1.);
#1299 = DIRECTION('',(2.189776975375E-16,6.6E-16,1.));
#1300 = ORIENTED_EDGE('',*,*,#706,.F.);
#1301 = CYLINDRICAL_SURFACE('',#1302,4.346590838164);
#1302 = AXIS2_PLACEMENT_3D('',#1303,#1304,#1305);
#1303 = CARTESIAN_POINT('',(9.819778717799,98.180025103465,
    5.232021444292E-14));
#1304 = DIRECTION('',(1.022302462516E-18,-4.4E-16,-1.));
#1305 = DIRECTION('',(7.8E-16,-1.,4.4E-16));
#1306 = ADVANCED_FACE('',(#1307),#1325,.T.);
#1307 = FACE_BOUND('',#1308,.T.);
#1308 = EDGE_LOOP('',(#1309,#1310,#1311,#1319));
#1309 = ORIENTED_EDGE('',*,*,#453,.F.);
#1310 = ORIENTED_EDGE('',*,*,#896,.T.);
#1311 = ORIENTED_EDGE('',*,*,#1312,.T.);
#1312 = EDGE_CURVE('',#888,#1313,#1315,.T.);
#1313 = VERTEX_POINT('',#1314);
#1314 = CARTESIAN_POINT('',(-14.93056417511,108.50160797311,9.));
#1315 = LINE('',#1316,#1317);
#1316 = CARTESIAN_POINT('',(-6.98146305915,-0.509090909095,9.));
#1317 = VECTOR('',#1318,1.);
#1318 = DIRECTION('',(-7.272727272727E-02,0.997351865593,
    3.3192565073E-16));
#1319 = ORIENTED_EDGE('',*,*,#1320,.T.);
#1320 = EDGE_CURVE('',#1313,#454,#1321,.T.);
#1321 = LINE('',#1322,#1323);
#1322 = CARTESIAN_POINT('',(-14.93056417511,108.50160797311,
    3.491237438821E-14));
#1323 = VECTOR('',#1324,1.);
#1324 = DIRECTION('',(1.022302462516E-18,-4.4E-16,-1.));
#1325 = PLANE('',#1326);
#1326 = AXIS2_PLACEMENT_3D('',#1327,#1328,#1329);
#1327 = CARTESIAN_POINT('',(-10.95601361713,53.996258532012,4.5));
#1328 = DIRECTION('',(-0.997351865593,-7.272727272727E-02,
    -8.407283004834E-16));
#1329 = DIRECTION('',(7.272727272727E-02,-0.997351865593,
    -3.9192565073E-16));
#1330 = ADVANCED_FACE('',(#1331),#1350,.F.);
#1331 = FACE_BOUND('',#1332,.F.);
#1332 = EDGE_LOOP('',(#1333,#1334,#1342,#1349));
#1333 = ORIENTED_EDGE('',*,*,#461,.F.);
#1334 = ORIENTED_EDGE('',*,*,#1335,.F.);
#1335 = EDGE_CURVE('',#1336,#462,#1338,.T.);
#1336 = VERTEX_POINT('',#1337);
#1337 = CARTESIAN_POINT('',(-14.925,111.49812382665,9.));
#1338 = LINE('',#1339,#1340);
#1339 = CARTESIAN_POINT('',(-14.925,111.49812382665,2.603299213575E-14)
  );
#1340 = VECTOR('',#1341,1.);
#1341 = DIRECTION('',(2.210223024625E-16,-1.1E-15,-1.));
#1342 = ORIENTED_EDGE('',*,*,#1343,.T.);
#1343 = EDGE_CURVE('',#1336,#1313,#1344,.T.);
#1344 = CIRCLE('',#1345,1.5);
#1345 = AXIS2_PLACEMENT_3D('',#1346,#1347,#1348);
#1346 = CARTESIAN_POINT('',(-15.,110.,9.));
#1347 = DIRECTION('',(8.910223024625E-16,4.4E-16,-1.));
#1348 = DIRECTION('',(-7.8E-16,1.,4.4E-16));
#1349 = ORIENTED_EDGE('',*,*,#1320,.T.);
#1350 = CYLINDRICAL_SURFACE('',#1351,1.5);
#1351 = AXIS2_PLACEMENT_3D('',#1352,#1353,#1354);
#1352 = CARTESIAN_POINT('',(-15.,110.,3.552466546306E-14));
#1353 = DIRECTION('',(1.022302462516E-18,-4.4E-16,-1.));
#1354 = DIRECTION('',(-7.8E-16,1.,-4.4E-16));
#1355 = ADVANCED_FACE('',(#1356),#1385,.T.);
#1356 = FACE_BOUND('',#1357,.T.);
#1357 = EDGE_LOOP('',(#1358,#1359,#1368,#1377,#1383,#1384));
#1358 = ORIENTED_EDGE('',*,*,#1335,.F.);
#1359 = ORIENTED_EDGE('',*,*,#1360,.T.);
#1360 = EDGE_CURVE('',#1336,#1361,#1363,.T.);
#1361 = VERTEX_POINT('',#1362);
#1362 = CARTESIAN_POINT('',(-14.49142621268,113.8727982548,9.));
#1363 = CIRCLE('',#1364,15.);
#1364 = AXIS2_PLACEMENT_3D('',#1365,#1366,#1367);
#1365 = CARTESIAN_POINT('',(-5.329070518201E-14,110.,9.));
#1366 = DIRECTION('',(6.710223024625E-16,4.4E-16,-1.));
#1367 = DIRECTION('',(-5.6E-16,1.,4.4E-16));
#1368 = ORIENTED_EDGE('',*,*,#1369,.T.);
#1369 = EDGE_CURVE('',#1361,#1370,#1372,.T.);
#1370 = VERTEX_POINT('',#1371);
#1371 = CARTESIAN_POINT('',(-11.28177317887,119.88542330608,9.));
#1372 = CIRCLE('',#1373,15.);
#1373 = AXIS2_PLACEMENT_3D('',#1374,#1375,#1376);
#1374 = CARTESIAN_POINT('',(-5.329070518201E-14,110.,9.));
#1375 = DIRECTION('',(6.710223024625E-16,4.4E-16,-1.));
#1376 = DIRECTION('',(-5.6E-16,1.,4.4E-16));
#1377 = ORIENTED_EDGE('',*,*,#1378,.F.);
#1378 = EDGE_CURVE('',#480,#1370,#1379,.T.);
#1379 = LINE('',#1380,#1381);
#1380 = CARTESIAN_POINT('',(-11.28177317887,119.88542330608,
    4.321747156582E-14));
#1381 = VECTOR('',#1382,1.);
#1382 = DIRECTION('',(2.189776975375E-16,6.6E-16,1.));
#1383 = ORIENTED_EDGE('',*,*,#479,.F.);
#1384 = ORIENTED_EDGE('',*,*,#470,.F.);
#1385 = CYLINDRICAL_SURFACE('',#1386,15.);
#1386 = AXIS2_PLACEMENT_3D('',#1387,#1388,#1389);
#1387 = CARTESIAN_POINT('',(-2.1982E-13,110.,4.885E-14));
#1388 = DIRECTION('',(3.310223024625E-16,-1.33E-15,-1.));
#1389 = DIRECTION('',(-2.01E-15,1.,-1.33E-15));
#1390 = ADVANCED_FACE('',(#1391),#1411,.T.);
#1391 = FACE_BOUND('',#1392,.F.);
#1392 = EDGE_LOOP('',(#1393,#1394,#1395,#1403,#1410));
#1393 = ORIENTED_EDGE('',*,*,#488,.F.);
#1394 = ORIENTED_EDGE('',*,*,#764,.T.);
#1395 = ORIENTED_EDGE('',*,*,#1396,.T.);
#1396 = EDGE_CURVE('',#730,#1397,#1399,.T.);
#1397 = VERTEX_POINT('',#1398);
#1398 = CARTESIAN_POINT('',(-7.484894415122,120.13589441512,9.));
#1399 = LINE('',#1400,#1401);
#1400 = CARTESIAN_POINT('',(-7.484894415121,120.13589441512,
    4.670900978834E-14));
#1401 = VECTOR('',#1402,1.);
#1402 = DIRECTION('',(2.189776975375E-16,6.6E-16,1.));
#1403 = ORIENTED_EDGE('',*,*,#1404,.F.);
#1404 = EDGE_CURVE('',#1370,#1397,#1405,.T.);
#1405 = CIRCLE('',#1406,2.690634137436);
#1406 = AXIS2_PLACEMENT_3D('',#1407,#1408,#1409);
#1407 = CARTESIAN_POINT('',(-9.258098242479,118.11221947873,9.));
#1408 = DIRECTION('',(8.910223024625E-16,4.4E-16,-1.));
#1409 = DIRECTION('',(7.8E-16,-1.,-4.4E-16));
#1410 = ORIENTED_EDGE('',*,*,#1378,.F.);
#1411 = CYLINDRICAL_SURFACE('',#1412,2.690634137436);
#1412 = AXIS2_PLACEMENT_3D('',#1413,#1414,#1415);
#1413 = CARTESIAN_POINT('',(-9.258098242479,118.11221947873,
    4.42221446167E-14));
#1414 = DIRECTION('',(1.022302462516E-18,-4.4E-16,-1.));
#1415 = DIRECTION('',(7.8E-16,-1.,4.4E-16));
#1416 = ADVANCED_FACE('',(#1417),#1436,.F.);
#1417 = FACE_BOUND('',#1418,.F.);
#1418 = EDGE_LOOP('',(#1419,#1427,#1434,#1435));
#1419 = ORIENTED_EDGE('',*,*,#1420,.T.);
#1420 = EDGE_CURVE('',#638,#1421,#1423,.T.);
#1421 = VERTEX_POINT('',#1422);
#1422 = CARTESIAN_POINT('',(-4.005551115123E-14,121.,0.5));
#1423 = LINE('',#1424,#1425);
#1424 = CARTESIAN_POINT('',(-9.404E-14,121.,5.373E-14));
#1425 = VECTOR('',#1426,1.);
#1426 = DIRECTION('',(2.189776975375E-16,6.6E-16,1.));
#1427 = ORIENTED_EDGE('',*,*,#1428,.T.);
#1428 = EDGE_CURVE('',#1421,#1421,#1429,.T.);
#1429 = CIRCLE('',#1430,1.);
#1430 = AXIS2_PLACEMENT_3D('',#1431,#1432,#1433);
#1431 = CARTESIAN_POINT('',(-6.611378111643E-14,120.,0.5));
#1432 = DIRECTION('',(6.710223024625E-16,4.4E-16,-1.));
#1433 = DIRECTION('',(-5.6E-16,1.,4.4E-16));
#1434 = ORIENTED_EDGE('',*,*,#1420,.F.);
#1435 = ORIENTED_EDGE('',*,*,#637,.F.);
#1436 = CYLINDRICAL_SURFACE('',#1437,1.);
#1437 = AXIS2_PLACEMENT_3D('',#1438,#1439,#1440);
#1438 = CARTESIAN_POINT('',(-9.326E-14,120.,5.329E-14));
#1439 = DIRECTION('',(1.022302462516E-18,-4.4E-16,-1.));
#1440 = DIRECTION('',(-7.8E-16,1.,-4.4E-16));
#1441 = ADVANCED_FACE('',(#1442),#1467,.T.);
#1442 = FACE_BOUND('',#1443,.T.);
#1443 = EDGE_LOOP('',(#1444,#1452,#1460,#1466));
#1444 = ORIENTED_EDGE('',*,*,#1445,.T.);
#1445 = EDGE_CURVE('',#649,#1446,#1448,.T.);
#1446 = VERTEX_POINT('',#1447);
#1447 = CARTESIAN_POINT('',(3.977475644174,76.022524355826,0.5));
#1448 = LINE('',#1449,#1450);
#1449 = CARTESIAN_POINT('',(3.977475644174,76.022524355826,
    4.1431588504E-14));
#1450 = VECTOR('',#1451,1.);
#1451 = DIRECTION('',(-1.110223024625E-16,-0.,1.));
#1452 = ORIENTED_EDGE('',*,*,#1453,.T.);
#1453 = EDGE_CURVE('',#1446,#1454,#1456,.T.);
#1454 = VERTEX_POINT('',#1455);
#1455 = CARTESIAN_POINT('',(-5.551115123126E-17,80.,0.5));
#1456 = LINE('',#1457,#1458);
#1457 = CARTESIAN_POINT('',(3.977475644174,76.022524355826,0.5));
#1458 = VECTOR('',#1459,1.);
#1459 = DIRECTION('',(-0.707106781187,0.707106781187,-7.850462293419E-17
    ));
#1460 = ORIENTED_EDGE('',*,*,#1461,.F.);
#1461 = EDGE_CURVE('',#651,#1454,#1462,.T.);
#1462 = LINE('',#1463,#1464);
#1463 = CARTESIAN_POINT('',(-4.550804177939E-30,80.,4.099E-14));
#1464 = VECTOR('',#1465,1.);
#1465 = DIRECTION('',(-1.110223024625E-16,-0.,1.));
#1466 = ORIENTED_EDGE('',*,*,#648,.F.);
#1467 = PLANE('',#1468);
#1468 = AXIS2_PLACEMENT_3D('',#1469,#1470,#1471);
#1469 = CARTESIAN_POINT('',(3.977475644174,76.022524355826,
    4.1431588504E-14));
#1470 = DIRECTION('',(-0.707106781187,-0.707106781187,
    -7.850462293419E-17));
#1471 = DIRECTION('',(-0.707106781187,0.707106781187,-7.850462293419E-17
    ));
#1472 = ADVANCED_FACE('',(#1473),#1491,.T.);
#1473 = FACE_BOUND('',#1474,.T.);
#1474 = EDGE_LOOP('',(#1475,#1483,#1489,#1490));
#1475 = ORIENTED_EDGE('',*,*,#1476,.T.);
#1476 = EDGE_CURVE('',#683,#1477,#1479,.T.);
#1477 = VERTEX_POINT('',#1478);
#1478 = CARTESIAN_POINT('',(3.02370370676,75.068752418411,0.5));
#1479 = LINE('',#1480,#1481);
#1480 = CARTESIAN_POINT('',(3.02370370676,75.068752418411,
    4.132569854749E-14));
#1481 = VECTOR('',#1482,1.);
#1482 = DIRECTION('',(-1.110223024625E-16,-0.,1.));
#1483 = ORIENTED_EDGE('',*,*,#1484,.T.);
#1484 = EDGE_CURVE('',#1477,#1446,#1485,.T.);
#1485 = LINE('',#1486,#1487);
#1486 = CARTESIAN_POINT('',(3.02370370676,75.068752418411,0.5));
#1487 = VECTOR('',#1488,1.);
#1488 = DIRECTION('',(0.707106781187,0.707106781187,7.850462293419E-17)
  );
#1489 = ORIENTED_EDGE('',*,*,#1445,.F.);
#1490 = ORIENTED_EDGE('',*,*,#690,.F.);
#1491 = PLANE('',#1492);
#1492 = AXIS2_PLACEMENT_3D('',#1493,#1494,#1495);
#1493 = CARTESIAN_POINT('',(3.02370370676,75.068752418411,
    4.132569854749E-14));
#1494 = DIRECTION('',(-0.707106781187,0.707106781187,-7.850462293419E-17
    ));
#1495 = DIRECTION('',(0.707106781187,0.707106781187,7.850462293419E-17)
  );
#1496 = ADVANCED_FACE('',(#1497),#1515,.T.);
#1497 = FACE_BOUND('',#1498,.T.);
#1498 = EDGE_LOOP('',(#1499,#1507,#1513,#1514));
#1499 = ORIENTED_EDGE('',*,*,#1500,.T.);
#1500 = EDGE_CURVE('',#675,#1501,#1503,.T.);
#1501 = VERTEX_POINT('',#1502);
#1502 = CARTESIAN_POINT('',(0.187054410139,77.905401715032,0.5));
#1503 = LINE('',#1504,#1505);
#1504 = CARTESIAN_POINT('',(0.187054410139,77.905401715032,
    4.10107672113E-14));
#1505 = VECTOR('',#1506,1.);
#1506 = DIRECTION('',(-1.110223024625E-16,-0.,1.));
#1507 = ORIENTED_EDGE('',*,*,#1508,.T.);
#1508 = EDGE_CURVE('',#1501,#1477,#1509,.T.);
#1509 = LINE('',#1510,#1511);
#1510 = CARTESIAN_POINT('',(0.187054410139,77.905401715032,0.5));
#1511 = VECTOR('',#1512,1.);
#1512 = DIRECTION('',(0.707106781187,-0.707106781187,7.850462293419E-17)
  );
#1513 = ORIENTED_EDGE('',*,*,#1476,.F.);
#1514 = ORIENTED_EDGE('',*,*,#682,.F.);
#1515 = PLANE('',#1516);
#1516 = AXIS2_PLACEMENT_3D('',#1517,#1518,#1519);
#1517 = CARTESIAN_POINT('',(0.187054410139,77.905401715032,
    4.10107672113E-14));
#1518 = DIRECTION('',(0.707106781187,0.707106781187,7.850462293419E-17)
  );
#1519 = DIRECTION('',(0.707106781187,-0.707106781187,7.850462293419E-17)
  );
#1520 = ADVANCED_FACE('',(#1521),#1539,.T.);
#1521 = FACE_BOUND('',#1522,.T.);
#1522 = EDGE_LOOP('',(#1523,#1531,#1537,#1538));
#1523 = ORIENTED_EDGE('',*,*,#1524,.T.);
#1524 = EDGE_CURVE('',#667,#1525,#1527,.T.);
#1525 = VERTEX_POINT('',#1526);
#1526 = CARTESIAN_POINT('',(-4.466694870693,73.251652434199,0.5));
#1527 = LINE('',#1528,#1529);
#1528 = CARTESIAN_POINT('',(-4.466694870693,73.251652434199,
    4.049409725106E-14));
#1529 = VECTOR('',#1530,1.);
#1530 = DIRECTION('',(-1.110223024625E-16,-0.,1.));
#1531 = ORIENTED_EDGE('',*,*,#1532,.T.);
#1532 = EDGE_CURVE('',#1525,#1501,#1533,.T.);
#1533 = LINE('',#1534,#1535);
#1534 = CARTESIAN_POINT('',(-4.466694870693,73.251652434199,0.5));
#1535 = VECTOR('',#1536,1.);
#1536 = DIRECTION('',(0.707106781187,0.707106781187,7.850462293419E-17)
  );
#1537 = ORIENTED_EDGE('',*,*,#1500,.F.);
#1538 = ORIENTED_EDGE('',*,*,#674,.F.);
#1539 = PLANE('',#1540);
#1540 = AXIS2_PLACEMENT_3D('',#1541,#1542,#1543);
#1541 = CARTESIAN_POINT('',(-4.466694870693,73.251652434199,
    4.049409725106E-14));
#1542 = DIRECTION('',(-0.707106781187,0.707106781187,-7.850462293419E-17
    ));
#1543 = DIRECTION('',(0.707106781187,0.707106781187,7.850462293419E-17)
  );
#1544 = ADVANCED_FACE('',(#1545),#1563,.T.);
#1545 = FACE_BOUND('',#1546,.T.);
#1546 = EDGE_LOOP('',(#1547,#1555,#1561,#1562));
#1547 = ORIENTED_EDGE('',*,*,#1548,.T.);
#1548 = EDGE_CURVE('',#659,#1549,#1551,.T.);
#1549 = VERTEX_POINT('',#1550);
#1550 = CARTESIAN_POINT('',(-5.607521218247,74.392478781753,0.5));
#1551 = LINE('',#1552,#1553);
#1552 = CARTESIAN_POINT('',(-5.607521218247,74.392478781753,
    4.036744008324E-14));
#1553 = VECTOR('',#1554,1.);
#1554 = DIRECTION('',(-1.110223024625E-16,-0.,1.));
#1555 = ORIENTED_EDGE('',*,*,#1556,.T.);
#1556 = EDGE_CURVE('',#1549,#1525,#1557,.T.);
#1557 = LINE('',#1558,#1559);
#1558 = CARTESIAN_POINT('',(-5.607521218247,74.392478781753,0.5));
#1559 = VECTOR('',#1560,1.);
#1560 = DIRECTION('',(0.707106781187,-0.707106781187,7.850462293419E-17)
  );
#1561 = ORIENTED_EDGE('',*,*,#1524,.F.);
#1562 = ORIENTED_EDGE('',*,*,#666,.F.);
#1563 = PLANE('',#1564);
#1564 = AXIS2_PLACEMENT_3D('',#1565,#1566,#1567);
#1565 = CARTESIAN_POINT('',(-5.607521218247,74.392478781753,
    4.036744008324E-14));
#1566 = DIRECTION('',(0.707106781187,0.707106781187,7.850462293419E-17)
  );
#1567 = DIRECTION('',(0.707106781187,-0.707106781187,7.850462293419E-17)
  );
#1568 = ADVANCED_FACE('',(#1569),#1580,.T.);
#1569 = FACE_BOUND('',#1570,.T.);
#1570 = EDGE_LOOP('',(#1571,#1572,#1578,#1579));
#1571 = ORIENTED_EDGE('',*,*,#1461,.T.);
#1572 = ORIENTED_EDGE('',*,*,#1573,.T.);
#1573 = EDGE_CURVE('',#1454,#1549,#1574,.T.);
#1574 = LINE('',#1575,#1576);
#1575 = CARTESIAN_POINT('',(-5.551115123126E-17,80.,0.5));
#1576 = VECTOR('',#1577,1.);
#1577 = DIRECTION('',(-0.707106781187,-0.707106781187,
    -7.850462293419E-17));
#1578 = ORIENTED_EDGE('',*,*,#1548,.F.);
#1579 = ORIENTED_EDGE('',*,*,#658,.F.);
#1580 = PLANE('',#1581);
#1581 = AXIS2_PLACEMENT_3D('',#1582,#1583,#1584);
#1582 = CARTESIAN_POINT('',(-4.550804177939E-30,80.,4.099E-14));
#1583 = DIRECTION('',(0.707106781187,-0.707106781187,7.850462293419E-17)
  );
#1584 = DIRECTION('',(-0.707106781187,-0.707106781187,
    -7.850462293419E-17));
#1585 = ADVANCED_FACE('',(#1586),#1598,.F.);
#1586 = FACE_BOUND('',#1587,.F.);
#1587 = EDGE_LOOP('',(#1588,#1589,#1590,#1597));
#1588 = ORIENTED_EDGE('',*,*,#749,.F.);
#1589 = ORIENTED_EDGE('',*,*,#1295,.T.);
#1590 = ORIENTED_EDGE('',*,*,#1591,.T.);
#1591 = EDGE_CURVE('',#1287,#1397,#1592,.T.);
#1592 = CIRCLE('',#1593,13.5);
#1593 = AXIS2_PLACEMENT_3D('',#1594,#1595,#1596);
#1594 = CARTESIAN_POINT('',(5.,115.,9.));
#1595 = DIRECTION('',(6.710223024625E-16,4.4E-16,-1.));
#1596 = DIRECTION('',(-5.6E-16,1.,4.4E-16));
#1597 = ORIENTED_EDGE('',*,*,#1396,.F.);
#1598 = CYLINDRICAL_SURFACE('',#1599,13.5);
#1599 = AXIS2_PLACEMENT_3D('',#1600,#1601,#1602);
#1600 = CARTESIAN_POINT('',(5.,115.,5.551511151231E-14));
#1601 = DIRECTION('',(1.022302462516E-18,-4.4E-16,-1.));
#1602 = DIRECTION('',(-7.8E-16,1.,-4.4E-16));
#1603 = ADVANCED_FACE('',(#1604),#1607,.F.);
#1604 = FACE_BOUND('',#1605,.T.);
#1605 = EDGE_LOOP('',(#1606));
#1606 = ORIENTED_EDGE('',*,*,#805,.T.);
#1607 = PLANE('',#1608);
#1608 = AXIS2_PLACEMENT_3D('',#1609,#1610,#1611);
#1609 = CARTESIAN_POINT('',(5.,115.,0.5));
#1610 = DIRECTION('',(-5.689776975375E-16,-4.4E-16,-1.));
#1611 = DIRECTION('',(1.,-3.3E-16,-5.689776975375E-16));
#1612 = ADVANCED_FACE('',(#1613,#1648,#1659,#1695,#1749,#1787),#1822,.T.
  );
#1613 = FACE_BOUND('',#1614,.T.);
#1614 = EDGE_LOOP('',(#1615,#1625,#1633,#1641));
#1615 = ORIENTED_EDGE('',*,*,#1616,.T.);
#1616 = EDGE_CURVE('',#1617,#1619,#1621,.T.);
#1617 = VERTEX_POINT('',#1618);
#1618 = CARTESIAN_POINT('',(-0.375,64.53452037155,9.));
#1619 = VERTEX_POINT('',#1620);
#1620 = CARTESIAN_POINT('',(-0.375,65.032601517631,9.));
#1621 = LINE('',#1622,#1623);
#1622 = CARTESIAN_POINT('',(-0.375,64.032601517631,9.));
#1623 = VECTOR('',#1624,1.);
#1624 = DIRECTION('',(-5.6E-16,1.,4.4E-16));
#1625 = ORIENTED_EDGE('',*,*,#1626,.T.);
#1626 = EDGE_CURVE('',#1619,#1627,#1629,.T.);
#1627 = VERTEX_POINT('',#1628);
#1628 = CARTESIAN_POINT('',(0.375,65.032601517631,9.));
#1629 = LINE('',#1630,#1631);
#1630 = CARTESIAN_POINT('',(-0.375,65.032601517631,9.));
#1631 = VECTOR('',#1632,1.);
#1632 = DIRECTION('',(1.,-3.3E-16,6.710223024625E-16));
#1633 = ORIENTED_EDGE('',*,*,#1634,.T.);
#1634 = EDGE_CURVE('',#1627,#1635,#1637,.T.);
#1635 = VERTEX_POINT('',#1636);
#1636 = CARTESIAN_POINT('',(0.375,64.53452037155,9.));
#1637 = LINE('',#1638,#1639);
#1638 = CARTESIAN_POINT('',(0.375,65.032601517631,9.));
#1639 = VECTOR('',#1640,1.);
#1640 = DIRECTION('',(5.6E-16,-1.,-4.4E-16));
#1641 = ORIENTED_EDGE('',*,*,#1642,.T.);
#1642 = EDGE_CURVE('',#1635,#1617,#1643,.T.);
#1643 = CIRCLE('',#1644,4.55);
#1644 = AXIS2_PLACEMENT_3D('',#1645,#1646,#1647);
#1645 = CARTESIAN_POINT('',(-7.238920072216E-14,60.,9.));
#1646 = DIRECTION('',(1.541022302463E-15,4.4E-16,-1.));
#1647 = DIRECTION('',(9.25925925926E-02,0.995704078427,
    5.807970447361E-16));
#1648 = FACE_BOUND('',#1649,.T.);
#1649 = EDGE_LOOP('',(#1650,#1651,#1652,#1653,#1654,#1655,#1656,#1657,
    #1658));
#1650 = ORIENTED_EDGE('',*,*,#887,.F.);
#1651 = ORIENTED_EDGE('',*,*,#871,.T.);
#1652 = ORIENTED_EDGE('',*,*,#1286,.F.);
#1653 = ORIENTED_EDGE('',*,*,#1591,.T.);
#1654 = ORIENTED_EDGE('',*,*,#1404,.F.);
#1655 = ORIENTED_EDGE('',*,*,#1369,.F.);
#1656 = ORIENTED_EDGE('',*,*,#1360,.F.);
#1657 = ORIENTED_EDGE('',*,*,#1343,.T.);
#1658 = ORIENTED_EDGE('',*,*,#1312,.F.);
#1659 = FACE_BOUND('',#1660,.T.);
#1660 = EDGE_LOOP('',(#1661,#1672,#1680,#1689));
#1661 = ORIENTED_EDGE('',*,*,#1662,.T.);
#1662 = EDGE_CURVE('',#1663,#1665,#1667,.T.);
#1663 = VERTEX_POINT('',#1664);
#1664 = CARTESIAN_POINT('',(4.93064178171,12.616790718915,9.));
#1665 = VERTEX_POINT('',#1666);
#1666 = CARTESIAN_POINT('',(-4.93064178171,12.616790718915,9.));
#1667 = CIRCLE('',#1668,4.943733452365);
#1668 = AXIS2_PLACEMENT_3D('',#1669,#1670,#1671);
#1669 = CARTESIAN_POINT('',(3.552713678801E-15,12.976334969996,9.));
#1670 = DIRECTION('',(6.710223024625E-16,4.4E-16,-1.));
#1671 = DIRECTION('',(-5.6E-16,1.,4.4E-16));
#1672 = ORIENTED_EDGE('',*,*,#1673,.T.);
#1673 = EDGE_CURVE('',#1665,#1674,#1676,.T.);
#1674 = VERTEX_POINT('',#1675);
#1675 = CARTESIAN_POINT('',(-7.299263314628,45.09909090909,9.));
#1676 = LINE('',#1677,#1678);
#1677 = CARTESIAN_POINT('',(-4.93064178171,12.616790718915,9.));
#1678 = VECTOR('',#1679,1.);
#1679 = DIRECTION('',(-7.272727272725E-02,0.997351865593,
    3.9192565073E-16));
#1680 = ORIENTED_EDGE('',*,*,#1681,.T.);
#1681 = EDGE_CURVE('',#1674,#1682,#1684,.T.);
#1682 = VERTEX_POINT('',#1683);
#1683 = CARTESIAN_POINT('',(7.299263314628,45.09909090909,9.));
#1684 = CIRCLE('',#1685,7.318644067797);
#1685 = AXIS2_PLACEMENT_3D('',#1686,#1687,#1688);
#1686 = CARTESIAN_POINT('',(-1.7763568394E-14,45.631355932203,9.));
#1687 = DIRECTION('',(6.710223024625E-16,4.4E-16,-1.));
#1688 = DIRECTION('',(-5.6E-16,1.,4.4E-16));
#1689 = ORIENTED_EDGE('',*,*,#1690,.F.);
#1690 = EDGE_CURVE('',#1663,#1682,#1691,.T.);
#1691 = LINE('',#1692,#1693);
#1692 = CARTESIAN_POINT('',(4.93064178171,12.616790718914,9.));
#1693 = VECTOR('',#1694,1.);
#1694 = DIRECTION('',(7.272727272724E-02,0.997351865593,4.8807434927E-16
    ));
#1695 = FACE_BOUND('',#1696,.T.);
#1696 = EDGE_LOOP('',(#1697,#1708,#1716,#1725,#1733,#1742));
#1697 = ORIENTED_EDGE('',*,*,#1698,.T.);
#1698 = EDGE_CURVE('',#1699,#1701,#1703,.T.);
#1699 = VERTEX_POINT('',#1700);
#1700 = CARTESIAN_POINT('',(7.886005705332,97.240261992679,9.));
#1701 = VERTEX_POINT('',#1702);
#1702 = CARTESIAN_POINT('',(11.541411095608,95.024158456962,9.));
#1703 = CIRCLE('',#1704,2.4);
#1704 = AXIS2_PLACEMENT_3D('',#1705,#1706,#1707);
#1705 = CARTESIAN_POINT('',(9.147766618185,95.198703911508,9.));
#1706 = DIRECTION('',(6.710223024625E-16,4.4E-16,-1.));
#1707 = DIRECTION('',(-5.6E-16,1.,4.4E-16));
#1708 = ORIENTED_EDGE('',*,*,#1709,.T.);
#1709 = EDGE_CURVE('',#1701,#1710,#1712,.T.);
#1710 = VERTEX_POINT('',#1711);
#1711 = CARTESIAN_POINT('',(10.269407650471,77.58042708255,9.));
#1712 = LINE('',#1713,#1714);
#1713 = CARTESIAN_POINT('',(11.541411095608,95.024158456962,9.));
#1714 = VECTOR('',#1715,1.);
#1715 = DIRECTION('',(-7.272727272725E-02,-0.997351865593,
    -4.8807434927E-16));
#1716 = ORIENTED_EDGE('',*,*,#1717,.T.);
#1717 = EDGE_CURVE('',#1710,#1718,#1720,.T.);
#1718 = VERTEX_POINT('',#1719);
#1719 = CARTESIAN_POINT('',(-10.26940765047,77.58042708255,9.));
#1720 = CIRCLE('',#1721,10.296674628834);
#1721 = AXIS2_PLACEMENT_3D('',#1722,#1723,#1724);
#1722 = CARTESIAN_POINT('',(-3.552713678801E-14,78.329276146465,9.));
#1723 = DIRECTION('',(6.710223024625E-16,4.4E-16,-1.));
#1724 = DIRECTION('',(-5.6E-16,1.,4.4E-16));
#1725 = ORIENTED_EDGE('',*,*,#1726,.F.);
#1726 = EDGE_CURVE('',#1727,#1718,#1729,.T.);
#1727 = VERTEX_POINT('',#1728);
#1728 = CARTESIAN_POINT('',(-11.5414110956,95.024158456962,9.));
#1729 = LINE('',#1730,#1731);
#1730 = CARTESIAN_POINT('',(-11.5414110956,95.024158456962,9.));
#1731 = VECTOR('',#1732,1.);
#1732 = DIRECTION('',(7.272727272726E-02,-0.997351865593,
    -3.9192565073E-16));
#1733 = ORIENTED_EDGE('',*,*,#1734,.T.);
#1734 = EDGE_CURVE('',#1727,#1735,#1737,.T.);
#1735 = VERTEX_POINT('',#1736);
#1736 = CARTESIAN_POINT('',(-7.886005705332,97.240261992679,9.));
#1737 = CIRCLE('',#1738,2.4);
#1738 = AXIS2_PLACEMENT_3D('',#1739,#1740,#1741);
#1739 = CARTESIAN_POINT('',(-9.147766618185,95.198703911508,9.));
#1740 = DIRECTION('',(6.710223024625E-16,4.4E-16,-1.));
#1741 = DIRECTION('',(-5.6E-16,1.,4.4E-16));
#1742 = ORIENTED_EDGE('',*,*,#1743,.F.);
#1743 = EDGE_CURVE('',#1699,#1735,#1744,.T.);
#1744 = CIRCLE('',#1745,15.);
#1745 = AXIS2_PLACEMENT_3D('',#1746,#1747,#1748);
#1746 = CARTESIAN_POINT('',(-5.329070518201E-14,110.,9.));
#1747 = DIRECTION('',(6.710223024625E-16,4.4E-16,-1.));
#1748 = DIRECTION('',(-5.6E-16,1.,4.4E-16));
#1749 = FACE_BOUND('',#1750,.T.);
#1750 = EDGE_LOOP('',(#1751,#1762,#1771,#1780));
#1751 = ORIENTED_EDGE('',*,*,#1752,.T.);
#1752 = EDGE_CURVE('',#1753,#1755,#1757,.T.);
#1753 = VERTEX_POINT('',#1754);
#1754 = CARTESIAN_POINT('',(6.430517650277,99.164482349723,9.));
#1755 = VERTEX_POINT('',#1756);
#1756 = CARTESIAN_POINT('',(-12.28342621268,107.19332216354,9.));
#1757 = CIRCLE('',#1758,12.6);
#1758 = AXIS2_PLACEMENT_3D('',#1759,#1760,#1761);
#1759 = CARTESIAN_POINT('',(-5.329070518201E-14,110.,9.));
#1760 = DIRECTION('',(6.710223024625E-16,4.4E-16,-1.));
#1761 = DIRECTION('',(-5.6E-16,1.,4.4E-16));
#1762 = ORIENTED_EDGE('',*,*,#1763,.F.);
#1763 = EDGE_CURVE('',#1764,#1755,#1766,.T.);
#1764 = VERTEX_POINT('',#1765);
#1765 = CARTESIAN_POINT('',(-12.28342621268,112.80667783645,9.));
#1766 = CIRCLE('',#1767,3.9060483381);
#1767 = AXIS2_PLACEMENT_3D('',#1768,#1769,#1770);
#1768 = CARTESIAN_POINT('',(-15.,110.,9.));
#1769 = DIRECTION('',(8.910223024625E-16,4.4E-16,-1.));
#1770 = DIRECTION('',(-7.8E-16,1.,4.4E-16));
#1771 = ORIENTED_EDGE('',*,*,#1772,.T.);
#1772 = EDGE_CURVE('',#1764,#1773,#1775,.T.);
#1773 = VERTEX_POINT('',#1774);
#1774 = CARTESIAN_POINT('',(-10.83551765027,116.43051765027,9.));
#1775 = CIRCLE('',#1776,12.6);
#1776 = AXIS2_PLACEMENT_3D('',#1777,#1778,#1779);
#1777 = CARTESIAN_POINT('',(-1.587592007222E-13,110.,9.));
#1778 = DIRECTION('',(1.561022302463E-15,4.4E-16,-1.));
#1779 = DIRECTION('',(-1.45E-15,1.,4.4E-16));
#1780 = ORIENTED_EDGE('',*,*,#1781,.F.);
#1781 = EDGE_CURVE('',#1753,#1773,#1782,.T.);
#1782 = CIRCLE('',#1783,15.9);
#1783 = AXIS2_PLACEMENT_3D('',#1784,#1785,#1786);
#1784 = CARTESIAN_POINT('',(5.,115.,9.));
#1785 = DIRECTION('',(1.561022302463E-15,4.4E-16,-1.));
#1786 = DIRECTION('',(-1.45E-15,1.,4.4E-16));
#1787 = FACE_BOUND('',#1788,.T.);
#1788 = EDGE_LOOP('',(#1789,#1799,#1807,#1815));
#1789 = ORIENTED_EDGE('',*,*,#1790,.T.);
#1790 = EDGE_CURVE('',#1791,#1793,#1795,.T.);
#1791 = VERTEX_POINT('',#1792);
#1792 = CARTESIAN_POINT('',(-0.375,4.53452037155,9.));
#1793 = VERTEX_POINT('',#1794);
#1794 = CARTESIAN_POINT('',(-0.375,5.032601517631,9.));
#1795 = LINE('',#1796,#1797);
#1796 = CARTESIAN_POINT('',(-0.375,4.032601517631,9.));
#1797 = VECTOR('',#1798,1.);
#1798 = DIRECTION('',(-5.6E-16,1.,4.4E-16));
#1799 = ORIENTED_EDGE('',*,*,#1800,.T.);
#1800 = EDGE_CURVE('',#1793,#1801,#1803,.T.);
#1801 = VERTEX_POINT('',#1802);
#1802 = CARTESIAN_POINT('',(0.375,5.032601517631,9.));
#1803 = LINE('',#1804,#1805);
#1804 = CARTESIAN_POINT('',(-0.375,5.032601517631,9.));
#1805 = VECTOR('',#1806,1.);
#1806 = DIRECTION('',(1.,-3.3E-16,6.710223024625E-16));
#1807 = ORIENTED_EDGE('',*,*,#1808,.T.);
#1808 = EDGE_CURVE('',#1801,#1809,#1811,.T.);
#1809 = VERTEX_POINT('',#1810);
#1810 = CARTESIAN_POINT('',(0.375,4.53452037155,9.));
#1811 = LINE('',#1812,#1813);
#1812 = CARTESIAN_POINT('',(0.375,5.032601517631,9.));
#1813 = VECTOR('',#1814,1.);
#1814 = DIRECTION('',(5.6E-16,-1.,-4.4E-16));
#1815 = ORIENTED_EDGE('',*,*,#1816,.T.);
#1816 = EDGE_CURVE('',#1809,#1791,#1817,.T.);
#1817 = CIRCLE('',#1818,4.55);
#1818 = AXIS2_PLACEMENT_3D('',#1819,#1820,#1821);
#1819 = CARTESIAN_POINT('',(-5.769200722163E-15,4.E-15,9.));
#1820 = DIRECTION('',(1.541022302463E-15,4.4E-16,-1.));
#1821 = DIRECTION('',(9.259259259259E-02,0.995704078427,
    5.807970447361E-16));
#1822 = PLANE('',#1823);
#1823 = AXIS2_PLACEMENT_3D('',#1824,#1825,#1826);
#1824 = CARTESIAN_POINT('',(-1.273119283675,58.87478118445,9.));
#1825 = DIRECTION('',(-6.510223024625E-16,4.4E-16,1.));
#1826 = DIRECTION('',(-1.,3.3E-16,-6.510223024625E-16));
#1827 = ADVANCED_FACE('',(#1828),#1834,.T.);
#1828 = FACE_BOUND('',#1829,.T.);
#1829 = EDGE_LOOP('',(#1830,#1831,#1832,#1833));
#1830 = ORIENTED_EDGE('',*,*,#1003,.T.);
#1831 = ORIENTED_EDGE('',*,*,#1252,.T.);
#1832 = ORIENTED_EDGE('',*,*,#848,.F.);
#1833 = ORIENTED_EDGE('',*,*,#936,.T.);
#1834 = PLANE('',#1835);
#1835 = AXIS2_PLACEMENT_3D('',#1836,#1837,#1838);
#1836 = CARTESIAN_POINT('',(5.,25.,0.25));
#1837 = DIRECTION('',(-2.189776975375E-16,-4.4E-16,-1.));
#1838 = DIRECTION('',(1.,-3.3E-16,-2.189776975375E-16));
#1839 = ADVANCED_FACE('',(#1840),#1846,.T.);
#1840 = FACE_BOUND('',#1841,.T.);
#1841 = EDGE_LOOP('',(#1842,#1843,#1844,#1845));
#1842 = ORIENTED_EDGE('',*,*,#969,.T.);
#1843 = ORIENTED_EDGE('',*,*,#911,.T.);
#1844 = ORIENTED_EDGE('',*,*,#1269,.T.);
#1845 = ORIENTED_EDGE('',*,*,#1047,.T.);
#1846 = PLANE('',#1847);
#1847 = AXIS2_PLACEMENT_3D('',#1848,#1849,#1850);
#1848 = CARTESIAN_POINT('',(5.,25.,0.25));
#1849 = DIRECTION('',(-2.189776975375E-16,-4.4E-16,-1.));
#1850 = DIRECTION('',(1.,-3.3E-16,-2.189776975375E-16));
#1851 = ADVANCED_FACE('',(#1852),#1891,.F.);
#1852 = FACE_BOUND('',#1853,.F.);
#1853 = EDGE_LOOP('',(#1854,#1855,#1864,#1873,#1882,#1889,#1890));
#1854 = ORIENTED_EDGE('',*,*,#1200,.T.);
#1855 = ORIENTED_EDGE('',*,*,#1856,.T.);
#1856 = EDGE_CURVE('',#1201,#1857,#1859,.T.);
#1857 = VERTEX_POINT('',#1858);
#1858 = CARTESIAN_POINT('',(3.50740288534,62.025000000041,3.75));
#1859 = CIRCLE('',#1860,4.05);
#1860 = AXIS2_PLACEMENT_3D('',#1861,#1862,#1863);
#1861 = CARTESIAN_POINT('',(-8.743633363423E-14,60.,3.75));
#1862 = DIRECTION('',(1.111022302463E-15,0.,-1.));
#1863 = DIRECTION('',(-1.45E-15,1.,-1.610982338571E-30));
#1864 = ORIENTED_EDGE('',*,*,#1865,.T.);
#1865 = EDGE_CURVE('',#1857,#1866,#1868,.T.);
#1866 = VERTEX_POINT('',#1867);
#1867 = CARTESIAN_POINT('',(-9.302341633363E-11,55.94999999994,3.75));
#1868 = CIRCLE('',#1869,4.05);
#1869 = AXIS2_PLACEMENT_3D('',#1870,#1871,#1872);
#1870 = CARTESIAN_POINT('',(-8.743633363423E-14,60.,3.75));
#1871 = DIRECTION('',(1.111022302463E-15,0.,-1.));
#1872 = DIRECTION('',(-1.45E-15,1.,-1.610982338571E-30));
#1873 = ORIENTED_EDGE('',*,*,#1874,.T.);
#1874 = EDGE_CURVE('',#1866,#1875,#1877,.T.);
#1875 = VERTEX_POINT('',#1876);
#1876 = CARTESIAN_POINT('',(-3.507402885365,62.025000000041,3.75));
#1877 = CIRCLE('',#1878,4.05);
#1878 = AXIS2_PLACEMENT_3D('',#1879,#1880,#1881);
#1879 = CARTESIAN_POINT('',(-8.743633363423E-14,60.,3.75));
#1880 = DIRECTION('',(1.111022302463E-15,0.,-1.));
#1881 = DIRECTION('',(-1.45E-15,1.,-1.610982338571E-30));
#1882 = ORIENTED_EDGE('',*,*,#1883,.T.);
#1883 = EDGE_CURVE('',#1875,#1089,#1884,.T.);
#1884 = CIRCLE('',#1885,4.05);
#1885 = AXIS2_PLACEMENT_3D('',#1886,#1887,#1888);
#1886 = CARTESIAN_POINT('',(-8.743633363423E-14,60.,3.75));
#1887 = DIRECTION('',(1.111022302463E-15,0.,-1.));
#1888 = DIRECTION('',(-1.45E-15,1.,-1.610982338571E-30));
#1889 = ORIENTED_EDGE('',*,*,#1088,.F.);
#1890 = ORIENTED_EDGE('',*,*,#1021,.F.);
#1891 = CYLINDRICAL_SURFACE('',#1892,4.05);
#1892 = AXIS2_PLACEMENT_3D('',#1893,#1894,#1895);
#1893 = CARTESIAN_POINT('',(-6.662E-14,60.,2.665E-14));
#1894 = DIRECTION('',(1.110223024625E-16,-6.6E-16,-1.));
#1895 = DIRECTION('',(-1.12E-15,1.,-6.6E-16));
#1896 = ADVANCED_FACE('',(#1897),#1936,.F.);
#1897 = FACE_BOUND('',#1898,.F.);
#1898 = EDGE_LOOP('',(#1899,#1900,#1909,#1918,#1927,#1934,#1935));
#1899 = ORIENTED_EDGE('',*,*,#1120,.T.);
#1900 = ORIENTED_EDGE('',*,*,#1901,.T.);
#1901 = EDGE_CURVE('',#1121,#1902,#1904,.T.);
#1902 = VERTEX_POINT('',#1903);
#1903 = CARTESIAN_POINT('',(3.507402885327,2.025,3.75));
#1904 = CIRCLE('',#1905,4.05);
#1905 = AXIS2_PLACEMENT_3D('',#1906,#1907,#1908);
#1906 = CARTESIAN_POINT('',(-8.363336342344E-16,3.34E-15,3.75));
#1907 = DIRECTION('',(1.111022302463E-15,0.,-1.));
#1908 = DIRECTION('',(-1.45E-15,1.,-1.610982338571E-30));
#1909 = ORIENTED_EDGE('',*,*,#1910,.T.);
#1910 = EDGE_CURVE('',#1902,#1911,#1913,.T.);
#1911 = VERTEX_POINT('',#1912);
#1912 = CARTESIAN_POINT('',(1.583666365766E-15,-4.05,3.75));
#1913 = CIRCLE('',#1914,4.05);
#1914 = AXIS2_PLACEMENT_3D('',#1915,#1916,#1917);
#1915 = CARTESIAN_POINT('',(-8.363336342344E-16,3.34E-15,3.75));
#1916 = DIRECTION('',(1.111022302463E-15,0.,-1.));
#1917 = DIRECTION('',(-1.45E-15,1.,-1.610982338571E-30));
#1918 = ORIENTED_EDGE('',*,*,#1919,.T.);
#1919 = EDGE_CURVE('',#1911,#1920,#1922,.T.);
#1920 = VERTEX_POINT('',#1921);
#1921 = CARTESIAN_POINT('',(-3.507402885327,2.025,3.75));
#1922 = CIRCLE('',#1923,4.05);
#1923 = AXIS2_PLACEMENT_3D('',#1924,#1925,#1926);
#1924 = CARTESIAN_POINT('',(-8.363336342344E-16,3.34E-15,3.75));
#1925 = DIRECTION('',(1.111022302463E-15,0.,-1.));
#1926 = DIRECTION('',(-1.45E-15,1.,-1.610982338571E-30));
#1927 = ORIENTED_EDGE('',*,*,#1928,.T.);
#1928 = EDGE_CURVE('',#1920,#1226,#1929,.T.);
#1929 = CIRCLE('',#1930,4.05);
#1930 = AXIS2_PLACEMENT_3D('',#1931,#1932,#1933);
#1931 = CARTESIAN_POINT('',(-8.363336342344E-16,3.34E-15,3.75));
#1932 = DIRECTION('',(1.111022302463E-15,0.,-1.));
#1933 = DIRECTION('',(-1.45E-15,1.,-1.610982338571E-30));
#1934 = ORIENTED_EDGE('',*,*,#1225,.F.);
#1935 = ORIENTED_EDGE('',*,*,#1073,.F.);
#1936 = CYLINDRICAL_SURFACE('',#1937,4.05);
#1937 = AXIS2_PLACEMENT_3D('',#1938,#1939,#1940);
#1938 = CARTESIAN_POINT('',(0.,0.,0.));
#1939 = DIRECTION('',(1.110223024625E-16,-6.6E-16,-1.));
#1940 = DIRECTION('',(-1.12E-15,1.,-6.6E-16));
#1941 = ADVANCED_FACE('',(#1942),#1955,.T.);
#1942 = FACE_BOUND('',#1943,.T.);
#1943 = EDGE_LOOP('',(#1944,#1945,#1946,#1952,#1953,#1954));
#1944 = ORIENTED_EDGE('',*,*,#1208,.T.);
#1945 = ORIENTED_EDGE('',*,*,#1856,.T.);
#1946 = ORIENTED_EDGE('',*,*,#1947,.T.);
#1947 = EDGE_CURVE('',#1857,#1875,#1948,.T.);
#1948 = LINE('',#1949,#1950);
#1949 = CARTESIAN_POINT('',(3.50740288534,62.025000000041,3.75));
#1950 = VECTOR('',#1951,1.);
#1951 = DIRECTION('',(-1.,3.3E-16,-6.710223024625E-16));
#1952 = ORIENTED_EDGE('',*,*,#1883,.T.);
#1953 = ORIENTED_EDGE('',*,*,#1106,.T.);
#1954 = ORIENTED_EDGE('',*,*,#1162,.T.);
#1955 = PLANE('',#1956);
#1956 = AXIS2_PLACEMENT_3D('',#1957,#1958,#1959);
#1957 = CARTESIAN_POINT('',(-1.560633363423E-14,30.,3.75));
#1958 = DIRECTION('',(-2.189776975375E-16,-4.4E-16,-1.));
#1959 = DIRECTION('',(1.,-3.3E-16,-2.189776975375E-16));
#1960 = ADVANCED_FACE('',(#1961),#1974,.T.);
#1961 = FACE_BOUND('',#1962,.T.);
#1962 = EDGE_LOOP('',(#1963,#1964,#1965,#1971,#1972,#1973));
#1963 = ORIENTED_EDGE('',*,*,#1128,.T.);
#1964 = ORIENTED_EDGE('',*,*,#1901,.T.);
#1965 = ORIENTED_EDGE('',*,*,#1966,.T.);
#1966 = EDGE_CURVE('',#1902,#1920,#1967,.T.);
#1967 = LINE('',#1968,#1969);
#1968 = CARTESIAN_POINT('',(3.507402885327,2.025,3.75));
#1969 = VECTOR('',#1970,1.);
#1970 = DIRECTION('',(-1.,3.3E-16,-6.710223024625E-16));
#1971 = ORIENTED_EDGE('',*,*,#1928,.T.);
#1972 = ORIENTED_EDGE('',*,*,#1236,.T.);
#1973 = ORIENTED_EDGE('',*,*,#1186,.T.);
#1974 = PLANE('',#1975);
#1975 = AXIS2_PLACEMENT_3D('',#1976,#1977,#1978);
#1976 = CARTESIAN_POINT('',(-1.560633363423E-14,30.,3.75));
#1977 = DIRECTION('',(-2.189776975375E-16,-4.4E-16,-1.));
#1978 = DIRECTION('',(1.,-3.3E-16,-2.189776975375E-16));
#1979 = ADVANCED_FACE('',(#1980),#1983,.T.);
#1980 = FACE_BOUND('',#1981,.T.);
#1981 = EDGE_LOOP('',(#1982));
#1982 = ORIENTED_EDGE('',*,*,#1428,.T.);
#1983 = PLANE('',#1984);
#1984 = AXIS2_PLACEMENT_3D('',#1985,#1986,#1987);
#1985 = CARTESIAN_POINT('',(-6.60582699652E-14,120.,0.5));
#1986 = DIRECTION('',(-2.189776975375E-16,-4.4E-16,-1.));
#1987 = DIRECTION('',(1.,-3.3E-16,-2.189776975375E-16));
#1988 = ADVANCED_FACE('',(#1989),#1997,.T.);
#1989 = FACE_BOUND('',#1990,.F.);
#1990 = EDGE_LOOP('',(#1991,#1992,#1993,#1994,#1995,#1996));
#1991 = ORIENTED_EDGE('',*,*,#1573,.T.);
#1992 = ORIENTED_EDGE('',*,*,#1556,.T.);
#1993 = ORIENTED_EDGE('',*,*,#1532,.T.);
#1994 = ORIENTED_EDGE('',*,*,#1508,.T.);
#1995 = ORIENTED_EDGE('',*,*,#1484,.T.);
#1996 = ORIENTED_EDGE('',*,*,#1453,.T.);
#1997 = PLANE('',#1998);
#1998 = AXIS2_PLACEMENT_3D('',#1999,#2000,#2001);
#1999 = CARTESIAN_POINT('',(-0.815022787036,76.584763847912,0.5));
#2000 = DIRECTION('',(1.110223024625E-16,0.,-1.));
#2001 = DIRECTION('',(1.,0.,1.110223024625E-16));
#2002 = ADVANCED_FACE('',(#2003),#2037,.T.);
#2003 = FACE_BOUND('',#2004,.T.);
#2004 = EDGE_LOOP('',(#2005,#2015,#2023,#2029,#2030));
#2005 = ORIENTED_EDGE('',*,*,#2006,.F.);
#2006 = EDGE_CURVE('',#2007,#2009,#2011,.T.);
#2007 = VERTEX_POINT('',#2008);
#2008 = CARTESIAN_POINT('',(-0.375,64.032601517631,5.25));
#2009 = VERTEX_POINT('',#2010);
#2010 = CARTESIAN_POINT('',(-0.375,64.032601517631,8.5));
#2011 = LINE('',#2012,#2013);
#2012 = CARTESIAN_POINT('',(-0.375,64.032601517631,2.797836663658E-14));
#2013 = VECTOR('',#2014,1.);
#2014 = DIRECTION('',(1.089776975375E-16,8.8E-16,1.));
#2015 = ORIENTED_EDGE('',*,*,#2016,.T.);
#2016 = EDGE_CURVE('',#2007,#2017,#2019,.T.);
#2017 = VERTEX_POINT('',#2018);
#2018 = CARTESIAN_POINT('',(-0.375,65.032601517631,5.25));
#2019 = LINE('',#2020,#2021);
#2020 = CARTESIAN_POINT('',(-0.375,47.266300758816,5.25));
#2021 = VECTOR('',#2022,1.);
#2022 = DIRECTION('',(-9.3E-16,1.,2.2E-16));
#2023 = ORIENTED_EDGE('',*,*,#2024,.T.);
#2024 = EDGE_CURVE('',#2017,#1619,#2025,.T.);
#2025 = LINE('',#2026,#2027);
#2026 = CARTESIAN_POINT('',(-0.375,65.032601517631,2.841836663658E-14));
#2027 = VECTOR('',#2028,1.);
#2028 = DIRECTION('',(1.089776975375E-16,8.8E-16,1.));
#2029 = ORIENTED_EDGE('',*,*,#1616,.F.);
#2030 = ORIENTED_EDGE('',*,*,#2031,.T.);
#2031 = EDGE_CURVE('',#1617,#2009,#2032,.T.);
#2032 = HYPERBOLA('',#2033,0.375,0.375);
#2033 = AXIS2_PLACEMENT_3D('',#2034,#2035,#2036);
#2034 = CARTESIAN_POINT('',(-0.375,60.,4.45));
#2035 = DIRECTION('',(1.,8.2E-16,-2.189776975375E-16));
#2036 = DIRECTION('',(2.189776975375E-16,4.4E-16,1.));
#2037 = PLANE('',#2038);
#2038 = AXIS2_PLACEMENT_3D('',#2039,#2040,#2041);
#2039 = CARTESIAN_POINT('',(-0.375,64.532601517631,4.5));
#2040 = DIRECTION('',(1.,-7.E-17,6.710223024625E-16));
#2041 = DIRECTION('',(7.E-17,1.,4.4E-16));
#2042 = ADVANCED_FACE('',(#2043),#2063,.F.);
#2043 = FACE_BOUND('',#2044,.F.);
#2044 = EDGE_LOOP('',(#2045,#2054,#2055,#2056));
#2045 = ORIENTED_EDGE('',*,*,#2046,.F.);
#2046 = EDGE_CURVE('',#1635,#2047,#2049,.T.);
#2047 = VERTEX_POINT('',#2048);
#2048 = CARTESIAN_POINT('',(0.375,64.032601517631,8.5));
#2049 = HYPERBOLA('',#2050,0.375,0.375);
#2050 = AXIS2_PLACEMENT_3D('',#2051,#2052,#2053);
#2051 = CARTESIAN_POINT('',(0.375,60.,4.45));
#2052 = DIRECTION('',(1.,1.12E-15,-2.189776975375E-16));
#2053 = DIRECTION('',(2.189776975375E-16,4.4E-16,1.));
#2054 = ORIENTED_EDGE('',*,*,#1642,.T.);
#2055 = ORIENTED_EDGE('',*,*,#2031,.T.);
#2056 = ORIENTED_EDGE('',*,*,#2057,.F.);
#2057 = EDGE_CURVE('',#2047,#2009,#2058,.T.);
#2058 = CIRCLE('',#2059,4.05);
#2059 = AXIS2_PLACEMENT_3D('',#2060,#2061,#2062);
#2060 = CARTESIAN_POINT('',(-7.206368957093E-14,60.,8.5));
#2061 = DIRECTION('',(1.541022302463E-15,4.4E-16,-1.));
#2062 = DIRECTION('',(9.25925925926E-02,0.995704078427,
    5.807970447361E-16));
#2063 = CONICAL_SURFACE('',#2064,4.05,0.785398163397);
#2064 = AXIS2_PLACEMENT_3D('',#2065,#2066,#2067);
#2065 = CARTESIAN_POINT('',(-7.206368957093E-14,60.,8.5));
#2066 = DIRECTION('',(-6.510223024625E-16,4.4E-16,1.));
#2067 = DIRECTION('',(9.25925925926E-02,0.995704078427,
    -3.778299516875E-16));
#2068 = ADVANCED_FACE('',(#2069),#2087,.T.);
#2069 = FACE_BOUND('',#2070,.T.);
#2070 = EDGE_LOOP('',(#2071,#2072,#2080,#2086));
#2071 = ORIENTED_EDGE('',*,*,#2024,.F.);
#2072 = ORIENTED_EDGE('',*,*,#2073,.T.);
#2073 = EDGE_CURVE('',#2017,#2074,#2076,.T.);
#2074 = VERTEX_POINT('',#2075);
#2075 = CARTESIAN_POINT('',(0.375,65.032601517631,5.25));
#2076 = LINE('',#2077,#2078);
#2077 = CARTESIAN_POINT('',(-7.339286708793E-14,65.032601517631,5.25));
#2078 = VECTOR('',#2079,1.);
#2079 = DIRECTION('',(1.,0.,6.710223024625E-16));
#2080 = ORIENTED_EDGE('',*,*,#2081,.T.);
#2081 = EDGE_CURVE('',#2074,#1627,#2082,.T.);
#2082 = LINE('',#2083,#2084);
#2083 = CARTESIAN_POINT('',(0.375,65.032601517631,2.934163336342E-14));
#2084 = VECTOR('',#2085,1.);
#2085 = DIRECTION('',(1.089776975375E-16,8.8E-16,1.));
#2086 = ORIENTED_EDGE('',*,*,#1626,.F.);
#2087 = PLANE('',#2088);
#2088 = AXIS2_PLACEMENT_3D('',#2089,#2090,#2091);
#2089 = CARTESIAN_POINT('',(-7.173960036108E-14,65.032601517631,4.5));
#2090 = DIRECTION('',(5.6E-16,-1.,-4.4E-16));
#2091 = DIRECTION('',(2.189776975375E-16,-4.4E-16,1.));
#2092 = ADVANCED_FACE('',(#2093),#2112,.T.);
#2093 = FACE_BOUND('',#2094,.T.);
#2094 = EDGE_LOOP('',(#2095,#2096,#2097,#2105,#2111));
#2095 = ORIENTED_EDGE('',*,*,#1634,.F.);
#2096 = ORIENTED_EDGE('',*,*,#2081,.F.);
#2097 = ORIENTED_EDGE('',*,*,#2098,.T.);
#2098 = EDGE_CURVE('',#2074,#2099,#2101,.T.);
#2099 = VERTEX_POINT('',#2100);
#2100 = CARTESIAN_POINT('',(0.375,64.032601517631,5.25));
#2101 = LINE('',#2102,#2103);
#2102 = CARTESIAN_POINT('',(0.375,47.266300758816,5.25));
#2103 = VECTOR('',#2104,1.);
#2104 = DIRECTION('',(1.23E-15,-1.,-2.2E-16));
#2105 = ORIENTED_EDGE('',*,*,#2106,.T.);
#2106 = EDGE_CURVE('',#2099,#2047,#2107,.T.);
#2107 = LINE('',#2108,#2109);
#2108 = CARTESIAN_POINT('',(0.375,64.032601517631,2.889163336342E-14));
#2109 = VECTOR('',#2110,1.);
#2110 = DIRECTION('',(1.089776975375E-16,8.8E-16,1.));
#2111 = ORIENTED_EDGE('',*,*,#2046,.F.);
#2112 = PLANE('',#2113);
#2113 = AXIS2_PLACEMENT_3D('',#2114,#2115,#2116);
#2114 = CARTESIAN_POINT('',(0.375,64.532601517631,4.5));
#2115 = DIRECTION('',(-1.,-2.3E-16,-6.710223024625E-16));
#2116 = DIRECTION('',(2.3E-16,-1.,-4.4E-16));
#2117 = ADVANCED_FACE('',(#2118),#2144,.F.);
#2118 = FACE_BOUND('',#2119,.F.);
#2119 = EDGE_LOOP('',(#2120,#2131,#2137,#2138));
#2120 = ORIENTED_EDGE('',*,*,#2121,.F.);
#2121 = EDGE_CURVE('',#2122,#2124,#2126,.T.);
#2122 = VERTEX_POINT('',#2123);
#2123 = CARTESIAN_POINT('',(4.93064178171,12.616790718915,1.5));
#2124 = VERTEX_POINT('',#2125);
#2125 = CARTESIAN_POINT('',(-4.93064178171,12.616790718915,1.5));
#2126 = CIRCLE('',#2127,4.943733452365);
#2127 = AXIS2_PLACEMENT_3D('',#2128,#2129,#2130);
#2128 = CARTESIAN_POINT('',(-1.456653345369E-14,12.976334969996,1.5));
#2129 = DIRECTION('',(1.001022302463E-15,2.2E-16,-1.));
#2130 = DIRECTION('',(-1.12E-15,1.,2.2E-16));
#2131 = ORIENTED_EDGE('',*,*,#2132,.T.);
#2132 = EDGE_CURVE('',#2122,#1663,#2133,.T.);
#2133 = LINE('',#2134,#2135);
#2134 = CARTESIAN_POINT('',(4.93064178171,12.616790718915,
    9.977411203223E-15));
#2135 = VECTOR('',#2136,1.);
#2136 = DIRECTION('',(2.189776975375E-16,6.6E-16,1.));
#2137 = ORIENTED_EDGE('',*,*,#1662,.T.);
#2138 = ORIENTED_EDGE('',*,*,#2139,.F.);
#2139 = EDGE_CURVE('',#2124,#1665,#2140,.T.);
#2140 = LINE('',#2141,#2142);
#2141 = CARTESIAN_POINT('',(-4.93064178171,12.616790718915,
    1.232588796777E-15));
#2142 = VECTOR('',#2143,1.);
#2143 = DIRECTION('',(2.189776975375E-16,6.6E-16,1.));
#2144 = CYLINDRICAL_SURFACE('',#2145,4.943733452365);
#2145 = AXIS2_PLACEMENT_3D('',#2146,#2147,#2148);
#2146 = CARTESIAN_POINT('',(-1.008E-14,12.976334969996,5.76E-15));
#2147 = DIRECTION('',(1.022302462516E-18,-4.4E-16,-1.));
#2148 = DIRECTION('',(-7.8E-16,1.,-4.4E-16));
#2149 = ADVANCED_FACE('',(#2150),#2168,.F.);
#2150 = FACE_BOUND('',#2151,.F.);
#2151 = EDGE_LOOP('',(#2152,#2160,#2161,#2162));
#2152 = ORIENTED_EDGE('',*,*,#2153,.T.);
#2153 = EDGE_CURVE('',#2154,#2124,#2156,.T.);
#2154 = VERTEX_POINT('',#2155);
#2155 = CARTESIAN_POINT('',(-7.299263314628,45.09909090909,1.5));
#2156 = LINE('',#2157,#2158);
#2157 = CARTESIAN_POINT('',(-6.503266467998,34.183117984191,1.5));
#2158 = VECTOR('',#2159,1.);
#2159 = DIRECTION('',(7.272727272725E-02,-0.997351865593,
    -1.7192565073E-16));
#2160 = ORIENTED_EDGE('',*,*,#2139,.T.);
#2161 = ORIENTED_EDGE('',*,*,#1673,.T.);
#2162 = ORIENTED_EDGE('',*,*,#2163,.F.);
#2163 = EDGE_CURVE('',#2154,#1674,#2164,.T.);
#2164 = LINE('',#2165,#2166);
#2165 = CARTESIAN_POINT('',(-7.299263314628,45.09909090909,
    1.354961898053E-14));
#2166 = VECTOR('',#2167,1.);
#2167 = DIRECTION('',(2.189776975375E-16,6.6E-16,1.));
#2168 = PLANE('',#2169);
#2169 = AXIS2_PLACEMENT_3D('',#2170,#2171,#2172);
#2170 = CARTESIAN_POINT('',(-4.93064178171,12.616790718915,
    1.232588796777E-15));
#2171 = DIRECTION('',(-0.997351865593,-7.272727272725E-02,
    -6.807283004834E-16));
#2172 = DIRECTION('',(-7.272727272725E-02,0.997351865593,
    3.7192565073E-16));
#2173 = ADVANCED_FACE('',(#2174),#2193,.F.);
#2174 = FACE_BOUND('',#2175,.F.);
#2175 = EDGE_LOOP('',(#2176,#2185,#2186,#2187));
#2176 = ORIENTED_EDGE('',*,*,#2177,.F.);
#2177 = EDGE_CURVE('',#2154,#2178,#2180,.T.);
#2178 = VERTEX_POINT('',#2179);
#2179 = CARTESIAN_POINT('',(7.299263314628,45.09909090909,1.5));
#2180 = CIRCLE('',#2181,7.318644067797);
#2181 = AXIS2_PLACEMENT_3D('',#2182,#2183,#2184);
#2182 = CARTESIAN_POINT('',(-5.082653345369E-14,45.631355932203,1.5));
#2183 = DIRECTION('',(1.001022302463E-15,2.2E-16,-1.));
#2184 = DIRECTION('',(-1.12E-15,1.,2.2E-16));
#2185 = ORIENTED_EDGE('',*,*,#2163,.T.);
#2186 = ORIENTED_EDGE('',*,*,#1681,.T.);
#2187 = ORIENTED_EDGE('',*,*,#2188,.F.);
#2188 = EDGE_CURVE('',#2178,#1682,#2189,.T.);
#2189 = LINE('',#2190,#2191);
#2190 = CARTESIAN_POINT('',(7.299263314628,45.09909090909,
    2.651038101947E-14));
#2191 = VECTOR('',#2192,1.);
#2192 = DIRECTION('',(2.189776975375E-16,6.6E-16,1.));
#2193 = CYLINDRICAL_SURFACE('',#2194,7.318644067797);
#2194 = AXIS2_PLACEMENT_3D('',#2195,#2196,#2197);
#2195 = CARTESIAN_POINT('',(-3.546E-14,45.631355932203,2.026E-14));
#2196 = DIRECTION('',(1.022302462516E-18,-4.4E-16,-1.));
#2197 = DIRECTION('',(-7.8E-16,1.,-4.4E-16));
#2198 = ADVANCED_FACE('',(#2199),#2210,.T.);
#2199 = FACE_BOUND('',#2200,.T.);
#2200 = EDGE_LOOP('',(#2201,#2207,#2208,#2209));
#2201 = ORIENTED_EDGE('',*,*,#2202,.T.);
#2202 = EDGE_CURVE('',#2178,#2122,#2203,.T.);
#2203 = LINE('',#2204,#2205);
#2204 = CARTESIAN_POINT('',(6.503266467998,34.183117984191,1.5));
#2205 = VECTOR('',#2206,1.);
#2206 = DIRECTION('',(-7.272727272724E-02,-0.997351865593,
    -2.6807434927E-16));
#2207 = ORIENTED_EDGE('',*,*,#2132,.T.);
#2208 = ORIENTED_EDGE('',*,*,#1690,.T.);
#2209 = ORIENTED_EDGE('',*,*,#2188,.F.);
#2210 = PLANE('',#2211);
#2211 = AXIS2_PLACEMENT_3D('',#2212,#2213,#2214);
#2212 = CARTESIAN_POINT('',(4.93064178171,12.616790718914,
    9.977411203223E-15));
#2213 = DIRECTION('',(-0.997351865593,7.272727272725E-02,
    -6.507283004834E-16));
#2214 = DIRECTION('',(7.272727272725E-02,0.997351865593,5.0807434927E-16
    ));
#2215 = ADVANCED_FACE('',(#2216),#2242,.F.);
#2216 = FACE_BOUND('',#2217,.F.);
#2217 = EDGE_LOOP('',(#2218,#2229,#2235,#2236));
#2218 = ORIENTED_EDGE('',*,*,#2219,.F.);
#2219 = EDGE_CURVE('',#2220,#2222,#2224,.T.);
#2220 = VERTEX_POINT('',#2221);
#2221 = CARTESIAN_POINT('',(7.886005705332,97.240261992679,1.5));
#2222 = VERTEX_POINT('',#2223);
#2223 = CARTESIAN_POINT('',(11.541411095608,95.024158456962,1.5));
#2224 = CIRCLE('',#2225,2.4);
#2225 = AXIS2_PLACEMENT_3D('',#2226,#2227,#2228);
#2226 = CARTESIAN_POINT('',(9.147766618185,95.198703911508,1.5));
#2227 = DIRECTION('',(1.001022302463E-15,2.2E-16,-1.));
#2228 = DIRECTION('',(-1.12E-15,1.,2.2E-16));
#2229 = ORIENTED_EDGE('',*,*,#2230,.T.);
#2230 = EDGE_CURVE('',#2220,#1699,#2231,.T.);
#2231 = LINE('',#2232,#2233);
#2232 = CARTESIAN_POINT('',(7.886005705332,97.240261992679,
    5.018552251064E-14));
#2233 = VECTOR('',#2234,1.);
#2234 = DIRECTION('',(2.189776975375E-16,6.6E-16,1.));
#2235 = ORIENTED_EDGE('',*,*,#1698,.T.);
#2236 = ORIENTED_EDGE('',*,*,#2237,.F.);
#2237 = EDGE_CURVE('',#2222,#1701,#2238,.T.);
#2238 = LINE('',#2239,#2240);
#2239 = CARTESIAN_POINT('',(11.541411095608,95.024158456962,
    5.24513540335E-14));
#2240 = VECTOR('',#2241,1.);
#2241 = DIRECTION('',(2.189776975375E-16,6.6E-16,1.));
#2242 = CYLINDRICAL_SURFACE('',#2243,2.4);
#2243 = AXIS2_PLACEMENT_3D('',#2244,#2245,#2246);
#2244 = CARTESIAN_POINT('',(9.147766618185,95.198703911508,
    5.039560611234E-14));
#2245 = DIRECTION('',(1.022302462516E-18,-4.4E-16,-1.));
#2246 = DIRECTION('',(-7.8E-16,1.,-4.4E-16));
#2247 = ADVANCED_FACE('',(#2248),#2266,.F.);
#2248 = FACE_BOUND('',#2249,.F.);
#2249 = EDGE_LOOP('',(#2250,#2258,#2259,#2260));
#2250 = ORIENTED_EDGE('',*,*,#2251,.T.);
#2251 = EDGE_CURVE('',#2252,#2222,#2254,.T.);
#2252 = VERTEX_POINT('',#2253);
#2253 = CARTESIAN_POINT('',(10.269407650471,77.58042708255,1.5));
#2254 = LINE('',#2255,#2256);
#2255 = CARTESIAN_POINT('',(10.107856684625,75.364983671396,1.5));
#2256 = VECTOR('',#2257,1.);
#2257 = DIRECTION('',(7.272727272725E-02,0.997351865593,2.6807434927E-16
    ));
#2258 = ORIENTED_EDGE('',*,*,#2237,.T.);
#2259 = ORIENTED_EDGE('',*,*,#1709,.T.);
#2260 = ORIENTED_EDGE('',*,*,#2261,.F.);
#2261 = EDGE_CURVE('',#2252,#1710,#2262,.T.);
#2262 = LINE('',#2263,#2264);
#2263 = CARTESIAN_POINT('',(10.269407650471,77.58042708255,
    4.357013328228E-14));
#2264 = VECTOR('',#2265,1.);
#2265 = DIRECTION('',(2.189776975375E-16,6.6E-16,1.));
#2266 = PLANE('',#2267);
#2267 = AXIS2_PLACEMENT_3D('',#2268,#2269,#2270);
#2268 = CARTESIAN_POINT('',(11.541411095608,95.024158456962,
    5.24513540335E-14));
#2269 = DIRECTION('',(0.997351865593,-7.272727272725E-02,
    6.507283004834E-16));
#2270 = DIRECTION('',(-7.272727272725E-02,-0.997351865593,
    -5.0807434927E-16));
#2271 = ADVANCED_FACE('',(#2272),#2291,.F.);
#2272 = FACE_BOUND('',#2273,.F.);
#2273 = EDGE_LOOP('',(#2274,#2283,#2284,#2285));
#2274 = ORIENTED_EDGE('',*,*,#2275,.F.);
#2275 = EDGE_CURVE('',#2252,#2276,#2278,.T.);
#2276 = VERTEX_POINT('',#2277);
#2277 = CARTESIAN_POINT('',(-10.26940765047,77.58042708255,1.5));
#2278 = CIRCLE('',#2279,10.296674628834);
#2279 = AXIS2_PLACEMENT_3D('',#2280,#2281,#2282);
#2280 = CARTESIAN_POINT('',(-8.712653345369E-14,78.329276146465,1.5));
#2281 = DIRECTION('',(1.001022302463E-15,2.2E-16,-1.));
#2282 = DIRECTION('',(-1.12E-15,1.,2.2E-16));
#2283 = ORIENTED_EDGE('',*,*,#2261,.T.);
#2284 = ORIENTED_EDGE('',*,*,#1717,.T.);
#2285 = ORIENTED_EDGE('',*,*,#2286,.F.);
#2286 = EDGE_CURVE('',#2276,#1718,#2287,.T.);
#2287 = LINE('',#2288,#2289);
#2288 = CARTESIAN_POINT('',(-10.26940765047,77.58042708255,
    2.532986671772E-14));
#2289 = VECTOR('',#2290,1.);
#2290 = DIRECTION('',(2.189776975375E-16,6.6E-16,1.));
#2291 = CYLINDRICAL_SURFACE('',#2292,10.296674628834);
#2292 = AXIS2_PLACEMENT_3D('',#2293,#2294,#2295);
#2293 = CARTESIAN_POINT('',(-6.087E-14,78.329276146465,3.479E-14));
#2294 = DIRECTION('',(1.022302462516E-18,-4.4E-16,-1.));
#2295 = DIRECTION('',(-7.8E-16,1.,-4.4E-16));
#2296 = ADVANCED_FACE('',(#2297),#2315,.T.);
#2297 = FACE_BOUND('',#2298,.T.);
#2298 = EDGE_LOOP('',(#2299,#2307,#2313,#2314));
#2299 = ORIENTED_EDGE('',*,*,#2300,.T.);
#2300 = EDGE_CURVE('',#2276,#2301,#2303,.T.);
#2301 = VERTEX_POINT('',#2302);
#2302 = CARTESIAN_POINT('',(-11.5414110956,95.024158456962,1.5));
#2303 = LINE('',#2304,#2305);
#2304 = CARTESIAN_POINT('',(-10.10785668462,75.364983671396,1.5));
#2305 = VECTOR('',#2306,1.);
#2306 = DIRECTION('',(-7.272727272726E-02,0.997351865593,
    1.7192565073E-16));
#2307 = ORIENTED_EDGE('',*,*,#2308,.T.);
#2308 = EDGE_CURVE('',#2301,#1727,#2309,.T.);
#2309 = LINE('',#2310,#2311);
#2310 = CARTESIAN_POINT('',(-11.5414110956,95.024158456962,
    3.19486459665E-14));
#2311 = VECTOR('',#2312,1.);
#2312 = DIRECTION('',(2.189776975375E-16,6.6E-16,1.));
#2313 = ORIENTED_EDGE('',*,*,#1726,.T.);
#2314 = ORIENTED_EDGE('',*,*,#2286,.F.);
#2315 = PLANE('',#2316);
#2316 = AXIS2_PLACEMENT_3D('',#2317,#2318,#2319);
#2317 = CARTESIAN_POINT('',(-11.5414110956,95.024158456962,
    3.19486459665E-14));
#2318 = DIRECTION('',(0.997351865593,7.272727272725E-02,
    6.807283004834E-16));
#2319 = DIRECTION('',(7.272727272725E-02,-0.997351865593,
    -3.7192565073E-16));
#2320 = ADVANCED_FACE('',(#2321),#2340,.F.);
#2321 = FACE_BOUND('',#2322,.F.);
#2322 = EDGE_LOOP('',(#2323,#2332,#2333,#2334));
#2323 = ORIENTED_EDGE('',*,*,#2324,.F.);
#2324 = EDGE_CURVE('',#2301,#2325,#2327,.T.);
#2325 = VERTEX_POINT('',#2326);
#2326 = CARTESIAN_POINT('',(-7.886005705332,97.240261992679,1.5));
#2327 = CIRCLE('',#2328,2.4);
#2328 = AXIS2_PLACEMENT_3D('',#2329,#2330,#2331);
#2329 = CARTESIAN_POINT('',(-9.147766618185,95.198703911508,1.5));
#2330 = DIRECTION('',(1.001022302463E-15,2.2E-16,-1.));
#2331 = DIRECTION('',(-1.12E-15,1.,2.2E-16));
#2332 = ORIENTED_EDGE('',*,*,#2308,.T.);
#2333 = ORIENTED_EDGE('',*,*,#1734,.T.);
#2334 = ORIENTED_EDGE('',*,*,#2335,.F.);
#2335 = EDGE_CURVE('',#2325,#1735,#2336,.T.);
#2336 = LINE('',#2337,#2338);
#2337 = CARTESIAN_POINT('',(-7.886005705332,97.240261992679,
    3.618447748936E-14));
#2338 = VECTOR('',#2339,1.);
#2339 = DIRECTION('',(2.189776975375E-16,6.6E-16,1.));
#2340 = CYLINDRICAL_SURFACE('',#2341,2.4);
#2341 = AXIS2_PLACEMENT_3D('',#2342,#2343,#2344);
#2342 = CARTESIAN_POINT('',(-9.147766618185,95.198703911508,
    3.415439388766E-14));
#2343 = DIRECTION('',(1.022302462516E-18,-4.4E-16,-1.));
#2344 = DIRECTION('',(-7.8E-16,1.,-4.4E-16));
#2345 = ADVANCED_FACE('',(#2346),#2358,.T.);
#2346 = FACE_BOUND('',#2347,.T.);
#2347 = EDGE_LOOP('',(#2348,#2355,#2356,#2357));
#2348 = ORIENTED_EDGE('',*,*,#2349,.F.);
#2349 = EDGE_CURVE('',#2220,#2325,#2350,.T.);
#2350 = CIRCLE('',#2351,15.);
#2351 = AXIS2_PLACEMENT_3D('',#2352,#2353,#2354);
#2352 = CARTESIAN_POINT('',(-1.222865334537E-13,110.,1.5));
#2353 = DIRECTION('',(1.001022302463E-15,2.2E-16,-1.));
#2354 = DIRECTION('',(-1.12E-15,1.,2.2E-16));
#2355 = ORIENTED_EDGE('',*,*,#2230,.T.);
#2356 = ORIENTED_EDGE('',*,*,#1743,.T.);
#2357 = ORIENTED_EDGE('',*,*,#2335,.F.);
#2358 = CYLINDRICAL_SURFACE('',#2359,15.);
#2359 = AXIS2_PLACEMENT_3D('',#2360,#2361,#2362);
#2360 = CARTESIAN_POINT('',(-8.548E-14,110.,4.885E-14));
#2361 = DIRECTION('',(1.022302462516E-18,-4.4E-16,-1.));
#2362 = DIRECTION('',(-7.8E-16,1.,-4.4E-16));
#2363 = ADVANCED_FACE('',(#2364),#2390,.F.);
#2364 = FACE_BOUND('',#2365,.F.);
#2365 = EDGE_LOOP('',(#2366,#2377,#2383,#2384));
#2366 = ORIENTED_EDGE('',*,*,#2367,.F.);
#2367 = EDGE_CURVE('',#2368,#2370,#2372,.T.);
#2368 = VERTEX_POINT('',#2369);
#2369 = CARTESIAN_POINT('',(6.430517650277,99.164482349723,1.5));
#2370 = VERTEX_POINT('',#2371);
#2371 = CARTESIAN_POINT('',(-12.28342621268,107.19332216354,1.5));
#2372 = CIRCLE('',#2373,12.6);
#2373 = AXIS2_PLACEMENT_3D('',#2374,#2375,#2376);
#2374 = CARTESIAN_POINT('',(-1.222865334537E-13,110.,1.5));
#2375 = DIRECTION('',(1.001022302463E-15,2.2E-16,-1.));
#2376 = DIRECTION('',(-1.12E-15,1.,2.2E-16));
#2377 = ORIENTED_EDGE('',*,*,#2378,.T.);
#2378 = EDGE_CURVE('',#2368,#1753,#2379,.T.);
#2379 = LINE('',#2380,#2381);
#2380 = CARTESIAN_POINT('',(6.430517650277,99.164482349723,
    4.975393087556E-14));
#2381 = VECTOR('',#2382,1.);
#2382 = DIRECTION('',(2.189776975375E-16,6.6E-16,1.));
#2383 = ORIENTED_EDGE('',*,*,#1752,.T.);
#2384 = ORIENTED_EDGE('',*,*,#2385,.T.);
#2385 = EDGE_CURVE('',#1755,#2370,#2386,.T.);
#2386 = LINE('',#2387,#2388);
#2387 = CARTESIAN_POINT('',(-12.28342621268,107.19332216354,
    2.580626573974E-14));
#2388 = VECTOR('',#2389,1.);
#2389 = DIRECTION('',(2.210223024625E-16,-1.11E-15,-1.));
#2390 = CYLINDRICAL_SURFACE('',#2391,12.6);
#2391 = AXIS2_PLACEMENT_3D('',#2392,#2393,#2394);
#2392 = CARTESIAN_POINT('',(-8.548E-14,110.,4.885E-14));
#2393 = DIRECTION('',(1.022302462516E-18,-4.4E-16,-1.));
#2394 = DIRECTION('',(-7.8E-16,1.,-4.4E-16));
#2395 = ADVANCED_FACE('',(#2396),#2415,.T.);
#2396 = FACE_BOUND('',#2397,.T.);
#2397 = EDGE_LOOP('',(#2398,#2406,#2407,#2408));
#2398 = ORIENTED_EDGE('',*,*,#2399,.F.);
#2399 = EDGE_CURVE('',#1764,#2400,#2402,.T.);
#2400 = VERTEX_POINT('',#2401);
#2401 = CARTESIAN_POINT('',(-12.28342621268,112.80667783645,1.5));
#2402 = LINE('',#2403,#2404);
#2403 = CARTESIAN_POINT('',(-12.28342621268,112.80667783645,
    2.830626573974E-14));
#2404 = VECTOR('',#2405,1.);
#2405 = DIRECTION('',(2.210223024625E-16,-1.11E-15,-1.));
#2406 = ORIENTED_EDGE('',*,*,#1763,.T.);
#2407 = ORIENTED_EDGE('',*,*,#2385,.T.);
#2408 = ORIENTED_EDGE('',*,*,#2409,.F.);
#2409 = EDGE_CURVE('',#2400,#2370,#2410,.T.);
#2410 = CIRCLE('',#2411,3.9060483381);
#2411 = AXIS2_PLACEMENT_3D('',#2412,#2413,#2414);
#2412 = CARTESIAN_POINT('',(-15.,110.,1.5));
#2413 = DIRECTION('',(8.910223024625E-16,4.4E-16,-1.));
#2414 = DIRECTION('',(-7.8E-16,1.,4.4E-16));
#2415 = CYLINDRICAL_SURFACE('',#2416,3.9060483381);
#2416 = AXIS2_PLACEMENT_3D('',#2417,#2418,#2419);
#2417 = CARTESIAN_POINT('',(-15.,110.,3.552466546306E-14));
#2418 = DIRECTION('',(1.022302462516E-18,-4.4E-16,-1.));
#2419 = DIRECTION('',(-7.8E-16,1.,-4.4E-16));
#2420 = ADVANCED_FACE('',(#2421),#2440,.F.);
#2421 = FACE_BOUND('',#2422,.F.);
#2422 = EDGE_LOOP('',(#2423,#2432,#2433,#2434));
#2423 = ORIENTED_EDGE('',*,*,#2424,.F.);
#2424 = EDGE_CURVE('',#2400,#2425,#2427,.T.);
#2425 = VERTEX_POINT('',#2426);
#2426 = CARTESIAN_POINT('',(-10.83551765027,116.43051765027,1.5));
#2427 = CIRCLE('',#2428,12.6);
#2428 = AXIS2_PLACEMENT_3D('',#2429,#2430,#2431);
#2429 = CARTESIAN_POINT('',(-1.222865334537E-13,110.,1.5));
#2430 = DIRECTION('',(1.001022302463E-15,2.2E-16,-1.));
#2431 = DIRECTION('',(-1.12E-15,1.,2.2E-16));
#2432 = ORIENTED_EDGE('',*,*,#2399,.F.);
#2433 = ORIENTED_EDGE('',*,*,#1772,.T.);
#2434 = ORIENTED_EDGE('',*,*,#2435,.F.);
#2435 = EDGE_CURVE('',#2425,#1773,#2436,.T.);
#2436 = LINE('',#2437,#2438);
#2437 = CARTESIAN_POINT('',(-10.83551765027,116.43051765027,
    4.207701588209E-14));
#2438 = VECTOR('',#2439,1.);
#2439 = DIRECTION('',(2.189776975375E-16,6.6E-16,1.));
#2440 = CYLINDRICAL_SURFACE('',#2441,12.6);
#2441 = AXIS2_PLACEMENT_3D('',#2442,#2443,#2444);
#2442 = CARTESIAN_POINT('',(-8.548E-14,110.,4.885E-14));
#2443 = DIRECTION('',(1.022302462516E-18,-4.4E-16,-1.));
#2444 = DIRECTION('',(-7.8E-16,1.,-4.4E-16));
#2445 = ADVANCED_FACE('',(#2446),#2458,.T.);
#2446 = FACE_BOUND('',#2447,.T.);
#2447 = EDGE_LOOP('',(#2448,#2455,#2456,#2457));
#2448 = ORIENTED_EDGE('',*,*,#2449,.F.);
#2449 = EDGE_CURVE('',#2368,#2425,#2450,.T.);
#2450 = CIRCLE('',#2451,15.9);
#2451 = AXIS2_PLACEMENT_3D('',#2452,#2453,#2454);
#2452 = CARTESIAN_POINT('',(5.,115.,1.5));
#2453 = DIRECTION('',(8.910223024625E-16,4.4E-16,-1.));
#2454 = DIRECTION('',(-7.8E-16,1.,4.4E-16));
#2455 = ORIENTED_EDGE('',*,*,#2378,.T.);
#2456 = ORIENTED_EDGE('',*,*,#1781,.T.);
#2457 = ORIENTED_EDGE('',*,*,#2435,.F.);
#2458 = CYLINDRICAL_SURFACE('',#2459,15.9);
#2459 = AXIS2_PLACEMENT_3D('',#2460,#2461,#2462);
#2460 = CARTESIAN_POINT('',(5.,115.,5.551511151231E-14));
#2461 = DIRECTION('',(1.022302462516E-18,-4.4E-16,-1.));
#2462 = DIRECTION('',(-7.8E-16,1.,-4.4E-16));
#2463 = ADVANCED_FACE('',(#2464),#2498,.T.);
#2464 = FACE_BOUND('',#2465,.T.);
#2465 = EDGE_LOOP('',(#2466,#2476,#2484,#2490,#2491));
#2466 = ORIENTED_EDGE('',*,*,#2467,.F.);
#2467 = EDGE_CURVE('',#2468,#2470,#2472,.T.);
#2468 = VERTEX_POINT('',#2469);
#2469 = CARTESIAN_POINT('',(-0.375,4.032601517631,5.25));
#2470 = VERTEX_POINT('',#2471);
#2471 = CARTESIAN_POINT('',(-0.375,4.032601517631,8.5));
#2472 = LINE('',#2473,#2474);
#2473 = CARTESIAN_POINT('',(-0.375,4.032601517631,1.328366636577E-15));
#2474 = VECTOR('',#2475,1.);
#2475 = DIRECTION('',(1.089776975375E-16,8.8E-16,1.));
#2476 = ORIENTED_EDGE('',*,*,#2477,.T.);
#2477 = EDGE_CURVE('',#2468,#2478,#2480,.T.);
#2478 = VERTEX_POINT('',#2479);
#2479 = CARTESIAN_POINT('',(-0.375,5.032601517631,5.25));
#2480 = LINE('',#2481,#2482);
#2481 = CARTESIAN_POINT('',(-0.375,17.266300758816,5.25));
#2482 = VECTOR('',#2483,1.);
#2483 = DIRECTION('',(-1.23E-15,1.,2.2E-16));
#2484 = ORIENTED_EDGE('',*,*,#2485,.T.);
#2485 = EDGE_CURVE('',#2478,#1793,#2486,.T.);
#2486 = LINE('',#2487,#2488);
#2487 = CARTESIAN_POINT('',(-0.375,5.032601517631,1.778366636577E-15));
#2488 = VECTOR('',#2489,1.);
#2489 = DIRECTION('',(1.089776975375E-16,8.8E-16,1.));
#2490 = ORIENTED_EDGE('',*,*,#1790,.F.);
#2491 = ORIENTED_EDGE('',*,*,#2492,.T.);
#2492 = EDGE_CURVE('',#1791,#2470,#2493,.T.);
#2493 = HYPERBOLA('',#2494,0.375,0.375);
#2494 = AXIS2_PLACEMENT_3D('',#2495,#2496,#2497);
#2495 = CARTESIAN_POINT('',(-0.375,1.89E-15,4.45));
#2496 = DIRECTION('',(1.,1.12E-15,-2.189776975375E-16));
#2497 = DIRECTION('',(2.189776975375E-16,4.4E-16,1.));
#2498 = PLANE('',#2499);
#2499 = AXIS2_PLACEMENT_3D('',#2500,#2501,#2502);
#2500 = CARTESIAN_POINT('',(-0.375,4.532601517631,4.5));
#2501 = DIRECTION('',(1.,2.3E-16,6.710223024625E-16));
#2502 = DIRECTION('',(-2.3E-16,1.,4.4E-16));
#2503 = ADVANCED_FACE('',(#2504),#2524,.F.);
#2504 = FACE_BOUND('',#2505,.F.);
#2505 = EDGE_LOOP('',(#2506,#2515,#2516,#2517));
#2506 = ORIENTED_EDGE('',*,*,#2507,.F.);
#2507 = EDGE_CURVE('',#1809,#2508,#2510,.T.);
#2508 = VERTEX_POINT('',#2509);
#2509 = CARTESIAN_POINT('',(0.375,4.032601517631,8.5));
#2510 = HYPERBOLA('',#2511,0.375,0.375);
#2511 = AXIS2_PLACEMENT_3D('',#2512,#2513,#2514);
#2512 = CARTESIAN_POINT('',(0.375,2.06E-15,4.45));
#2513 = DIRECTION('',(1.,1.12E-15,-2.189776975375E-16));
#2514 = DIRECTION('',(2.189776975375E-16,4.4E-16,1.));
#2515 = ORIENTED_EDGE('',*,*,#1816,.T.);
#2516 = ORIENTED_EDGE('',*,*,#2492,.T.);
#2517 = ORIENTED_EDGE('',*,*,#2518,.F.);
#2518 = EDGE_CURVE('',#2508,#2470,#2519,.T.);
#2519 = CIRCLE('',#2520,4.05);
#2520 = AXIS2_PLACEMENT_3D('',#2521,#2522,#2523);
#2521 = CARTESIAN_POINT('',(-5.453689570931E-15,3.77E-15,8.5));
#2522 = DIRECTION('',(1.541022302463E-15,4.4E-16,-1.));
#2523 = DIRECTION('',(9.259259259259E-02,0.995704078427,
    5.807970447361E-16));
#2524 = CONICAL_SURFACE('',#2525,4.05,0.785398163397);
#2525 = AXIS2_PLACEMENT_3D('',#2526,#2527,#2528);
#2526 = CARTESIAN_POINT('',(-5.453689570931E-15,3.77E-15,8.5));
#2527 = DIRECTION('',(-6.510223024625E-16,4.4E-16,1.));
#2528 = DIRECTION('',(9.259259259259E-02,0.995704078427,
    -3.778299516875E-16));
#2529 = ADVANCED_FACE('',(#2530),#2548,.T.);
#2530 = FACE_BOUND('',#2531,.T.);
#2531 = EDGE_LOOP('',(#2532,#2533,#2541,#2547));
#2532 = ORIENTED_EDGE('',*,*,#2485,.F.);
#2533 = ORIENTED_EDGE('',*,*,#2534,.T.);
#2534 = EDGE_CURVE('',#2478,#2535,#2537,.T.);
#2535 = VERTEX_POINT('',#2536);
#2536 = CARTESIAN_POINT('',(0.375,5.032601517631,5.25));
#2537 = LINE('',#2538,#2539);
#2538 = CARTESIAN_POINT('',(-3.612867087928E-15,5.032601517631,5.25));
#2539 = VECTOR('',#2540,1.);
#2540 = DIRECTION('',(1.,0.,6.710223024625E-16));
#2541 = ORIENTED_EDGE('',*,*,#2542,.T.);
#2542 = EDGE_CURVE('',#2535,#1801,#2543,.T.);
#2543 = LINE('',#2544,#2545);
#2544 = CARTESIAN_POINT('',(0.375,5.032601517631,2.691633363423E-15));
#2545 = VECTOR('',#2546,1.);
#2546 = DIRECTION('',(1.089776975375E-16,8.8E-16,1.));
#2547 = ORIENTED_EDGE('',*,*,#1800,.F.);
#2548 = PLANE('',#2549);
#2549 = AXIS2_PLACEMENT_3D('',#2550,#2551,#2552);
#2550 = CARTESIAN_POINT('',(-5.429600361081E-15,5.032601517631,4.5));
#2551 = DIRECTION('',(5.6E-16,-1.,2.E-17));
#2552 = DIRECTION('',(2.189776975375E-16,2.E-17,1.));
#2553 = ADVANCED_FACE('',(#2554),#2573,.T.);
#2554 = FACE_BOUND('',#2555,.T.);
#2555 = EDGE_LOOP('',(#2556,#2557,#2558,#2566,#2572));
#2556 = ORIENTED_EDGE('',*,*,#1808,.F.);
#2557 = ORIENTED_EDGE('',*,*,#2542,.F.);
#2558 = ORIENTED_EDGE('',*,*,#2559,.T.);
#2559 = EDGE_CURVE('',#2535,#2560,#2562,.T.);
#2560 = VERTEX_POINT('',#2561);
#2561 = CARTESIAN_POINT('',(0.375,4.032601517631,5.25));
#2562 = LINE('',#2563,#2564);
#2563 = CARTESIAN_POINT('',(0.375,17.266300758816,5.25));
#2564 = VECTOR('',#2565,1.);
#2565 = DIRECTION('',(1.23E-15,-1.,-2.2E-16));
#2566 = ORIENTED_EDGE('',*,*,#2567,.T.);
#2567 = EDGE_CURVE('',#2560,#2508,#2568,.T.);
#2568 = LINE('',#2569,#2570);
#2569 = CARTESIAN_POINT('',(0.375,4.032601517631,2.251633363423E-15));
#2570 = VECTOR('',#2571,1.);
#2571 = DIRECTION('',(1.089776975375E-16,8.8E-16,1.));
#2572 = ORIENTED_EDGE('',*,*,#2507,.F.);
#2573 = PLANE('',#2574);
#2574 = AXIS2_PLACEMENT_3D('',#2575,#2576,#2577);
#2575 = CARTESIAN_POINT('',(0.375,4.532601517631,4.5));
#2576 = DIRECTION('',(-1.,-2.3E-16,-6.710223024625E-16));
#2577 = DIRECTION('',(2.3E-16,-1.,-4.4E-16));
#2578 = ADVANCED_FACE('',(#2579),#2588,.T.);
#2579 = FACE_BOUND('',#2580,.T.);
#2580 = EDGE_LOOP('',(#2581,#2587));
#2581 = ORIENTED_EDGE('',*,*,#2582,.T.);
#2582 = EDGE_CURVE('',#1866,#1857,#2583,.T.);
#2583 = LINE('',#2584,#2585);
#2584 = CARTESIAN_POINT('',(-9.303136039307E-11,55.94999999994,3.75));
#2585 = VECTOR('',#2586,1.);
#2586 = DIRECTION('',(0.500000000005,0.866025403781,7.155111512318E-16)
  );
#2587 = ORIENTED_EDGE('',*,*,#1865,.T.);
#2588 = PLANE('',#2589);
#2589 = AXIS2_PLACEMENT_3D('',#2590,#2591,#2592);
#2590 = CARTESIAN_POINT('',(-1.560633363423E-14,30.,3.75));
#2591 = DIRECTION('',(-2.189776975375E-16,-4.4E-16,-1.));
#2592 = DIRECTION('',(1.,-3.3E-16,-2.189776975375E-16));
#2593 = ADVANCED_FACE('',(#2594),#2603,.T.);
#2594 = FACE_BOUND('',#2595,.T.);
#2595 = EDGE_LOOP('',(#2596,#2602));
#2596 = ORIENTED_EDGE('',*,*,#2597,.T.);
#2597 = EDGE_CURVE('',#1875,#1866,#2598,.T.);
#2598 = LINE('',#2599,#2600);
#2599 = CARTESIAN_POINT('',(-3.507402885365,62.025000000041,3.75));
#2600 = VECTOR('',#2601,1.);
#2601 = DIRECTION('',(0.499999999988,-0.866025403791,-5.448884877008E-17
    ));
#2602 = ORIENTED_EDGE('',*,*,#1874,.T.);
#2603 = PLANE('',#2604);
#2604 = AXIS2_PLACEMENT_3D('',#2605,#2606,#2607);
#2605 = CARTESIAN_POINT('',(-1.560633363423E-14,30.,3.75));
#2606 = DIRECTION('',(-2.189776975375E-16,-4.4E-16,-1.));
#2607 = DIRECTION('',(1.,-3.3E-16,-2.189776975375E-16));
#2608 = ADVANCED_FACE('',(#2609),#2618,.T.);
#2609 = FACE_BOUND('',#2610,.T.);
#2610 = EDGE_LOOP('',(#2611,#2617));
#2611 = ORIENTED_EDGE('',*,*,#2612,.T.);
#2612 = EDGE_CURVE('',#1911,#1902,#2613,.T.);
#2613 = LINE('',#2614,#2615);
#2614 = CARTESIAN_POINT('',(7.105427357601E-15,-4.05,3.75));
#2615 = VECTOR('',#2616,1.);
#2616 = DIRECTION('',(0.5,0.866025403784,7.155111512313E-16));
#2617 = ORIENTED_EDGE('',*,*,#1910,.T.);
#2618 = PLANE('',#2619);
#2619 = AXIS2_PLACEMENT_3D('',#2620,#2621,#2622);
#2620 = CARTESIAN_POINT('',(-1.560633363423E-14,30.,3.75));
#2621 = DIRECTION('',(-2.189776975375E-16,-4.4E-16,-1.));
#2622 = DIRECTION('',(1.,-3.3E-16,-2.189776975375E-16));
#2623 = ADVANCED_FACE('',(#2624),#2633,.T.);
#2624 = FACE_BOUND('',#2625,.T.);
#2625 = EDGE_LOOP('',(#2626,#2632));
#2626 = ORIENTED_EDGE('',*,*,#2627,.T.);
#2627 = EDGE_CURVE('',#1920,#1911,#2628,.T.);
#2628 = LINE('',#2629,#2630);
#2629 = CARTESIAN_POINT('',(-3.507402885327,2.025,3.75));
#2630 = VECTOR('',#2631,1.);
#2631 = DIRECTION('',(0.5,-0.866025403784,-5.448884876874E-17));
#2632 = ORIENTED_EDGE('',*,*,#1919,.T.);
#2633 = PLANE('',#2634);
#2634 = AXIS2_PLACEMENT_3D('',#2635,#2636,#2637);
#2635 = CARTESIAN_POINT('',(-1.560633363423E-14,30.,3.75));
#2636 = DIRECTION('',(-2.189776975375E-16,-4.4E-16,-1.));
#2637 = DIRECTION('',(1.,-3.3E-16,-2.189776975375E-16));
#2638 = ADVANCED_FACE('',(#2639),#2664,.T.);
#2639 = FACE_BOUND('',#2640,.T.);
#2640 = EDGE_LOOP('',(#2641,#2649,#2657,#2663));
#2641 = ORIENTED_EDGE('',*,*,#2642,.T.);
#2642 = EDGE_CURVE('',#1857,#2643,#2645,.T.);
#2643 = VERTEX_POINT('',#2644);
#2644 = CARTESIAN_POINT('',(3.50740288534,62.025000000041,4.));
#2645 = LINE('',#2646,#2647);
#2646 = CARTESIAN_POINT('',(3.50740288534,62.025000000041,3.75));
#2647 = VECTOR('',#2648,1.);
#2648 = DIRECTION('',(3.289776975375E-16,5.5E-16,1.));
#2649 = ORIENTED_EDGE('',*,*,#2650,.T.);
#2650 = EDGE_CURVE('',#2643,#2651,#2653,.T.);
#2651 = VERTEX_POINT('',#2652);
#2652 = CARTESIAN_POINT('',(-3.507402885365,62.025000000041,4.));
#2653 = LINE('',#2654,#2655);
#2654 = CARTESIAN_POINT('',(3.50740288534,62.025000000041,4.));
#2655 = VECTOR('',#2656,1.);
#2656 = DIRECTION('',(-1.,3.3E-16,-6.710223024625E-16));
#2657 = ORIENTED_EDGE('',*,*,#2658,.F.);
#2658 = EDGE_CURVE('',#1875,#2651,#2659,.T.);
#2659 = LINE('',#2660,#2661);
#2660 = CARTESIAN_POINT('',(-3.507402885365,62.025000000041,3.75));
#2661 = VECTOR('',#2662,1.);
#2662 = DIRECTION('',(3.289776975375E-16,5.5E-16,1.));
#2663 = ORIENTED_EDGE('',*,*,#1947,.F.);
#2664 = PLANE('',#2665);
#2665 = AXIS2_PLACEMENT_3D('',#2666,#2667,#2668);
#2666 = CARTESIAN_POINT('',(3.50740288534,62.025000000041,3.75));
#2667 = DIRECTION('',(3.4E-16,-1.,-3.3E-16));
#2668 = DIRECTION('',(-1.,-3.4E-16,-6.710223024625E-16));
#2669 = ADVANCED_FACE('',(#2670),#2695,.T.);
#2670 = FACE_BOUND('',#2671,.T.);
#2671 = EDGE_LOOP('',(#2672,#2680,#2688,#2694));
#2672 = ORIENTED_EDGE('',*,*,#2673,.T.);
#2673 = EDGE_CURVE('',#1902,#2674,#2676,.T.);
#2674 = VERTEX_POINT('',#2675);
#2675 = CARTESIAN_POINT('',(3.507402885327,2.025,4.));
#2676 = LINE('',#2677,#2678);
#2677 = CARTESIAN_POINT('',(3.507402885327,2.025,3.75));
#2678 = VECTOR('',#2679,1.);
#2679 = DIRECTION('',(3.289776975375E-16,5.5E-16,1.));
#2680 = ORIENTED_EDGE('',*,*,#2681,.T.);
#2681 = EDGE_CURVE('',#2674,#2682,#2684,.T.);
#2682 = VERTEX_POINT('',#2683);
#2683 = CARTESIAN_POINT('',(-3.507402885327,2.025,4.));
#2684 = LINE('',#2685,#2686);
#2685 = CARTESIAN_POINT('',(3.507402885327,2.025,4.));
#2686 = VECTOR('',#2687,1.);
#2687 = DIRECTION('',(-1.,3.3E-16,-6.710223024625E-16));
#2688 = ORIENTED_EDGE('',*,*,#2689,.F.);
#2689 = EDGE_CURVE('',#1920,#2682,#2690,.T.);
#2690 = LINE('',#2691,#2692);
#2691 = CARTESIAN_POINT('',(-3.507402885327,2.025,3.75));
#2692 = VECTOR('',#2693,1.);
#2693 = DIRECTION('',(3.289776975375E-16,5.5E-16,1.));
#2694 = ORIENTED_EDGE('',*,*,#1966,.F.);
#2695 = PLANE('',#2696);
#2696 = AXIS2_PLACEMENT_3D('',#2697,#2698,#2699);
#2697 = CARTESIAN_POINT('',(3.507402885327,2.025,3.75));
#2698 = DIRECTION('',(3.4E-16,-1.,-3.3E-16));
#2699 = DIRECTION('',(-1.,-3.4E-16,-6.710223024625E-16));
#2700 = ADVANCED_FACE('',(#2701),#2713,.F.);
#2701 = FACE_BOUND('',#2702,.F.);
#2702 = EDGE_LOOP('',(#2703,#2704,#2705,#2706));
#2703 = ORIENTED_EDGE('',*,*,#2106,.T.);
#2704 = ORIENTED_EDGE('',*,*,#2057,.T.);
#2705 = ORIENTED_EDGE('',*,*,#2006,.F.);
#2706 = ORIENTED_EDGE('',*,*,#2707,.F.);
#2707 = EDGE_CURVE('',#2099,#2007,#2708,.T.);
#2708 = CIRCLE('',#2709,4.05);
#2709 = AXIS2_PLACEMENT_3D('',#2710,#2711,#2712);
#2710 = CARTESIAN_POINT('',(-8.776286708793E-14,60.,5.25));
#2711 = DIRECTION('',(1.111022302463E-15,0.,-1.));
#2712 = DIRECTION('',(-1.45E-15,1.,-1.610982338571E-30));
#2713 = CYLINDRICAL_SURFACE('',#2714,4.05);
#2714 = AXIS2_PLACEMENT_3D('',#2715,#2716,#2717);
#2715 = CARTESIAN_POINT('',(-6.662E-14,60.,2.665E-14));
#2716 = DIRECTION('',(1.110223024625E-16,-6.6E-16,-1.));
#2717 = DIRECTION('',(-1.12E-15,1.,-6.6E-16));
#2718 = ADVANCED_FACE('',(#2719,#2725),#2736,.F.);
#2719 = FACE_BOUND('',#2720,.F.);
#2720 = EDGE_LOOP('',(#2721,#2722,#2723,#2724));
#2721 = ORIENTED_EDGE('',*,*,#2707,.T.);
#2722 = ORIENTED_EDGE('',*,*,#2016,.T.);
#2723 = ORIENTED_EDGE('',*,*,#2073,.T.);
#2724 = ORIENTED_EDGE('',*,*,#2098,.T.);
#2725 = FACE_BOUND('',#2726,.F.);
#2726 = EDGE_LOOP('',(#2727));
#2727 = ORIENTED_EDGE('',*,*,#2728,.F.);
#2728 = EDGE_CURVE('',#2729,#2729,#2731,.T.);
#2729 = VERTEX_POINT('',#2730);
#2730 = CARTESIAN_POINT('',(-2.158286708793E-14,62.,5.25));
#2731 = CIRCLE('',#2732,2.);
#2732 = AXIS2_PLACEMENT_3D('',#2733,#2734,#2735);
#2733 = CARTESIAN_POINT('',(-2.75335310107E-14,60.,5.25));
#2734 = DIRECTION('',(6.710223024625E-16,4.4E-16,-1.));
#2735 = DIRECTION('',(-5.6E-16,1.,4.4E-16));
#2736 = PLANE('',#2737);
#2737 = AXIS2_PLACEMENT_3D('',#2738,#2739,#2740);
#2738 = CARTESIAN_POINT('',(-1.376676550535E-14,30.,5.25));
#2739 = DIRECTION('',(-2.189776975375E-16,-4.4E-16,-1.));
#2740 = DIRECTION('',(1.,-3.3E-16,-2.189776975375E-16));
#2741 = ADVANCED_FACE('',(#2742),#2748,.F.);
#2742 = FACE_BOUND('',#2743,.F.);
#2743 = EDGE_LOOP('',(#2744,#2745,#2746,#2747));
#2744 = ORIENTED_EDGE('',*,*,#2202,.T.);
#2745 = ORIENTED_EDGE('',*,*,#2121,.T.);
#2746 = ORIENTED_EDGE('',*,*,#2153,.F.);
#2747 = ORIENTED_EDGE('',*,*,#2177,.T.);
#2748 = PLANE('',#2749);
#2749 = AXIS2_PLACEMENT_3D('',#2750,#2751,#2752);
#2750 = CARTESIAN_POINT('',(-3.01980662698E-14,56.338342266413,1.5));
#2751 = DIRECTION('',(-2.189776975375E-16,-4.4E-16,-1.));
#2752 = DIRECTION('',(1.,-3.3E-16,-2.189776975375E-16));
#2753 = ADVANCED_FACE('',(#2754),#2762,.F.);
#2754 = FACE_BOUND('',#2755,.F.);
#2755 = EDGE_LOOP('',(#2756,#2757,#2758,#2759,#2760,#2761));
#2756 = ORIENTED_EDGE('',*,*,#2349,.F.);
#2757 = ORIENTED_EDGE('',*,*,#2219,.T.);
#2758 = ORIENTED_EDGE('',*,*,#2251,.F.);
#2759 = ORIENTED_EDGE('',*,*,#2275,.T.);
#2760 = ORIENTED_EDGE('',*,*,#2300,.T.);
#2761 = ORIENTED_EDGE('',*,*,#2324,.T.);
#2762 = PLANE('',#2763);
#2763 = AXIS2_PLACEMENT_3D('',#2764,#2765,#2766);
#2764 = CARTESIAN_POINT('',(-3.01980662698E-14,56.338342266413,1.5));
#2765 = DIRECTION('',(-2.189776975375E-16,-4.4E-16,-1.));
#2766 = DIRECTION('',(1.,-3.3E-16,-2.189776975375E-16));
#2767 = ADVANCED_FACE('',(#2768),#2774,.F.);
#2768 = FACE_BOUND('',#2769,.F.);
#2769 = EDGE_LOOP('',(#2770,#2771,#2772,#2773));
#2770 = ORIENTED_EDGE('',*,*,#2449,.F.);
#2771 = ORIENTED_EDGE('',*,*,#2367,.T.);
#2772 = ORIENTED_EDGE('',*,*,#2409,.F.);
#2773 = ORIENTED_EDGE('',*,*,#2424,.T.);
#2774 = PLANE('',#2775);
#2775 = AXIS2_PLACEMENT_3D('',#2776,#2777,#2778);
#2776 = CARTESIAN_POINT('',(-3.01980662698E-14,56.338342266413,1.5));
#2777 = DIRECTION('',(-2.189776975375E-16,-4.4E-16,-1.));
#2778 = DIRECTION('',(1.,-3.3E-16,-2.189776975375E-16));
#2779 = ADVANCED_FACE('',(#2780),#2792,.F.);
#2780 = FACE_BOUND('',#2781,.F.);
#2781 = EDGE_LOOP('',(#2782,#2783,#2784,#2785));
#2782 = ORIENTED_EDGE('',*,*,#2567,.T.);
#2783 = ORIENTED_EDGE('',*,*,#2518,.T.);
#2784 = ORIENTED_EDGE('',*,*,#2467,.F.);
#2785 = ORIENTED_EDGE('',*,*,#2786,.F.);
#2786 = EDGE_CURVE('',#2560,#2468,#2787,.T.);
#2787 = CIRCLE('',#2788,4.05);
#2788 = AXIS2_PLACEMENT_3D('',#2789,#2790,#2791);
#2789 = CARTESIAN_POINT('',(-1.162867087928E-15,4.66E-15,5.25));
#2790 = DIRECTION('',(1.111022302463E-15,0.,-1.));
#2791 = DIRECTION('',(-1.45E-15,1.,-1.610982338571E-30));
#2792 = CYLINDRICAL_SURFACE('',#2793,4.05);
#2793 = AXIS2_PLACEMENT_3D('',#2794,#2795,#2796);
#2794 = CARTESIAN_POINT('',(0.,0.,0.));
#2795 = DIRECTION('',(1.110223024625E-16,-6.6E-16,-1.));
#2796 = DIRECTION('',(-1.12E-15,1.,-6.6E-16));
#2797 = ADVANCED_FACE('',(#2798,#2804),#2815,.F.);
#2798 = FACE_BOUND('',#2799,.F.);
#2799 = EDGE_LOOP('',(#2800,#2801,#2802,#2803));
#2800 = ORIENTED_EDGE('',*,*,#2786,.T.);
#2801 = ORIENTED_EDGE('',*,*,#2477,.T.);
#2802 = ORIENTED_EDGE('',*,*,#2534,.T.);
#2803 = ORIENTED_EDGE('',*,*,#2559,.T.);
#2804 = FACE_BOUND('',#2805,.F.);
#2805 = EDGE_LOOP('',(#2806));
#2806 = ORIENTED_EDGE('',*,*,#2807,.F.);
#2807 = EDGE_CURVE('',#2808,#2808,#2810,.T.);
#2808 = VERTEX_POINT('',#2809);
#2809 = CARTESIAN_POINT('',(-1.582867087928E-15,2.,5.25));
#2810 = CIRCLE('',#2811,2.);
#2811 = AXIS2_PLACEMENT_3D('',#2812,#2813,#2814);
#2812 = CARTESIAN_POINT('',(6.217248937901E-15,0.,5.25));
#2813 = DIRECTION('',(6.710223024625E-16,4.4E-16,-1.));
#2814 = DIRECTION('',(-5.6E-16,1.,4.4E-16));
#2815 = PLANE('',#2816);
#2816 = AXIS2_PLACEMENT_3D('',#2817,#2818,#2819);
#2817 = CARTESIAN_POINT('',(-1.376676550535E-14,30.,5.25));
#2818 = DIRECTION('',(-2.189776975375E-16,-4.4E-16,-1.));
#2819 = DIRECTION('',(1.,-3.3E-16,-2.189776975375E-16));
#2820 = ADVANCED_FACE('',(#2821),#2839,.T.);
#2821 = FACE_BOUND('',#2822,.T.);
#2822 = EDGE_LOOP('',(#2823,#2831,#2837,#2838));
#2823 = ORIENTED_EDGE('',*,*,#2824,.T.);
#2824 = EDGE_CURVE('',#1866,#2825,#2827,.T.);
#2825 = VERTEX_POINT('',#2826);
#2826 = CARTESIAN_POINT('',(-9.302344408921E-11,55.94999999994,4.));
#2827 = LINE('',#2828,#2829);
#2828 = CARTESIAN_POINT('',(-9.303392633363E-11,55.94999999994,3.75));
#2829 = VECTOR('',#2830,1.);
#2830 = DIRECTION('',(3.289776975375E-16,5.5E-16,1.));
#2831 = ORIENTED_EDGE('',*,*,#2832,.T.);
#2832 = EDGE_CURVE('',#2825,#2643,#2833,.T.);
#2833 = LINE('',#2834,#2835);
#2834 = CARTESIAN_POINT('',(-9.303047221465E-11,55.94999999994,4.));
#2835 = VECTOR('',#2836,1.);
#2836 = DIRECTION('',(0.500000000005,0.866025403781,7.155111512318E-16)
  );
#2837 = ORIENTED_EDGE('',*,*,#2642,.F.);
#2838 = ORIENTED_EDGE('',*,*,#2582,.F.);
#2839 = PLANE('',#2840);
#2840 = AXIS2_PLACEMENT_3D('',#2841,#2842,#2843);
#2841 = CARTESIAN_POINT('',(-9.303441633363E-11,55.94999999994,3.75));
#2842 = DIRECTION('',(-0.866025403781,0.500000000005,-3.161481343188E-16
    ));
#2843 = DIRECTION('',(0.500000000005,0.866025403781,1.095511151232E-15)
  );
#2844 = ADVANCED_FACE('',(#2845),#2856,.T.);
#2845 = FACE_BOUND('',#2846,.T.);
#2846 = EDGE_LOOP('',(#2847,#2848,#2854,#2855));
#2847 = ORIENTED_EDGE('',*,*,#2658,.T.);
#2848 = ORIENTED_EDGE('',*,*,#2849,.T.);
#2849 = EDGE_CURVE('',#2651,#2825,#2850,.T.);
#2850 = LINE('',#2851,#2852);
#2851 = CARTESIAN_POINT('',(-3.507402885365,62.025000000041,4.));
#2852 = VECTOR('',#2853,1.);
#2853 = DIRECTION('',(0.499999999988,-0.866025403791,-5.448884877008E-17
    ));
#2854 = ORIENTED_EDGE('',*,*,#2824,.F.);
#2855 = ORIENTED_EDGE('',*,*,#2597,.F.);
#2856 = PLANE('',#2857);
#2857 = AXIS2_PLACEMENT_3D('',#2858,#2859,#2860);
#2858 = CARTESIAN_POINT('',(-3.507402885365,62.025000000041,3.75));
#2859 = DIRECTION('',(0.866025403791,0.499999999988,6.4614813432E-16));
#2860 = DIRECTION('',(0.499999999988,-0.866025403791,-4.344888487701E-16
    ));
#2861 = ADVANCED_FACE('',(#2862),#2880,.T.);
#2862 = FACE_BOUND('',#2863,.T.);
#2863 = EDGE_LOOP('',(#2864,#2872,#2878,#2879));
#2864 = ORIENTED_EDGE('',*,*,#2865,.T.);
#2865 = EDGE_CURVE('',#1911,#2866,#2868,.T.);
#2866 = VERTEX_POINT('',#2867);
#2867 = CARTESIAN_POINT('',(1.55591079015E-15,-4.05,4.));
#2868 = LINE('',#2869,#2870);
#2869 = CARTESIAN_POINT('',(4.383666365766E-15,-4.05,3.75));
#2870 = VECTOR('',#2871,1.);
#2871 = DIRECTION('',(3.289776975375E-16,5.5E-16,1.));
#2872 = ORIENTED_EDGE('',*,*,#2873,.T.);
#2873 = EDGE_CURVE('',#2866,#2674,#2874,.T.);
#2874 = LINE('',#2875,#2876);
#2875 = CARTESIAN_POINT('',(7.993605777301E-15,-4.05,4.));
#2876 = VECTOR('',#2877,1.);
#2877 = DIRECTION('',(0.5,0.866025403784,7.155111512313E-16));
#2878 = ORIENTED_EDGE('',*,*,#2673,.F.);
#2879 = ORIENTED_EDGE('',*,*,#2612,.F.);
#2880 = PLANE('',#2881);
#2881 = AXIS2_PLACEMENT_3D('',#2882,#2883,#2884);
#2882 = CARTESIAN_POINT('',(4.043666365766E-15,-4.05,3.75));
#2883 = DIRECTION('',(-0.866025403784,0.5,-3.161481343192E-16));
#2884 = DIRECTION('',(0.5,0.866025403784,1.095511151231E-15));
#2885 = ADVANCED_FACE('',(#2886),#2897,.T.);
#2886 = FACE_BOUND('',#2887,.T.);
#2887 = EDGE_LOOP('',(#2888,#2889,#2895,#2896));
#2888 = ORIENTED_EDGE('',*,*,#2689,.T.);
#2889 = ORIENTED_EDGE('',*,*,#2890,.T.);
#2890 = EDGE_CURVE('',#2682,#2866,#2891,.T.);
#2891 = LINE('',#2892,#2893);
#2892 = CARTESIAN_POINT('',(-3.507402885327,2.025,4.));
#2893 = VECTOR('',#2894,1.);
#2894 = DIRECTION('',(0.5,-0.866025403784,-5.448884876874E-17));
#2895 = ORIENTED_EDGE('',*,*,#2865,.F.);
#2896 = ORIENTED_EDGE('',*,*,#2627,.F.);
#2897 = PLANE('',#2898);
#2898 = AXIS2_PLACEMENT_3D('',#2899,#2900,#2901);
#2899 = CARTESIAN_POINT('',(-3.507402885327,2.025,3.75));
#2900 = DIRECTION('',(0.866025403784,0.5,6.461481343192E-16));
#2901 = DIRECTION('',(0.5,-0.866025403784,-4.344888487687E-16));
#2902 = ADVANCED_FACE('',(#2903,#2908),#2919,.T.);
#2903 = FACE_BOUND('',#2904,.T.);
#2904 = EDGE_LOOP('',(#2905,#2906,#2907));
#2905 = ORIENTED_EDGE('',*,*,#2650,.F.);
#2906 = ORIENTED_EDGE('',*,*,#2832,.F.);
#2907 = ORIENTED_EDGE('',*,*,#2849,.F.);
#2908 = FACE_BOUND('',#2909,.T.);
#2909 = EDGE_LOOP('',(#2910));
#2910 = ORIENTED_EDGE('',*,*,#2911,.F.);
#2911 = EDGE_CURVE('',#2912,#2912,#2914,.T.);
#2912 = VERTEX_POINT('',#2913);
#2913 = CARTESIAN_POINT('',(-1.124440892099E-13,62.,4.));
#2914 = CIRCLE('',#2915,2.);
#2915 = AXIS2_PLACEMENT_3D('',#2916,#2917,#2918);
#2916 = CARTESIAN_POINT('',(-1.203940892099E-13,60.,4.));
#2917 = DIRECTION('',(1.221022302463E-15,-4.5E-16,-1.));
#2918 = DIRECTION('',(-2.E-15,1.,-4.5E-16));
#2919 = PLANE('',#2920);
#2920 = AXIS2_PLACEMENT_3D('',#2921,#2922,#2923);
#2921 = CARTESIAN_POINT('',(-1.628958079536E-11,30.00000000018,4.));
#2922 = DIRECTION('',(-4.689776975375E-16,0.,-1.));
#2923 = DIRECTION('',(-5.6E-16,1.,2.62627510621E-31));
#2924 = ADVANCED_FACE('',(#2925,#2930),#2941,.T.);
#2925 = FACE_BOUND('',#2926,.T.);
#2926 = EDGE_LOOP('',(#2927,#2928,#2929));
#2927 = ORIENTED_EDGE('',*,*,#2681,.F.);
#2928 = ORIENTED_EDGE('',*,*,#2873,.F.);
#2929 = ORIENTED_EDGE('',*,*,#2890,.F.);
#2930 = FACE_BOUND('',#2931,.T.);
#2931 = EDGE_LOOP('',(#2932));
#2932 = ORIENTED_EDGE('',*,*,#2933,.F.);
#2933 = EDGE_CURVE('',#2934,#2934,#2936,.T.);
#2934 = VERTEX_POINT('',#2935);
#2935 = CARTESIAN_POINT('',(-5.44408920985E-15,2.,4.));
#2936 = CIRCLE('',#2937,2.);
#2937 = AXIS2_PLACEMENT_3D('',#2938,#2939,#2940);
#2938 = CARTESIAN_POINT('',(-5.040892098501E-16,6.16E-15,4.));
#2939 = DIRECTION('',(1.221022302463E-15,-4.5E-16,-1.));
#2940 = DIRECTION('',(-2.E-15,1.,-4.5E-16));
#2941 = PLANE('',#2942);
#2942 = AXIS2_PLACEMENT_3D('',#2943,#2944,#2945);
#2943 = CARTESIAN_POINT('',(-1.628958079536E-11,30.00000000018,4.));
#2944 = DIRECTION('',(-4.689776975375E-16,0.,-1.));
#2945 = DIRECTION('',(-5.6E-16,1.,2.62627510621E-31));
#2946 = ADVANCED_FACE('',(#2947),#2958,.F.);
#2947 = FACE_BOUND('',#2948,.F.);
#2948 = EDGE_LOOP('',(#2949,#2950,#2956,#2957));
#2949 = ORIENTED_EDGE('',*,*,#2911,.F.);
#2950 = ORIENTED_EDGE('',*,*,#2951,.T.);
#2951 = EDGE_CURVE('',#2912,#2729,#2952,.T.);
#2952 = LINE('',#2953,#2954);
#2953 = CARTESIAN_POINT('',(-4.735633363423E-14,62.,3.75));
#2954 = VECTOR('',#2955,1.);
#2955 = DIRECTION('',(2.189776975375E-16,6.6E-16,1.));
#2956 = ORIENTED_EDGE('',*,*,#2728,.T.);
#2957 = ORIENTED_EDGE('',*,*,#2951,.F.);
#2958 = CYLINDRICAL_SURFACE('',#2959,2.);
#2959 = AXIS2_PLACEMENT_3D('',#2960,#2961,#2962);
#2960 = CARTESIAN_POINT('',(-4.579633363423E-14,60.,3.75));
#2961 = DIRECTION('',(1.022302462516E-18,-4.4E-16,-1.));
#2962 = DIRECTION('',(-7.8E-16,1.,-4.4E-16));
#2963 = ADVANCED_FACE('',(#2964),#2975,.F.);
#2964 = FACE_BOUND('',#2965,.F.);
#2965 = EDGE_LOOP('',(#2966,#2967,#2973,#2974));
#2966 = ORIENTED_EDGE('',*,*,#2933,.F.);
#2967 = ORIENTED_EDGE('',*,*,#2968,.T.);
#2968 = EDGE_CURVE('',#2934,#2808,#2969,.T.);
#2969 = LINE('',#2970,#2971);
#2970 = CARTESIAN_POINT('',(-7.163336342344E-16,2.,3.75));
#2971 = VECTOR('',#2972,1.);
#2972 = DIRECTION('',(2.189776975375E-16,6.6E-16,1.));
#2973 = ORIENTED_EDGE('',*,*,#2807,.T.);
#2974 = ORIENTED_EDGE('',*,*,#2968,.F.);
#2975 = CYLINDRICAL_SURFACE('',#2976,2.);
#2976 = AXIS2_PLACEMENT_3D('',#2977,#2978,#2979);
#2977 = CARTESIAN_POINT('',(8.336663657656E-16,2.5E-15,3.75));
#2978 = DIRECTION('',(1.022302462516E-18,-4.4E-16,-1.));
#2979 = DIRECTION('',(-7.8E-16,1.,-4.4E-16));
#2980 = ( GEOMETRIC_REPRESENTATION_CONTEXT(3) 
GLOBAL_UNCERTAINTY_ASSIGNED_CONTEXT((#2984)) 
GLOBAL_UNIT_ASSIGNED_CONTEXT((#2981,#2982,#2983)) REPRESENTATION_CONTEXT
('Context #1','3D Context with UNIT and UNCERTAINTY') );
#2981 = ( LENGTH_UNIT() NAMED_UNIT(*) SI_UNIT(.MILLI.,.METRE.) );
#2982 = ( NAMED_UNIT(*) PLANE_ANGLE_UNIT() SI_UNIT($,.RADIAN.) );
#2983 = ( NAMED_UNIT(*) SI_UNIT($,.STERADIAN.) SOLID_ANGLE_UNIT() );
#2984 = UNCERTAINTY_MEASURE_WITH_UNIT(LENGTH_MEASURE(1.E-05),#2981,
  'distance_accuracy_value','confusion accuracy');
#2985 = PRODUCT_RELATED_PRODUCT_CATEGORY('part',$,(#7));
ENDSEC;
END-ISO-10303-21;
