ISO-10303-21;
HEADER;
FILE_DESCRIPTION(('FreeCAD Model'),'2;1');
FILE_NAME('Open CASCADE Shape Model','2026-08-29T23:22:25',('FreeCAD'),(
    'FreeCAD'),'Open CASCADE STEP processor 7.8','FreeCAD','Unknown');
FILE_SCHEMA(('AUTOMOTIVE_DESIGN { 1 0 10303 214 1 1 1 1 }'));
ENDSEC;
DATA;
#1 = APPLICATION_PROTOCOL_DEFINITION('international standard',
  'automotive_design',2000,#2);
#2 = APPLICATION_CONTEXT(
  'core data for automotive mechanical design processes');
#3 = SHAPE_DEFINITION_REPRESENTATION(#4,#10);
#4 = PRODUCT_DEFINITION_SHAPE('','',#5);
#5 = PRODUCT_DEFINITION('design','',#6,#9);
#6 = PRODUCT_DEFINITION_FORMATION('','',#7);
#7 = PRODUCT('Open CASCADE STEP translator 7.8 5',
  'Open CASCADE STEP translator 7.8 5','',(#8));
#8 = PRODUCT_CONTEXT('',#2,'mechanical');
#9 = PRODUCT_DEFINITION_CONTEXT('part definition',#2,'design');
#10 = ADVANCED_BREP_SHAPE_REPRESENTATION('',(#11,#15),#3715);
#11 = AXIS2_PLACEMENT_3D('',#12,#13,#14);
#12 = CARTESIAN_POINT('',(0.,0.,0.));
#13 = DIRECTION('',(0.,0.,1.));
#14 = DIRECTION('',(1.,0.,-0.));
#15 = MANIFOLD_SOLID_BREP('',#16);
#16 = CLOSED_SHELL('',(#17,#97,#128,#203,#227,#251,#276,#293,#318,#343,
    #363,#796,#821,#856,#874,#889,#914,#923,#977,#1026,#1051,#1076,#1128
    ,#1180,#1212,#1244,#1268,#1292,#1317,#1342,#1359,#1376,#1402,#1426,
    #1451,#1486,#1512,#1537,#1568,#1592,#1618,#1644,#1670,#1696,#1722,
    #1748,#1774,#1798,#1822,#1846,#1872,#1898,#1924,#1948,#1972,#1989,
    #2007,#2016,#2231,#2243,#2255,#2300,#2345,#2364,#2383,#2392,#2492,
    #2532,#2558,#2582,#2607,#2639,#2663,#2688,#2705,#2737,#2761,#2786,
    #2810,#2835,#2853,#2885,#2910,#2935,#2953,#2993,#3019,#3043,#3068,
    #3083,#3098,#3113,#3128,#3159,#3190,#3221,#3247,#3273,#3299,#3325,
    #3351,#3377,#3401,#3418,#3436,#3459,#3471,#3485,#3497,#3515,#3538,
    #3562,#3579,#3603,#3620,#3642,#3664,#3681,#3698));
#17 = ADVANCED_FACE('',(#18,#70,#81),#92,.F.);
#18 = FACE_BOUND('',#19,.T.);
#19 = EDGE_LOOP('',(#20,#30,#39,#47,#55,#64));
#20 = ORIENTED_EDGE('',*,*,#21,.F.);
#21 = EDGE_CURVE('',#22,#24,#26,.T.);
#22 = VERTEX_POINT('',#23);
#23 = CARTESIAN_POINT('',(-13.10659408136,112.44400070421,7.5));
#24 = VERTEX_POINT('',#25);
#25 = CARTESIAN_POINT('',(-9.,113.73880484448,7.5));
#26 = LINE('',#27,#28);
#27 = CARTESIAN_POINT('',(-13.10659408136,112.44400070421,7.5));
#28 = VECTOR('',#29,1.);
#29 = DIRECTION('',(0.953716950748,0.300705799504,-4.858838517696E-16));
#30 = ORIENTED_EDGE('',*,*,#31,.T.);
#31 = EDGE_CURVE('',#22,#32,#34,.T.);
#32 = VERTEX_POINT('',#33);
#33 = CARTESIAN_POINT('',(-2.444000704214,123.10659408136,7.5));
#34 = CIRCLE('',#35,8.5);
#35 = AXIS2_PLACEMENT_3D('',#36,#37,#38);
#36 = CARTESIAN_POINT('',(-5.,115.,7.5));
#37 = DIRECTION('',(4.410223024625E-16,2.2E-16,1.));
#38 = DIRECTION('',(7.8E-16,1.,-2.2E-16));
#39 = ORIENTED_EDGE('',*,*,#40,.T.);
#40 = EDGE_CURVE('',#32,#41,#43,.T.);
#41 = VERTEX_POINT('',#42);
#42 = CARTESIAN_POINT('',(-3.738804844484,119.,7.5));
#43 = LINE('',#44,#45);
#44 = CARTESIAN_POINT('',(-2.444000704214,123.10659408136,7.5));
#45 = VECTOR('',#46,1.);
#46 = DIRECTION('',(-0.300705799504,-0.953716950748,3.433850502248E-16)
  );
#47 = ORIENTED_EDGE('',*,*,#48,.F.);
#48 = EDGE_CURVE('',#49,#41,#51,.T.);
#49 = VERTEX_POINT('',#50);
#50 = CARTESIAN_POINT('',(-5.,119.,7.5));
#51 = LINE('',#52,#53);
#52 = CARTESIAN_POINT('',(-5.,119.,7.5));
#53 = VECTOR('',#54,1.);
#54 = DIRECTION('',(1.,5.6E-16,-4.410223024625E-16));
#55 = ORIENTED_EDGE('',*,*,#56,.F.);
#56 = EDGE_CURVE('',#57,#49,#59,.T.);
#57 = VERTEX_POINT('',#58);
#58 = CARTESIAN_POINT('',(-9.,115.,7.5));
#59 = CIRCLE('',#60,4.);
#60 = AXIS2_PLACEMENT_3D('',#61,#62,#63);
#61 = CARTESIAN_POINT('',(-5.,115.,7.5));
#62 = DIRECTION('',(-4.410223024625E-16,-2.2E-16,-1.));
#63 = DIRECTION('',(7.8E-16,1.,-2.2E-16));
#64 = ORIENTED_EDGE('',*,*,#65,.T.);
#65 = EDGE_CURVE('',#57,#24,#66,.T.);
#66 = LINE('',#67,#68);
#67 = CARTESIAN_POINT('',(-9.,115.,7.5));
#68 = VECTOR('',#69,1.);
#69 = DIRECTION('',(-7.8E-16,-1.,2.2E-16));
#70 = FACE_BOUND('',#71,.T.);
#71 = EDGE_LOOP('',(#72));
#72 = ORIENTED_EDGE('',*,*,#73,.T.);
#73 = EDGE_CURVE('',#74,#74,#76,.T.);
#74 = VERTEX_POINT('',#75);
#75 = CARTESIAN_POINT('',(-5.,117.45,7.5));
#76 = CIRCLE('',#77,2.45);
#77 = AXIS2_PLACEMENT_3D('',#78,#79,#80);
#78 = CARTESIAN_POINT('',(-5.,115.,7.5));
#79 = DIRECTION('',(-1.441022302463E-15,-2.2E-16,-1.));
#80 = DIRECTION('',(1.7E-16,1.,-2.2E-16));
#81 = FACE_BOUND('',#82,.T.);
#82 = EDGE_LOOP('',(#83));
#83 = ORIENTED_EDGE('',*,*,#84,.T.);
#84 = EDGE_CURVE('',#85,#85,#87,.T.);
#85 = VERTEX_POINT('',#86);
#86 = CARTESIAN_POINT('',(-1.,112.99999999994,7.5));
#87 = CIRCLE('',#88,2.);
#88 = AXIS2_PLACEMENT_3D('',#89,#90,#91);
#89 = CARTESIAN_POINT('',(-1.,110.99999999994,7.5));
#90 = DIRECTION('',(-4.410223024625E-16,-2.2E-16,-1.));
#91 = DIRECTION('',(7.8E-16,1.,-2.2E-16));
#92 = PLANE('',#93);
#93 = AXIS2_PLACEMENT_3D('',#94,#95,#96);
#94 = CARTESIAN_POINT('',(-0.226694119619,110.22669411961,7.5));
#95 = DIRECTION('',(-4.410223024625E-16,-2.2E-16,-1.));
#96 = DIRECTION('',(1.,5.6E-16,-4.410223024625E-16));
#97 = ADVANCED_FACE('',(#98),#123,.T.);
#98 = FACE_BOUND('',#99,.F.);
#99 = EDGE_LOOP('',(#100,#108,#116,#122));
#100 = ORIENTED_EDGE('',*,*,#101,.T.);
#101 = EDGE_CURVE('',#22,#102,#104,.T.);
#102 = VERTEX_POINT('',#103);
#103 = CARTESIAN_POINT('',(-13.10659408136,112.44400070421,1.));
#104 = LINE('',#105,#106);
#105 = CARTESIAN_POINT('',(-13.10659408136,112.44400070421,7.5));
#106 = VECTOR('',#107,1.);
#107 = DIRECTION('',(-4.410223024625E-16,-4.4E-16,-1.));
#108 = ORIENTED_EDGE('',*,*,#109,.T.);
#109 = EDGE_CURVE('',#102,#110,#112,.T.);
#110 = VERTEX_POINT('',#111);
#111 = CARTESIAN_POINT('',(-9.,113.73880484448,1.));
#112 = LINE('',#113,#114);
#113 = CARTESIAN_POINT('',(-13.10659408136,112.44400070421,1.));
#114 = VECTOR('',#115,1.);
#115 = DIRECTION('',(0.953716950748,0.300705799504,-4.858838517696E-16)
  );
#116 = ORIENTED_EDGE('',*,*,#117,.F.);
#117 = EDGE_CURVE('',#24,#110,#118,.T.);
#118 = LINE('',#119,#120);
#119 = CARTESIAN_POINT('',(-9.,113.73880484448,7.5));
#120 = VECTOR('',#121,1.);
#121 = DIRECTION('',(-4.410223024625E-16,-4.4E-16,-1.));
#122 = ORIENTED_EDGE('',*,*,#21,.F.);
#123 = PLANE('',#124);
#124 = AXIS2_PLACEMENT_3D('',#125,#126,#127);
#125 = CARTESIAN_POINT('',(-13.10659408136,112.44400070421,7.5));
#126 = DIRECTION('',(-0.300705799504,0.953716950748,-2.866149497752E-16)
  );
#127 = DIRECTION('',(-0.953716950748,-0.300705799504,6.958838517696E-16)
  );
#128 = ADVANCED_FACE('',(#129),#198,.T.);
#129 = FACE_BOUND('',#130,.F.);
#130 = EDGE_LOOP('',(#131,#142,#148,#149,#150,#158,#166,#175,#183,#192)
  );
#131 = ORIENTED_EDGE('',*,*,#132,.F.);
#132 = EDGE_CURVE('',#133,#135,#137,.T.);
#133 = VERTEX_POINT('',#134);
#134 = CARTESIAN_POINT('',(-13.10659408136,112.44400070421,
    1.245512425235E-14));
#135 = VERTEX_POINT('',#136);
#136 = CARTESIAN_POINT('',(-12.55197795333,111.09902204666,
    1.039354949284E-14));
#137 = CIRCLE('',#138,8.5);
#138 = AXIS2_PLACEMENT_3D('',#139,#140,#141);
#139 = CARTESIAN_POINT('',(-5.,115.,-2.331488848769E-14));
#140 = DIRECTION('',(4.410223024625E-16,2.2E-16,1.));
#141 = DIRECTION('',(7.8E-16,1.,-2.2E-16));
#142 = ORIENTED_EDGE('',*,*,#143,.F.);
#143 = EDGE_CURVE('',#102,#133,#144,.T.);
#144 = LINE('',#145,#146);
#145 = CARTESIAN_POINT('',(-13.10659408136,112.44400070421,1.));
#146 = VECTOR('',#147,1.);
#147 = DIRECTION('',(-4.410223024625E-16,-4.4E-16,-1.));
#148 = ORIENTED_EDGE('',*,*,#101,.F.);
#149 = ORIENTED_EDGE('',*,*,#31,.T.);
#150 = ORIENTED_EDGE('',*,*,#151,.T.);
#151 = EDGE_CURVE('',#32,#152,#154,.T.);
#152 = VERTEX_POINT('',#153);
#153 = CARTESIAN_POINT('',(-2.444000704214,123.10659408136,1.));
#154 = LINE('',#155,#156);
#155 = CARTESIAN_POINT('',(-2.444000704214,123.10659408136,7.5));
#156 = VECTOR('',#157,1.);
#157 = DIRECTION('',(-4.410223024625E-16,-4.4E-16,-1.));
#158 = ORIENTED_EDGE('',*,*,#159,.T.);
#159 = EDGE_CURVE('',#152,#160,#162,.T.);
#160 = VERTEX_POINT('',#161);
#161 = CARTESIAN_POINT('',(-2.444000704214,123.10659408136,
    2.271338585402E-15));
#162 = LINE('',#163,#164);
#163 = CARTESIAN_POINT('',(-2.444000704214,123.10659408136,1.));
#164 = VECTOR('',#165,1.);
#165 = DIRECTION('',(-4.410223024625E-16,-4.4E-16,-1.));
#166 = ORIENTED_EDGE('',*,*,#167,.F.);
#167 = EDGE_CURVE('',#168,#160,#170,.T.);
#168 = VERTEX_POINT('',#169);
#169 = CARTESIAN_POINT('',(-1.099022046668,122.55197795333,
    1.220159580782E-16));
#170 = CIRCLE('',#171,8.5);
#171 = AXIS2_PLACEMENT_3D('',#172,#173,#174);
#172 = CARTESIAN_POINT('',(-5.,115.,-2.331488848769E-14));
#173 = DIRECTION('',(4.410223024625E-16,2.2E-16,1.));
#174 = DIRECTION('',(7.8E-16,1.,-2.2E-16));
#175 = ORIENTED_EDGE('',*,*,#176,.F.);
#176 = EDGE_CURVE('',#177,#168,#179,.T.);
#177 = VERTEX_POINT('',#178);
#178 = CARTESIAN_POINT('',(-1.099022046668,122.55197795333,2.));
#179 = LINE('',#180,#181);
#180 = CARTESIAN_POINT('',(-1.099022046668,122.55197795333,
    -2.501798404192E-14));
#181 = VECTOR('',#182,1.);
#182 = DIRECTION('',(-1.101022302463E-15,-1.11E-15,-1.));
#183 = ORIENTED_EDGE('',*,*,#184,.F.);
#184 = EDGE_CURVE('',#185,#177,#187,.T.);
#185 = VERTEX_POINT('',#186);
#186 = CARTESIAN_POINT('',(-12.55197795333,111.09902204666,2.));
#187 = CIRCLE('',#188,8.5);
#188 = AXIS2_PLACEMENT_3D('',#189,#190,#191);
#189 = CARTESIAN_POINT('',(-5.,115.,2.));
#190 = DIRECTION('',(6.610223024625E-16,2.2E-16,1.));
#191 = DIRECTION('',(1.E-15,1.,-2.2E-16));
#192 = ORIENTED_EDGE('',*,*,#193,.F.);
#193 = EDGE_CURVE('',#135,#185,#194,.T.);
#194 = LINE('',#195,#196);
#195 = CARTESIAN_POINT('',(-12.55197795333,111.09902204666,1.5));
#196 = VECTOR('',#197,1.);
#197 = DIRECTION('',(1.221022302463E-15,4.4E-16,1.));
#198 = CYLINDRICAL_SURFACE('',#199,8.5);
#199 = AXIS2_PLACEMENT_3D('',#200,#201,#202);
#200 = CARTESIAN_POINT('',(-5.,115.,-2.220488848769E-14));
#201 = DIRECTION('',(-6.610223024625E-16,-2.2E-16,-1.));
#202 = DIRECTION('',(1.E-15,1.,-2.2E-16));
#203 = ADVANCED_FACE('',(#204),#222,.F.);
#204 = FACE_BOUND('',#205,.T.);
#205 = EDGE_LOOP('',(#206,#214,#220,#221));
#206 = ORIENTED_EDGE('',*,*,#207,.T.);
#207 = EDGE_CURVE('',#57,#208,#210,.T.);
#208 = VERTEX_POINT('',#209);
#209 = CARTESIAN_POINT('',(-9.,115.,1.));
#210 = LINE('',#211,#212);
#211 = CARTESIAN_POINT('',(-9.,115.,7.5));
#212 = VECTOR('',#213,1.);
#213 = DIRECTION('',(-4.410223024625E-16,-4.4E-16,-1.));
#214 = ORIENTED_EDGE('',*,*,#215,.T.);
#215 = EDGE_CURVE('',#208,#110,#216,.T.);
#216 = LINE('',#217,#218);
#217 = CARTESIAN_POINT('',(-9.,115.,1.));
#218 = VECTOR('',#219,1.);
#219 = DIRECTION('',(-7.8E-16,-1.,2.2E-16));
#220 = ORIENTED_EDGE('',*,*,#117,.F.);
#221 = ORIENTED_EDGE('',*,*,#65,.F.);
#222 = PLANE('',#223);
#223 = AXIS2_PLACEMENT_3D('',#224,#225,#226);
#224 = CARTESIAN_POINT('',(-9.,115.,7.5));
#225 = DIRECTION('',(1.,3.4E-16,-4.410223024625E-16));
#226 = DIRECTION('',(-3.4E-16,1.,-2.2E-16));
#227 = ADVANCED_FACE('',(#228),#246,.F.);
#228 = FACE_BOUND('',#229,.T.);
#229 = EDGE_LOOP('',(#230,#231,#239,#245));
#230 = ORIENTED_EDGE('',*,*,#151,.T.);
#231 = ORIENTED_EDGE('',*,*,#232,.T.);
#232 = EDGE_CURVE('',#152,#233,#235,.T.);
#233 = VERTEX_POINT('',#234);
#234 = CARTESIAN_POINT('',(-3.738804844484,119.,1.));
#235 = LINE('',#236,#237);
#236 = CARTESIAN_POINT('',(-2.444000704214,123.10659408136,1.));
#237 = VECTOR('',#238,1.);
#238 = DIRECTION('',(-0.300705799504,-0.953716950748,3.433850502248E-16)
  );
#239 = ORIENTED_EDGE('',*,*,#240,.F.);
#240 = EDGE_CURVE('',#41,#233,#241,.T.);
#241 = LINE('',#242,#243);
#242 = CARTESIAN_POINT('',(-3.738804844484,119.,7.5));
#243 = VECTOR('',#244,1.);
#244 = DIRECTION('',(-4.410223024625E-16,-4.4E-16,-1.));
#245 = ORIENTED_EDGE('',*,*,#40,.F.);
#246 = PLANE('',#247);
#247 = AXIS2_PLACEMENT_3D('',#248,#249,#250);
#248 = CARTESIAN_POINT('',(-2.444000704214,123.10659408136,7.5));
#249 = DIRECTION('',(0.953716950748,-0.300705799504,-2.858838517696E-16)
  );
#250 = DIRECTION('',(0.300705799504,0.953716950748,-4.133850502248E-16)
  );
#251 = ADVANCED_FACE('',(#252),#271,.T.);
#252 = FACE_BOUND('',#253,.F.);
#253 = EDGE_LOOP('',(#254,#255,#264,#270));
#254 = ORIENTED_EDGE('',*,*,#207,.T.);
#255 = ORIENTED_EDGE('',*,*,#256,.T.);
#256 = EDGE_CURVE('',#208,#257,#259,.T.);
#257 = VERTEX_POINT('',#258);
#258 = CARTESIAN_POINT('',(-5.,119.,1.));
#259 = CIRCLE('',#260,4.);
#260 = AXIS2_PLACEMENT_3D('',#261,#262,#263);
#261 = CARTESIAN_POINT('',(-5.,115.,1.));
#262 = DIRECTION('',(-4.410223024625E-16,-2.2E-16,-1.));
#263 = DIRECTION('',(7.8E-16,1.,-2.2E-16));
#264 = ORIENTED_EDGE('',*,*,#265,.F.);
#265 = EDGE_CURVE('',#49,#257,#266,.T.);
#266 = LINE('',#267,#268);
#267 = CARTESIAN_POINT('',(-5.,119.,7.5));
#268 = VECTOR('',#269,1.);
#269 = DIRECTION('',(-4.410223024625E-16,-4.4E-16,-1.));
#270 = ORIENTED_EDGE('',*,*,#56,.F.);
#271 = CYLINDRICAL_SURFACE('',#272,4.);
#272 = AXIS2_PLACEMENT_3D('',#273,#274,#275);
#273 = CARTESIAN_POINT('',(-5.,115.,7.5));
#274 = DIRECTION('',(6.610223024625E-16,2.2E-16,1.));
#275 = DIRECTION('',(1.E-15,1.,-2.2E-16));
#276 = ADVANCED_FACE('',(#277),#288,.T.);
#277 = FACE_BOUND('',#278,.F.);
#278 = EDGE_LOOP('',(#279,#280,#286,#287));
#279 = ORIENTED_EDGE('',*,*,#265,.T.);
#280 = ORIENTED_EDGE('',*,*,#281,.T.);
#281 = EDGE_CURVE('',#257,#233,#282,.T.);
#282 = LINE('',#283,#284);
#283 = CARTESIAN_POINT('',(-5.,119.,1.));
#284 = VECTOR('',#285,1.);
#285 = DIRECTION('',(1.,5.6E-16,-4.410223024625E-16));
#286 = ORIENTED_EDGE('',*,*,#240,.F.);
#287 = ORIENTED_EDGE('',*,*,#48,.F.);
#288 = PLANE('',#289);
#289 = AXIS2_PLACEMENT_3D('',#290,#291,#292);
#290 = CARTESIAN_POINT('',(-5.,119.,7.5));
#291 = DIRECTION('',(7.8E-16,1.,-4.4E-16));
#292 = DIRECTION('',(-1.,7.8E-16,6.610223024625E-16));
#293 = ADVANCED_FACE('',(#294),#313,.F.);
#294 = FACE_BOUND('',#295,.F.);
#295 = EDGE_LOOP('',(#296,#304,#305,#306));
#296 = ORIENTED_EDGE('',*,*,#297,.F.);
#297 = EDGE_CURVE('',#74,#298,#300,.T.);
#298 = VERTEX_POINT('',#299);
#299 = CARTESIAN_POINT('',(-5.,116.45,5.5));
#300 = LINE('',#301,#302);
#301 = CARTESIAN_POINT('',(-5.,116.45,5.5));
#302 = VECTOR('',#303,1.);
#303 = DIRECTION('',(-8.193013661299E-16,-0.4472135955,-0.894427191));
#304 = ORIENTED_EDGE('',*,*,#73,.T.);
#305 = ORIENTED_EDGE('',*,*,#297,.T.);
#306 = ORIENTED_EDGE('',*,*,#307,.F.);
#307 = EDGE_CURVE('',#298,#298,#308,.T.);
#308 = CIRCLE('',#309,1.45);
#309 = AXIS2_PLACEMENT_3D('',#310,#311,#312);
#310 = CARTESIAN_POINT('',(-5.,115.,5.5));
#311 = DIRECTION('',(-1.441022302463E-15,-2.2E-16,-1.));
#312 = DIRECTION('',(1.7E-16,1.,-2.2E-16));
#313 = CONICAL_SURFACE('',#314,1.45,0.463647609001);
#314 = AXIS2_PLACEMENT_3D('',#315,#316,#317);
#315 = CARTESIAN_POINT('',(-5.,115.,5.5));
#316 = DIRECTION('',(1.441022302463E-15,2.2E-16,1.));
#317 = DIRECTION('',(1.7E-16,1.,-2.2E-16));
#318 = ADVANCED_FACE('',(#319),#338,.F.);
#319 = FACE_BOUND('',#320,.T.);
#320 = EDGE_LOOP('',(#321,#329,#336,#337));
#321 = ORIENTED_EDGE('',*,*,#322,.T.);
#322 = EDGE_CURVE('',#85,#323,#325,.T.);
#323 = VERTEX_POINT('',#324);
#324 = CARTESIAN_POINT('',(-1.,112.99999999994,5.25));
#325 = LINE('',#326,#327);
#326 = CARTESIAN_POINT('',(-1.,112.99999999994,7.5));
#327 = VECTOR('',#328,1.);
#328 = DIRECTION('',(-2.210223024625E-16,-2.2E-16,-1.));
#329 = ORIENTED_EDGE('',*,*,#330,.T.);
#330 = EDGE_CURVE('',#323,#323,#331,.T.);
#331 = CIRCLE('',#332,2.);
#332 = AXIS2_PLACEMENT_3D('',#333,#334,#335);
#333 = CARTESIAN_POINT('',(-1.,110.99999999994,5.25));
#334 = DIRECTION('',(-4.410223024625E-16,-2.2E-16,-1.));
#335 = DIRECTION('',(7.8E-16,1.,-2.2E-16));
#336 = ORIENTED_EDGE('',*,*,#322,.F.);
#337 = ORIENTED_EDGE('',*,*,#84,.F.);
#338 = CYLINDRICAL_SURFACE('',#339,2.);
#339 = AXIS2_PLACEMENT_3D('',#340,#341,#342);
#340 = CARTESIAN_POINT('',(-1.,110.99999999994,7.5));
#341 = DIRECTION('',(4.410223024625E-16,0.,1.));
#342 = DIRECTION('',(3.3E-16,1.,-1.455373598126E-31));
#343 = ADVANCED_FACE('',(#344),#358,.F.);
#344 = FACE_BOUND('',#345,.T.);
#345 = EDGE_LOOP('',(#346,#353,#354,#355,#356,#357));
#346 = ORIENTED_EDGE('',*,*,#347,.F.);
#347 = EDGE_CURVE('',#102,#152,#348,.T.);
#348 = ELLIPSE('',#349,9.458578491931,6.5);
#349 = AXIS2_PLACEMENT_3D('',#350,#351,#352);
#350 = CARTESIAN_POINT('',(-5.,115.,1.));
#351 = DIRECTION('',(-4.410223024625E-16,-2.2E-16,-1.));
#352 = DIRECTION('',(-0.707106781187,-0.707106781187,4.674133525868E-16)
  );
#353 = ORIENTED_EDGE('',*,*,#109,.T.);
#354 = ORIENTED_EDGE('',*,*,#215,.F.);
#355 = ORIENTED_EDGE('',*,*,#256,.T.);
#356 = ORIENTED_EDGE('',*,*,#281,.T.);
#357 = ORIENTED_EDGE('',*,*,#232,.F.);
#358 = PLANE('',#359);
#359 = AXIS2_PLACEMENT_3D('',#360,#361,#362);
#360 = CARTESIAN_POINT('',(-8.445420298909,118.44542029891,1.));
#361 = DIRECTION('',(-4.410223024625E-16,-2.2E-16,-1.));
#362 = DIRECTION('',(1.,5.6E-16,-4.410223024625E-16));
#363 = ADVANCED_FACE('',(#364,#634,#645),#791,.T.);
#364 = FACE_BOUND('',#365,.F.);
#365 = EDGE_LOOP('',(#366,#376,#385,#393,#402,#410,#418,#426,#435,#443,
    #452,#460,#469,#478,#487,#496,#503,#504,#551,#552,#561,#570,#578,
    #586,#595,#603,#611,#619,#628));
#366 = ORIENTED_EDGE('',*,*,#367,.F.);
#367 = EDGE_CURVE('',#368,#370,#372,.T.);
#368 = VERTEX_POINT('',#369);
#369 = CARTESIAN_POINT('',(-6.98146305915,-0.509090909095,
    5.775098103384E-15));
#370 = VERTEX_POINT('',#371);
#371 = CARTESIAN_POINT('',(-11.3901626817,59.95,1.026456208634E-14));
#372 = LINE('',#373,#374);
#373 = CARTESIAN_POINT('',(-6.98146305915,-0.509090909095,
    3.215098103384E-15));
#374 = VECTOR('',#375,1.);
#375 = DIRECTION('',(-7.272727272727E-02,0.997351865593,
    -1.9192565073E-16));
#376 = ORIENTED_EDGE('',*,*,#377,.T.);
#377 = EDGE_CURVE('',#368,#378,#380,.T.);
#378 = VERTEX_POINT('',#379);
#379 = CARTESIAN_POINT('',(-5.000000000025E-02,-6.999821426294,
    5.551115123154E-18));
#380 = CIRCLE('',#381,7.);
#381 = AXIS2_PLACEMENT_3D('',#382,#383,#384);
#382 = CARTESIAN_POINT('',(0.,0.,0.));
#383 = DIRECTION('',(4.410223024625E-16,2.2E-16,1.));
#384 = DIRECTION('',(7.8E-16,1.,-2.2E-16));
#385 = ORIENTED_EDGE('',*,*,#386,.F.);
#386 = EDGE_CURVE('',#387,#378,#389,.T.);
#387 = VERTEX_POINT('',#388);
#388 = CARTESIAN_POINT('',(-5.000000000001E-02,-4.549725266431,
    5.551115123127E-18));
#389 = LINE('',#390,#391);
#390 = CARTESIAN_POINT('',(-5.E-02,-3.E-17,2.555111512313E-17));
#391 = VECTOR('',#392,1.);
#392 = DIRECTION('',(-7.8E-16,-1.,2.2E-16));
#393 = ORIENTED_EDGE('',*,*,#394,.F.);
#394 = EDGE_CURVE('',#395,#387,#397,.T.);
#395 = VERTEX_POINT('',#396);
#396 = CARTESIAN_POINT('',(-0.375,4.53452037155,4.163336342344E-17));
#397 = CIRCLE('',#398,4.55);
#398 = AXIS2_PLACEMENT_3D('',#399,#400,#401);
#399 = CARTESIAN_POINT('',(7.771561172376E-33,0.,7.E-17));
#400 = DIRECTION('',(1.321022302463E-15,2.2E-16,1.));
#401 = DIRECTION('',(-9.259259259259E-02,0.995704078427,
    -9.673801739639E-17));
#402 = ORIENTED_EDGE('',*,*,#403,.F.);
#403 = EDGE_CURVE('',#404,#395,#406,.T.);
#404 = VERTEX_POINT('',#405);
#405 = CARTESIAN_POINT('',(-0.375,5.032601517631,4.163336342344E-17));
#406 = LINE('',#407,#408);
#407 = CARTESIAN_POINT('',(-0.375,5.032601517631,-9.483666365766E-16));
#408 = VECTOR('',#409,1.);
#409 = DIRECTION('',(-7.8E-16,-1.,2.2E-16));
#410 = ORIENTED_EDGE('',*,*,#411,.F.);
#411 = EDGE_CURVE('',#412,#404,#414,.T.);
#412 = VERTEX_POINT('',#413);
#413 = CARTESIAN_POINT('',(0.375,5.032601517631,-4.163336342344E-17));
#414 = LINE('',#415,#416);
#415 = CARTESIAN_POINT('',(0.375,5.032601517631,-1.281633363423E-15));
#416 = VECTOR('',#417,1.);
#417 = DIRECTION('',(-1.,-5.6E-16,4.410223024625E-16));
#418 = ORIENTED_EDGE('',*,*,#419,.F.);
#419 = EDGE_CURVE('',#420,#412,#422,.T.);
#420 = VERTEX_POINT('',#421);
#421 = CARTESIAN_POINT('',(0.375,4.53452037155,-4.163336342344E-17));
#422 = LINE('',#423,#424);
#423 = CARTESIAN_POINT('',(0.375,4.032601517631,-1.061633363423E-15));
#424 = VECTOR('',#425,1.);
#425 = DIRECTION('',(7.8E-16,1.,-2.2E-16));
#426 = ORIENTED_EDGE('',*,*,#427,.F.);
#427 = EDGE_CURVE('',#428,#420,#430,.T.);
#428 = VERTEX_POINT('',#429);
#429 = CARTESIAN_POINT('',(5.000000000001E-02,-4.549725266431,
    -5.551115123127E-18));
#430 = CIRCLE('',#431,4.55);
#431 = AXIS2_PLACEMENT_3D('',#432,#433,#434);
#432 = CARTESIAN_POINT('',(7.771561172376E-33,0.,7.E-17));
#433 = DIRECTION('',(1.321022302463E-15,2.2E-16,1.));
#434 = DIRECTION('',(-9.259259259259E-02,0.995704078427,
    -9.673801739639E-17));
#435 = ORIENTED_EDGE('',*,*,#436,.F.);
#436 = EDGE_CURVE('',#437,#428,#439,.T.);
#437 = VERTEX_POINT('',#438);
#438 = CARTESIAN_POINT('',(5.000000000025E-02,-6.999821426294,
    -5.551115123153E-18));
#439 = LINE('',#440,#441);
#440 = CARTESIAN_POINT('',(4.999999999998E-02,-20.,4.414448884877E-15));
#441 = VECTOR('',#442,1.);
#442 = DIRECTION('',(7.8E-16,1.,-2.2E-16));
#443 = ORIENTED_EDGE('',*,*,#444,.T.);
#444 = EDGE_CURVE('',#437,#445,#447,.T.);
#445 = VERTEX_POINT('',#446);
#446 = CARTESIAN_POINT('',(6.98146305915,-0.509090909095,
    -5.775098103384E-15));
#447 = CIRCLE('',#448,7.);
#448 = AXIS2_PLACEMENT_3D('',#449,#450,#451);
#449 = CARTESIAN_POINT('',(0.,0.,0.));
#450 = DIRECTION('',(4.410223024625E-16,2.2E-16,1.));
#451 = DIRECTION('',(7.8E-16,1.,-2.2E-16));
#452 = ORIENTED_EDGE('',*,*,#453,.T.);
#453 = EDGE_CURVE('',#445,#454,#456,.T.);
#454 = VERTEX_POINT('',#455);
#455 = CARTESIAN_POINT('',(14.930564175118,108.50160797311,
    -1.365762561179E-14));
#456 = LINE('',#457,#458);
#457 = CARTESIAN_POINT('',(6.98146305915,-0.509090909095,
    -9.185098103384E-15));
#458 = VECTOR('',#459,1.);
#459 = DIRECTION('',(7.272727272727E-02,0.997351865593,-3.1807434927E-16
    ));
#460 = ORIENTED_EDGE('',*,*,#461,.F.);
#461 = EDGE_CURVE('',#462,#454,#464,.T.);
#462 = VERTEX_POINT('',#463);
#463 = CARTESIAN_POINT('',(14.925,111.49812382665,-1.365700786425E-14));
#464 = CIRCLE('',#465,1.5);
#465 = AXIS2_PLACEMENT_3D('',#466,#467,#468);
#466 = CARTESIAN_POINT('',(15.,110.,-3.108533453694E-14));
#467 = DIRECTION('',(4.410223024625E-16,2.2E-16,1.));
#468 = DIRECTION('',(7.8E-16,1.,-2.2E-16));
#469 = ORIENTED_EDGE('',*,*,#470,.T.);
#470 = EDGE_CURVE('',#462,#471,#473,.T.);
#471 = VERTEX_POINT('',#472);
#472 = CARTESIAN_POINT('',(14.491426212681,113.8727982548,
    -9.608871504098E-15));
#473 = CIRCLE('',#474,15.);
#474 = AXIS2_PLACEMENT_3D('',#475,#476,#477);
#475 = CARTESIAN_POINT('',(8.549E-14,110.,-2.442E-14));
#476 = DIRECTION('',(4.410223024625E-16,2.2E-16,1.));
#477 = DIRECTION('',(7.8E-16,1.,-2.2E-16));
#478 = ORIENTED_EDGE('',*,*,#479,.T.);
#479 = EDGE_CURVE('',#471,#480,#482,.T.);
#480 = VERTEX_POINT('',#481);
#481 = CARTESIAN_POINT('',(11.28177317887,119.88542330608,
    -8.252528434178E-15));
#482 = CIRCLE('',#483,15.);
#483 = AXIS2_PLACEMENT_3D('',#484,#485,#486);
#484 = CARTESIAN_POINT('',(8.549E-14,110.,-2.442E-14));
#485 = DIRECTION('',(4.410223024625E-16,2.2E-16,1.));
#486 = DIRECTION('',(7.8E-16,1.,-2.2E-16));
#487 = ORIENTED_EDGE('',*,*,#488,.F.);
#488 = EDGE_CURVE('',#489,#480,#491,.T.);
#489 = VERTEX_POINT('',#490);
#490 = CARTESIAN_POINT('',(7.484894415121,120.13589441512,
    -5.830990211656E-15));
#491 = CIRCLE('',#492,2.690634137436);
#492 = AXIS2_PLACEMENT_3D('',#493,#494,#495);
#493 = CARTESIAN_POINT('',(9.258098242479,118.11221947873,
    -3.03378553833E-14));
#494 = DIRECTION('',(-4.410223024625E-16,-2.2E-16,-1.));
#495 = DIRECTION('',(-7.8E-16,-1.,2.2E-16));
#496 = ORIENTED_EDGE('',*,*,#497,.F.);
#497 = EDGE_CURVE('',#168,#489,#498,.T.);
#498 = CIRCLE('',#499,12.6);
#499 = AXIS2_PLACEMENT_3D('',#500,#501,#502);
#500 = CARTESIAN_POINT('',(8.549E-14,110.,-2.442E-14));
#501 = DIRECTION('',(-4.410223024625E-16,-2.2E-16,-1.));
#502 = DIRECTION('',(-7.8E-16,-1.,2.2E-16));
#503 = ORIENTED_EDGE('',*,*,#167,.T.);
#504 = ORIENTED_EDGE('',*,*,#505,.T.);
#505 = EDGE_CURVE('',#160,#133,#506,.T.);
#506 = B_SPLINE_CURVE_WITH_KNOTS('',7,(#507,#508,#509,#510,#511,#512,
    #513,#514,#515,#516,#517,#518,#519,#520,#521,#522,#523,#524,#525,
    #526,#527,#528,#529,#530,#531,#532,#533,#534,#535,#536,#537,#538,
    #539,#540,#541,#542,#543,#544,#545,#546,#547,#548,#549,#550),
  .UNSPECIFIED.,.F.,.F.,(8,6,6,6,6,6,6,8),(0.,0.120824736434,
    0.218924026527,0.500018449121,0.704445133216,0.781078986321,
    0.879176926364,1.),.UNSPECIFIED.);
#507 = CARTESIAN_POINT('',(-2.444000704214,123.10659408136,
    -2.26786614146E-14));
#508 = CARTESIAN_POINT('',(-2.724189186973,123.09295922101,
    -2.213755424412E-14));
#509 = CARTESIAN_POINT('',(-3.003831780082,123.0670276338,
    -2.161650767957E-14));
#510 = CARTESIAN_POINT('',(-3.282350126311,123.02953741753,
    -2.107558593149E-14));
#511 = CARTESIAN_POINT('',(-3.559256549819,122.98118088035,
    -2.055484314278E-14));
#512 = CARTESIAN_POINT('',(-3.834152234428,122.92259675492,
    -2.002432359094E-14));
#513 = CARTESIAN_POINT('',(-4.106725401895,122.85436241252,
    -1.94940618903E-14));
#514 = CARTESIAN_POINT('',(-4.595985816703,122.71416315042,
    -1.854974307254E-14));
#515 = CARTESIAN_POINT('',(-4.813526421858,122.64531809983,
    -1.812559121368E-14));
#516 = CARTESIAN_POINT('',(-5.029240600695,122.57072616312,
    -1.770164212887E-14));
#517 = CARTESIAN_POINT('',(-5.243012017046,122.49064061627,
    -1.727790873403E-14));
#518 = CARTESIAN_POINT('',(-5.454738752643,122.40529325217,
    -1.686440234435E-14));
#519 = CARTESIAN_POINT('',(-5.664333356225,122.31489485907,
    -1.645113266888E-14));
#520 = CARTESIAN_POINT('',(-6.465978385633,121.94667940643,
    -1.485213219195E-14));
#521 = CARTESIAN_POINT('',(-7.041844485819,121.63394413865,
    -1.37081982116E-14));
#522 = CARTESIAN_POINT('',(-7.598001871581,121.28578977461,
    -1.25864523381E-14));
#523 = CARTESIAN_POINT('',(-8.132926240401,120.90551050286,
    -1.149706380303E-14));
#524 = CARTESIAN_POINT('',(-8.645192988139,120.49585466255,
    -1.045019076922E-14));
#525 = CARTESIAN_POINT('',(-9.133432493879,120.05895566154,
    -9.435985295144E-15));
#526 = CARTESIAN_POINT('',(-9.932738699398,119.25964945602,
    -7.747244479834E-15));
#527 = CARTESIAN_POINT('',(-10.25567160402,118.9095620488,
    -7.071391725221E-15));
#528 = CARTESIAN_POINT('',(-10.56439079822,118.54654482007,
    -6.397117009468E-15));
#529 = CARTESIAN_POINT('',(-10.85812263,118.17116853637,
    -5.764506225196E-15));
#530 = CARTESIAN_POINT('',(-11.13595296391,117.78398777579,
    -5.153660861832E-15));
#531 = CARTESIAN_POINT('',(-11.3968164856,117.3855357658,
    -4.584699193026E-15));
#532 = CARTESIAN_POINT('',(-11.73039846448,116.82287251355,
    -3.82766415367E-15));
#533 = CARTESIAN_POINT('',(-11.81878614512,116.66794635622,
    -3.627851149856E-15));
#534 = CARTESIAN_POINT('',(-11.90453892441,116.51153805912,
    -3.438330678856E-15));
#535 = CARTESIAN_POINT('',(-11.98758282709,116.35367809766,
    -3.239110953575E-15));
#536 = CARTESIAN_POINT('',(-12.06783815632,116.19439894136,
    -3.06020082214E-15));
#537 = CARTESIAN_POINT('',(-12.14521949368,116.0337350538,
    -2.871609767899E-15));
#538 = CARTESIAN_POINT('',(-12.31489485906,115.66433335622,
    -2.472772018162E-15));
#539 = CARTESIAN_POINT('',(-12.40529325217,115.45473875264,
    -2.252735780421E-15));
#540 = CARTESIAN_POINT('',(-12.49064061627,115.24301201704,
    -2.053260319549E-15));
#541 = CARTESIAN_POINT('',(-12.57072616312,115.02924060069,
    -1.844369037745E-15));
#542 = CARTESIAN_POINT('',(-12.64531809983,114.81352642185,
    -1.666087669185E-15));
#543 = CARTESIAN_POINT('',(-12.71416315042,114.5959858167,
    -1.488444333156E-15));
#544 = CARTESIAN_POINT('',(-12.85436241252,114.10672540189,
    -1.122879088274E-15));
#545 = CARTESIAN_POINT('',(-12.92259675492,113.83415223442,
    -9.253035544732E-16));
#546 = CARTESIAN_POINT('',(-12.98118088035,113.55925654982,
    -7.487994099803E-16));
#547 = CARTESIAN_POINT('',(-13.02953741753,113.28235012631,
    -6.034307558841E-16));
#548 = CARTESIAN_POINT('',(-13.0670276338,113.00383178008,
    -4.692685057539E-16));
#549 = CARTESIAN_POINT('',(-13.09295922101,112.72418918697,
    -3.563895212352E-16));
#550 = CARTESIAN_POINT('',(-13.10659408136,112.44400070421,
    -2.648757476459E-16));
#551 = ORIENTED_EDGE('',*,*,#132,.T.);
#552 = ORIENTED_EDGE('',*,*,#553,.F.);
#553 = EDGE_CURVE('',#554,#135,#556,.T.);
#554 = VERTEX_POINT('',#555);
#555 = CARTESIAN_POINT('',(-10.13589441512,102.51510558487,
    1.012531033548E-14));
#556 = CIRCLE('',#557,12.6);
#557 = AXIS2_PLACEMENT_3D('',#558,#559,#560);
#558 = CARTESIAN_POINT('',(8.549E-14,110.,-2.442E-14));
#559 = DIRECTION('',(-4.410223024625E-16,-2.2E-16,-1.));
#560 = DIRECTION('',(-7.8E-16,-1.,2.2E-16));
#561 = ORIENTED_EDGE('',*,*,#562,.F.);
#562 = EDGE_CURVE('',#563,#554,#565,.T.);
#563 = VERTEX_POINT('',#564);
#564 = CARTESIAN_POINT('',(-14.15485919921,97.863909406144,
    9.571505059329E-15));
#565 = CIRCLE('',#566,4.346590838164);
#566 = AXIS2_PLACEMENT_3D('',#567,#568,#569);
#567 = CARTESIAN_POINT('',(-9.819778717799,98.180025103465,
    -1.743978555708E-14));
#568 = DIRECTION('',(-4.410223024625E-16,-2.2E-16,-1.));
#569 = DIRECTION('',(-7.8E-16,-1.,2.2E-16));
#570 = ORIENTED_EDGE('',*,*,#571,.F.);
#571 = EDGE_CURVE('',#572,#563,#574,.T.);
#572 = VERTEX_POINT('',#573);
#573 = CARTESIAN_POINT('',(-11.39745471926,60.05,1.026537166515E-14));
#574 = LINE('',#575,#576);
#575 = CARTESIAN_POINT('',(-6.98146305915,-0.509090909095,
    3.215098103384E-15));
#576 = VECTOR('',#577,1.);
#577 = DIRECTION('',(-7.272727272727E-02,0.997351865593,
    -1.9192565073E-16));
#578 = ORIENTED_EDGE('',*,*,#579,.F.);
#579 = EDGE_CURVE('',#580,#572,#582,.T.);
#580 = VERTEX_POINT('',#581);
#581 = CARTESIAN_POINT('',(-4.549725266431,60.05,6.505120974651E-15));
#582 = LINE('',#583,#584);
#583 = CARTESIAN_POINT('',(4.667E-14,60.05,-1.333E-14));
#584 = VECTOR('',#585,1.);
#585 = DIRECTION('',(-1.,-5.6E-16,4.410223024625E-16));
#586 = ORIENTED_EDGE('',*,*,#587,.F.);
#587 = EDGE_CURVE('',#588,#580,#590,.T.);
#588 = VERTEX_POINT('',#589);
#589 = CARTESIAN_POINT('',(-0.375,64.53452037155,4.163336342344E-17));
#590 = CIRCLE('',#591,4.55);
#591 = AXIS2_PLACEMENT_3D('',#592,#593,#594);
#592 = CARTESIAN_POINT('',(7.994E-14,60.,-1.325E-14));
#593 = DIRECTION('',(1.321022302463E-15,2.2E-16,1.));
#594 = DIRECTION('',(-9.25925925926E-02,0.995704078427,
    -9.673801739638E-17));
#595 = ORIENTED_EDGE('',*,*,#596,.F.);
#596 = EDGE_CURVE('',#597,#588,#599,.T.);
#597 = VERTEX_POINT('',#598);
#598 = CARTESIAN_POINT('',(-0.375,65.032601517631,4.163336342344E-17));
#599 = LINE('',#600,#601);
#600 = CARTESIAN_POINT('',(-0.375,65.032601517631,-1.427836663658E-14));
#601 = VECTOR('',#602,1.);
#602 = DIRECTION('',(-7.8E-16,-1.,2.2E-16));
#603 = ORIENTED_EDGE('',*,*,#604,.F.);
#604 = EDGE_CURVE('',#605,#597,#607,.T.);
#605 = VERTEX_POINT('',#606);
#606 = CARTESIAN_POINT('',(0.375,65.032601517631,-4.163336342345E-17));
#607 = LINE('',#608,#609);
#608 = CARTESIAN_POINT('',(0.375,65.032601517631,-1.461163336342E-14));
#609 = VECTOR('',#610,1.);
#610 = DIRECTION('',(-1.,-5.6E-16,4.410223024625E-16));
#611 = ORIENTED_EDGE('',*,*,#612,.F.);
#612 = EDGE_CURVE('',#613,#605,#615,.T.);
#613 = VERTEX_POINT('',#614);
#614 = CARTESIAN_POINT('',(0.375,64.53452037155,-4.163336342345E-17));
#615 = LINE('',#616,#617);
#616 = CARTESIAN_POINT('',(0.375,64.032601517631,-1.438163336342E-14));
#617 = VECTOR('',#618,1.);
#618 = DIRECTION('',(7.8E-16,1.,-2.2E-16));
#619 = ORIENTED_EDGE('',*,*,#620,.F.);
#620 = EDGE_CURVE('',#621,#613,#623,.T.);
#621 = VERTEX_POINT('',#622);
#622 = CARTESIAN_POINT('',(-4.549725266431,59.95,6.505120974651E-15));
#623 = CIRCLE('',#624,4.55);
#624 = AXIS2_PLACEMENT_3D('',#625,#626,#627);
#625 = CARTESIAN_POINT('',(7.994E-14,60.,-1.325E-14));
#626 = DIRECTION('',(1.321022302463E-15,2.2E-16,1.));
#627 = DIRECTION('',(-9.25925925926E-02,0.995704078427,
    -9.673801739638E-17));
#628 = ORIENTED_EDGE('',*,*,#629,.F.);
#629 = EDGE_CURVE('',#370,#621,#630,.T.);
#630 = LINE('',#631,#632);
#631 = CARTESIAN_POINT('',(-20.,59.95,-4.42955395075E-15));
#632 = VECTOR('',#633,1.);
#633 = DIRECTION('',(1.,5.6E-16,-4.410223024625E-16));
#634 = FACE_BOUND('',#635,.F.);
#635 = EDGE_LOOP('',(#636));
#636 = ORIENTED_EDGE('',*,*,#637,.F.);
#637 = EDGE_CURVE('',#638,#638,#640,.T.);
#638 = VERTEX_POINT('',#639);
#639 = CARTESIAN_POINT('',(6.7E-14,121.,-7.438494264989E-30));
#640 = CIRCLE('',#641,1.);
#641 = AXIS2_PLACEMENT_3D('',#642,#643,#644);
#642 = CARTESIAN_POINT('',(9.326E-14,120.,-2.665E-14));
#643 = DIRECTION('',(4.410223024625E-16,2.2E-16,1.));
#644 = DIRECTION('',(7.8E-16,1.,-2.2E-16));
#645 = FACE_BOUND('',#646,.F.);
#646 = EDGE_LOOP('',(#647,#657,#665,#673,#681,#689,#697,#705,#713,#721,
    #729,#737,#745,#753,#761,#769,#777,#785));
#647 = ORIENTED_EDGE('',*,*,#648,.F.);
#648 = EDGE_CURVE('',#649,#651,#653,.T.);
#649 = VERTEX_POINT('',#650);
#650 = CARTESIAN_POINT('',(-3.999999929289,76.000000070711,
    1.4444089202E-14));
#651 = VERTEX_POINT('',#652);
#652 = CARTESIAN_POINT('',(1.656854320203,70.343145821218,
    1.381605221853E-14));
#653 = LINE('',#654,#655);
#654 = CARTESIAN_POINT('',(-3.999999929289,76.000000070711,
    1.4444089202E-14));
#655 = VECTOR('',#656,1.);
#656 = DIRECTION('',(0.707106781187,-0.707106781187,-7.850462293419E-17)
  );
#657 = ORIENTED_EDGE('',*,*,#658,.F.);
#658 = EDGE_CURVE('',#659,#649,#661,.T.);
#659 = VERTEX_POINT('',#660);
#660 = CARTESIAN_POINT('',(-2.859173581735,77.140826418265,
    1.431743203418E-14));
#661 = LINE('',#662,#663);
#662 = CARTESIAN_POINT('',(-2.859173581735,77.140826418265,
    1.431743203418E-14));
#663 = VECTOR('',#664,1.);
#664 = DIRECTION('',(-0.707106781187,-0.707106781187,7.850462293419E-17)
  );
#665 = ORIENTED_EDGE('',*,*,#666,.F.);
#666 = EDGE_CURVE('',#667,#659,#669,.T.);
#667 = VERTEX_POINT('',#668);
#668 = CARTESIAN_POINT('',(-0.491188081948,74.772840918477,
    1.40545328318E-14));
#669 = LINE('',#670,#671);
#670 = CARTESIAN_POINT('',(-0.491188081948,74.772840918477,
    1.40545328318E-14));
#671 = VECTOR('',#672,1.);
#672 = DIRECTION('',(-0.707106781187,0.707106781187,7.850462293419E-17)
  );
#673 = ORIENTED_EDGE('',*,*,#674,.F.);
#674 = EDGE_CURVE('',#675,#667,#677,.T.);
#675 = VERTEX_POINT('',#676);
#676 = CARTESIAN_POINT('',(-0.259939497984,75.004089502441,
    1.402885908157E-14));
#677 = LINE('',#678,#679);
#678 = CARTESIAN_POINT('',(-0.259939497984,75.004089502441,
    1.402885908157E-14));
#679 = VECTOR('',#680,1.);
#680 = DIRECTION('',(-0.707106781187,-0.707106781187,7.850462293419E-17)
  );
#681 = ORIENTED_EDGE('',*,*,#682,.F.);
#682 = EDGE_CURVE('',#683,#675,#685,.T.);
#683 = VERTEX_POINT('',#684);
#684 = CARTESIAN_POINT('',(0.250605986833,75.642078651309,
    1.397217714633E-14));
#685 = B_SPLINE_CURVE_WITH_KNOTS('',2,(#686,#687,#688),.UNSPECIFIED.,.F.
  ,.F.,(3,3),(0.,1.),.PIECEWISE_BEZIER_KNOTS.);
#686 = CARTESIAN_POINT('',(0.250605986833,75.642078651309,
    1.397217714633E-14));
#687 = CARTESIAN_POINT('',(0.133183094754,75.397212095179,
    1.398521370617E-14));
#688 = CARTESIAN_POINT('',(-0.259939497984,75.004089502441,
    1.402885908157E-14));
#689 = ORIENTED_EDGE('',*,*,#690,.F.);
#690 = EDGE_CURVE('',#691,#683,#693,.T.);
#691 = VERTEX_POINT('',#692);
#692 = CARTESIAN_POINT('',(0.358008106941,76.22071399696,
    1.396025311567E-14));
#693 = B_SPLINE_CURVE_WITH_KNOTS('',2,(#694,#695,#696),.UNSPECIFIED.,.F.
  ,.F.,(3,3),(0.,1.),.PIECEWISE_BEZIER_KNOTS.);
#694 = CARTESIAN_POINT('',(0.358008106941,76.22071399696,
    1.396025311567E-14));
#695 = CARTESIAN_POINT('',(0.368028878912,75.88694520744,
    1.395914058649E-14));
#696 = CARTESIAN_POINT('',(0.250605986833,75.642078651309,
    1.397217714633E-14));
#697 = ORIENTED_EDGE('',*,*,#698,.F.);
#698 = EDGE_CURVE('',#699,#691,#701,.T.);
#699 = VERTEX_POINT('',#700);
#700 = CARTESIAN_POINT('',(0.12753035159,77.653684388922,
    1.398584128673E-14));
#701 = B_SPLINE_CURVE_WITH_KNOTS('',2,(#702,#703,#704),.UNSPECIFIED.,.F.
  ,.F.,(3,3),(0.,1.),.PIECEWISE_BEZIER_KNOTS.);
#702 = CARTESIAN_POINT('',(0.12753035159,77.653684388922,
    1.398584128673E-14));
#703 = CARTESIAN_POINT('',(0.34824427784,76.55422584361,
    1.396133711845E-14));
#704 = CARTESIAN_POINT('',(0.358008106941,76.22071399696,
    1.396025311567E-14));
#705 = ORIENTED_EDGE('',*,*,#706,.F.);
#706 = EDGE_CURVE('',#707,#699,#709,.T.);
#707 = VERTEX_POINT('',#708);
#708 = CARTESIAN_POINT('',(-0.284606013607,79.715393986393,
    1.403159761493E-14));
#709 = LINE('',#710,#711);
#710 = CARTESIAN_POINT('',(-0.284606013607,79.715393986393,
    1.403159761493E-14));
#711 = VECTOR('',#712,1.);
#712 = DIRECTION('',(0.196022127845,-0.980599472463,-2.176282796699E-17)
  );
#713 = ORIENTED_EDGE('',*,*,#714,.F.);
#714 = EDGE_CURVE('',#715,#707,#717,.T.);
#715 = VERTEX_POINT('',#716);
#716 = CARTESIAN_POINT('',(1.079760631778,81.079760631778,
    1.388012248855E-14));
#717 = LINE('',#718,#719);
#718 = CARTESIAN_POINT('',(1.079760631778,81.079760631778,
    1.388012248855E-14));
#719 = VECTOR('',#720,1.);
#720 = DIRECTION('',(-0.707106781187,-0.707106781187,7.850462293419E-17)
  );
#721 = ORIENTED_EDGE('',*,*,#722,.F.);
#722 = EDGE_CURVE('',#723,#715,#725,.T.);
#723 = VERTEX_POINT('',#724);
#724 = CARTESIAN_POINT('',(1.496265025784,79.283473020123,
    1.383388121174E-14));
#725 = LINE('',#726,#727);
#726 = CARTESIAN_POINT('',(1.496265025784,79.283473020123,
    1.383388121174E-14));
#727 = VECTOR('',#728,1.);
#728 = DIRECTION('',(-0.225877066951,0.974155814347,2.50773920464E-17));
#729 = ORIENTED_EDGE('',*,*,#730,.F.);
#730 = EDGE_CURVE('',#731,#723,#733,.T.);
#731 = VERTEX_POINT('',#732);
#732 = CARTESIAN_POINT('',(1.767596697635,77.713038192139,
    1.38037573448E-14));
#733 = B_SPLINE_CURVE_WITH_KNOTS('',2,(#734,#735,#736),.UNSPECIFIED.,.F.
  ,.F.,(3,3),(0.,1.),.PIECEWISE_BEZIER_KNOTS.);
#734 = CARTESIAN_POINT('',(1.767596697635,77.713038192139,
    1.38037573448E-14));
#735 = CARTESIAN_POINT('',(1.749353753789,78.213305962114,
    1.380578271843E-14));
#736 = CARTESIAN_POINT('',(1.496265025784,79.283473020123,
    1.383388121174E-14));
#737 = ORIENTED_EDGE('',*,*,#738,.F.);
#738 = EDGE_CURVE('',#739,#731,#741,.T.);
#739 = VERTEX_POINT('',#740);
#740 = CARTESIAN_POINT('',(1.632701690322,76.626426790381,
    1.381873369911E-14));
#741 = B_SPLINE_CURVE_WITH_KNOTS('',2,(#742,#743,#744),.UNSPECIFIED.,.F.
  ,.F.,(3,3),(0.,1.),.PIECEWISE_BEZIER_KNOTS.);
#742 = CARTESIAN_POINT('',(1.632701690322,76.626426790381,
    1.381873369911E-14));
#743 = CARTESIAN_POINT('',(1.786096584352,77.213027365035,
    1.380170344478E-14));
#744 = CARTESIAN_POINT('',(1.767596697635,77.713038192139,
    1.38037573448E-14));
#745 = ORIENTED_EDGE('',*,*,#746,.F.);
#746 = EDGE_CURVE('',#747,#739,#749,.T.);
#747 = VERTEX_POINT('',#748);
#748 = CARTESIAN_POINT('',(3.272254150625,77.222277308394,
    1.363670680996E-14));
#749 = B_SPLINE_CURVE_WITH_KNOTS('',2,(#750,#751,#752),.UNSPECIFIED.,.F.
  ,.F.,(3,3),(0.,1.),.PIECEWISE_BEZIER_KNOTS.);
#750 = CARTESIAN_POINT('',(3.272254150625,77.222277308394,
    1.363670680996E-14));
#751 = CARTESIAN_POINT('',(2.484467307922,77.262360396281,
    1.372416871908E-14));
#752 = CARTESIAN_POINT('',(1.632701690322,76.626426790381,
    1.381873369911E-14));
#753 = ORIENTED_EDGE('',*,*,#754,.F.);
#754 = EDGE_CURVE('',#755,#747,#757,.T.);
#755 = VERTEX_POINT('',#756);
#756 = CARTESIAN_POINT('',(4.695460713485,76.546774500349,
    1.347869914047E-14));
#757 = B_SPLINE_CURVE_WITH_KNOTS('',2,(#758,#759,#760),.UNSPECIFIED.,.F.
  ,.F.,(3,3),(0.,1.),.PIECEWISE_BEZIER_KNOTS.);
#758 = CARTESIAN_POINT('',(4.695460713485,76.546774500349,
    1.347869914047E-14));
#759 = CARTESIAN_POINT('',(4.060040993327,77.182194220507,
    1.354924490083E-14));
#760 = CARTESIAN_POINT('',(3.272254150625,77.222277308394,
    1.363670680996E-14));
#761 = ORIENTED_EDGE('',*,*,#762,.F.);
#762 = EDGE_CURVE('',#763,#755,#765,.T.);
#763 = VERTEX_POINT('',#764);
#764 = CARTESIAN_POINT('',(5.338074834033,75.410830067346,
    1.340735464121E-14));
#765 = B_SPLINE_CURVE_WITH_KNOTS('',2,(#766,#767,#768),.UNSPECIFIED.,.F.
  ,.F.,(3,3),(0.,1.),.PIECEWISE_BEZIER_KNOTS.);
#766 = CARTESIAN_POINT('',(5.338074834033,75.410830067346,
    1.340735464121E-14));
#767 = CARTESIAN_POINT('',(5.195985426331,76.046249787503,
    1.342312973441E-14));
#768 = CARTESIAN_POINT('',(4.695460713485,76.546774500349,
    1.347869914047E-14));
#769 = ORIENTED_EDGE('',*,*,#770,.F.);
#770 = EDGE_CURVE('',#771,#763,#773,.T.);
#771 = VERTEX_POINT('',#772);
#772 = CARTESIAN_POINT('',(5.221936656309,74.212448516672,
    1.34202485691E-14));
#773 = B_SPLINE_CURVE_WITH_KNOTS('',2,(#774,#775,#776),.UNSPECIFIED.,.F.
  ,.F.,(3,3),(0.,1.),.PIECEWISE_BEZIER_KNOTS.);
#774 = CARTESIAN_POINT('',(5.221936656309,74.212448516672,
    1.34202485691E-14));
#775 = CARTESIAN_POINT('',(5.480421184606,74.775153404317,
    1.339155102162E-14));
#776 = CARTESIAN_POINT('',(5.338074834033,75.410830067346,
    1.340735464121E-14));
#777 = ORIENTED_EDGE('',*,*,#778,.F.);
#778 = EDGE_CURVE('',#779,#771,#781,.T.);
#779 = VERTEX_POINT('',#780);
#780 = CARTESIAN_POINT('',(4.057985450359,72.744276951374,
    1.354947311194E-14));
#781 = B_SPLINE_CURVE_WITH_KNOTS('',2,(#782,#783,#784),.UNSPECIFIED.,.F.
  ,.F.,(3,3),(0.,1.),.PIECEWISE_BEZIER_KNOTS.);
#782 = CARTESIAN_POINT('',(4.057985450359,72.744276951374,
    1.354947311194E-14));
#783 = CARTESIAN_POINT('',(4.963709070883,73.650000571898,
    1.34489175902E-14));
#784 = CARTESIAN_POINT('',(5.221936656309,74.212448516672,
    1.34202485691E-14));
#785 = ORIENTED_EDGE('',*,*,#786,.F.);
#786 = EDGE_CURVE('',#651,#779,#787,.T.);
#787 = LINE('',#788,#789);
#788 = CARTESIAN_POINT('',(1.656854320203,70.343145821218,
    1.381605221853E-14));
#789 = VECTOR('',#790,1.);
#790 = DIRECTION('',(0.707106781187,0.707106781187,-7.850462293419E-17)
  );
#791 = PLANE('',#792);
#792 = AXIS2_PLACEMENT_3D('',#793,#794,#795);
#793 = CARTESIAN_POINT('',(7.474896724331E-02,61.509492401682,
    -1.368829880245E-14));
#794 = DIRECTION('',(-1.321022302463E-15,-2.2E-16,-1.));
#795 = DIRECTION('',(1.,5.6E-16,-1.321022302463E-15));
#796 = ADVANCED_FACE('',(#797),#816,.T.);
#797 = FACE_BOUND('',#798,.T.);
#798 = EDGE_LOOP('',(#799,#800,#801,#809));
#799 = ORIENTED_EDGE('',*,*,#193,.F.);
#800 = ORIENTED_EDGE('',*,*,#553,.F.);
#801 = ORIENTED_EDGE('',*,*,#802,.T.);
#802 = EDGE_CURVE('',#554,#803,#805,.T.);
#803 = VERTEX_POINT('',#804);
#804 = CARTESIAN_POINT('',(-10.13589441512,102.51510558487,2.));
#805 = LINE('',#806,#807);
#806 = CARTESIAN_POINT('',(-10.13589441512,102.51510558487,
    -5.884689664516E-15));
#807 = VECTOR('',#808,1.);
#808 = DIRECTION('',(7.710223024625E-16,1.11E-15,1.));
#809 = ORIENTED_EDGE('',*,*,#810,.F.);
#810 = EDGE_CURVE('',#185,#803,#811,.T.);
#811 = CIRCLE('',#812,12.6);
#812 = AXIS2_PLACEMENT_3D('',#813,#814,#815);
#813 = CARTESIAN_POINT('',(1.473265953678E-13,110.,2.));
#814 = DIRECTION('',(7.710223024625E-16,4.4E-16,1.));
#815 = DIRECTION('',(1.34E-15,1.,-4.4E-16));
#816 = CYLINDRICAL_SURFACE('',#817,12.6);
#817 = AXIS2_PLACEMENT_3D('',#818,#819,#820);
#818 = CARTESIAN_POINT('',(2.1982E-13,110.,-2.442E-14));
#819 = DIRECTION('',(-9.910223024625E-16,-8.9E-16,-1.));
#820 = DIRECTION('',(-2.E-15,-1.,8.9E-16));
#821 = ADVANCED_FACE('',(#822),#851,.F.);
#822 = FACE_BOUND('',#823,.T.);
#823 = EDGE_LOOP('',(#824,#835,#842,#843,#844));
#824 = ORIENTED_EDGE('',*,*,#825,.T.);
#825 = EDGE_CURVE('',#826,#828,#830,.T.);
#826 = VERTEX_POINT('',#827);
#827 = CARTESIAN_POINT('',(7.484894415122,120.13589441512,2.));
#828 = VERTEX_POINT('',#829);
#829 = CARTESIAN_POINT('',(1.912220446049E-13,122.6,2.));
#830 = CIRCLE('',#831,12.6);
#831 = AXIS2_PLACEMENT_3D('',#832,#833,#834);
#832 = CARTESIAN_POINT('',(1.473265953678E-13,110.,2.));
#833 = DIRECTION('',(7.710223024625E-16,4.4E-16,1.));
#834 = DIRECTION('',(1.34E-15,1.,-4.4E-16));
#835 = ORIENTED_EDGE('',*,*,#836,.T.);
#836 = EDGE_CURVE('',#828,#177,#837,.T.);
#837 = CIRCLE('',#838,12.6);
#838 = AXIS2_PLACEMENT_3D('',#839,#840,#841);
#839 = CARTESIAN_POINT('',(1.473265953678E-13,110.,2.));
#840 = DIRECTION('',(7.710223024625E-16,4.4E-16,1.));
#841 = DIRECTION('',(1.34E-15,1.,-4.4E-16));
#842 = ORIENTED_EDGE('',*,*,#184,.F.);
#843 = ORIENTED_EDGE('',*,*,#810,.T.);
#844 = ORIENTED_EDGE('',*,*,#845,.T.);
#845 = EDGE_CURVE('',#803,#826,#846,.T.);
#846 = CIRCLE('',#847,13.5);
#847 = AXIS2_PLACEMENT_3D('',#848,#849,#850);
#848 = CARTESIAN_POINT('',(-5.,115.,2.));
#849 = DIRECTION('',(6.610223024625E-16,2.2E-16,1.));
#850 = DIRECTION('',(1.E-15,1.,-2.2E-16));
#851 = PLANE('',#852);
#852 = AXIS2_PLACEMENT_3D('',#853,#854,#855);
#853 = CARTESIAN_POINT('',(4.307665335546E-14,56.338342266413,2.));
#854 = DIRECTION('',(-4.410223024625E-16,-2.2E-16,-1.));
#855 = DIRECTION('',(1.,5.6E-16,-4.410223024625E-16));
#856 = ADVANCED_FACE('',(#857),#869,.T.);
#857 = FACE_BOUND('',#858,.T.);
#858 = EDGE_LOOP('',(#859,#865,#866,#867,#868));
#859 = ORIENTED_EDGE('',*,*,#860,.F.);
#860 = EDGE_CURVE('',#489,#826,#861,.T.);
#861 = LINE('',#862,#863);
#862 = CARTESIAN_POINT('',(7.484894415122,120.13589441512,
    -3.914099021166E-14));
#863 = VECTOR('',#864,1.);
#864 = DIRECTION('',(7.710223024625E-16,1.11E-15,1.));
#865 = ORIENTED_EDGE('',*,*,#497,.F.);
#866 = ORIENTED_EDGE('',*,*,#176,.F.);
#867 = ORIENTED_EDGE('',*,*,#836,.F.);
#868 = ORIENTED_EDGE('',*,*,#825,.F.);
#869 = CYLINDRICAL_SURFACE('',#870,12.6);
#870 = AXIS2_PLACEMENT_3D('',#871,#872,#873);
#871 = CARTESIAN_POINT('',(2.1982E-13,110.,-2.442E-14));
#872 = DIRECTION('',(-9.910223024625E-16,-8.9E-16,-1.));
#873 = DIRECTION('',(-2.E-15,-1.,8.9E-16));
#874 = ADVANCED_FACE('',(#875),#881,.F.);
#875 = FACE_BOUND('',#876,.F.);
#876 = EDGE_LOOP('',(#877,#878,#879,#880));
#877 = ORIENTED_EDGE('',*,*,#347,.F.);
#878 = ORIENTED_EDGE('',*,*,#143,.T.);
#879 = ORIENTED_EDGE('',*,*,#505,.F.);
#880 = ORIENTED_EDGE('',*,*,#159,.F.);
#881 = SURFACE_OF_LINEAR_EXTRUSION('',#882,#887);
#882 = ELLIPSE('',#883,9.458578491931,6.5);
#883 = AXIS2_PLACEMENT_3D('',#884,#885,#886);
#884 = CARTESIAN_POINT('',(-5.,115.,1.));
#885 = DIRECTION('',(-6.610223024625E-16,-2.2E-16,-1.));
#886 = DIRECTION('',(-0.707106781187,-0.707106781187,6.229768444478E-16)
  );
#887 = VECTOR('',#888,1.);
#888 = DIRECTION('',(4.410223024625E-16,4.4E-16,1.));
#889 = ADVANCED_FACE('',(#890),#909,.F.);
#890 = FACE_BOUND('',#891,.T.);
#891 = EDGE_LOOP('',(#892,#900,#907,#908));
#892 = ORIENTED_EDGE('',*,*,#893,.T.);
#893 = EDGE_CURVE('',#298,#894,#896,.T.);
#894 = VERTEX_POINT('',#895);
#895 = CARTESIAN_POINT('',(-5.,116.45,0.5));
#896 = LINE('',#897,#898);
#897 = CARTESIAN_POINT('',(-5.,116.45,7.5));
#898 = VECTOR('',#899,1.);
#899 = DIRECTION('',(-2.210223024625E-16,-6.6E-16,-1.));
#900 = ORIENTED_EDGE('',*,*,#901,.T.);
#901 = EDGE_CURVE('',#894,#894,#902,.T.);
#902 = CIRCLE('',#903,1.45);
#903 = AXIS2_PLACEMENT_3D('',#904,#905,#906);
#904 = CARTESIAN_POINT('',(-5.,115.,0.5));
#905 = DIRECTION('',(-4.410223024625E-16,-2.2E-16,-1.));
#906 = DIRECTION('',(7.8E-16,1.,-2.2E-16));
#907 = ORIENTED_EDGE('',*,*,#893,.F.);
#908 = ORIENTED_EDGE('',*,*,#307,.F.);
#909 = CYLINDRICAL_SURFACE('',#910,1.45);
#910 = AXIS2_PLACEMENT_3D('',#911,#912,#913);
#911 = CARTESIAN_POINT('',(-5.,115.,7.5));
#912 = DIRECTION('',(4.410223024625E-16,2.2E-16,1.));
#913 = DIRECTION('',(7.8E-16,1.,-2.2E-16));
#914 = ADVANCED_FACE('',(#915),#918,.F.);
#915 = FACE_BOUND('',#916,.F.);
#916 = EDGE_LOOP('',(#917));
#917 = ORIENTED_EDGE('',*,*,#330,.T.);
#918 = PLANE('',#919);
#919 = AXIS2_PLACEMENT_3D('',#920,#921,#922);
#920 = CARTESIAN_POINT('',(-1.,110.99999999994,5.25));
#921 = DIRECTION('',(-4.410223024625E-16,-2.2E-16,-1.));
#922 = DIRECTION('',(1.,5.6E-16,-4.410223024625E-16));
#923 = ADVANCED_FACE('',(#924),#972,.T.);
#924 = FACE_BOUND('',#925,.F.);
#925 = EDGE_LOOP('',(#926,#934,#935,#943,#951,#957,#958,#966));
#926 = ORIENTED_EDGE('',*,*,#927,.F.);
#927 = EDGE_CURVE('',#368,#928,#930,.T.);
#928 = VERTEX_POINT('',#929);
#929 = CARTESIAN_POINT('',(-6.98146305915,-0.509090909095,9.));
#930 = LINE('',#931,#932);
#931 = CARTESIAN_POINT('',(-6.98146305915,-0.509090909095,
    7.095098103384E-15));
#932 = VECTOR('',#933,1.);
#933 = DIRECTION('',(5.510223024625E-16,6.6E-16,1.));
#934 = ORIENTED_EDGE('',*,*,#367,.T.);
#935 = ORIENTED_EDGE('',*,*,#936,.F.);
#936 = EDGE_CURVE('',#937,#370,#939,.T.);
#937 = VERTEX_POINT('',#938);
#938 = CARTESIAN_POINT('',(-11.3901626817,59.95,0.25));
#939 = LINE('',#940,#941);
#940 = CARTESIAN_POINT('',(-11.3901626817,59.95,2.25));
#941 = VECTOR('',#942,1.);
#942 = DIRECTION('',(-1.271022302463E-15,-4.4E-16,-1.));
#943 = ORIENTED_EDGE('',*,*,#944,.T.);
#944 = EDGE_CURVE('',#937,#945,#947,.T.);
#945 = VERTEX_POINT('',#946);
#946 = CARTESIAN_POINT('',(-11.39745471926,60.05,0.25));
#947 = LINE('',#948,#949);
#948 = CARTESIAN_POINT('',(-9.896073445007,39.460675545809,0.25));
#949 = VECTOR('',#950,1.);
#950 = DIRECTION('',(-7.272727272727E-02,0.997351865593,
    -4.1192565073E-16));
#951 = ORIENTED_EDGE('',*,*,#952,.F.);
#952 = EDGE_CURVE('',#572,#945,#953,.T.);
#953 = LINE('',#954,#955);
#954 = CARTESIAN_POINT('',(-11.39745471926,60.05,2.25));
#955 = VECTOR('',#956,1.);
#956 = DIRECTION('',(1.271022302463E-15,4.4E-16,1.));
#957 = ORIENTED_EDGE('',*,*,#571,.T.);
#958 = ORIENTED_EDGE('',*,*,#959,.T.);
#959 = EDGE_CURVE('',#563,#960,#962,.T.);
#960 = VERTEX_POINT('',#961);
#961 = CARTESIAN_POINT('',(-14.15485919921,97.863909406144,9.));
#962 = LINE('',#963,#964);
#963 = CARTESIAN_POINT('',(-14.15485919921,97.863909406144,
    -1.230849494067E-14));
#964 = VECTOR('',#965,1.);
#965 = DIRECTION('',(4.410223024625E-16,4.4E-16,1.));
#966 = ORIENTED_EDGE('',*,*,#967,.F.);
#967 = EDGE_CURVE('',#928,#960,#968,.T.);
#968 = LINE('',#969,#970);
#969 = CARTESIAN_POINT('',(-6.98146305915,-0.509090909095,9.));
#970 = VECTOR('',#971,1.);
#971 = DIRECTION('',(-7.272727272727E-02,0.997351865593,
    -1.9192565073E-16));
#972 = PLANE('',#973);
#973 = AXIS2_PLACEMENT_3D('',#974,#975,#976);
#974 = CARTESIAN_POINT('',(-10.97087052152,54.199999999998,4.5));
#975 = DIRECTION('',(-0.997351865593,-7.272727272727E-02,
    6.407283004834E-16));
#976 = DIRECTION('',(7.272727272727E-02,-0.997351865593,1.9192565073E-16
    ));
#977 = ADVANCED_FACE('',(#978),#1021,.T.);
#978 = FACE_BOUND('',#979,.F.);
#979 = EDGE_LOOP('',(#980,#981,#982,#991,#997,#998,#1006,#1015));
#980 = ORIENTED_EDGE('',*,*,#377,.F.);
#981 = ORIENTED_EDGE('',*,*,#927,.T.);
#982 = ORIENTED_EDGE('',*,*,#983,.T.);
#983 = EDGE_CURVE('',#928,#984,#986,.T.);
#984 = VERTEX_POINT('',#985);
#985 = CARTESIAN_POINT('',(6.98146305915,-0.509090909095,9.));
#986 = CIRCLE('',#987,7.);
#987 = AXIS2_PLACEMENT_3D('',#988,#989,#990);
#988 = CARTESIAN_POINT('',(-7.105427357601E-15,-2.E-15,9.));
#989 = DIRECTION('',(4.410223024625E-16,2.2E-16,1.));
#990 = DIRECTION('',(7.8E-16,1.,-2.2E-16));
#991 = ORIENTED_EDGE('',*,*,#992,.F.);
#992 = EDGE_CURVE('',#445,#984,#993,.T.);
#993 = LINE('',#994,#995);
#994 = CARTESIAN_POINT('',(6.98146305915,-0.509090909095,
    -6.865098103384E-15));
#995 = VECTOR('',#996,1.);
#996 = DIRECTION('',(5.510223024625E-16,6.6E-16,1.));
#997 = ORIENTED_EDGE('',*,*,#444,.F.);
#998 = ORIENTED_EDGE('',*,*,#999,.F.);
#999 = EDGE_CURVE('',#1000,#437,#1002,.T.);
#1000 = VERTEX_POINT('',#1001);
#1001 = CARTESIAN_POINT('',(5.E-02,-6.999821426294,0.25));
#1002 = LINE('',#1003,#1004);
#1003 = CARTESIAN_POINT('',(4.999999999999E-02,-6.999821426294,
    6.184448884877E-15));
#1004 = VECTOR('',#1005,1.);
#1005 = DIRECTION('',(-9.910223024625E-16,-8.8E-16,-1.));
#1006 = ORIENTED_EDGE('',*,*,#1007,.F.);
#1007 = EDGE_CURVE('',#1008,#1000,#1010,.T.);
#1008 = VERTEX_POINT('',#1009);
#1009 = CARTESIAN_POINT('',(-5.E-02,-6.999821426294,0.25));
#1010 = CIRCLE('',#1011,7.);
#1011 = AXIS2_PLACEMENT_3D('',#1012,#1013,#1014);
#1012 = CARTESIAN_POINT('',(2.477555756156E-16,2.3E-16,0.25));
#1013 = DIRECTION('',(9.910223024625E-16,8.8E-16,1.));
#1014 = DIRECTION('',(2.01E-15,1.,-8.8E-16));
#1015 = ORIENTED_EDGE('',*,*,#1016,.T.);
#1016 = EDGE_CURVE('',#1008,#378,#1017,.T.);
#1017 = LINE('',#1018,#1019);
#1018 = CARTESIAN_POINT('',(-5.000000000001E-02,-6.999821426294,
    6.225551115123E-15));
#1019 = VECTOR('',#1020,1.);
#1020 = DIRECTION('',(-9.910223024625E-16,-8.8E-16,-1.));
#1021 = CYLINDRICAL_SURFACE('',#1022,7.);
#1022 = AXIS2_PLACEMENT_3D('',#1023,#1024,#1025);
#1023 = CARTESIAN_POINT('',(0.,0.,0.));
#1024 = DIRECTION('',(-7.710223024625E-16,-4.4E-16,-1.));
#1025 = DIRECTION('',(1.34E-15,1.,-4.4E-16));
#1026 = ADVANCED_FACE('',(#1027),#1046,.F.);
#1027 = FACE_BOUND('',#1028,.T.);
#1028 = EDGE_LOOP('',(#1029,#1030,#1031,#1039));
#1029 = ORIENTED_EDGE('',*,*,#629,.F.);
#1030 = ORIENTED_EDGE('',*,*,#936,.F.);
#1031 = ORIENTED_EDGE('',*,*,#1032,.T.);
#1032 = EDGE_CURVE('',#937,#1033,#1035,.T.);
#1033 = VERTEX_POINT('',#1034);
#1034 = CARTESIAN_POINT('',(-4.299709292499,59.95,0.25));
#1035 = LINE('',#1036,#1037);
#1036 = CARTESIAN_POINT('',(-20.,59.95,0.25));
#1037 = VECTOR('',#1038,1.);
#1038 = DIRECTION('',(1.,5.6E-16,-4.410223024625E-16));
#1039 = ORIENTED_EDGE('',*,*,#1040,.T.);
#1040 = EDGE_CURVE('',#1033,#621,#1041,.T.);
#1041 = HYPERBOLA('',#1042,5.000000000004E-02,5.000000000004E-02);
#1042 = AXIS2_PLACEMENT_3D('',#1043,#1044,#1045);
#1043 = CARTESIAN_POINT('',(1.269051514762E-13,59.95,4.55));
#1044 = DIRECTION('',(-5.6E-16,1.,-4.4E-16));
#1045 = DIRECTION('',(-1.541022302463E-15,-4.4E-16,-1.));
#1046 = PLANE('',#1047);
#1047 = AXIS2_PLACEMENT_3D('',#1048,#1049,#1050);
#1048 = CARTESIAN_POINT('',(-20.,59.95,1.044604925031E-17));
#1049 = DIRECTION('',(-7.8E-16,-1.,4.4E-16));
#1050 = DIRECTION('',(-1.,7.8E-16,6.610223024625E-16));
#1051 = ADVANCED_FACE('',(#1052),#1071,.F.);
#1052 = FACE_BOUND('',#1053,.T.);
#1053 = EDGE_LOOP('',(#1054,#1055,#1064,#1070));
#1054 = ORIENTED_EDGE('',*,*,#386,.F.);
#1055 = ORIENTED_EDGE('',*,*,#1056,.T.);
#1056 = EDGE_CURVE('',#387,#1057,#1059,.T.);
#1057 = VERTEX_POINT('',#1058);
#1058 = CARTESIAN_POINT('',(-5.E-02,-4.299709292499,0.25));
#1059 = HYPERBOLA('',#1060,5.000000000001E-02,5.000000000001E-02);
#1060 = AXIS2_PLACEMENT_3D('',#1061,#1062,#1063);
#1061 = CARTESIAN_POINT('',(-5.E-02,3.01E-15,4.55));
#1062 = DIRECTION('',(1.,-1.E-15,-4.410223024625E-16));
#1063 = DIRECTION('',(-4.410223024625E-16,-6.6E-16,-1.));
#1064 = ORIENTED_EDGE('',*,*,#1065,.T.);
#1065 = EDGE_CURVE('',#1057,#1008,#1066,.T.);
#1066 = LINE('',#1067,#1068);
#1067 = CARTESIAN_POINT('',(-5.E-02,-1.4E-16,0.25));
#1068 = VECTOR('',#1069,1.);
#1069 = DIRECTION('',(-7.8E-16,-1.,2.2E-16));
#1070 = ORIENTED_EDGE('',*,*,#1016,.T.);
#1071 = PLANE('',#1072);
#1072 = AXIS2_PLACEMENT_3D('',#1073,#1074,#1075);
#1073 = CARTESIAN_POINT('',(-5.E-02,-3.E-17,3.555111512313E-17));
#1074 = DIRECTION('',(-1.,-3.4E-16,4.410223024625E-16));
#1075 = DIRECTION('',(-3.4E-16,1.,-2.2E-16));
#1076 = ADVANCED_FACE('',(#1077),#1123,.F.);
#1077 = FACE_BOUND('',#1078,.F.);
#1078 = EDGE_LOOP('',(#1079,#1088,#1089,#1098,#1105,#1106,#1107,#1116));
#1079 = ORIENTED_EDGE('',*,*,#1080,.F.);
#1080 = EDGE_CURVE('',#588,#1081,#1083,.T.);
#1081 = VERTEX_POINT('',#1082);
#1082 = CARTESIAN_POINT('',(-0.375,64.032601517631,0.5));
#1083 = HYPERBOLA('',#1084,0.375,0.375);
#1084 = AXIS2_PLACEMENT_3D('',#1085,#1086,#1087);
#1085 = CARTESIAN_POINT('',(-0.375,60.,4.55));
#1086 = DIRECTION('',(-1.,1.34E-15,4.410223024625E-16));
#1087 = DIRECTION('',(-4.410223024625E-16,-2.2E-16,-1.));
#1088 = ORIENTED_EDGE('',*,*,#587,.T.);
#1089 = ORIENTED_EDGE('',*,*,#1090,.T.);
#1090 = EDGE_CURVE('',#580,#1091,#1093,.T.);
#1091 = VERTEX_POINT('',#1092);
#1092 = CARTESIAN_POINT('',(-4.299709292499,60.05,0.25));
#1093 = HYPERBOLA('',#1094,4.999999999995E-02,4.999999999995E-02);
#1094 = AXIS2_PLACEMENT_3D('',#1095,#1096,#1097);
#1095 = CARTESIAN_POINT('',(1.269751514762E-13,60.05,4.55));
#1096 = DIRECTION('',(5.6E-16,-1.,4.4E-16));
#1097 = DIRECTION('',(-1.541022302463E-15,-4.4E-16,-1.));
#1098 = ORIENTED_EDGE('',*,*,#1099,.F.);
#1099 = EDGE_CURVE('',#1033,#1091,#1100,.T.);
#1100 = CIRCLE('',#1101,4.3);
#1101 = AXIS2_PLACEMENT_3D('',#1102,#1103,#1104);
#1102 = CARTESIAN_POINT('',(1.202877555756E-13,60.,0.25));
#1103 = DIRECTION('',(-1.541022302463E-15,-6.6E-16,-1.));
#1104 = DIRECTION('',(-9.25925925926E-02,0.995704078427,
    -5.144774415341E-16));
#1105 = ORIENTED_EDGE('',*,*,#1040,.T.);
#1106 = ORIENTED_EDGE('',*,*,#620,.T.);
#1107 = ORIENTED_EDGE('',*,*,#1108,.T.);
#1108 = EDGE_CURVE('',#613,#1109,#1111,.T.);
#1109 = VERTEX_POINT('',#1110);
#1110 = CARTESIAN_POINT('',(0.375,64.032601517631,0.5));
#1111 = HYPERBOLA('',#1112,0.375,0.375);
#1112 = AXIS2_PLACEMENT_3D('',#1113,#1114,#1115);
#1113 = CARTESIAN_POINT('',(0.375,60.,4.55));
#1114 = DIRECTION('',(-1.,1.04E-15,4.410223024625E-16));
#1115 = DIRECTION('',(-4.410223024625E-16,-2.2E-16,-1.));
#1116 = ORIENTED_EDGE('',*,*,#1117,.F.);
#1117 = EDGE_CURVE('',#1081,#1109,#1118,.T.);
#1118 = CIRCLE('',#1119,4.05);
#1119 = AXIS2_PLACEMENT_3D('',#1120,#1121,#1122);
#1120 = CARTESIAN_POINT('',(8.060551115123E-14,60.,0.5));
#1121 = DIRECTION('',(1.321022302463E-15,2.2E-16,1.));
#1122 = DIRECTION('',(-9.25925925926E-02,0.995704078427,
    -9.673801739638E-17));
#1123 = CONICAL_SURFACE('',#1124,4.05,0.785398163397);
#1124 = AXIS2_PLACEMENT_3D('',#1125,#1126,#1127);
#1125 = CARTESIAN_POINT('',(8.060551115123E-14,60.,0.5));
#1126 = DIRECTION('',(-1.321022302463E-15,-2.2E-16,-1.));
#1127 = DIRECTION('',(-9.25925925926E-02,0.995704078427,
    -9.673801739638E-17));
#1128 = ADVANCED_FACE('',(#1129),#1175,.F.);
#1129 = FACE_BOUND('',#1130,.F.);
#1130 = EDGE_LOOP('',(#1131,#1140,#1141,#1142,#1151,#1158,#1159,#1168));
#1131 = ORIENTED_EDGE('',*,*,#1132,.F.);
#1132 = EDGE_CURVE('',#395,#1133,#1135,.T.);
#1133 = VERTEX_POINT('',#1134);
#1134 = CARTESIAN_POINT('',(-0.375,4.032601517631,0.5));
#1135 = HYPERBOLA('',#1136,0.375,0.375);
#1136 = AXIS2_PLACEMENT_3D('',#1137,#1138,#1139);
#1137 = CARTESIAN_POINT('',(-0.375,1.01E-15,4.55));
#1138 = DIRECTION('',(-1.,1.34E-15,4.410223024625E-16));
#1139 = DIRECTION('',(-4.410223024625E-16,-2.2E-16,-1.));
#1140 = ORIENTED_EDGE('',*,*,#394,.T.);
#1141 = ORIENTED_EDGE('',*,*,#1056,.T.);
#1142 = ORIENTED_EDGE('',*,*,#1143,.F.);
#1143 = EDGE_CURVE('',#1144,#1057,#1146,.T.);
#1144 = VERTEX_POINT('',#1145);
#1145 = CARTESIAN_POINT('',(5.E-02,-4.299709292499,0.25));
#1146 = CIRCLE('',#1147,4.3);
#1147 = AXIS2_PLACEMENT_3D('',#1148,#1149,#1150);
#1148 = CARTESIAN_POINT('',(3.877555756156E-16,1.7E-16,0.25));
#1149 = DIRECTION('',(-1.541022302463E-15,-6.6E-16,-1.));
#1150 = DIRECTION('',(-9.259259259259E-02,0.995704078427,
    -5.144774415341E-16));
#1151 = ORIENTED_EDGE('',*,*,#1152,.T.);
#1152 = EDGE_CURVE('',#1144,#428,#1153,.T.);
#1153 = HYPERBOLA('',#1154,4.999999999999E-02,4.999999999999E-02);
#1154 = AXIS2_PLACEMENT_3D('',#1155,#1156,#1157);
#1155 = CARTESIAN_POINT('',(5.E-02,3.05E-15,4.55));
#1156 = DIRECTION('',(-1.,1.E-15,4.410223024625E-16));
#1157 = DIRECTION('',(-4.410223024625E-16,-6.6E-16,-1.));
#1158 = ORIENTED_EDGE('',*,*,#427,.T.);
#1159 = ORIENTED_EDGE('',*,*,#1160,.T.);
#1160 = EDGE_CURVE('',#420,#1161,#1163,.T.);
#1161 = VERTEX_POINT('',#1162);
#1162 = CARTESIAN_POINT('',(0.375,4.032601517631,0.5));
#1163 = HYPERBOLA('',#1164,0.375,0.375);
#1164 = AXIS2_PLACEMENT_3D('',#1165,#1166,#1167);
#1165 = CARTESIAN_POINT('',(0.375,1.01E-15,4.55));
#1166 = DIRECTION('',(-1.,1.34E-15,4.410223024625E-16));
#1167 = DIRECTION('',(-4.410223024625E-16,-2.2E-16,-1.));
#1168 = ORIENTED_EDGE('',*,*,#1169,.F.);
#1169 = EDGE_CURVE('',#1133,#1161,#1170,.T.);
#1170 = CIRCLE('',#1171,4.05);
#1171 = AXIS2_PLACEMENT_3D('',#1172,#1173,#1174);
#1172 = CARTESIAN_POINT('',(6.655111512313E-16,1.1E-16,0.5));
#1173 = DIRECTION('',(1.321022302463E-15,2.2E-16,1.));
#1174 = DIRECTION('',(-9.259259259259E-02,0.995704078427,
    -9.673801739639E-17));
#1175 = CONICAL_SURFACE('',#1176,4.05,0.785398163397);
#1176 = AXIS2_PLACEMENT_3D('',#1177,#1178,#1179);
#1177 = CARTESIAN_POINT('',(6.655111512313E-16,1.1E-16,0.5));
#1178 = DIRECTION('',(-1.321022302463E-15,-2.2E-16,-1.));
#1179 = DIRECTION('',(-9.259259259259E-02,0.995704078427,
    -9.673801739639E-17));
#1180 = ADVANCED_FACE('',(#1181),#1207,.T.);
#1181 = FACE_BOUND('',#1182,.F.);
#1182 = EDGE_LOOP('',(#1183,#1191,#1192,#1193,#1201));
#1183 = ORIENTED_EDGE('',*,*,#1184,.F.);
#1184 = EDGE_CURVE('',#1109,#1185,#1187,.T.);
#1185 = VERTEX_POINT('',#1186);
#1186 = CARTESIAN_POINT('',(0.375,64.032601517631,3.75));
#1187 = LINE('',#1188,#1189);
#1188 = CARTESIAN_POINT('',(0.375,64.032601517631,-1.459163336342E-14));
#1189 = VECTOR('',#1190,1.);
#1190 = DIRECTION('',(5.510223024625E-16,6.6E-16,1.));
#1191 = ORIENTED_EDGE('',*,*,#1108,.F.);
#1192 = ORIENTED_EDGE('',*,*,#612,.T.);
#1193 = ORIENTED_EDGE('',*,*,#1194,.T.);
#1194 = EDGE_CURVE('',#605,#1195,#1197,.T.);
#1195 = VERTEX_POINT('',#1196);
#1196 = CARTESIAN_POINT('',(0.375,65.032601517631,3.75));
#1197 = LINE('',#1198,#1199);
#1198 = CARTESIAN_POINT('',(0.375,65.032601517631,-1.482163336342E-14));
#1199 = VECTOR('',#1200,1.);
#1200 = DIRECTION('',(5.510223024625E-16,6.6E-16,1.));
#1201 = ORIENTED_EDGE('',*,*,#1202,.F.);
#1202 = EDGE_CURVE('',#1185,#1195,#1203,.T.);
#1203 = LINE('',#1204,#1205);
#1204 = CARTESIAN_POINT('',(0.375,47.266300758816,3.75));
#1205 = VECTOR('',#1206,1.);
#1206 = DIRECTION('',(1.15E-15,1.,-4.4E-16));
#1207 = PLANE('',#1208);
#1208 = AXIS2_PLACEMENT_3D('',#1209,#1210,#1211);
#1209 = CARTESIAN_POINT('',(0.375,64.532601517631,4.5));
#1210 = DIRECTION('',(-1.,-3.E-16,4.410223024625E-16));
#1211 = DIRECTION('',(3.E-16,-1.,2.2E-16));
#1212 = ADVANCED_FACE('',(#1213),#1239,.T.);
#1213 = FACE_BOUND('',#1214,.F.);
#1214 = EDGE_LOOP('',(#1215,#1223,#1231,#1237,#1238));
#1215 = ORIENTED_EDGE('',*,*,#1216,.T.);
#1216 = EDGE_CURVE('',#1133,#1217,#1219,.T.);
#1217 = VERTEX_POINT('',#1218);
#1218 = CARTESIAN_POINT('',(-0.375,4.032601517631,3.75));
#1219 = LINE('',#1220,#1221);
#1220 = CARTESIAN_POINT('',(-0.375,4.032601517631,-5.183666365766E-16));
#1221 = VECTOR('',#1222,1.);
#1222 = DIRECTION('',(5.510223024625E-16,6.6E-16,1.));
#1223 = ORIENTED_EDGE('',*,*,#1224,.F.);
#1224 = EDGE_CURVE('',#1225,#1217,#1227,.T.);
#1225 = VERTEX_POINT('',#1226);
#1226 = CARTESIAN_POINT('',(-0.375,5.032601517631,3.75));
#1227 = LINE('',#1228,#1229);
#1228 = CARTESIAN_POINT('',(-0.375,17.266300758816,3.75));
#1229 = VECTOR('',#1230,1.);
#1230 = DIRECTION('',(-1.45E-15,-1.,4.4E-16));
#1231 = ORIENTED_EDGE('',*,*,#1232,.F.);
#1232 = EDGE_CURVE('',#404,#1225,#1233,.T.);
#1233 = LINE('',#1234,#1235);
#1234 = CARTESIAN_POINT('',(-0.375,5.032601517631,-7.383666365766E-16));
#1235 = VECTOR('',#1236,1.);
#1236 = DIRECTION('',(5.510223024625E-16,6.6E-16,1.));
#1237 = ORIENTED_EDGE('',*,*,#403,.T.);
#1238 = ORIENTED_EDGE('',*,*,#1132,.T.);
#1239 = PLANE('',#1240);
#1240 = AXIS2_PLACEMENT_3D('',#1241,#1242,#1243);
#1241 = CARTESIAN_POINT('',(-0.375,4.532601517631,4.5));
#1242 = DIRECTION('',(1.,-0.,-4.410223024625E-16));
#1243 = DIRECTION('',(-9.702490654175E-32,1.,-2.2E-16));
#1244 = ADVANCED_FACE('',(#1245),#1263,.T.);
#1245 = FACE_BOUND('',#1246,.F.);
#1246 = EDGE_LOOP('',(#1247,#1248,#1249,#1257));
#1247 = ORIENTED_EDGE('',*,*,#1194,.F.);
#1248 = ORIENTED_EDGE('',*,*,#604,.T.);
#1249 = ORIENTED_EDGE('',*,*,#1250,.T.);
#1250 = EDGE_CURVE('',#597,#1251,#1253,.T.);
#1251 = VERTEX_POINT('',#1252);
#1252 = CARTESIAN_POINT('',(-0.375,65.032601517631,3.75));
#1253 = LINE('',#1254,#1255);
#1254 = CARTESIAN_POINT('',(-0.375,65.032601517631,-1.406836663658E-14)
  );
#1255 = VECTOR('',#1256,1.);
#1256 = DIRECTION('',(5.510223024625E-16,6.6E-16,1.));
#1257 = ORIENTED_EDGE('',*,*,#1258,.F.);
#1258 = EDGE_CURVE('',#1195,#1251,#1259,.T.);
#1259 = LINE('',#1260,#1261);
#1260 = CARTESIAN_POINT('',(9.066633363423E-14,65.032601517631,3.75));
#1261 = VECTOR('',#1262,1.);
#1262 = DIRECTION('',(-1.,-2.3E-16,4.410223024625E-16));
#1263 = PLANE('',#1264);
#1264 = AXIS2_PLACEMENT_3D('',#1265,#1266,#1267);
#1265 = CARTESIAN_POINT('',(8.917960036108E-14,65.032601517631,4.5));
#1266 = DIRECTION('',(-7.8E-16,-1.,2.2E-16));
#1267 = DIRECTION('',(-4.410223024625E-16,-2.2E-16,-1.));
#1268 = ADVANCED_FACE('',(#1269),#1287,.T.);
#1269 = FACE_BOUND('',#1270,.F.);
#1270 = EDGE_LOOP('',(#1271,#1279,#1280,#1281));
#1271 = ORIENTED_EDGE('',*,*,#1272,.F.);
#1272 = EDGE_CURVE('',#412,#1273,#1275,.T.);
#1273 = VERTEX_POINT('',#1274);
#1274 = CARTESIAN_POINT('',(0.375,5.032601517631,3.75));
#1275 = LINE('',#1276,#1277);
#1276 = CARTESIAN_POINT('',(0.375,5.032601517631,-1.491633363423E-15));
#1277 = VECTOR('',#1278,1.);
#1278 = DIRECTION('',(5.510223024625E-16,6.6E-16,1.));
#1279 = ORIENTED_EDGE('',*,*,#411,.T.);
#1280 = ORIENTED_EDGE('',*,*,#1232,.T.);
#1281 = ORIENTED_EDGE('',*,*,#1282,.F.);
#1282 = EDGE_CURVE('',#1273,#1225,#1283,.T.);
#1283 = LINE('',#1284,#1285);
#1284 = CARTESIAN_POINT('',(7.556333634234E-15,5.032601517631,3.75));
#1285 = VECTOR('',#1286,1.);
#1286 = DIRECTION('',(-1.,-2.3E-16,4.410223024625E-16));
#1287 = PLANE('',#1288);
#1288 = AXIS2_PLACEMENT_3D('',#1289,#1290,#1291);
#1289 = CARTESIAN_POINT('',(9.549600361081E-15,5.032601517631,4.5));
#1290 = DIRECTION('',(-7.8E-16,-1.,6.8E-16));
#1291 = DIRECTION('',(-4.410223024625E-16,-6.8E-16,-1.));
#1292 = ADVANCED_FACE('',(#1293),#1312,.T.);
#1293 = FACE_BOUND('',#1294,.F.);
#1294 = EDGE_LOOP('',(#1295,#1303,#1309,#1310,#1311));
#1295 = ORIENTED_EDGE('',*,*,#1296,.T.);
#1296 = EDGE_CURVE('',#1081,#1297,#1299,.T.);
#1297 = VERTEX_POINT('',#1298);
#1298 = CARTESIAN_POINT('',(-0.375,64.032601517631,3.75));
#1299 = LINE('',#1300,#1301);
#1300 = CARTESIAN_POINT('',(-0.375,64.032601517631,-1.383836663658E-14)
  );
#1301 = VECTOR('',#1302,1.);
#1302 = DIRECTION('',(5.510223024625E-16,6.6E-16,1.));
#1303 = ORIENTED_EDGE('',*,*,#1304,.F.);
#1304 = EDGE_CURVE('',#1251,#1297,#1305,.T.);
#1305 = LINE('',#1306,#1307);
#1306 = CARTESIAN_POINT('',(-0.375,47.266300758816,3.75));
#1307 = VECTOR('',#1308,1.);
#1308 = DIRECTION('',(-1.45E-15,-1.,4.4E-16));
#1309 = ORIENTED_EDGE('',*,*,#1250,.F.);
#1310 = ORIENTED_EDGE('',*,*,#596,.T.);
#1311 = ORIENTED_EDGE('',*,*,#1080,.T.);
#1312 = PLANE('',#1313);
#1313 = AXIS2_PLACEMENT_3D('',#1314,#1315,#1316);
#1314 = CARTESIAN_POINT('',(-0.375,64.532601517631,4.5));
#1315 = DIRECTION('',(1.,-0.,-4.410223024625E-16));
#1316 = DIRECTION('',(-9.702490654175E-32,1.,-2.2E-16));
#1317 = ADVANCED_FACE('',(#1318),#1337,.T.);
#1318 = FACE_BOUND('',#1319,.F.);
#1319 = EDGE_LOOP('',(#1320,#1328,#1329,#1330,#1331));
#1320 = ORIENTED_EDGE('',*,*,#1321,.F.);
#1321 = EDGE_CURVE('',#1161,#1322,#1324,.T.);
#1322 = VERTEX_POINT('',#1323);
#1323 = CARTESIAN_POINT('',(0.375,4.032601517631,3.75));
#1324 = LINE('',#1325,#1326);
#1325 = CARTESIAN_POINT('',(0.375,4.032601517631,-1.271633363423E-15));
#1326 = VECTOR('',#1327,1.);
#1327 = DIRECTION('',(5.510223024625E-16,6.6E-16,1.));
#1328 = ORIENTED_EDGE('',*,*,#1160,.F.);
#1329 = ORIENTED_EDGE('',*,*,#419,.T.);
#1330 = ORIENTED_EDGE('',*,*,#1272,.T.);
#1331 = ORIENTED_EDGE('',*,*,#1332,.F.);
#1332 = EDGE_CURVE('',#1322,#1273,#1333,.T.);
#1333 = LINE('',#1334,#1335);
#1334 = CARTESIAN_POINT('',(0.375,17.266300758816,3.75));
#1335 = VECTOR('',#1336,1.);
#1336 = DIRECTION('',(1.45E-15,1.,-4.4E-16));
#1337 = PLANE('',#1338);
#1338 = AXIS2_PLACEMENT_3D('',#1339,#1340,#1341);
#1339 = CARTESIAN_POINT('',(0.375,4.532601517631,4.5));
#1340 = DIRECTION('',(-1.,0.,4.410223024625E-16));
#1341 = DIRECTION('',(9.702490654175E-32,-1.,2.2E-16));
#1342 = ADVANCED_FACE('',(#1343),#1354,.F.);
#1343 = FACE_BOUND('',#1344,.T.);
#1344 = EDGE_LOOP('',(#1345,#1346,#1347,#1353));
#1345 = ORIENTED_EDGE('',*,*,#579,.F.);
#1346 = ORIENTED_EDGE('',*,*,#1090,.T.);
#1347 = ORIENTED_EDGE('',*,*,#1348,.T.);
#1348 = EDGE_CURVE('',#1091,#945,#1349,.T.);
#1349 = LINE('',#1350,#1351);
#1350 = CARTESIAN_POINT('',(4.646283358056E-14,60.05,0.25));
#1351 = VECTOR('',#1352,1.);
#1352 = DIRECTION('',(-1.,-5.6E-16,4.410223024625E-16));
#1353 = ORIENTED_EDGE('',*,*,#952,.F.);
#1354 = PLANE('',#1355);
#1355 = AXIS2_PLACEMENT_3D('',#1356,#1357,#1358);
#1356 = CARTESIAN_POINT('',(6.E-14,60.05,-1.333E-14));
#1357 = DIRECTION('',(7.8E-16,1.,-4.4E-16));
#1358 = DIRECTION('',(1.,-7.8E-16,-6.610223024625E-16));
#1359 = ADVANCED_FACE('',(#1360),#1371,.F.);
#1360 = FACE_BOUND('',#1361,.T.);
#1361 = EDGE_LOOP('',(#1362,#1363,#1364,#1370));
#1362 = ORIENTED_EDGE('',*,*,#436,.F.);
#1363 = ORIENTED_EDGE('',*,*,#999,.F.);
#1364 = ORIENTED_EDGE('',*,*,#1365,.T.);
#1365 = EDGE_CURVE('',#1000,#1144,#1366,.T.);
#1366 = LINE('',#1367,#1368);
#1367 = CARTESIAN_POINT('',(4.999999999998E-02,-20.,0.25));
#1368 = VECTOR('',#1369,1.);
#1369 = DIRECTION('',(7.8E-16,1.,-2.2E-16));
#1370 = ORIENTED_EDGE('',*,*,#1152,.T.);
#1371 = PLANE('',#1372);
#1372 = AXIS2_PLACEMENT_3D('',#1373,#1374,#1375);
#1373 = CARTESIAN_POINT('',(4.999999999998E-02,-20.,4.404448884877E-15)
  );
#1374 = DIRECTION('',(1.,3.4E-16,-4.410223024625E-16));
#1375 = DIRECTION('',(3.4E-16,-1.,2.2E-16));
#1376 = ADVANCED_FACE('',(#1377),#1397,.T.);
#1377 = FACE_BOUND('',#1378,.T.);
#1378 = EDGE_LOOP('',(#1379,#1380,#1381,#1390,#1396));
#1379 = ORIENTED_EDGE('',*,*,#562,.F.);
#1380 = ORIENTED_EDGE('',*,*,#959,.T.);
#1381 = ORIENTED_EDGE('',*,*,#1382,.F.);
#1382 = EDGE_CURVE('',#1383,#960,#1385,.T.);
#1383 = VERTEX_POINT('',#1384);
#1384 = CARTESIAN_POINT('',(-10.13589441512,102.51510558487,9.));
#1385 = CIRCLE('',#1386,4.346590838164);
#1386 = AXIS2_PLACEMENT_3D('',#1387,#1388,#1389);
#1387 = CARTESIAN_POINT('',(-9.819778717799,98.180025103465,9.));
#1388 = DIRECTION('',(6.610223024625E-16,2.2E-16,1.));
#1389 = DIRECTION('',(-1.E-15,-1.,2.2E-16));
#1390 = ORIENTED_EDGE('',*,*,#1391,.F.);
#1391 = EDGE_CURVE('',#803,#1383,#1392,.T.);
#1392 = LINE('',#1393,#1394);
#1393 = CARTESIAN_POINT('',(-10.13589441512,102.51510558487,
    -1.601468966452E-14));
#1394 = VECTOR('',#1395,1.);
#1395 = DIRECTION('',(4.410223024625E-16,4.4E-16,1.));
#1396 = ORIENTED_EDGE('',*,*,#802,.F.);
#1397 = CYLINDRICAL_SURFACE('',#1398,4.346590838164);
#1398 = AXIS2_PLACEMENT_3D('',#1399,#1400,#1401);
#1399 = CARTESIAN_POINT('',(-9.819778717799,98.180025103465,
    -1.525978555708E-14));
#1400 = DIRECTION('',(-6.610223024625E-16,-2.2E-16,-1.));
#1401 = DIRECTION('',(-1.E-15,-1.,2.2E-16));
#1402 = ADVANCED_FACE('',(#1403),#1421,.T.);
#1403 = FACE_BOUND('',#1404,.F.);
#1404 = EDGE_LOOP('',(#1405,#1406,#1407,#1415));
#1405 = ORIENTED_EDGE('',*,*,#453,.F.);
#1406 = ORIENTED_EDGE('',*,*,#992,.T.);
#1407 = ORIENTED_EDGE('',*,*,#1408,.T.);
#1408 = EDGE_CURVE('',#984,#1409,#1411,.T.);
#1409 = VERTEX_POINT('',#1410);
#1410 = CARTESIAN_POINT('',(14.930564175118,108.50160797311,9.));
#1411 = LINE('',#1412,#1413);
#1412 = CARTESIAN_POINT('',(6.98146305915,-0.509090909095,9.));
#1413 = VECTOR('',#1414,1.);
#1414 = DIRECTION('',(7.272727272727E-02,0.997351865593,
    -3.1807434927E-16));
#1415 = ORIENTED_EDGE('',*,*,#1416,.T.);
#1416 = EDGE_CURVE('',#1409,#454,#1417,.T.);
#1417 = LINE('',#1418,#1419);
#1418 = CARTESIAN_POINT('',(14.930564175118,108.50160797311,
    -3.405762561179E-14));
#1419 = VECTOR('',#1420,1.);
#1420 = DIRECTION('',(-6.610223024625E-16,-2.2E-16,-1.));
#1421 = PLANE('',#1422);
#1422 = AXIS2_PLACEMENT_3D('',#1423,#1424,#1425);
#1423 = CARTESIAN_POINT('',(10.956013617134,53.996258532012,4.5));
#1424 = DIRECTION('',(0.997351865593,-7.272727272727E-02,
    -5.707283004834E-16));
#1425 = DIRECTION('',(7.272727272727E-02,0.997351865593,
    -2.5807434927E-16));
#1426 = ADVANCED_FACE('',(#1427),#1446,.F.);
#1427 = FACE_BOUND('',#1428,.T.);
#1428 = EDGE_LOOP('',(#1429,#1430,#1438,#1445));
#1429 = ORIENTED_EDGE('',*,*,#461,.F.);
#1430 = ORIENTED_EDGE('',*,*,#1431,.F.);
#1431 = EDGE_CURVE('',#1432,#462,#1434,.T.);
#1432 = VERTEX_POINT('',#1433);
#1433 = CARTESIAN_POINT('',(14.925,111.49812382665,9.));
#1434 = LINE('',#1435,#1436);
#1435 = CARTESIAN_POINT('',(14.925,111.49812382665,-4.492700786425E-14)
  );
#1436 = VECTOR('',#1437,1.);
#1437 = DIRECTION('',(-8.810223024625E-16,-8.8E-16,-1.));
#1438 = ORIENTED_EDGE('',*,*,#1439,.T.);
#1439 = EDGE_CURVE('',#1432,#1409,#1440,.T.);
#1440 = CIRCLE('',#1441,1.5);
#1441 = AXIS2_PLACEMENT_3D('',#1442,#1443,#1444);
#1442 = CARTESIAN_POINT('',(15.,110.,9.));
#1443 = DIRECTION('',(6.610223024625E-16,2.2E-16,1.));
#1444 = DIRECTION('',(1.E-15,1.,-2.2E-16));
#1445 = ORIENTED_EDGE('',*,*,#1416,.T.);
#1446 = CYLINDRICAL_SURFACE('',#1447,1.5);
#1447 = AXIS2_PLACEMENT_3D('',#1448,#1449,#1450);
#1448 = CARTESIAN_POINT('',(15.,110.,-3.441533453694E-14));
#1449 = DIRECTION('',(-6.610223024625E-16,-2.2E-16,-1.));
#1450 = DIRECTION('',(1.E-15,1.,-2.2E-16));
#1451 = ADVANCED_FACE('',(#1452),#1481,.T.);
#1452 = FACE_BOUND('',#1453,.F.);
#1453 = EDGE_LOOP('',(#1454,#1455,#1464,#1473,#1479,#1480));
#1454 = ORIENTED_EDGE('',*,*,#1431,.F.);
#1455 = ORIENTED_EDGE('',*,*,#1456,.T.);
#1456 = EDGE_CURVE('',#1432,#1457,#1459,.T.);
#1457 = VERTEX_POINT('',#1458);
#1458 = CARTESIAN_POINT('',(14.491426212681,113.8727982548,9.));
#1459 = CIRCLE('',#1460,15.);
#1460 = AXIS2_PLACEMENT_3D('',#1461,#1462,#1463);
#1461 = CARTESIAN_POINT('',(7.993605777301E-14,110.,9.));
#1462 = DIRECTION('',(4.410223024625E-16,2.2E-16,1.));
#1463 = DIRECTION('',(7.8E-16,1.,-2.2E-16));
#1464 = ORIENTED_EDGE('',*,*,#1465,.T.);
#1465 = EDGE_CURVE('',#1457,#1466,#1468,.T.);
#1466 = VERTEX_POINT('',#1467);
#1467 = CARTESIAN_POINT('',(11.28177317887,119.88542330608,9.));
#1468 = CIRCLE('',#1469,15.);
#1469 = AXIS2_PLACEMENT_3D('',#1470,#1471,#1472);
#1470 = CARTESIAN_POINT('',(7.993605777301E-14,110.,9.));
#1471 = DIRECTION('',(4.410223024625E-16,2.2E-16,1.));
#1472 = DIRECTION('',(7.8E-16,1.,-2.2E-16));
#1473 = ORIENTED_EDGE('',*,*,#1474,.F.);
#1474 = EDGE_CURVE('',#480,#1466,#1475,.T.);
#1475 = LINE('',#1476,#1477);
#1476 = CARTESIAN_POINT('',(11.28177317887,119.88542330608,
    -3.414252843418E-14));
#1477 = VECTOR('',#1478,1.);
#1478 = DIRECTION('',(4.410223024625E-16,4.4E-16,1.));
#1479 = ORIENTED_EDGE('',*,*,#479,.F.);
#1480 = ORIENTED_EDGE('',*,*,#470,.F.);
#1481 = CYLINDRICAL_SURFACE('',#1482,15.);
#1482 = AXIS2_PLACEMENT_3D('',#1483,#1484,#1485);
#1483 = CARTESIAN_POINT('',(2.4425E-13,110.,-2.442E-14));
#1484 = DIRECTION('',(-9.910223024625E-16,-1.11E-15,-1.));
#1485 = DIRECTION('',(2.23E-15,1.,-1.11E-15));
#1486 = ADVANCED_FACE('',(#1487),#1507,.T.);
#1487 = FACE_BOUND('',#1488,.T.);
#1488 = EDGE_LOOP('',(#1489,#1490,#1491,#1499,#1506));
#1489 = ORIENTED_EDGE('',*,*,#488,.F.);
#1490 = ORIENTED_EDGE('',*,*,#860,.T.);
#1491 = ORIENTED_EDGE('',*,*,#1492,.T.);
#1492 = EDGE_CURVE('',#826,#1493,#1495,.T.);
#1493 = VERTEX_POINT('',#1494);
#1494 = CARTESIAN_POINT('',(7.484894415122,120.13589441512,9.));
#1495 = LINE('',#1496,#1497);
#1496 = CARTESIAN_POINT('',(7.484894415121,120.13589441512,
    -3.166099021166E-14));
#1497 = VECTOR('',#1498,1.);
#1498 = DIRECTION('',(4.410223024625E-16,4.4E-16,1.));
#1499 = ORIENTED_EDGE('',*,*,#1500,.F.);
#1500 = EDGE_CURVE('',#1466,#1493,#1501,.T.);
#1501 = CIRCLE('',#1502,2.690634137436);
#1502 = AXIS2_PLACEMENT_3D('',#1503,#1504,#1505);
#1503 = CARTESIAN_POINT('',(9.258098242479,118.11221947873,9.));
#1504 = DIRECTION('',(6.610223024625E-16,2.2E-16,1.));
#1505 = DIRECTION('',(-1.E-15,-1.,2.2E-16));
#1506 = ORIENTED_EDGE('',*,*,#1474,.F.);
#1507 = CYLINDRICAL_SURFACE('',#1508,2.690634137436);
#1508 = AXIS2_PLACEMENT_3D('',#1509,#1510,#1511);
#1509 = CARTESIAN_POINT('',(9.258098242479,118.11221947873,
    -3.23978553833E-14));
#1510 = DIRECTION('',(-6.610223024625E-16,-2.2E-16,-1.));
#1511 = DIRECTION('',(-1.E-15,-1.,2.2E-16));
#1512 = ADVANCED_FACE('',(#1513),#1532,.F.);
#1513 = FACE_BOUND('',#1514,.T.);
#1514 = EDGE_LOOP('',(#1515,#1523,#1530,#1531));
#1515 = ORIENTED_EDGE('',*,*,#1516,.T.);
#1516 = EDGE_CURVE('',#638,#1517,#1519,.T.);
#1517 = VERTEX_POINT('',#1518);
#1518 = CARTESIAN_POINT('',(4.005551115123E-14,121.,0.5));
#1519 = LINE('',#1520,#1521);
#1520 = CARTESIAN_POINT('',(1.2091E-13,121.,-2.687E-14));
#1521 = VECTOR('',#1522,1.);
#1522 = DIRECTION('',(4.410223024625E-16,4.4E-16,1.));
#1523 = ORIENTED_EDGE('',*,*,#1524,.T.);
#1524 = EDGE_CURVE('',#1517,#1517,#1525,.T.);
#1525 = CIRCLE('',#1526,1.);
#1526 = AXIS2_PLACEMENT_3D('',#1527,#1528,#1529);
#1527 = CARTESIAN_POINT('',(9.287015600989E-14,120.,0.5));
#1528 = DIRECTION('',(4.410223024625E-16,2.2E-16,1.));
#1529 = DIRECTION('',(7.8E-16,1.,-2.2E-16));
#1530 = ORIENTED_EDGE('',*,*,#1516,.F.);
#1531 = ORIENTED_EDGE('',*,*,#637,.F.);
#1532 = CYLINDRICAL_SURFACE('',#1533,1.);
#1533 = AXIS2_PLACEMENT_3D('',#1534,#1535,#1536);
#1534 = CARTESIAN_POINT('',(1.1991E-13,120.,-2.665E-14));
#1535 = DIRECTION('',(-6.610223024625E-16,-2.2E-16,-1.));
#1536 = DIRECTION('',(1.E-15,1.,-2.2E-16));
#1537 = ADVANCED_FACE('',(#1538),#1563,.T.);
#1538 = FACE_BOUND('',#1539,.T.);
#1539 = EDGE_LOOP('',(#1540,#1548,#1556,#1562));
#1540 = ORIENTED_EDGE('',*,*,#1541,.T.);
#1541 = EDGE_CURVE('',#649,#1542,#1544,.T.);
#1542 = VERTEX_POINT('',#1543);
#1543 = CARTESIAN_POINT('',(-3.999999929289,76.000000070711,0.5));
#1544 = LINE('',#1545,#1546);
#1545 = CARTESIAN_POINT('',(-3.999999929289,76.000000070711,
    1.4154089202E-14));
#1546 = VECTOR('',#1547,1.);
#1547 = DIRECTION('',(1.110223024625E-16,0.,1.));
#1548 = ORIENTED_EDGE('',*,*,#1549,.T.);
#1549 = EDGE_CURVE('',#1542,#1550,#1552,.T.);
#1550 = VERTEX_POINT('',#1551);
#1551 = CARTESIAN_POINT('',(1.656854320203,70.343145821218,0.5));
#1552 = LINE('',#1553,#1554);
#1553 = CARTESIAN_POINT('',(-3.999999929289,76.000000070711,0.5));
#1554 = VECTOR('',#1555,1.);
#1555 = DIRECTION('',(0.707106781187,-0.707106781187,-7.850462293419E-17
    ));
#1556 = ORIENTED_EDGE('',*,*,#1557,.F.);
#1557 = EDGE_CURVE('',#651,#1550,#1558,.T.);
#1558 = LINE('',#1559,#1560);
#1559 = CARTESIAN_POINT('',(1.656854320203,70.343145821218,
    1.352605221853E-14));
#1560 = VECTOR('',#1561,1.);
#1561 = DIRECTION('',(1.110223024625E-16,0.,1.));
#1562 = ORIENTED_EDGE('',*,*,#648,.F.);
#1563 = PLANE('',#1564);
#1564 = AXIS2_PLACEMENT_3D('',#1565,#1566,#1567);
#1565 = CARTESIAN_POINT('',(-3.999999929289,76.000000070711,
    1.4154089202E-14));
#1566 = DIRECTION('',(0.707106781187,0.707106781187,-7.850462293419E-17)
  );
#1567 = DIRECTION('',(0.707106781187,-0.707106781187,-7.850462293419E-17
    ));
#1568 = ADVANCED_FACE('',(#1569),#1587,.T.);
#1569 = FACE_BOUND('',#1570,.T.);
#1570 = EDGE_LOOP('',(#1571,#1572,#1580,#1586));
#1571 = ORIENTED_EDGE('',*,*,#1557,.T.);
#1572 = ORIENTED_EDGE('',*,*,#1573,.T.);
#1573 = EDGE_CURVE('',#1550,#1574,#1576,.T.);
#1574 = VERTEX_POINT('',#1575);
#1575 = CARTESIAN_POINT('',(4.057985450359,72.744276951374,0.5));
#1576 = LINE('',#1577,#1578);
#1577 = CARTESIAN_POINT('',(1.656854320203,70.343145821218,0.5));
#1578 = VECTOR('',#1579,1.);
#1579 = DIRECTION('',(0.707106781187,0.707106781187,-7.850462293419E-17)
  );
#1580 = ORIENTED_EDGE('',*,*,#1581,.F.);
#1581 = EDGE_CURVE('',#779,#1574,#1582,.T.);
#1582 = LINE('',#1583,#1584);
#1583 = CARTESIAN_POINT('',(4.057985450359,72.744276951374,
    1.325947311194E-14));
#1584 = VECTOR('',#1585,1.);
#1585 = DIRECTION('',(1.110223024625E-16,0.,1.));
#1586 = ORIENTED_EDGE('',*,*,#786,.F.);
#1587 = PLANE('',#1588);
#1588 = AXIS2_PLACEMENT_3D('',#1589,#1590,#1591);
#1589 = CARTESIAN_POINT('',(1.656854320203,70.343145821218,
    1.352605221853E-14));
#1590 = DIRECTION('',(-0.707106781187,0.707106781187,7.850462293419E-17)
  );
#1591 = DIRECTION('',(0.707106781187,0.707106781187,-7.850462293419E-17)
  );
#1592 = ADVANCED_FACE('',(#1593),#1611,.T.);
#1593 = FACE_BOUND('',#1594,.T.);
#1594 = EDGE_LOOP('',(#1595,#1596,#1604,#1610));
#1595 = ORIENTED_EDGE('',*,*,#1581,.T.);
#1596 = ORIENTED_EDGE('',*,*,#1597,.T.);
#1597 = EDGE_CURVE('',#1574,#1598,#1600,.T.);
#1598 = VERTEX_POINT('',#1599);
#1599 = CARTESIAN_POINT('',(5.221936656309,74.212448516672,0.5));
#1600 = B_SPLINE_CURVE_WITH_KNOTS('',2,(#1601,#1602,#1603),
  .UNSPECIFIED.,.F.,.F.,(3,3),(0.,1.),.PIECEWISE_BEZIER_KNOTS.);
#1601 = CARTESIAN_POINT('',(4.057985450359,72.744276951374,0.5));
#1602 = CARTESIAN_POINT('',(4.963709070883,73.650000571898,0.5));
#1603 = CARTESIAN_POINT('',(5.221936656309,74.212448516672,0.5));
#1604 = ORIENTED_EDGE('',*,*,#1605,.F.);
#1605 = EDGE_CURVE('',#771,#1598,#1606,.T.);
#1606 = LINE('',#1607,#1608);
#1607 = CARTESIAN_POINT('',(5.221936656309,74.212448516672,
    1.31302485691E-14));
#1608 = VECTOR('',#1609,1.);
#1609 = DIRECTION('',(1.110223024625E-16,0.,1.));
#1610 = ORIENTED_EDGE('',*,*,#778,.F.);
#1611 = SURFACE_OF_LINEAR_EXTRUSION('',#1612,#1616);
#1612 = B_SPLINE_CURVE_WITH_KNOTS('',2,(#1613,#1614,#1615),
  .UNSPECIFIED.,.F.,.F.,(3,3),(0.,1.),.PIECEWISE_BEZIER_KNOTS.);
#1613 = CARTESIAN_POINT('',(4.057985450359,72.744276951374,
    1.325947311194E-14));
#1614 = CARTESIAN_POINT('',(4.963709070883,73.650000571898,
    1.31589175902E-14));
#1615 = CARTESIAN_POINT('',(5.221936656309,74.212448516672,
    1.31302485691E-14));
#1616 = VECTOR('',#1617,1.);
#1617 = DIRECTION('',(-1.110223024625E-16,-0.,-1.));
#1618 = ADVANCED_FACE('',(#1619),#1637,.T.);
#1619 = FACE_BOUND('',#1620,.T.);
#1620 = EDGE_LOOP('',(#1621,#1622,#1630,#1636));
#1621 = ORIENTED_EDGE('',*,*,#1605,.T.);
#1622 = ORIENTED_EDGE('',*,*,#1623,.T.);
#1623 = EDGE_CURVE('',#1598,#1624,#1626,.T.);
#1624 = VERTEX_POINT('',#1625);
#1625 = CARTESIAN_POINT('',(5.338074834033,75.410830067346,0.5));
#1626 = B_SPLINE_CURVE_WITH_KNOTS('',2,(#1627,#1628,#1629),
  .UNSPECIFIED.,.F.,.F.,(3,3),(0.,1.),.PIECEWISE_BEZIER_KNOTS.);
#1627 = CARTESIAN_POINT('',(5.221936656309,74.212448516672,0.5));
#1628 = CARTESIAN_POINT('',(5.480421184606,74.775153404317,0.5));
#1629 = CARTESIAN_POINT('',(5.338074834033,75.410830067346,0.5));
#1630 = ORIENTED_EDGE('',*,*,#1631,.F.);
#1631 = EDGE_CURVE('',#763,#1624,#1632,.T.);
#1632 = LINE('',#1633,#1634);
#1633 = CARTESIAN_POINT('',(5.338074834033,75.410830067346,
    1.311735464121E-14));
#1634 = VECTOR('',#1635,1.);
#1635 = DIRECTION('',(1.110223024625E-16,0.,1.));
#1636 = ORIENTED_EDGE('',*,*,#770,.F.);
#1637 = SURFACE_OF_LINEAR_EXTRUSION('',#1638,#1642);
#1638 = B_SPLINE_CURVE_WITH_KNOTS('',2,(#1639,#1640,#1641),
  .UNSPECIFIED.,.F.,.F.,(3,3),(0.,1.),.PIECEWISE_BEZIER_KNOTS.);
#1639 = CARTESIAN_POINT('',(5.221936656309,74.212448516672,
    1.31302485691E-14));
#1640 = CARTESIAN_POINT('',(5.480421184606,74.775153404317,
    1.310155102162E-14));
#1641 = CARTESIAN_POINT('',(5.338074834033,75.410830067346,
    1.311735464121E-14));
#1642 = VECTOR('',#1643,1.);
#1643 = DIRECTION('',(-1.110223024625E-16,-0.,-1.));
#1644 = ADVANCED_FACE('',(#1645),#1663,.T.);
#1645 = FACE_BOUND('',#1646,.T.);
#1646 = EDGE_LOOP('',(#1647,#1648,#1656,#1662));
#1647 = ORIENTED_EDGE('',*,*,#1631,.T.);
#1648 = ORIENTED_EDGE('',*,*,#1649,.T.);
#1649 = EDGE_CURVE('',#1624,#1650,#1652,.T.);
#1650 = VERTEX_POINT('',#1651);
#1651 = CARTESIAN_POINT('',(4.695460713485,76.546774500349,0.5));
#1652 = B_SPLINE_CURVE_WITH_KNOTS('',2,(#1653,#1654,#1655),
  .UNSPECIFIED.,.F.,.F.,(3,3),(0.,1.),.PIECEWISE_BEZIER_KNOTS.);
#1653 = CARTESIAN_POINT('',(5.338074834033,75.410830067346,0.5));
#1654 = CARTESIAN_POINT('',(5.195985426331,76.046249787503,0.5));
#1655 = CARTESIAN_POINT('',(4.695460713485,76.546774500349,0.5));
#1656 = ORIENTED_EDGE('',*,*,#1657,.F.);
#1657 = EDGE_CURVE('',#755,#1650,#1658,.T.);
#1658 = LINE('',#1659,#1660);
#1659 = CARTESIAN_POINT('',(4.695460713485,76.546774500349,
    1.318869914047E-14));
#1660 = VECTOR('',#1661,1.);
#1661 = DIRECTION('',(1.110223024625E-16,0.,1.));
#1662 = ORIENTED_EDGE('',*,*,#762,.F.);
#1663 = SURFACE_OF_LINEAR_EXTRUSION('',#1664,#1668);
#1664 = B_SPLINE_CURVE_WITH_KNOTS('',2,(#1665,#1666,#1667),
  .UNSPECIFIED.,.F.,.F.,(3,3),(0.,1.),.PIECEWISE_BEZIER_KNOTS.);
#1665 = CARTESIAN_POINT('',(5.338074834033,75.410830067346,
    1.311735464121E-14));
#1666 = CARTESIAN_POINT('',(5.195985426331,76.046249787503,
    1.313312973441E-14));
#1667 = CARTESIAN_POINT('',(4.695460713485,76.546774500349,
    1.318869914047E-14));
#1668 = VECTOR('',#1669,1.);
#1669 = DIRECTION('',(-1.110223024625E-16,-0.,-1.));
#1670 = ADVANCED_FACE('',(#1671),#1689,.T.);
#1671 = FACE_BOUND('',#1672,.T.);
#1672 = EDGE_LOOP('',(#1673,#1674,#1682,#1688));
#1673 = ORIENTED_EDGE('',*,*,#1657,.T.);
#1674 = ORIENTED_EDGE('',*,*,#1675,.T.);
#1675 = EDGE_CURVE('',#1650,#1676,#1678,.T.);
#1676 = VERTEX_POINT('',#1677);
#1677 = CARTESIAN_POINT('',(3.272254150625,77.222277308394,0.5));
#1678 = B_SPLINE_CURVE_WITH_KNOTS('',2,(#1679,#1680,#1681),
  .UNSPECIFIED.,.F.,.F.,(3,3),(0.,1.),.PIECEWISE_BEZIER_KNOTS.);
#1679 = CARTESIAN_POINT('',(4.695460713485,76.546774500349,0.5));
#1680 = CARTESIAN_POINT('',(4.060040993327,77.182194220507,0.5));
#1681 = CARTESIAN_POINT('',(3.272254150625,77.222277308394,0.5));
#1682 = ORIENTED_EDGE('',*,*,#1683,.F.);
#1683 = EDGE_CURVE('',#747,#1676,#1684,.T.);
#1684 = LINE('',#1685,#1686);
#1685 = CARTESIAN_POINT('',(3.272254150625,77.222277308394,
    1.334670680996E-14));
#1686 = VECTOR('',#1687,1.);
#1687 = DIRECTION('',(1.110223024625E-16,0.,1.));
#1688 = ORIENTED_EDGE('',*,*,#754,.F.);
#1689 = SURFACE_OF_LINEAR_EXTRUSION('',#1690,#1694);
#1690 = B_SPLINE_CURVE_WITH_KNOTS('',2,(#1691,#1692,#1693),
  .UNSPECIFIED.,.F.,.F.,(3,3),(0.,1.),.PIECEWISE_BEZIER_KNOTS.);
#1691 = CARTESIAN_POINT('',(4.695460713485,76.546774500349,
    1.318869914047E-14));
#1692 = CARTESIAN_POINT('',(4.060040993327,77.182194220507,
    1.325924490083E-14));
#1693 = CARTESIAN_POINT('',(3.272254150625,77.222277308394,
    1.334670680996E-14));
#1694 = VECTOR('',#1695,1.);
#1695 = DIRECTION('',(-1.110223024625E-16,-0.,-1.));
#1696 = ADVANCED_FACE('',(#1697),#1715,.T.);
#1697 = FACE_BOUND('',#1698,.T.);
#1698 = EDGE_LOOP('',(#1699,#1700,#1708,#1714));
#1699 = ORIENTED_EDGE('',*,*,#1683,.T.);
#1700 = ORIENTED_EDGE('',*,*,#1701,.T.);
#1701 = EDGE_CURVE('',#1676,#1702,#1704,.T.);
#1702 = VERTEX_POINT('',#1703);
#1703 = CARTESIAN_POINT('',(1.632701690322,76.626426790381,0.5));
#1704 = B_SPLINE_CURVE_WITH_KNOTS('',2,(#1705,#1706,#1707),
  .UNSPECIFIED.,.F.,.F.,(3,3),(0.,1.),.PIECEWISE_BEZIER_KNOTS.);
#1705 = CARTESIAN_POINT('',(3.272254150625,77.222277308394,0.5));
#1706 = CARTESIAN_POINT('',(2.484467307922,77.262360396281,0.5));
#1707 = CARTESIAN_POINT('',(1.632701690322,76.626426790381,0.5));
#1708 = ORIENTED_EDGE('',*,*,#1709,.F.);
#1709 = EDGE_CURVE('',#739,#1702,#1710,.T.);
#1710 = LINE('',#1711,#1712);
#1711 = CARTESIAN_POINT('',(1.632701690322,76.626426790381,
    1.352873369911E-14));
#1712 = VECTOR('',#1713,1.);
#1713 = DIRECTION('',(1.110223024625E-16,0.,1.));
#1714 = ORIENTED_EDGE('',*,*,#746,.F.);
#1715 = SURFACE_OF_LINEAR_EXTRUSION('',#1716,#1720);
#1716 = B_SPLINE_CURVE_WITH_KNOTS('',2,(#1717,#1718,#1719),
  .UNSPECIFIED.,.F.,.F.,(3,3),(0.,1.),.PIECEWISE_BEZIER_KNOTS.);
#1717 = CARTESIAN_POINT('',(3.272254150625,77.222277308394,
    1.334670680996E-14));
#1718 = CARTESIAN_POINT('',(2.484467307922,77.262360396281,
    1.343416871908E-14));
#1719 = CARTESIAN_POINT('',(1.632701690322,76.626426790381,
    1.352873369911E-14));
#1720 = VECTOR('',#1721,1.);
#1721 = DIRECTION('',(-1.110223024625E-16,-0.,-1.));
#1722 = ADVANCED_FACE('',(#1723),#1741,.T.);
#1723 = FACE_BOUND('',#1724,.T.);
#1724 = EDGE_LOOP('',(#1725,#1726,#1734,#1740));
#1725 = ORIENTED_EDGE('',*,*,#1709,.T.);
#1726 = ORIENTED_EDGE('',*,*,#1727,.T.);
#1727 = EDGE_CURVE('',#1702,#1728,#1730,.T.);
#1728 = VERTEX_POINT('',#1729);
#1729 = CARTESIAN_POINT('',(1.767596697635,77.713038192139,0.5));
#1730 = B_SPLINE_CURVE_WITH_KNOTS('',2,(#1731,#1732,#1733),
  .UNSPECIFIED.,.F.,.F.,(3,3),(0.,1.),.PIECEWISE_BEZIER_KNOTS.);
#1731 = CARTESIAN_POINT('',(1.632701690322,76.626426790381,0.5));
#1732 = CARTESIAN_POINT('',(1.786096584352,77.213027365035,0.5));
#1733 = CARTESIAN_POINT('',(1.767596697635,77.713038192139,0.5));
#1734 = ORIENTED_EDGE('',*,*,#1735,.F.);
#1735 = EDGE_CURVE('',#731,#1728,#1736,.T.);
#1736 = LINE('',#1737,#1738);
#1737 = CARTESIAN_POINT('',(1.767596697635,77.713038192139,
    1.35137573448E-14));
#1738 = VECTOR('',#1739,1.);
#1739 = DIRECTION('',(1.110223024625E-16,0.,1.));
#1740 = ORIENTED_EDGE('',*,*,#738,.F.);
#1741 = SURFACE_OF_LINEAR_EXTRUSION('',#1742,#1746);
#1742 = B_SPLINE_CURVE_WITH_KNOTS('',2,(#1743,#1744,#1745),
  .UNSPECIFIED.,.F.,.F.,(3,3),(0.,1.),.PIECEWISE_BEZIER_KNOTS.);
#1743 = CARTESIAN_POINT('',(1.632701690322,76.626426790381,
    1.352873369911E-14));
#1744 = CARTESIAN_POINT('',(1.786096584352,77.213027365035,
    1.351170344478E-14));
#1745 = CARTESIAN_POINT('',(1.767596697635,77.713038192139,
    1.35137573448E-14));
#1746 = VECTOR('',#1747,1.);
#1747 = DIRECTION('',(-1.110223024625E-16,-0.,-1.));
#1748 = ADVANCED_FACE('',(#1749),#1767,.T.);
#1749 = FACE_BOUND('',#1750,.T.);
#1750 = EDGE_LOOP('',(#1751,#1752,#1760,#1766));
#1751 = ORIENTED_EDGE('',*,*,#1735,.T.);
#1752 = ORIENTED_EDGE('',*,*,#1753,.T.);
#1753 = EDGE_CURVE('',#1728,#1754,#1756,.T.);
#1754 = VERTEX_POINT('',#1755);
#1755 = CARTESIAN_POINT('',(1.496265025784,79.283473020123,0.5));
#1756 = B_SPLINE_CURVE_WITH_KNOTS('',2,(#1757,#1758,#1759),
  .UNSPECIFIED.,.F.,.F.,(3,3),(0.,1.),.PIECEWISE_BEZIER_KNOTS.);
#1757 = CARTESIAN_POINT('',(1.767596697635,77.713038192139,0.5));
#1758 = CARTESIAN_POINT('',(1.749353753789,78.213305962114,0.5));
#1759 = CARTESIAN_POINT('',(1.496265025784,79.283473020123,0.5));
#1760 = ORIENTED_EDGE('',*,*,#1761,.F.);
#1761 = EDGE_CURVE('',#723,#1754,#1762,.T.);
#1762 = LINE('',#1763,#1764);
#1763 = CARTESIAN_POINT('',(1.496265025784,79.283473020123,
    1.354388121174E-14));
#1764 = VECTOR('',#1765,1.);
#1765 = DIRECTION('',(1.110223024625E-16,0.,1.));
#1766 = ORIENTED_EDGE('',*,*,#730,.F.);
#1767 = SURFACE_OF_LINEAR_EXTRUSION('',#1768,#1772);
#1768 = B_SPLINE_CURVE_WITH_KNOTS('',2,(#1769,#1770,#1771),
  .UNSPECIFIED.,.F.,.F.,(3,3),(0.,1.),.PIECEWISE_BEZIER_KNOTS.);
#1769 = CARTESIAN_POINT('',(1.767596697635,77.713038192139,
    1.35137573448E-14));
#1770 = CARTESIAN_POINT('',(1.749353753789,78.213305962114,
    1.351578271843E-14));
#1771 = CARTESIAN_POINT('',(1.496265025784,79.283473020123,
    1.354388121174E-14));
#1772 = VECTOR('',#1773,1.);
#1773 = DIRECTION('',(-1.110223024625E-16,-0.,-1.));
#1774 = ADVANCED_FACE('',(#1775),#1793,.T.);
#1775 = FACE_BOUND('',#1776,.T.);
#1776 = EDGE_LOOP('',(#1777,#1778,#1786,#1792));
#1777 = ORIENTED_EDGE('',*,*,#1761,.T.);
#1778 = ORIENTED_EDGE('',*,*,#1779,.T.);
#1779 = EDGE_CURVE('',#1754,#1780,#1782,.T.);
#1780 = VERTEX_POINT('',#1781);
#1781 = CARTESIAN_POINT('',(1.079760631778,81.079760631778,0.5));
#1782 = LINE('',#1783,#1784);
#1783 = CARTESIAN_POINT('',(1.496265025784,79.283473020123,0.5));
#1784 = VECTOR('',#1785,1.);
#1785 = DIRECTION('',(-0.225877066951,0.974155814347,2.50773920464E-17)
  );
#1786 = ORIENTED_EDGE('',*,*,#1787,.F.);
#1787 = EDGE_CURVE('',#715,#1780,#1788,.T.);
#1788 = LINE('',#1789,#1790);
#1789 = CARTESIAN_POINT('',(1.079760631778,81.079760631778,
    1.359012248855E-14));
#1790 = VECTOR('',#1791,1.);
#1791 = DIRECTION('',(1.110223024625E-16,0.,1.));
#1792 = ORIENTED_EDGE('',*,*,#722,.F.);
#1793 = PLANE('',#1794);
#1794 = AXIS2_PLACEMENT_3D('',#1795,#1796,#1797);
#1795 = CARTESIAN_POINT('',(1.496265025784,79.283473020123,
    1.354388121174E-14));
#1796 = DIRECTION('',(-0.974155814347,-0.225877066951,1.08153021466E-16)
  );
#1797 = DIRECTION('',(-0.225877066951,0.974155814347,2.50773920464E-17)
  );
#1798 = ADVANCED_FACE('',(#1799),#1817,.T.);
#1799 = FACE_BOUND('',#1800,.T.);
#1800 = EDGE_LOOP('',(#1801,#1802,#1810,#1816));
#1801 = ORIENTED_EDGE('',*,*,#1787,.T.);
#1802 = ORIENTED_EDGE('',*,*,#1803,.T.);
#1803 = EDGE_CURVE('',#1780,#1804,#1806,.T.);
#1804 = VERTEX_POINT('',#1805);
#1805 = CARTESIAN_POINT('',(-0.284606013607,79.715393986393,0.5));
#1806 = LINE('',#1807,#1808);
#1807 = CARTESIAN_POINT('',(1.079760631778,81.079760631778,0.5));
#1808 = VECTOR('',#1809,1.);
#1809 = DIRECTION('',(-0.707106781187,-0.707106781187,7.850462293419E-17
    ));
#1810 = ORIENTED_EDGE('',*,*,#1811,.F.);
#1811 = EDGE_CURVE('',#707,#1804,#1812,.T.);
#1812 = LINE('',#1813,#1814);
#1813 = CARTESIAN_POINT('',(-0.284606013607,79.715393986393,
    1.374159761493E-14));
#1814 = VECTOR('',#1815,1.);
#1815 = DIRECTION('',(1.110223024625E-16,0.,1.));
#1816 = ORIENTED_EDGE('',*,*,#714,.F.);
#1817 = PLANE('',#1818);
#1818 = AXIS2_PLACEMENT_3D('',#1819,#1820,#1821);
#1819 = CARTESIAN_POINT('',(1.079760631778,81.079760631778,
    1.359012248855E-14));
#1820 = DIRECTION('',(0.707106781187,-0.707106781187,-7.850462293419E-17
    ));
#1821 = DIRECTION('',(-0.707106781187,-0.707106781187,7.850462293419E-17
    ));
#1822 = ADVANCED_FACE('',(#1823),#1841,.T.);
#1823 = FACE_BOUND('',#1824,.T.);
#1824 = EDGE_LOOP('',(#1825,#1826,#1834,#1840));
#1825 = ORIENTED_EDGE('',*,*,#1811,.T.);
#1826 = ORIENTED_EDGE('',*,*,#1827,.T.);
#1827 = EDGE_CURVE('',#1804,#1828,#1830,.T.);
#1828 = VERTEX_POINT('',#1829);
#1829 = CARTESIAN_POINT('',(0.12753035159,77.653684388922,0.5));
#1830 = LINE('',#1831,#1832);
#1831 = CARTESIAN_POINT('',(-0.284606013607,79.715393986393,0.5));
#1832 = VECTOR('',#1833,1.);
#1833 = DIRECTION('',(0.196022127845,-0.980599472463,-2.176282796699E-17
    ));
#1834 = ORIENTED_EDGE('',*,*,#1835,.F.);
#1835 = EDGE_CURVE('',#699,#1828,#1836,.T.);
#1836 = LINE('',#1837,#1838);
#1837 = CARTESIAN_POINT('',(0.12753035159,77.653684388922,
    1.369584128673E-14));
#1838 = VECTOR('',#1839,1.);
#1839 = DIRECTION('',(1.110223024625E-16,0.,1.));
#1840 = ORIENTED_EDGE('',*,*,#706,.F.);
#1841 = PLANE('',#1842);
#1842 = AXIS2_PLACEMENT_3D('',#1843,#1844,#1845);
#1843 = CARTESIAN_POINT('',(-0.284606013607,79.715393986393,
    1.374159761493E-14));
#1844 = DIRECTION('',(0.980599472463,0.196022127845,-1.088684112264E-16)
  );
#1845 = DIRECTION('',(0.196022127845,-0.980599472463,-2.176282796699E-17
    ));
#1846 = ADVANCED_FACE('',(#1847),#1865,.T.);
#1847 = FACE_BOUND('',#1848,.T.);
#1848 = EDGE_LOOP('',(#1849,#1850,#1858,#1864));
#1849 = ORIENTED_EDGE('',*,*,#1835,.T.);
#1850 = ORIENTED_EDGE('',*,*,#1851,.T.);
#1851 = EDGE_CURVE('',#1828,#1852,#1854,.T.);
#1852 = VERTEX_POINT('',#1853);
#1853 = CARTESIAN_POINT('',(0.358008106941,76.22071399696,0.5));
#1854 = B_SPLINE_CURVE_WITH_KNOTS('',2,(#1855,#1856,#1857),
  .UNSPECIFIED.,.F.,.F.,(3,3),(0.,1.),.PIECEWISE_BEZIER_KNOTS.);
#1855 = CARTESIAN_POINT('',(0.12753035159,77.653684388922,0.5));
#1856 = CARTESIAN_POINT('',(0.34824427784,76.55422584361,0.5));
#1857 = CARTESIAN_POINT('',(0.358008106941,76.22071399696,0.5));
#1858 = ORIENTED_EDGE('',*,*,#1859,.F.);
#1859 = EDGE_CURVE('',#691,#1852,#1860,.T.);
#1860 = LINE('',#1861,#1862);
#1861 = CARTESIAN_POINT('',(0.358008106941,76.22071399696,
    1.367025311567E-14));
#1862 = VECTOR('',#1863,1.);
#1863 = DIRECTION('',(1.110223024625E-16,0.,1.));
#1864 = ORIENTED_EDGE('',*,*,#698,.F.);
#1865 = SURFACE_OF_LINEAR_EXTRUSION('',#1866,#1870);
#1866 = B_SPLINE_CURVE_WITH_KNOTS('',2,(#1867,#1868,#1869),
  .UNSPECIFIED.,.F.,.F.,(3,3),(0.,1.),.PIECEWISE_BEZIER_KNOTS.);
#1867 = CARTESIAN_POINT('',(0.12753035159,77.653684388922,
    1.369584128673E-14));
#1868 = CARTESIAN_POINT('',(0.34824427784,76.55422584361,
    1.367133711845E-14));
#1869 = CARTESIAN_POINT('',(0.358008106941,76.22071399696,
    1.367025311567E-14));
#1870 = VECTOR('',#1871,1.);
#1871 = DIRECTION('',(-1.110223024625E-16,-0.,-1.));
#1872 = ADVANCED_FACE('',(#1873),#1891,.T.);
#1873 = FACE_BOUND('',#1874,.T.);
#1874 = EDGE_LOOP('',(#1875,#1876,#1884,#1890));
#1875 = ORIENTED_EDGE('',*,*,#1859,.T.);
#1876 = ORIENTED_EDGE('',*,*,#1877,.T.);
#1877 = EDGE_CURVE('',#1852,#1878,#1880,.T.);
#1878 = VERTEX_POINT('',#1879);
#1879 = CARTESIAN_POINT('',(0.250605986833,75.642078651309,0.5));
#1880 = B_SPLINE_CURVE_WITH_KNOTS('',2,(#1881,#1882,#1883),
  .UNSPECIFIED.,.F.,.F.,(3,3),(0.,1.),.PIECEWISE_BEZIER_KNOTS.);
#1881 = CARTESIAN_POINT('',(0.358008106941,76.22071399696,0.5));
#1882 = CARTESIAN_POINT('',(0.368028878912,75.88694520744,0.5));
#1883 = CARTESIAN_POINT('',(0.250605986833,75.642078651309,0.5));
#1884 = ORIENTED_EDGE('',*,*,#1885,.F.);
#1885 = EDGE_CURVE('',#683,#1878,#1886,.T.);
#1886 = LINE('',#1887,#1888);
#1887 = CARTESIAN_POINT('',(0.250605986833,75.642078651309,
    1.368217714633E-14));
#1888 = VECTOR('',#1889,1.);
#1889 = DIRECTION('',(1.110223024625E-16,0.,1.));
#1890 = ORIENTED_EDGE('',*,*,#690,.F.);
#1891 = SURFACE_OF_LINEAR_EXTRUSION('',#1892,#1896);
#1892 = B_SPLINE_CURVE_WITH_KNOTS('',2,(#1893,#1894,#1895),
  .UNSPECIFIED.,.F.,.F.,(3,3),(0.,1.),.PIECEWISE_BEZIER_KNOTS.);
#1893 = CARTESIAN_POINT('',(0.358008106941,76.22071399696,
    1.367025311567E-14));
#1894 = CARTESIAN_POINT('',(0.368028878912,75.88694520744,
    1.366914058649E-14));
#1895 = CARTESIAN_POINT('',(0.250605986833,75.642078651309,
    1.368217714633E-14));
#1896 = VECTOR('',#1897,1.);
#1897 = DIRECTION('',(-1.110223024625E-16,-0.,-1.));
#1898 = ADVANCED_FACE('',(#1899),#1917,.T.);
#1899 = FACE_BOUND('',#1900,.T.);
#1900 = EDGE_LOOP('',(#1901,#1902,#1910,#1916));
#1901 = ORIENTED_EDGE('',*,*,#1885,.T.);
#1902 = ORIENTED_EDGE('',*,*,#1903,.T.);
#1903 = EDGE_CURVE('',#1878,#1904,#1906,.T.);
#1904 = VERTEX_POINT('',#1905);
#1905 = CARTESIAN_POINT('',(-0.259939497984,75.004089502441,0.5));
#1906 = B_SPLINE_CURVE_WITH_KNOTS('',2,(#1907,#1908,#1909),
  .UNSPECIFIED.,.F.,.F.,(3,3),(0.,1.),.PIECEWISE_BEZIER_KNOTS.);
#1907 = CARTESIAN_POINT('',(0.250605986833,75.642078651309,0.5));
#1908 = CARTESIAN_POINT('',(0.133183094754,75.397212095179,0.5));
#1909 = CARTESIAN_POINT('',(-0.259939497984,75.004089502441,0.5));
#1910 = ORIENTED_EDGE('',*,*,#1911,.F.);
#1911 = EDGE_CURVE('',#675,#1904,#1912,.T.);
#1912 = LINE('',#1913,#1914);
#1913 = CARTESIAN_POINT('',(-0.259939497984,75.004089502441,
    1.373885908157E-14));
#1914 = VECTOR('',#1915,1.);
#1915 = DIRECTION('',(1.110223024625E-16,0.,1.));
#1916 = ORIENTED_EDGE('',*,*,#682,.F.);
#1917 = SURFACE_OF_LINEAR_EXTRUSION('',#1918,#1922);
#1918 = B_SPLINE_CURVE_WITH_KNOTS('',2,(#1919,#1920,#1921),
  .UNSPECIFIED.,.F.,.F.,(3,3),(0.,1.),.PIECEWISE_BEZIER_KNOTS.);
#1919 = CARTESIAN_POINT('',(0.250605986833,75.642078651309,
    1.368217714633E-14));
#1920 = CARTESIAN_POINT('',(0.133183094754,75.397212095179,
    1.369521370617E-14));
#1921 = CARTESIAN_POINT('',(-0.259939497984,75.004089502441,
    1.373885908157E-14));
#1922 = VECTOR('',#1923,1.);
#1923 = DIRECTION('',(-1.110223024625E-16,-0.,-1.));
#1924 = ADVANCED_FACE('',(#1925),#1943,.T.);
#1925 = FACE_BOUND('',#1926,.T.);
#1926 = EDGE_LOOP('',(#1927,#1928,#1936,#1942));
#1927 = ORIENTED_EDGE('',*,*,#1911,.T.);
#1928 = ORIENTED_EDGE('',*,*,#1929,.T.);
#1929 = EDGE_CURVE('',#1904,#1930,#1932,.T.);
#1930 = VERTEX_POINT('',#1931);
#1931 = CARTESIAN_POINT('',(-0.491188081948,74.772840918477,0.5));
#1932 = LINE('',#1933,#1934);
#1933 = CARTESIAN_POINT('',(-0.259939497984,75.004089502441,0.5));
#1934 = VECTOR('',#1935,1.);
#1935 = DIRECTION('',(-0.707106781187,-0.707106781187,7.850462293419E-17
    ));
#1936 = ORIENTED_EDGE('',*,*,#1937,.F.);
#1937 = EDGE_CURVE('',#667,#1930,#1938,.T.);
#1938 = LINE('',#1939,#1940);
#1939 = CARTESIAN_POINT('',(-0.491188081948,74.772840918477,
    1.37645328318E-14));
#1940 = VECTOR('',#1941,1.);
#1941 = DIRECTION('',(1.110223024625E-16,0.,1.));
#1942 = ORIENTED_EDGE('',*,*,#674,.F.);
#1943 = PLANE('',#1944);
#1944 = AXIS2_PLACEMENT_3D('',#1945,#1946,#1947);
#1945 = CARTESIAN_POINT('',(-0.259939497984,75.004089502441,
    1.373885908157E-14));
#1946 = DIRECTION('',(0.707106781187,-0.707106781187,-7.850462293419E-17
    ));
#1947 = DIRECTION('',(-0.707106781187,-0.707106781187,7.850462293419E-17
    ));
#1948 = ADVANCED_FACE('',(#1949),#1967,.T.);
#1949 = FACE_BOUND('',#1950,.T.);
#1950 = EDGE_LOOP('',(#1951,#1952,#1960,#1966));
#1951 = ORIENTED_EDGE('',*,*,#1937,.T.);
#1952 = ORIENTED_EDGE('',*,*,#1953,.T.);
#1953 = EDGE_CURVE('',#1930,#1954,#1956,.T.);
#1954 = VERTEX_POINT('',#1955);
#1955 = CARTESIAN_POINT('',(-2.859173581735,77.140826418265,0.5));
#1956 = LINE('',#1957,#1958);
#1957 = CARTESIAN_POINT('',(-0.491188081948,74.772840918477,0.5));
#1958 = VECTOR('',#1959,1.);
#1959 = DIRECTION('',(-0.707106781187,0.707106781187,7.850462293419E-17)
  );
#1960 = ORIENTED_EDGE('',*,*,#1961,.F.);
#1961 = EDGE_CURVE('',#659,#1954,#1962,.T.);
#1962 = LINE('',#1963,#1964);
#1963 = CARTESIAN_POINT('',(-2.859173581735,77.140826418265,
    1.402743203418E-14));
#1964 = VECTOR('',#1965,1.);
#1965 = DIRECTION('',(1.110223024625E-16,0.,1.));
#1966 = ORIENTED_EDGE('',*,*,#666,.F.);
#1967 = PLANE('',#1968);
#1968 = AXIS2_PLACEMENT_3D('',#1969,#1970,#1971);
#1969 = CARTESIAN_POINT('',(-0.491188081948,74.772840918477,
    1.37645328318E-14));
#1970 = DIRECTION('',(-0.707106781187,-0.707106781187,7.850462293419E-17
    ));
#1971 = DIRECTION('',(-0.707106781187,0.707106781187,7.850462293419E-17)
  );
#1972 = ADVANCED_FACE('',(#1973),#1984,.T.);
#1973 = FACE_BOUND('',#1974,.T.);
#1974 = EDGE_LOOP('',(#1975,#1976,#1982,#1983));
#1975 = ORIENTED_EDGE('',*,*,#1961,.T.);
#1976 = ORIENTED_EDGE('',*,*,#1977,.T.);
#1977 = EDGE_CURVE('',#1954,#1542,#1978,.T.);
#1978 = LINE('',#1979,#1980);
#1979 = CARTESIAN_POINT('',(-2.859173581735,77.140826418265,0.5));
#1980 = VECTOR('',#1981,1.);
#1981 = DIRECTION('',(-0.707106781187,-0.707106781187,7.850462293419E-17
    ));
#1982 = ORIENTED_EDGE('',*,*,#1541,.F.);
#1983 = ORIENTED_EDGE('',*,*,#658,.F.);
#1984 = PLANE('',#1985);
#1985 = AXIS2_PLACEMENT_3D('',#1986,#1987,#1988);
#1986 = CARTESIAN_POINT('',(-2.859173581735,77.140826418265,
    1.402743203418E-14));
#1987 = DIRECTION('',(0.707106781187,-0.707106781187,-7.850462293419E-17
    ));
#1988 = DIRECTION('',(-0.707106781187,-0.707106781187,7.850462293419E-17
    ));
#1989 = ADVANCED_FACE('',(#1990),#2002,.F.);
#1990 = FACE_BOUND('',#1991,.T.);
#1991 = EDGE_LOOP('',(#1992,#1993,#1994,#2001));
#1992 = ORIENTED_EDGE('',*,*,#845,.F.);
#1993 = ORIENTED_EDGE('',*,*,#1391,.T.);
#1994 = ORIENTED_EDGE('',*,*,#1995,.T.);
#1995 = EDGE_CURVE('',#1383,#1493,#1996,.T.);
#1996 = CIRCLE('',#1997,13.5);
#1997 = AXIS2_PLACEMENT_3D('',#1998,#1999,#2000);
#1998 = CARTESIAN_POINT('',(-5.,115.,9.));
#1999 = DIRECTION('',(4.410223024625E-16,2.2E-16,1.));
#2000 = DIRECTION('',(7.8E-16,1.,-2.2E-16));
#2001 = ORIENTED_EDGE('',*,*,#1492,.F.);
#2002 = CYLINDRICAL_SURFACE('',#2003,13.5);
#2003 = AXIS2_PLACEMENT_3D('',#2004,#2005,#2006);
#2004 = CARTESIAN_POINT('',(-5.,115.,-2.220488848769E-14));
#2005 = DIRECTION('',(-6.610223024625E-16,-2.2E-16,-1.));
#2006 = DIRECTION('',(1.E-15,1.,-2.2E-16));
#2007 = ADVANCED_FACE('',(#2008),#2011,.F.);
#2008 = FACE_BOUND('',#2009,.F.);
#2009 = EDGE_LOOP('',(#2010));
#2010 = ORIENTED_EDGE('',*,*,#901,.T.);
#2011 = PLANE('',#2012);
#2012 = AXIS2_PLACEMENT_3D('',#2013,#2014,#2015);
#2013 = CARTESIAN_POINT('',(-5.,115.,0.5));
#2014 = DIRECTION('',(-9.102230246252E-17,-2.2E-16,-1.));
#2015 = DIRECTION('',(1.,5.6E-16,-9.102230246252E-17));
#2016 = ADVANCED_FACE('',(#2017,#2052,#2063,#2099,#2153,#2191),#2226,.T.
  );
#2017 = FACE_BOUND('',#2018,.F.);
#2018 = EDGE_LOOP('',(#2019,#2029,#2037,#2045));
#2019 = ORIENTED_EDGE('',*,*,#2020,.T.);
#2020 = EDGE_CURVE('',#2021,#2023,#2025,.T.);
#2021 = VERTEX_POINT('',#2022);
#2022 = CARTESIAN_POINT('',(0.375,64.53452037155,9.));
#2023 = VERTEX_POINT('',#2024);
#2024 = CARTESIAN_POINT('',(0.375,65.032601517631,9.));
#2025 = LINE('',#2026,#2027);
#2026 = CARTESIAN_POINT('',(0.375,64.032601517631,9.));
#2027 = VECTOR('',#2028,1.);
#2028 = DIRECTION('',(7.8E-16,1.,-2.2E-16));
#2029 = ORIENTED_EDGE('',*,*,#2030,.T.);
#2030 = EDGE_CURVE('',#2023,#2031,#2033,.T.);
#2031 = VERTEX_POINT('',#2032);
#2032 = CARTESIAN_POINT('',(-0.375,65.032601517631,9.));
#2033 = LINE('',#2034,#2035);
#2034 = CARTESIAN_POINT('',(0.375,65.032601517631,9.));
#2035 = VECTOR('',#2036,1.);
#2036 = DIRECTION('',(-1.,-5.6E-16,4.410223024625E-16));
#2037 = ORIENTED_EDGE('',*,*,#2038,.T.);
#2038 = EDGE_CURVE('',#2031,#2039,#2041,.T.);
#2039 = VERTEX_POINT('',#2040);
#2040 = CARTESIAN_POINT('',(-0.375,64.53452037155,9.));
#2041 = LINE('',#2042,#2043);
#2042 = CARTESIAN_POINT('',(-0.375,65.032601517631,9.));
#2043 = VECTOR('',#2044,1.);
#2044 = DIRECTION('',(-7.8E-16,-1.,2.2E-16));
#2045 = ORIENTED_EDGE('',*,*,#2046,.T.);
#2046 = EDGE_CURVE('',#2039,#2021,#2047,.T.);
#2047 = CIRCLE('',#2048,4.55);
#2048 = AXIS2_PLACEMENT_3D('',#2049,#2050,#2051);
#2049 = CARTESIAN_POINT('',(9.170920072216E-14,60.,9.));
#2050 = DIRECTION('',(1.311022302463E-15,2.2E-16,1.));
#2051 = DIRECTION('',(-9.25925925926E-02,0.995704078427,
    -9.76639433223E-17));
#2052 = FACE_BOUND('',#2053,.F.);
#2053 = EDGE_LOOP('',(#2054,#2055,#2056,#2057,#2058,#2059,#2060,#2061,
    #2062));
#2054 = ORIENTED_EDGE('',*,*,#983,.F.);
#2055 = ORIENTED_EDGE('',*,*,#967,.T.);
#2056 = ORIENTED_EDGE('',*,*,#1382,.F.);
#2057 = ORIENTED_EDGE('',*,*,#1995,.T.);
#2058 = ORIENTED_EDGE('',*,*,#1500,.F.);
#2059 = ORIENTED_EDGE('',*,*,#1465,.F.);
#2060 = ORIENTED_EDGE('',*,*,#1456,.F.);
#2061 = ORIENTED_EDGE('',*,*,#1439,.T.);
#2062 = ORIENTED_EDGE('',*,*,#1408,.F.);
#2063 = FACE_BOUND('',#2064,.F.);
#2064 = EDGE_LOOP('',(#2065,#2076,#2084,#2093));
#2065 = ORIENTED_EDGE('',*,*,#2066,.T.);
#2066 = EDGE_CURVE('',#2067,#2069,#2071,.T.);
#2067 = VERTEX_POINT('',#2068);
#2068 = CARTESIAN_POINT('',(-4.93064178171,12.616790718915,9.));
#2069 = VERTEX_POINT('',#2070);
#2070 = CARTESIAN_POINT('',(4.93064178171,12.616790718915,9.));
#2071 = CIRCLE('',#2072,4.943733452365);
#2072 = AXIS2_PLACEMENT_3D('',#2073,#2074,#2075);
#2073 = CARTESIAN_POINT('',(3.552713678801E-15,12.976334969996,9.));
#2074 = DIRECTION('',(4.410223024625E-16,2.2E-16,1.));
#2075 = DIRECTION('',(7.8E-16,1.,-2.2E-16));
#2076 = ORIENTED_EDGE('',*,*,#2077,.T.);
#2077 = EDGE_CURVE('',#2069,#2078,#2080,.T.);
#2078 = VERTEX_POINT('',#2079);
#2079 = CARTESIAN_POINT('',(7.299263314628,45.09909090909,9.));
#2080 = LINE('',#2081,#2082);
#2081 = CARTESIAN_POINT('',(4.93064178171,12.616790718915,9.));
#2082 = VECTOR('',#2083,1.);
#2083 = DIRECTION('',(7.272727272725E-02,0.997351865593,
    -2.5807434927E-16));
#2084 = ORIENTED_EDGE('',*,*,#2085,.T.);
#2085 = EDGE_CURVE('',#2078,#2086,#2088,.T.);
#2086 = VERTEX_POINT('',#2087);
#2087 = CARTESIAN_POINT('',(-7.299263314628,45.09909090909,9.));
#2088 = CIRCLE('',#2089,7.318644067797);
#2089 = AXIS2_PLACEMENT_3D('',#2090,#2091,#2092);
#2090 = CARTESIAN_POINT('',(3.01980662698E-14,45.631355932203,9.));
#2091 = DIRECTION('',(4.410223024625E-16,2.2E-16,1.));
#2092 = DIRECTION('',(7.8E-16,1.,-2.2E-16));
#2093 = ORIENTED_EDGE('',*,*,#2094,.F.);
#2094 = EDGE_CURVE('',#2067,#2086,#2095,.T.);
#2095 = LINE('',#2096,#2097);
#2096 = CARTESIAN_POINT('',(-4.93064178171,12.616790718914,9.));
#2097 = VECTOR('',#2098,1.);
#2098 = DIRECTION('',(-7.272727272724E-02,0.997351865593,
    -1.9192565073E-16));
#2099 = FACE_BOUND('',#2100,.F.);
#2100 = EDGE_LOOP('',(#2101,#2112,#2120,#2129,#2137,#2146));
#2101 = ORIENTED_EDGE('',*,*,#2102,.T.);
#2102 = EDGE_CURVE('',#2103,#2105,#2107,.T.);
#2103 = VERTEX_POINT('',#2104);
#2104 = CARTESIAN_POINT('',(-7.886005705332,97.240261992679,9.));
#2105 = VERTEX_POINT('',#2106);
#2106 = CARTESIAN_POINT('',(-11.5414110956,95.024158456962,9.));
#2107 = CIRCLE('',#2108,2.4);
#2108 = AXIS2_PLACEMENT_3D('',#2109,#2110,#2111);
#2109 = CARTESIAN_POINT('',(-9.147766618185,95.198703911508,9.));
#2110 = DIRECTION('',(4.410223024625E-16,2.2E-16,1.));
#2111 = DIRECTION('',(7.8E-16,1.,-2.2E-16));
#2112 = ORIENTED_EDGE('',*,*,#2113,.T.);
#2113 = EDGE_CURVE('',#2105,#2114,#2116,.T.);
#2114 = VERTEX_POINT('',#2115);
#2115 = CARTESIAN_POINT('',(-10.26940765047,77.58042708255,9.));
#2116 = LINE('',#2117,#2118);
#2117 = CARTESIAN_POINT('',(-11.5414110956,95.024158456962,9.));
#2118 = VECTOR('',#2119,1.);
#2119 = DIRECTION('',(7.272727272725E-02,-0.997351865593,
    1.9192565073E-16));
#2120 = ORIENTED_EDGE('',*,*,#2121,.T.);
#2121 = EDGE_CURVE('',#2114,#2122,#2124,.T.);
#2122 = VERTEX_POINT('',#2123);
#2123 = CARTESIAN_POINT('',(10.269407650471,77.58042708255,9.));
#2124 = CIRCLE('',#2125,10.296674628834);
#2125 = AXIS2_PLACEMENT_3D('',#2126,#2127,#2128);
#2126 = CARTESIAN_POINT('',(5.506706202141E-14,78.329276146465,9.));
#2127 = DIRECTION('',(4.410223024625E-16,2.2E-16,1.));
#2128 = DIRECTION('',(7.8E-16,1.,-2.2E-16));
#2129 = ORIENTED_EDGE('',*,*,#2130,.F.);
#2130 = EDGE_CURVE('',#2131,#2122,#2133,.T.);
#2131 = VERTEX_POINT('',#2132);
#2132 = CARTESIAN_POINT('',(11.541411095608,95.024158456962,9.));
#2133 = LINE('',#2134,#2135);
#2134 = CARTESIAN_POINT('',(11.541411095608,95.024158456962,9.));
#2135 = VECTOR('',#2136,1.);
#2136 = DIRECTION('',(-7.272727272726E-02,-0.997351865593,
    2.5807434927E-16));
#2137 = ORIENTED_EDGE('',*,*,#2138,.T.);
#2138 = EDGE_CURVE('',#2131,#2139,#2141,.T.);
#2139 = VERTEX_POINT('',#2140);
#2140 = CARTESIAN_POINT('',(7.886005705332,97.240261992679,9.));
#2141 = CIRCLE('',#2142,2.4);
#2142 = AXIS2_PLACEMENT_3D('',#2143,#2144,#2145);
#2143 = CARTESIAN_POINT('',(9.147766618185,95.198703911508,9.));
#2144 = DIRECTION('',(4.410223024625E-16,2.2E-16,1.));
#2145 = DIRECTION('',(7.8E-16,1.,-2.2E-16));
#2146 = ORIENTED_EDGE('',*,*,#2147,.F.);
#2147 = EDGE_CURVE('',#2103,#2139,#2148,.T.);
#2148 = CIRCLE('',#2149,15.);
#2149 = AXIS2_PLACEMENT_3D('',#2150,#2151,#2152);
#2150 = CARTESIAN_POINT('',(7.993605777301E-14,110.,9.));
#2151 = DIRECTION('',(4.410223024625E-16,2.2E-16,1.));
#2152 = DIRECTION('',(7.8E-16,1.,-2.2E-16));
#2153 = FACE_BOUND('',#2154,.F.);
#2154 = EDGE_LOOP('',(#2155,#2166,#2175,#2184));
#2155 = ORIENTED_EDGE('',*,*,#2156,.T.);
#2156 = EDGE_CURVE('',#2157,#2159,#2161,.T.);
#2157 = VERTEX_POINT('',#2158);
#2158 = CARTESIAN_POINT('',(-6.430517650277,99.164482349723,9.));
#2159 = VERTEX_POINT('',#2160);
#2160 = CARTESIAN_POINT('',(12.283426212681,107.19332216354,9.));
#2161 = CIRCLE('',#2162,12.6);
#2162 = AXIS2_PLACEMENT_3D('',#2163,#2164,#2165);
#2163 = CARTESIAN_POINT('',(7.993605777301E-14,110.,9.));
#2164 = DIRECTION('',(4.410223024625E-16,2.2E-16,1.));
#2165 = DIRECTION('',(7.8E-16,1.,-2.2E-16));
#2166 = ORIENTED_EDGE('',*,*,#2167,.F.);
#2167 = EDGE_CURVE('',#2168,#2159,#2170,.T.);
#2168 = VERTEX_POINT('',#2169);
#2169 = CARTESIAN_POINT('',(12.283426212681,112.80667783645,9.));
#2170 = CIRCLE('',#2171,3.9060483381);
#2171 = AXIS2_PLACEMENT_3D('',#2172,#2173,#2174);
#2172 = CARTESIAN_POINT('',(15.,110.,9.));
#2173 = DIRECTION('',(6.610223024625E-16,2.2E-16,1.));
#2174 = DIRECTION('',(1.E-15,1.,-2.2E-16));
#2175 = ORIENTED_EDGE('',*,*,#2176,.T.);
#2176 = EDGE_CURVE('',#2168,#2177,#2179,.T.);
#2177 = VERTEX_POINT('',#2178);
#2178 = CARTESIAN_POINT('',(10.835517650278,116.43051765027,9.));
#2179 = CIRCLE('',#2180,12.6);
#2180 = AXIS2_PLACEMENT_3D('',#2181,#2182,#2183);
#2181 = CARTESIAN_POINT('',(1.891792007222E-13,110.,9.));
#2182 = DIRECTION('',(1.331022302463E-15,2.2E-16,1.));
#2183 = DIRECTION('',(1.67E-15,1.,-2.2E-16));
#2184 = ORIENTED_EDGE('',*,*,#2185,.F.);
#2185 = EDGE_CURVE('',#2157,#2177,#2186,.T.);
#2186 = CIRCLE('',#2187,15.9);
#2187 = AXIS2_PLACEMENT_3D('',#2188,#2189,#2190);
#2188 = CARTESIAN_POINT('',(-5.,115.,9.));
#2189 = DIRECTION('',(1.331022302463E-15,2.2E-16,1.));
#2190 = DIRECTION('',(1.67E-15,1.,-2.2E-16));
#2191 = FACE_BOUND('',#2192,.F.);
#2192 = EDGE_LOOP('',(#2193,#2203,#2211,#2219));
#2193 = ORIENTED_EDGE('',*,*,#2194,.T.);
#2194 = EDGE_CURVE('',#2195,#2197,#2199,.T.);
#2195 = VERTEX_POINT('',#2196);
#2196 = CARTESIAN_POINT('',(0.375,4.53452037155,9.));
#2197 = VERTEX_POINT('',#2198);
#2198 = CARTESIAN_POINT('',(0.375,5.032601517631,9.));
#2199 = LINE('',#2200,#2201);
#2200 = CARTESIAN_POINT('',(0.375,4.032601517631,9.));
#2201 = VECTOR('',#2202,1.);
#2202 = DIRECTION('',(7.8E-16,1.,-2.2E-16));
#2203 = ORIENTED_EDGE('',*,*,#2204,.T.);
#2204 = EDGE_CURVE('',#2197,#2205,#2207,.T.);
#2205 = VERTEX_POINT('',#2206);
#2206 = CARTESIAN_POINT('',(-0.375,5.032601517631,9.));
#2207 = LINE('',#2208,#2209);
#2208 = CARTESIAN_POINT('',(0.375,5.032601517631,9.));
#2209 = VECTOR('',#2210,1.);
#2210 = DIRECTION('',(-1.,-5.6E-16,4.410223024625E-16));
#2211 = ORIENTED_EDGE('',*,*,#2212,.T.);
#2212 = EDGE_CURVE('',#2205,#2213,#2215,.T.);
#2213 = VERTEX_POINT('',#2214);
#2214 = CARTESIAN_POINT('',(-0.375,4.53452037155,9.));
#2215 = LINE('',#2216,#2217);
#2216 = CARTESIAN_POINT('',(-0.375,5.032601517631,9.));
#2217 = VECTOR('',#2218,1.);
#2218 = DIRECTION('',(-7.8E-16,-1.,2.2E-16));
#2219 = ORIENTED_EDGE('',*,*,#2220,.T.);
#2220 = EDGE_CURVE('',#2213,#2195,#2221,.T.);
#2221 = CIRCLE('',#2222,4.55);
#2222 = AXIS2_PLACEMENT_3D('',#2223,#2224,#2225);
#2223 = CARTESIAN_POINT('',(1.176920072216E-14,2.E-15,9.));
#2224 = DIRECTION('',(1.311022302463E-15,2.2E-16,1.));
#2225 = DIRECTION('',(-9.259259259259E-02,0.995704078427,
    -9.766394332231E-17));
#2226 = PLANE('',#2227);
#2227 = AXIS2_PLACEMENT_3D('',#2228,#2229,#2230);
#2228 = CARTESIAN_POINT('',(1.273119283675,58.87478118445,9.));
#2229 = DIRECTION('',(1.311022302463E-15,2.2E-16,1.));
#2230 = DIRECTION('',(-1.,-5.6E-16,1.311022302463E-15));
#2231 = ADVANCED_FACE('',(#2232),#2238,.T.);
#2232 = FACE_BOUND('',#2233,.F.);
#2233 = EDGE_LOOP('',(#2234,#2235,#2236,#2237));
#2234 = ORIENTED_EDGE('',*,*,#1099,.T.);
#2235 = ORIENTED_EDGE('',*,*,#1348,.T.);
#2236 = ORIENTED_EDGE('',*,*,#944,.F.);
#2237 = ORIENTED_EDGE('',*,*,#1032,.T.);
#2238 = PLANE('',#2239);
#2239 = AXIS2_PLACEMENT_3D('',#2240,#2241,#2242);
#2240 = CARTESIAN_POINT('',(-5.,25.,0.25));
#2241 = DIRECTION('',(-4.410223024625E-16,-2.2E-16,-1.));
#2242 = DIRECTION('',(1.,5.6E-16,-4.410223024625E-16));
#2243 = ADVANCED_FACE('',(#2244),#2250,.T.);
#2244 = FACE_BOUND('',#2245,.F.);
#2245 = EDGE_LOOP('',(#2246,#2247,#2248,#2249));
#2246 = ORIENTED_EDGE('',*,*,#1065,.T.);
#2247 = ORIENTED_EDGE('',*,*,#1007,.T.);
#2248 = ORIENTED_EDGE('',*,*,#1365,.T.);
#2249 = ORIENTED_EDGE('',*,*,#1143,.T.);
#2250 = PLANE('',#2251);
#2251 = AXIS2_PLACEMENT_3D('',#2252,#2253,#2254);
#2252 = CARTESIAN_POINT('',(-5.,25.,0.25));
#2253 = DIRECTION('',(-4.410223024625E-16,-2.2E-16,-1.));
#2254 = DIRECTION('',(1.,5.6E-16,-4.410223024625E-16));
#2255 = ADVANCED_FACE('',(#2256),#2295,.F.);
#2256 = FACE_BOUND('',#2257,.T.);
#2257 = EDGE_LOOP('',(#2258,#2259,#2268,#2277,#2286,#2293,#2294));
#2258 = ORIENTED_EDGE('',*,*,#1296,.T.);
#2259 = ORIENTED_EDGE('',*,*,#2260,.T.);
#2260 = EDGE_CURVE('',#1297,#2261,#2263,.T.);
#2261 = VERTEX_POINT('',#2262);
#2262 = CARTESIAN_POINT('',(-3.50740288534,62.025000000041,3.75));
#2263 = CIRCLE('',#2264,4.05);
#2264 = AXIS2_PLACEMENT_3D('',#2265,#2266,#2267);
#2265 = CARTESIAN_POINT('',(1.032563336342E-13,60.,3.75));
#2266 = DIRECTION('',(8.810223024625E-16,6.6E-16,1.));
#2267 = DIRECTION('',(1.67E-15,1.,-6.6E-16));
#2268 = ORIENTED_EDGE('',*,*,#2269,.T.);
#2269 = EDGE_CURVE('',#2261,#2270,#2272,.T.);
#2270 = VERTEX_POINT('',#2271);
#2271 = CARTESIAN_POINT('',(9.302341633363E-11,55.94999999994,3.75));
#2272 = CIRCLE('',#2273,4.05);
#2273 = AXIS2_PLACEMENT_3D('',#2274,#2275,#2276);
#2274 = CARTESIAN_POINT('',(1.032563336342E-13,60.,3.75));
#2275 = DIRECTION('',(8.810223024625E-16,6.6E-16,1.));
#2276 = DIRECTION('',(1.67E-15,1.,-6.6E-16));
#2277 = ORIENTED_EDGE('',*,*,#2278,.T.);
#2278 = EDGE_CURVE('',#2270,#2279,#2281,.T.);
#2279 = VERTEX_POINT('',#2280);
#2280 = CARTESIAN_POINT('',(3.507402885365,62.025000000041,3.75));
#2281 = CIRCLE('',#2282,4.05);
#2282 = AXIS2_PLACEMENT_3D('',#2283,#2284,#2285);
#2283 = CARTESIAN_POINT('',(1.032563336342E-13,60.,3.75));
#2284 = DIRECTION('',(8.810223024625E-16,6.6E-16,1.));
#2285 = DIRECTION('',(1.67E-15,1.,-6.6E-16));
#2286 = ORIENTED_EDGE('',*,*,#2287,.T.);
#2287 = EDGE_CURVE('',#2279,#1185,#2288,.T.);
#2288 = CIRCLE('',#2289,4.05);
#2289 = AXIS2_PLACEMENT_3D('',#2290,#2291,#2292);
#2290 = CARTESIAN_POINT('',(1.032563336342E-13,60.,3.75));
#2291 = DIRECTION('',(8.810223024625E-16,6.6E-16,1.));
#2292 = DIRECTION('',(1.67E-15,1.,-6.6E-16));
#2293 = ORIENTED_EDGE('',*,*,#1184,.F.);
#2294 = ORIENTED_EDGE('',*,*,#1117,.F.);
#2295 = CYLINDRICAL_SURFACE('',#2296,4.05);
#2296 = AXIS2_PLACEMENT_3D('',#2297,#2298,#2299);
#2297 = CARTESIAN_POINT('',(7.994E-14,60.,-1.332E-14));
#2298 = DIRECTION('',(-7.710223024625E-16,-4.4E-16,-1.));
#2299 = DIRECTION('',(1.34E-15,1.,-4.4E-16));
#2300 = ADVANCED_FACE('',(#2301),#2340,.F.);
#2301 = FACE_BOUND('',#2302,.T.);
#2302 = EDGE_LOOP('',(#2303,#2304,#2313,#2322,#2331,#2338,#2339));
#2303 = ORIENTED_EDGE('',*,*,#1216,.T.);
#2304 = ORIENTED_EDGE('',*,*,#2305,.T.);
#2305 = EDGE_CURVE('',#1217,#2306,#2308,.T.);
#2306 = VERTEX_POINT('',#2307);
#2307 = CARTESIAN_POINT('',(-3.507402885327,2.025,3.75));
#2308 = CIRCLE('',#2309,4.05);
#2309 = AXIS2_PLACEMENT_3D('',#2310,#2311,#2312);
#2310 = CARTESIAN_POINT('',(3.336333634234E-15,2.5E-15,3.75));
#2311 = DIRECTION('',(8.810223024625E-16,6.6E-16,1.));
#2312 = DIRECTION('',(1.67E-15,1.,-6.6E-16));
#2313 = ORIENTED_EDGE('',*,*,#2314,.T.);
#2314 = EDGE_CURVE('',#2306,#2315,#2317,.T.);
#2315 = VERTEX_POINT('',#2316);
#2316 = CARTESIAN_POINT('',(-1.583666365766E-15,-4.05,3.75));
#2317 = CIRCLE('',#2318,4.05);
#2318 = AXIS2_PLACEMENT_3D('',#2319,#2320,#2321);
#2319 = CARTESIAN_POINT('',(3.336333634234E-15,2.5E-15,3.75));
#2320 = DIRECTION('',(8.810223024625E-16,6.6E-16,1.));
#2321 = DIRECTION('',(1.67E-15,1.,-6.6E-16));
#2322 = ORIENTED_EDGE('',*,*,#2323,.T.);
#2323 = EDGE_CURVE('',#2315,#2324,#2326,.T.);
#2324 = VERTEX_POINT('',#2325);
#2325 = CARTESIAN_POINT('',(3.507402885327,2.025,3.75));
#2326 = CIRCLE('',#2327,4.05);
#2327 = AXIS2_PLACEMENT_3D('',#2328,#2329,#2330);
#2328 = CARTESIAN_POINT('',(3.336333634234E-15,2.5E-15,3.75));
#2329 = DIRECTION('',(8.810223024625E-16,6.6E-16,1.));
#2330 = DIRECTION('',(1.67E-15,1.,-6.6E-16));
#2331 = ORIENTED_EDGE('',*,*,#2332,.T.);
#2332 = EDGE_CURVE('',#2324,#1322,#2333,.T.);
#2333 = CIRCLE('',#2334,4.05);
#2334 = AXIS2_PLACEMENT_3D('',#2335,#2336,#2337);
#2335 = CARTESIAN_POINT('',(3.336333634234E-15,2.5E-15,3.75));
#2336 = DIRECTION('',(8.810223024625E-16,6.6E-16,1.));
#2337 = DIRECTION('',(1.67E-15,1.,-6.6E-16));
#2338 = ORIENTED_EDGE('',*,*,#1321,.F.);
#2339 = ORIENTED_EDGE('',*,*,#1169,.F.);
#2340 = CYLINDRICAL_SURFACE('',#2341,4.05);
#2341 = AXIS2_PLACEMENT_3D('',#2342,#2343,#2344);
#2342 = CARTESIAN_POINT('',(0.,0.,0.));
#2343 = DIRECTION('',(-7.710223024625E-16,-4.4E-16,-1.));
#2344 = DIRECTION('',(1.34E-15,1.,-4.4E-16));
#2345 = ADVANCED_FACE('',(#2346),#2359,.T.);
#2346 = FACE_BOUND('',#2347,.F.);
#2347 = EDGE_LOOP('',(#2348,#2349,#2350,#2356,#2357,#2358));
#2348 = ORIENTED_EDGE('',*,*,#1304,.T.);
#2349 = ORIENTED_EDGE('',*,*,#2260,.T.);
#2350 = ORIENTED_EDGE('',*,*,#2351,.T.);
#2351 = EDGE_CURVE('',#2261,#2279,#2352,.T.);
#2352 = LINE('',#2353,#2354);
#2353 = CARTESIAN_POINT('',(-3.50740288534,62.025000000041,3.75));
#2354 = VECTOR('',#2355,1.);
#2355 = DIRECTION('',(1.,5.6E-16,-4.410223024625E-16));
#2356 = ORIENTED_EDGE('',*,*,#2287,.T.);
#2357 = ORIENTED_EDGE('',*,*,#1202,.T.);
#2358 = ORIENTED_EDGE('',*,*,#1258,.T.);
#2359 = PLANE('',#2360);
#2360 = AXIS2_PLACEMENT_3D('',#2361,#2362,#2363);
#2361 = CARTESIAN_POINT('',(2.476633363423E-14,30.,3.75));
#2362 = DIRECTION('',(-4.410223024625E-16,-2.2E-16,-1.));
#2363 = DIRECTION('',(1.,5.6E-16,-4.410223024625E-16));
#2364 = ADVANCED_FACE('',(#2365),#2378,.T.);
#2365 = FACE_BOUND('',#2366,.F.);
#2366 = EDGE_LOOP('',(#2367,#2368,#2369,#2375,#2376,#2377));
#2367 = ORIENTED_EDGE('',*,*,#1224,.T.);
#2368 = ORIENTED_EDGE('',*,*,#2305,.T.);
#2369 = ORIENTED_EDGE('',*,*,#2370,.T.);
#2370 = EDGE_CURVE('',#2306,#2324,#2371,.T.);
#2371 = LINE('',#2372,#2373);
#2372 = CARTESIAN_POINT('',(-3.507402885327,2.025,3.75));
#2373 = VECTOR('',#2374,1.);
#2374 = DIRECTION('',(1.,5.6E-16,-4.410223024625E-16));
#2375 = ORIENTED_EDGE('',*,*,#2332,.T.);
#2376 = ORIENTED_EDGE('',*,*,#1332,.T.);
#2377 = ORIENTED_EDGE('',*,*,#1282,.T.);
#2378 = PLANE('',#2379);
#2379 = AXIS2_PLACEMENT_3D('',#2380,#2381,#2382);
#2380 = CARTESIAN_POINT('',(2.476633363423E-14,30.,3.75));
#2381 = DIRECTION('',(-4.410223024625E-16,-2.2E-16,-1.));
#2382 = DIRECTION('',(1.,5.6E-16,-4.410223024625E-16));
#2383 = ADVANCED_FACE('',(#2384),#2387,.T.);
#2384 = FACE_BOUND('',#2385,.F.);
#2385 = EDGE_LOOP('',(#2386));
#2386 = ORIENTED_EDGE('',*,*,#1524,.T.);
#2387 = PLANE('',#2388);
#2388 = AXIS2_PLACEMENT_3D('',#2389,#2390,#2391);
#2389 = CARTESIAN_POINT('',(9.281464485866E-14,120.,0.5));
#2390 = DIRECTION('',(-4.410223024625E-16,-2.2E-16,-1.));
#2391 = DIRECTION('',(1.,5.6E-16,-4.410223024625E-16));
#2392 = ADVANCED_FACE('',(#2393,#2413),#2487,.F.);
#2393 = FACE_BOUND('',#2394,.F.);
#2394 = EDGE_LOOP('',(#2395,#2396,#2397,#2398,#2399,#2400,#2401,#2402,
    #2403,#2404,#2405,#2406,#2407,#2408,#2409,#2410,#2411,#2412));
#2395 = ORIENTED_EDGE('',*,*,#1549,.T.);
#2396 = ORIENTED_EDGE('',*,*,#1573,.T.);
#2397 = ORIENTED_EDGE('',*,*,#1597,.T.);
#2398 = ORIENTED_EDGE('',*,*,#1623,.T.);
#2399 = ORIENTED_EDGE('',*,*,#1649,.T.);
#2400 = ORIENTED_EDGE('',*,*,#1675,.T.);
#2401 = ORIENTED_EDGE('',*,*,#1701,.T.);
#2402 = ORIENTED_EDGE('',*,*,#1727,.T.);
#2403 = ORIENTED_EDGE('',*,*,#1753,.T.);
#2404 = ORIENTED_EDGE('',*,*,#1779,.T.);
#2405 = ORIENTED_EDGE('',*,*,#1803,.T.);
#2406 = ORIENTED_EDGE('',*,*,#1827,.T.);
#2407 = ORIENTED_EDGE('',*,*,#1851,.T.);
#2408 = ORIENTED_EDGE('',*,*,#1877,.T.);
#2409 = ORIENTED_EDGE('',*,*,#1903,.T.);
#2410 = ORIENTED_EDGE('',*,*,#1929,.T.);
#2411 = ORIENTED_EDGE('',*,*,#1953,.T.);
#2412 = ORIENTED_EDGE('',*,*,#1977,.T.);
#2413 = FACE_BOUND('',#2414,.F.);
#2414 = EDGE_LOOP('',(#2415,#2425,#2433,#2441,#2449,#2457,#2465,#2473,
    #2481));
#2415 = ORIENTED_EDGE('',*,*,#2416,.T.);
#2416 = EDGE_CURVE('',#2417,#2419,#2421,.T.);
#2417 = VERTEX_POINT('',#2418);
#2418 = CARTESIAN_POINT('',(0.413250824221,73.868402012308,0.5));
#2419 = VERTEX_POINT('',#2420);
#2420 = CARTESIAN_POINT('',(1.257308155688,74.712459343775,0.5));
#2421 = LINE('',#2422,#2423);
#2422 = CARTESIAN_POINT('',(0.413250824221,73.868402012308,0.5));
#2423 = VECTOR('',#2424,1.);
#2424 = DIRECTION('',(0.707106781187,0.707106781187,-7.850462293419E-17)
  );
#2425 = ORIENTED_EDGE('',*,*,#2426,.T.);
#2426 = EDGE_CURVE('',#2419,#2427,#2429,.T.);
#2427 = VERTEX_POINT('',#2428);
#2428 = CARTESIAN_POINT('',(2.351627843578,75.668543767029,0.5));
#2429 = B_SPLINE_CURVE_WITH_KNOTS('',2,(#2430,#2431,#2432),
  .UNSPECIFIED.,.F.,.F.,(3,3),(0.,1.),.PIECEWISE_BEZIER_KNOTS.);
#2430 = CARTESIAN_POINT('',(1.257308155688,74.712459343775,0.5));
#2431 = CARTESIAN_POINT('',(2.078240628759,75.533391816846,0.5));
#2432 = CARTESIAN_POINT('',(2.351627843578,75.668543767029,0.5));
#2433 = ORIENTED_EDGE('',*,*,#2434,.T.);
#2434 = EDGE_CURVE('',#2427,#2435,#2437,.T.);
#2435 = VERTEX_POINT('',#2436);
#2436 = CARTESIAN_POINT('',(2.909964702415,75.749994657159,0.5));
#2437 = B_SPLINE_CURVE_WITH_KNOTS('',2,(#2438,#2439,#2440),
  .UNSPECIFIED.,.F.,.F.,(3,3),(0.,1.),.PIECEWISE_BEZIER_KNOTS.);
#2438 = CARTESIAN_POINT('',(2.351627843578,75.668543767029,0.5));
#2439 = CARTESIAN_POINT('',(2.625272001269,75.803438774342,0.5));
#2440 = CARTESIAN_POINT('',(2.909964702415,75.749994657159,0.5));
#2441 = ORIENTED_EDGE('',*,*,#2442,.T.);
#2442 = EDGE_CURVE('',#2435,#2443,#2445,.T.);
#2443 = VERTEX_POINT('',#2444);
#2444 = CARTESIAN_POINT('',(3.44877390305,75.442434040487,0.5));
#2445 = B_SPLINE_CURVE_WITH_KNOTS('',2,(#2446,#2447,#2448),
  .UNSPECIFIED.,.F.,.F.,(3,3),(0.,1.),.PIECEWISE_BEZIER_KNOTS.);
#2446 = CARTESIAN_POINT('',(2.909964702415,75.749994657159,0.5));
#2447 = CARTESIAN_POINT('',(3.194914346432,75.696293597105,0.5));
#2448 = CARTESIAN_POINT('',(3.44877390305,75.442434040487,0.5));
#2449 = ORIENTED_EDGE('',*,*,#2450,.T.);
#2450 = EDGE_CURVE('',#2443,#2451,#2453,.T.);
#2451 = VERTEX_POINT('',#2452);
#2452 = CARTESIAN_POINT('',(3.75582063398,74.830653064468,0.5));
#2453 = B_SPLINE_CURVE_WITH_KNOTS('',2,(#2454,#2455,#2456),
  .UNSPECIFIED.,.F.,.F.,(3,3),(0.,1.),.PIECEWISE_BEZIER_KNOTS.);
#2454 = CARTESIAN_POINT('',(3.44877390305,75.442434040487,0.5));
#2455 = CARTESIAN_POINT('',(3.733209661325,75.157998282212,0.5));
#2456 = CARTESIAN_POINT('',(3.75582063398,74.830653064468,0.5));
#2457 = ORIENTED_EDGE('',*,*,#2458,.T.);
#2458 = EDGE_CURVE('',#2451,#2459,#2461,.T.);
#2459 = VERTEX_POINT('',#2460);
#2460 = CARTESIAN_POINT('',(3.547439965541,74.179816772046,0.5));
#2461 = B_SPLINE_CURVE_WITH_KNOTS('',2,(#2462,#2463,#2464),
  .UNSPECIFIED.,.F.,.F.,(3,3),(0.,1.),.PIECEWISE_BEZIER_KNOTS.);
#2462 = CARTESIAN_POINT('',(3.75582063398,74.830653064468,0.5));
#2463 = CARTESIAN_POINT('',(3.778945492376,74.503307846724,0.5));
#2464 = CARTESIAN_POINT('',(3.547439965541,74.179816772046,0.5));
#2465 = ORIENTED_EDGE('',*,*,#2466,.T.);
#2466 = EDGE_CURVE('',#2459,#2467,#2469,.T.);
#2467 = VERTEX_POINT('',#2468);
#2468 = CARTESIAN_POINT('',(2.734215778602,73.328051154447,0.5));
#2469 = B_SPLINE_CURVE_WITH_KNOTS('',2,(#2470,#2471,#2472),
  .UNSPECIFIED.,.F.,.F.,(3,3),(0.,1.),.PIECEWISE_BEZIER_KNOTS.);
#2470 = CARTESIAN_POINT('',(3.547439965541,74.179816772046,0.5));
#2471 = CARTESIAN_POINT('',(3.427961530493,74.021796906337,0.5));
#2472 = CARTESIAN_POINT('',(2.734215778602,73.328051154447,0.5));
#2473 = ORIENTED_EDGE('',*,*,#2474,.T.);
#2474 = EDGE_CURVE('',#2467,#2475,#2477,.T.);
#2475 = VERTEX_POINT('',#2476);
#2476 = CARTESIAN_POINT('',(1.843908730343,72.437744106187,0.5));
#2477 = LINE('',#2478,#2479);
#2478 = CARTESIAN_POINT('',(2.734215778602,73.328051154447,0.5));
#2479 = VECTOR('',#2480,1.);
#2480 = DIRECTION('',(-0.707106781187,-0.707106781187,7.850462293419E-17
    ));
#2481 = ORIENTED_EDGE('',*,*,#2482,.T.);
#2482 = EDGE_CURVE('',#2475,#2417,#2483,.T.);
#2483 = LINE('',#2484,#2485);
#2484 = CARTESIAN_POINT('',(1.843908730343,72.437744106187,0.5));
#2485 = VECTOR('',#2486,1.);
#2486 = DIRECTION('',(-0.707106781187,0.707106781187,7.850462293419E-17)
  );
#2487 = PLANE('',#2488);
#2488 = AXIS2_PLACEMENT_3D('',#2489,#2490,#2491);
#2489 = CARTESIAN_POINT('',(1.115558648664,75.342699016562,0.5));
#2490 = DIRECTION('',(1.110223024625E-16,0.,1.));
#2491 = DIRECTION('',(-1.,0.,1.110223024625E-16));
#2492 = ADVANCED_FACE('',(#2493),#2527,.T.);
#2493 = FACE_BOUND('',#2494,.F.);
#2494 = EDGE_LOOP('',(#2495,#2505,#2513,#2519,#2520));
#2495 = ORIENTED_EDGE('',*,*,#2496,.F.);
#2496 = EDGE_CURVE('',#2497,#2499,#2501,.T.);
#2497 = VERTEX_POINT('',#2498);
#2498 = CARTESIAN_POINT('',(0.375,64.032601517631,5.25));
#2499 = VERTEX_POINT('',#2500);
#2500 = CARTESIAN_POINT('',(0.375,64.032601517631,8.5));
#2501 = LINE('',#2502,#2503);
#2502 = CARTESIAN_POINT('',(0.375,64.032601517631,-1.459163336342E-14));
#2503 = VECTOR('',#2504,1.);
#2504 = DIRECTION('',(5.510223024625E-16,6.6E-16,1.));
#2505 = ORIENTED_EDGE('',*,*,#2506,.T.);
#2506 = EDGE_CURVE('',#2497,#2507,#2509,.T.);
#2507 = VERTEX_POINT('',#2508);
#2508 = CARTESIAN_POINT('',(0.375,65.032601517631,5.25));
#2509 = LINE('',#2510,#2511);
#2510 = CARTESIAN_POINT('',(0.375,47.266300758816,5.25));
#2511 = VECTOR('',#2512,1.);
#2512 = DIRECTION('',(1.15E-15,1.,-4.4E-16));
#2513 = ORIENTED_EDGE('',*,*,#2514,.T.);
#2514 = EDGE_CURVE('',#2507,#2023,#2515,.T.);
#2515 = LINE('',#2516,#2517);
#2516 = CARTESIAN_POINT('',(0.375,65.032601517631,-1.482163336342E-14));
#2517 = VECTOR('',#2518,1.);
#2518 = DIRECTION('',(5.510223024625E-16,6.6E-16,1.));
#2519 = ORIENTED_EDGE('',*,*,#2020,.F.);
#2520 = ORIENTED_EDGE('',*,*,#2521,.T.);
#2521 = EDGE_CURVE('',#2021,#2499,#2522,.T.);
#2522 = HYPERBOLA('',#2523,0.375,0.375);
#2523 = AXIS2_PLACEMENT_3D('',#2524,#2525,#2526);
#2524 = CARTESIAN_POINT('',(0.375,60.,4.45));
#2525 = DIRECTION('',(1.,-1.04E-15,-4.410223024625E-16));
#2526 = DIRECTION('',(4.410223024625E-16,2.2E-16,1.));
#2527 = PLANE('',#2528);
#2528 = AXIS2_PLACEMENT_3D('',#2529,#2530,#2531);
#2529 = CARTESIAN_POINT('',(0.375,64.532601517631,4.5));
#2530 = DIRECTION('',(-1.,-3.E-16,4.410223024625E-16));
#2531 = DIRECTION('',(3.E-16,-1.,2.2E-16));
#2532 = ADVANCED_FACE('',(#2533),#2553,.F.);
#2533 = FACE_BOUND('',#2534,.T.);
#2534 = EDGE_LOOP('',(#2535,#2544,#2545,#2546));
#2535 = ORIENTED_EDGE('',*,*,#2536,.F.);
#2536 = EDGE_CURVE('',#2039,#2537,#2539,.T.);
#2537 = VERTEX_POINT('',#2538);
#2538 = CARTESIAN_POINT('',(-0.375,64.032601517631,8.5));
#2539 = HYPERBOLA('',#2540,0.375,0.375);
#2540 = AXIS2_PLACEMENT_3D('',#2541,#2542,#2543);
#2541 = CARTESIAN_POINT('',(-0.375,60.,4.45));
#2542 = DIRECTION('',(1.,-1.34E-15,-4.410223024625E-16));
#2543 = DIRECTION('',(4.410223024625E-16,2.2E-16,1.));
#2544 = ORIENTED_EDGE('',*,*,#2046,.T.);
#2545 = ORIENTED_EDGE('',*,*,#2521,.T.);
#2546 = ORIENTED_EDGE('',*,*,#2547,.F.);
#2547 = EDGE_CURVE('',#2537,#2499,#2548,.T.);
#2548 = CIRCLE('',#2549,4.05);
#2549 = AXIS2_PLACEMENT_3D('',#2550,#2551,#2552);
#2550 = CARTESIAN_POINT('',(9.104368957093E-14,60.,8.5));
#2551 = DIRECTION('',(1.311022302463E-15,2.2E-16,1.));
#2552 = DIRECTION('',(-9.25925925926E-02,0.995704078427,
    -9.76639433223E-17));
#2553 = CONICAL_SURFACE('',#2554,4.05,0.785398163397);
#2554 = AXIS2_PLACEMENT_3D('',#2555,#2556,#2557);
#2555 = CARTESIAN_POINT('',(9.104368957093E-14,60.,8.5));
#2556 = DIRECTION('',(1.311022302463E-15,2.2E-16,1.));
#2557 = DIRECTION('',(-9.25925925926E-02,0.995704078427,
    -9.76639433223E-17));
#2558 = ADVANCED_FACE('',(#2559),#2577,.T.);
#2559 = FACE_BOUND('',#2560,.F.);
#2560 = EDGE_LOOP('',(#2561,#2562,#2570,#2576));
#2561 = ORIENTED_EDGE('',*,*,#2514,.F.);
#2562 = ORIENTED_EDGE('',*,*,#2563,.T.);
#2563 = EDGE_CURVE('',#2507,#2564,#2566,.T.);
#2564 = VERTEX_POINT('',#2565);
#2565 = CARTESIAN_POINT('',(-0.375,65.032601517631,5.25));
#2566 = LINE('',#2567,#2568);
#2567 = CARTESIAN_POINT('',(9.133286708793E-14,65.032601517631,5.25));
#2568 = VECTOR('',#2569,1.);
#2569 = DIRECTION('',(-1.,-2.3E-16,4.410223024625E-16));
#2570 = ORIENTED_EDGE('',*,*,#2571,.T.);
#2571 = EDGE_CURVE('',#2564,#2031,#2572,.T.);
#2572 = LINE('',#2573,#2574);
#2573 = CARTESIAN_POINT('',(-0.375,65.032601517631,-1.406836663658E-14)
  );
#2574 = VECTOR('',#2575,1.);
#2575 = DIRECTION('',(5.510223024625E-16,6.6E-16,1.));
#2576 = ORIENTED_EDGE('',*,*,#2030,.F.);
#2577 = PLANE('',#2578);
#2578 = AXIS2_PLACEMENT_3D('',#2579,#2580,#2581);
#2579 = CARTESIAN_POINT('',(8.917960036108E-14,65.032601517631,4.5));
#2580 = DIRECTION('',(-7.8E-16,-1.,2.2E-16));
#2581 = DIRECTION('',(-4.410223024625E-16,-2.2E-16,-1.));
#2582 = ADVANCED_FACE('',(#2583),#2602,.T.);
#2583 = FACE_BOUND('',#2584,.F.);
#2584 = EDGE_LOOP('',(#2585,#2586,#2587,#2595,#2601));
#2585 = ORIENTED_EDGE('',*,*,#2038,.F.);
#2586 = ORIENTED_EDGE('',*,*,#2571,.F.);
#2587 = ORIENTED_EDGE('',*,*,#2588,.T.);
#2588 = EDGE_CURVE('',#2564,#2589,#2591,.T.);
#2589 = VERTEX_POINT('',#2590);
#2590 = CARTESIAN_POINT('',(-0.375,64.032601517631,5.25));
#2591 = LINE('',#2592,#2593);
#2592 = CARTESIAN_POINT('',(-0.375,47.266300758816,5.25));
#2593 = VECTOR('',#2594,1.);
#2594 = DIRECTION('',(-1.45E-15,-1.,4.4E-16));
#2595 = ORIENTED_EDGE('',*,*,#2596,.T.);
#2596 = EDGE_CURVE('',#2589,#2537,#2597,.T.);
#2597 = LINE('',#2598,#2599);
#2598 = CARTESIAN_POINT('',(-0.375,64.032601517631,-1.383836663658E-14)
  );
#2599 = VECTOR('',#2600,1.);
#2600 = DIRECTION('',(5.510223024625E-16,6.6E-16,1.));
#2601 = ORIENTED_EDGE('',*,*,#2536,.F.);
#2602 = PLANE('',#2603);
#2603 = AXIS2_PLACEMENT_3D('',#2604,#2605,#2606);
#2604 = CARTESIAN_POINT('',(-0.375,64.532601517631,4.5));
#2605 = DIRECTION('',(1.,-0.,-4.410223024625E-16));
#2606 = DIRECTION('',(-9.702490654175E-32,1.,-2.2E-16));
#2607 = ADVANCED_FACE('',(#2608),#2634,.F.);
#2608 = FACE_BOUND('',#2609,.T.);
#2609 = EDGE_LOOP('',(#2610,#2621,#2627,#2628));
#2610 = ORIENTED_EDGE('',*,*,#2611,.F.);
#2611 = EDGE_CURVE('',#2612,#2614,#2616,.T.);
#2612 = VERTEX_POINT('',#2613);
#2613 = CARTESIAN_POINT('',(-4.93064178171,12.616790718915,1.5));
#2614 = VERTEX_POINT('',#2615);
#2615 = CARTESIAN_POINT('',(4.93064178171,12.616790718915,1.5));
#2616 = CIRCLE('',#2617,4.943733452365);
#2617 = AXIS2_PLACEMENT_3D('',#2618,#2619,#2620);
#2618 = CARTESIAN_POINT('',(1.844653345369E-14,12.976334969996,1.5));
#2619 = DIRECTION('',(7.710223024625E-16,4.4E-16,1.));
#2620 = DIRECTION('',(1.34E-15,1.,-4.4E-16));
#2621 = ORIENTED_EDGE('',*,*,#2622,.T.);
#2622 = EDGE_CURVE('',#2612,#2067,#2623,.T.);
#2623 = LINE('',#2624,#2625);
#2624 = CARTESIAN_POINT('',(-4.93064178171,12.616790718915,
    4.774112032233E-16));
#2625 = VECTOR('',#2626,1.);
#2626 = DIRECTION('',(4.410223024625E-16,4.4E-16,1.));
#2627 = ORIENTED_EDGE('',*,*,#2066,.T.);
#2628 = ORIENTED_EDGE('',*,*,#2629,.F.);
#2629 = EDGE_CURVE('',#2614,#2069,#2630,.T.);
#2630 = LINE('',#2631,#2632);
#2631 = CARTESIAN_POINT('',(4.93064178171,12.616790718915,
    -6.077411203223E-15));
#2632 = VECTOR('',#2633,1.);
#2633 = DIRECTION('',(4.410223024625E-16,4.4E-16,1.));
#2634 = CYLINDRICAL_SURFACE('',#2635,4.943733452365);
#2635 = AXIS2_PLACEMENT_3D('',#2636,#2637,#2638);
#2636 = CARTESIAN_POINT('',(1.296E-14,12.976334969996,-2.88E-15));
#2637 = DIRECTION('',(-6.610223024625E-16,-2.2E-16,-1.));
#2638 = DIRECTION('',(1.E-15,1.,-2.2E-16));
#2639 = ADVANCED_FACE('',(#2640),#2658,.F.);
#2640 = FACE_BOUND('',#2641,.T.);
#2641 = EDGE_LOOP('',(#2642,#2650,#2651,#2652));
#2642 = ORIENTED_EDGE('',*,*,#2643,.T.);
#2643 = EDGE_CURVE('',#2644,#2614,#2646,.T.);
#2644 = VERTEX_POINT('',#2645);
#2645 = CARTESIAN_POINT('',(7.299263314628,45.09909090909,1.5));
#2646 = LINE('',#2647,#2648);
#2647 = CARTESIAN_POINT('',(6.503266467998,34.183117984191,1.5));
#2648 = VECTOR('',#2649,1.);
#2649 = DIRECTION('',(-7.272727272725E-02,-0.997351865593,
    4.7807434927E-16));
#2650 = ORIENTED_EDGE('',*,*,#2629,.T.);
#2651 = ORIENTED_EDGE('',*,*,#2077,.T.);
#2652 = ORIENTED_EDGE('',*,*,#2653,.F.);
#2653 = EDGE_CURVE('',#2644,#2078,#2654,.T.);
#2654 = LINE('',#2655,#2656);
#2655 = CARTESIAN_POINT('',(7.299263314628,45.09909090909,
    -1.488038101947E-14));
#2656 = VECTOR('',#2657,1.);
#2657 = DIRECTION('',(4.410223024625E-16,4.4E-16,1.));
#2658 = PLANE('',#2659);
#2659 = AXIS2_PLACEMENT_3D('',#2660,#2661,#2662);
#2660 = CARTESIAN_POINT('',(4.93064178171,12.616790718915,
    -6.077411203223E-15));
#2661 = DIRECTION('',(0.997351865593,-7.272727272725E-02,
    -4.107283004834E-16));
#2662 = DIRECTION('',(-7.272727272725E-02,-0.997351865593,
    2.7807434927E-16));
#2663 = ADVANCED_FACE('',(#2664),#2683,.F.);
#2664 = FACE_BOUND('',#2665,.T.);
#2665 = EDGE_LOOP('',(#2666,#2675,#2676,#2677));
#2666 = ORIENTED_EDGE('',*,*,#2667,.F.);
#2667 = EDGE_CURVE('',#2644,#2668,#2670,.T.);
#2668 = VERTEX_POINT('',#2669);
#2669 = CARTESIAN_POINT('',(-7.299263314628,45.09909090909,1.5));
#2670 = CIRCLE('',#2671,7.318644067797);
#2671 = AXIS2_PLACEMENT_3D('',#2672,#2673,#2674);
#2672 = CARTESIAN_POINT('',(6.195653345369E-14,45.631355932203,1.5));
#2673 = DIRECTION('',(7.710223024625E-16,4.4E-16,1.));
#2674 = DIRECTION('',(1.34E-15,1.,-4.4E-16));
#2675 = ORIENTED_EDGE('',*,*,#2653,.T.);
#2676 = ORIENTED_EDGE('',*,*,#2085,.T.);
#2677 = ORIENTED_EDGE('',*,*,#2678,.F.);
#2678 = EDGE_CURVE('',#2668,#2086,#2679,.T.);
#2679 = LINE('',#2680,#2681);
#2680 = CARTESIAN_POINT('',(-7.299263314628,45.09909090909,
    -5.14961898053E-15));
#2681 = VECTOR('',#2682,1.);
#2682 = DIRECTION('',(4.410223024625E-16,4.4E-16,1.));
#2683 = CYLINDRICAL_SURFACE('',#2684,7.318644067797);
#2684 = AXIS2_PLACEMENT_3D('',#2685,#2686,#2687);
#2685 = CARTESIAN_POINT('',(4.559E-14,45.631355932203,-1.013E-14));
#2686 = DIRECTION('',(-6.610223024625E-16,-2.2E-16,-1.));
#2687 = DIRECTION('',(1.E-15,1.,-2.2E-16));
#2688 = ADVANCED_FACE('',(#2689),#2700,.T.);
#2689 = FACE_BOUND('',#2690,.F.);
#2690 = EDGE_LOOP('',(#2691,#2697,#2698,#2699));
#2691 = ORIENTED_EDGE('',*,*,#2692,.T.);
#2692 = EDGE_CURVE('',#2668,#2612,#2693,.T.);
#2693 = LINE('',#2694,#2695);
#2694 = CARTESIAN_POINT('',(-6.503266467998,34.183117984191,1.5));
#2695 = VECTOR('',#2696,1.);
#2696 = DIRECTION('',(7.272727272724E-02,-0.997351865593,
    4.1192565073E-16));
#2697 = ORIENTED_EDGE('',*,*,#2622,.T.);
#2698 = ORIENTED_EDGE('',*,*,#2094,.T.);
#2699 = ORIENTED_EDGE('',*,*,#2678,.F.);
#2700 = PLANE('',#2701);
#2701 = AXIS2_PLACEMENT_3D('',#2702,#2703,#2704);
#2702 = CARTESIAN_POINT('',(-4.93064178171,12.616790718914,
    4.774112032233E-16));
#2703 = DIRECTION('',(0.997351865593,7.272727272725E-02,
    -4.807283004834E-16));
#2704 = DIRECTION('',(7.272727272725E-02,-0.997351865593,
    1.7192565073E-16));
#2705 = ADVANCED_FACE('',(#2706),#2732,.F.);
#2706 = FACE_BOUND('',#2707,.T.);
#2707 = EDGE_LOOP('',(#2708,#2719,#2725,#2726));
#2708 = ORIENTED_EDGE('',*,*,#2709,.F.);
#2709 = EDGE_CURVE('',#2710,#2712,#2714,.T.);
#2710 = VERTEX_POINT('',#2711);
#2711 = CARTESIAN_POINT('',(-7.886005705332,97.240261992679,1.5));
#2712 = VERTEX_POINT('',#2713);
#2713 = CARTESIAN_POINT('',(-11.5414110956,95.024158456962,1.5));
#2714 = CIRCLE('',#2715,2.4);
#2715 = AXIS2_PLACEMENT_3D('',#2716,#2717,#2718);
#2716 = CARTESIAN_POINT('',(-9.147766618185,95.198703911508,1.5));
#2717 = DIRECTION('',(7.710223024625E-16,4.4E-16,1.));
#2718 = DIRECTION('',(1.34E-15,1.,-4.4E-16));
#2719 = ORIENTED_EDGE('',*,*,#2720,.T.);
#2720 = EDGE_CURVE('',#2710,#2103,#2721,.T.);
#2721 = LINE('',#2722,#2723);
#2722 = CARTESIAN_POINT('',(-7.886005705332,97.240261992679,
    -1.634447748936E-14));
#2723 = VECTOR('',#2724,1.);
#2724 = DIRECTION('',(4.410223024625E-16,4.4E-16,1.));
#2725 = ORIENTED_EDGE('',*,*,#2102,.T.);
#2726 = ORIENTED_EDGE('',*,*,#2727,.F.);
#2727 = EDGE_CURVE('',#2712,#2105,#2728,.T.);
#2728 = LINE('',#2729,#2730);
#2729 = CARTESIAN_POINT('',(-11.5414110956,95.024158456962,
    -1.34186459665E-14));
#2730 = VECTOR('',#2731,1.);
#2731 = DIRECTION('',(4.410223024625E-16,4.4E-16,1.));
#2732 = CYLINDRICAL_SURFACE('',#2733,2.4);
#2733 = AXIS2_PLACEMENT_3D('',#2734,#2735,#2736);
#2734 = CARTESIAN_POINT('',(-9.147766618185,95.198703911508,
    -1.504439388766E-14));
#2735 = DIRECTION('',(-6.610223024625E-16,-2.2E-16,-1.));
#2736 = DIRECTION('',(1.E-15,1.,-2.2E-16));
#2737 = ADVANCED_FACE('',(#2738),#2756,.F.);
#2738 = FACE_BOUND('',#2739,.T.);
#2739 = EDGE_LOOP('',(#2740,#2748,#2749,#2750));
#2740 = ORIENTED_EDGE('',*,*,#2741,.T.);
#2741 = EDGE_CURVE('',#2742,#2712,#2744,.T.);
#2742 = VERTEX_POINT('',#2743);
#2743 = CARTESIAN_POINT('',(-10.26940765047,77.58042708255,1.5));
#2744 = LINE('',#2745,#2746);
#2745 = CARTESIAN_POINT('',(-10.10785668462,75.364983671396,1.5));
#2746 = VECTOR('',#2747,1.);
#2747 = DIRECTION('',(-7.272727272725E-02,0.997351865593,
    -4.1192565073E-16));
#2748 = ORIENTED_EDGE('',*,*,#2727,.T.);
#2749 = ORIENTED_EDGE('',*,*,#2113,.T.);
#2750 = ORIENTED_EDGE('',*,*,#2751,.F.);
#2751 = EDGE_CURVE('',#2742,#2114,#2752,.T.);
#2752 = LINE('',#2753,#2754);
#2753 = CARTESIAN_POINT('',(-10.26940765047,77.58042708255,
    -1.038986671772E-14));
#2754 = VECTOR('',#2755,1.);
#2755 = DIRECTION('',(4.410223024625E-16,4.4E-16,1.));
#2756 = PLANE('',#2757);
#2757 = AXIS2_PLACEMENT_3D('',#2758,#2759,#2760);
#2758 = CARTESIAN_POINT('',(-11.5414110956,95.024158456962,
    -1.34186459665E-14));
#2759 = DIRECTION('',(-0.997351865593,-7.272727272725E-02,
    4.807283004834E-16));
#2760 = DIRECTION('',(-7.272727272725E-02,0.997351865593,
    -1.7192565073E-16));
#2761 = ADVANCED_FACE('',(#2762),#2781,.F.);
#2762 = FACE_BOUND('',#2763,.T.);
#2763 = EDGE_LOOP('',(#2764,#2773,#2774,#2775));
#2764 = ORIENTED_EDGE('',*,*,#2765,.F.);
#2765 = EDGE_CURVE('',#2742,#2766,#2768,.T.);
#2766 = VERTEX_POINT('',#2767);
#2767 = CARTESIAN_POINT('',(10.269407650471,77.58042708255,1.5));
#2768 = CIRCLE('',#2769,10.296674628834);
#2769 = AXIS2_PLACEMENT_3D('',#2770,#2771,#2772);
#2770 = CARTESIAN_POINT('',(1.055165334537E-13,78.329276146465,1.5));
#2771 = DIRECTION('',(7.710223024625E-16,4.4E-16,1.));
#2772 = DIRECTION('',(1.34E-15,1.,-4.4E-16));
#2773 = ORIENTED_EDGE('',*,*,#2751,.T.);
#2774 = ORIENTED_EDGE('',*,*,#2121,.T.);
#2775 = ORIENTED_EDGE('',*,*,#2776,.F.);
#2776 = EDGE_CURVE('',#2766,#2122,#2777,.T.);
#2777 = LINE('',#2778,#2779);
#2778 = CARTESIAN_POINT('',(10.269407650471,77.58042708255,
    -2.407013328228E-14));
#2779 = VECTOR('',#2780,1.);
#2780 = DIRECTION('',(4.410223024625E-16,4.4E-16,1.));
#2781 = CYLINDRICAL_SURFACE('',#2782,10.296674628834);
#2782 = AXIS2_PLACEMENT_3D('',#2783,#2784,#2785);
#2783 = CARTESIAN_POINT('',(7.826E-14,78.329276146465,-1.739E-14));
#2784 = DIRECTION('',(-6.610223024625E-16,-2.2E-16,-1.));
#2785 = DIRECTION('',(1.E-15,1.,-2.2E-16));
#2786 = ADVANCED_FACE('',(#2787),#2805,.T.);
#2787 = FACE_BOUND('',#2788,.F.);
#2788 = EDGE_LOOP('',(#2789,#2797,#2803,#2804));
#2789 = ORIENTED_EDGE('',*,*,#2790,.T.);
#2790 = EDGE_CURVE('',#2766,#2791,#2793,.T.);
#2791 = VERTEX_POINT('',#2792);
#2792 = CARTESIAN_POINT('',(11.541411095608,95.024158456962,1.5));
#2793 = LINE('',#2794,#2795);
#2794 = CARTESIAN_POINT('',(10.107856684625,75.364983671396,1.5));
#2795 = VECTOR('',#2796,1.);
#2796 = DIRECTION('',(7.272727272726E-02,0.997351865593,
    -4.7807434927E-16));
#2797 = ORIENTED_EDGE('',*,*,#2798,.T.);
#2798 = EDGE_CURVE('',#2791,#2131,#2799,.T.);
#2799 = LINE('',#2800,#2801);
#2800 = CARTESIAN_POINT('',(11.541411095608,95.024158456962,
    -2.87813540335E-14));
#2801 = VECTOR('',#2802,1.);
#2802 = DIRECTION('',(4.410223024625E-16,4.4E-16,1.));
#2803 = ORIENTED_EDGE('',*,*,#2130,.T.);
#2804 = ORIENTED_EDGE('',*,*,#2776,.F.);
#2805 = PLANE('',#2806);
#2806 = AXIS2_PLACEMENT_3D('',#2807,#2808,#2809);
#2807 = CARTESIAN_POINT('',(11.541411095608,95.024158456962,
    -2.87813540335E-14));
#2808 = DIRECTION('',(-0.997351865593,7.272727272725E-02,
    4.107283004834E-16));
#2809 = DIRECTION('',(7.272727272725E-02,0.997351865593,
    -2.7807434927E-16));
#2810 = ADVANCED_FACE('',(#2811),#2830,.F.);
#2811 = FACE_BOUND('',#2812,.T.);
#2812 = EDGE_LOOP('',(#2813,#2822,#2823,#2824));
#2813 = ORIENTED_EDGE('',*,*,#2814,.F.);
#2814 = EDGE_CURVE('',#2791,#2815,#2817,.T.);
#2815 = VERTEX_POINT('',#2816);
#2816 = CARTESIAN_POINT('',(7.886005705332,97.240261992679,1.5));
#2817 = CIRCLE('',#2818,2.4);
#2818 = AXIS2_PLACEMENT_3D('',#2819,#2820,#2821);
#2819 = CARTESIAN_POINT('',(9.147766618185,95.198703911508,1.5));
#2820 = DIRECTION('',(7.710223024625E-16,4.4E-16,1.));
#2821 = DIRECTION('',(1.34E-15,1.,-4.4E-16));
#2822 = ORIENTED_EDGE('',*,*,#2798,.T.);
#2823 = ORIENTED_EDGE('',*,*,#2138,.T.);
#2824 = ORIENTED_EDGE('',*,*,#2825,.F.);
#2825 = EDGE_CURVE('',#2815,#2139,#2826,.T.);
#2826 = LINE('',#2827,#2828);
#2827 = CARTESIAN_POINT('',(7.886005705332,97.240261992679,
    -2.684552251064E-14));
#2828 = VECTOR('',#2829,1.);
#2829 = DIRECTION('',(4.410223024625E-16,4.4E-16,1.));
#2830 = CYLINDRICAL_SURFACE('',#2831,2.4);
#2831 = AXIS2_PLACEMENT_3D('',#2832,#2833,#2834);
#2832 = CARTESIAN_POINT('',(9.147766618185,95.198703911508,
    -2.723560611234E-14));
#2833 = DIRECTION('',(-6.610223024625E-16,-2.2E-16,-1.));
#2834 = DIRECTION('',(1.E-15,1.,-2.2E-16));
#2835 = ADVANCED_FACE('',(#2836),#2848,.T.);
#2836 = FACE_BOUND('',#2837,.F.);
#2837 = EDGE_LOOP('',(#2838,#2845,#2846,#2847));
#2838 = ORIENTED_EDGE('',*,*,#2839,.F.);
#2839 = EDGE_CURVE('',#2710,#2815,#2840,.T.);
#2840 = CIRCLE('',#2841,15.);
#2841 = AXIS2_PLACEMENT_3D('',#2842,#2843,#2844);
#2842 = CARTESIAN_POINT('',(1.477165334537E-13,110.,1.5));
#2843 = DIRECTION('',(7.710223024625E-16,4.4E-16,1.));
#2844 = DIRECTION('',(1.34E-15,1.,-4.4E-16));
#2845 = ORIENTED_EDGE('',*,*,#2720,.T.);
#2846 = ORIENTED_EDGE('',*,*,#2147,.T.);
#2847 = ORIENTED_EDGE('',*,*,#2825,.F.);
#2848 = CYLINDRICAL_SURFACE('',#2849,15.);
#2849 = AXIS2_PLACEMENT_3D('',#2850,#2851,#2852);
#2850 = CARTESIAN_POINT('',(1.0991E-13,110.,-2.442E-14));
#2851 = DIRECTION('',(-6.610223024625E-16,-2.2E-16,-1.));
#2852 = DIRECTION('',(1.E-15,1.,-2.2E-16));
#2853 = ADVANCED_FACE('',(#2854),#2880,.F.);
#2854 = FACE_BOUND('',#2855,.T.);
#2855 = EDGE_LOOP('',(#2856,#2867,#2873,#2874));
#2856 = ORIENTED_EDGE('',*,*,#2857,.F.);
#2857 = EDGE_CURVE('',#2858,#2860,#2862,.T.);
#2858 = VERTEX_POINT('',#2859);
#2859 = CARTESIAN_POINT('',(-6.430517650277,99.164482349723,1.5));
#2860 = VERTEX_POINT('',#2861);
#2861 = CARTESIAN_POINT('',(12.283426212681,107.19332216354,1.5));
#2862 = CIRCLE('',#2863,12.6);
#2863 = AXIS2_PLACEMENT_3D('',#2864,#2865,#2866);
#2864 = CARTESIAN_POINT('',(1.477165334537E-13,110.,1.5));
#2865 = DIRECTION('',(7.710223024625E-16,4.4E-16,1.));
#2866 = DIRECTION('',(1.34E-15,1.,-4.4E-16));
#2867 = ORIENTED_EDGE('',*,*,#2868,.T.);
#2868 = EDGE_CURVE('',#2858,#2157,#2869,.T.);
#2869 = LINE('',#2870,#2871);
#2870 = CARTESIAN_POINT('',(-6.430517650277,99.164482349723,
    -1.773606912444E-14));
#2871 = VECTOR('',#2872,1.);
#2872 = DIRECTION('',(4.410223024625E-16,4.4E-16,1.));
#2873 = ORIENTED_EDGE('',*,*,#2156,.T.);
#2874 = ORIENTED_EDGE('',*,*,#2875,.T.);
#2875 = EDGE_CURVE('',#2159,#2860,#2876,.T.);
#2876 = LINE('',#2877,#2878);
#2877 = CARTESIAN_POINT('',(12.283426212681,107.19332216354,
    -4.286373426026E-14));
#2878 = VECTOR('',#2879,1.);
#2879 = DIRECTION('',(-8.810223024625E-16,-8.9E-16,-1.));
#2880 = CYLINDRICAL_SURFACE('',#2881,12.6);
#2881 = AXIS2_PLACEMENT_3D('',#2882,#2883,#2884);
#2882 = CARTESIAN_POINT('',(1.0991E-13,110.,-2.442E-14));
#2883 = DIRECTION('',(-6.610223024625E-16,-2.2E-16,-1.));
#2884 = DIRECTION('',(1.E-15,1.,-2.2E-16));
#2885 = ADVANCED_FACE('',(#2886),#2905,.T.);
#2886 = FACE_BOUND('',#2887,.F.);
#2887 = EDGE_LOOP('',(#2888,#2896,#2897,#2898));
#2888 = ORIENTED_EDGE('',*,*,#2889,.F.);
#2889 = EDGE_CURVE('',#2168,#2890,#2892,.T.);
#2890 = VERTEX_POINT('',#2891);
#2891 = CARTESIAN_POINT('',(12.283426212681,112.80667783645,1.5));
#2892 = LINE('',#2893,#2894);
#2893 = CARTESIAN_POINT('',(12.283426212681,112.80667783645,
    -4.411373426026E-14));
#2894 = VECTOR('',#2895,1.);
#2895 = DIRECTION('',(-8.810223024625E-16,-8.9E-16,-1.));
#2896 = ORIENTED_EDGE('',*,*,#2167,.T.);
#2897 = ORIENTED_EDGE('',*,*,#2875,.T.);
#2898 = ORIENTED_EDGE('',*,*,#2899,.F.);
#2899 = EDGE_CURVE('',#2890,#2860,#2900,.T.);
#2900 = CIRCLE('',#2901,3.9060483381);
#2901 = AXIS2_PLACEMENT_3D('',#2902,#2903,#2904);
#2902 = CARTESIAN_POINT('',(15.,110.,1.5));
#2903 = DIRECTION('',(6.610223024625E-16,2.2E-16,1.));
#2904 = DIRECTION('',(1.E-15,1.,-2.2E-16));
#2905 = CYLINDRICAL_SURFACE('',#2906,3.9060483381);
#2906 = AXIS2_PLACEMENT_3D('',#2907,#2908,#2909);
#2907 = CARTESIAN_POINT('',(15.,110.,-3.441533453694E-14));
#2908 = DIRECTION('',(-6.610223024625E-16,-2.2E-16,-1.));
#2909 = DIRECTION('',(1.E-15,1.,-2.2E-16));
#2910 = ADVANCED_FACE('',(#2911),#2930,.F.);
#2911 = FACE_BOUND('',#2912,.T.);
#2912 = EDGE_LOOP('',(#2913,#2922,#2923,#2924));
#2913 = ORIENTED_EDGE('',*,*,#2914,.F.);
#2914 = EDGE_CURVE('',#2890,#2915,#2917,.T.);
#2915 = VERTEX_POINT('',#2916);
#2916 = CARTESIAN_POINT('',(10.835517650277,116.43051765027,1.5));
#2917 = CIRCLE('',#2918,12.6);
#2918 = AXIS2_PLACEMENT_3D('',#2919,#2920,#2921);
#2919 = CARTESIAN_POINT('',(1.477165334537E-13,110.,1.5));
#2920 = DIRECTION('',(7.710223024625E-16,4.4E-16,1.));
#2921 = DIRECTION('',(1.34E-15,1.,-4.4E-16));
#2922 = ORIENTED_EDGE('',*,*,#2889,.F.);
#2923 = ORIENTED_EDGE('',*,*,#2176,.T.);
#2924 = ORIENTED_EDGE('',*,*,#2925,.F.);
#2925 = EDGE_CURVE('',#2915,#2177,#2926,.T.);
#2926 = LINE('',#2927,#2928);
#2927 = CARTESIAN_POINT('',(10.835517650278,116.43051765027,
    -3.307298411791E-14));
#2928 = VECTOR('',#2929,1.);
#2929 = DIRECTION('',(4.410223024625E-16,4.4E-16,1.));
#2930 = CYLINDRICAL_SURFACE('',#2931,12.6);
#2931 = AXIS2_PLACEMENT_3D('',#2932,#2933,#2934);
#2932 = CARTESIAN_POINT('',(1.0991E-13,110.,-2.442E-14));
#2933 = DIRECTION('',(-6.610223024625E-16,-2.2E-16,-1.));
#2934 = DIRECTION('',(1.E-15,1.,-2.2E-16));
#2935 = ADVANCED_FACE('',(#2936),#2948,.T.);
#2936 = FACE_BOUND('',#2937,.F.);
#2937 = EDGE_LOOP('',(#2938,#2945,#2946,#2947));
#2938 = ORIENTED_EDGE('',*,*,#2939,.F.);
#2939 = EDGE_CURVE('',#2858,#2915,#2940,.T.);
#2940 = CIRCLE('',#2941,15.9);
#2941 = AXIS2_PLACEMENT_3D('',#2942,#2943,#2944);
#2942 = CARTESIAN_POINT('',(-5.,115.,1.5));
#2943 = DIRECTION('',(6.610223024625E-16,2.2E-16,1.));
#2944 = DIRECTION('',(1.E-15,1.,-2.2E-16));
#2945 = ORIENTED_EDGE('',*,*,#2868,.T.);
#2946 = ORIENTED_EDGE('',*,*,#2185,.T.);
#2947 = ORIENTED_EDGE('',*,*,#2925,.F.);
#2948 = CYLINDRICAL_SURFACE('',#2949,15.9);
#2949 = AXIS2_PLACEMENT_3D('',#2950,#2951,#2952);
#2950 = CARTESIAN_POINT('',(-5.,115.,-2.220488848769E-14));
#2951 = DIRECTION('',(-6.610223024625E-16,-2.2E-16,-1.));
#2952 = DIRECTION('',(1.E-15,1.,-2.2E-16));
#2953 = ADVANCED_FACE('',(#2954),#2988,.T.);
#2954 = FACE_BOUND('',#2955,.F.);
#2955 = EDGE_LOOP('',(#2956,#2966,#2974,#2980,#2981));
#2956 = ORIENTED_EDGE('',*,*,#2957,.F.);
#2957 = EDGE_CURVE('',#2958,#2960,#2962,.T.);
#2958 = VERTEX_POINT('',#2959);
#2959 = CARTESIAN_POINT('',(0.375,4.032601517631,5.25));
#2960 = VERTEX_POINT('',#2961);
#2961 = CARTESIAN_POINT('',(0.375,4.032601517631,8.5));
#2962 = LINE('',#2963,#2964);
#2963 = CARTESIAN_POINT('',(0.375,4.032601517631,-1.271633363423E-15));
#2964 = VECTOR('',#2965,1.);
#2965 = DIRECTION('',(5.510223024625E-16,6.6E-16,1.));
#2966 = ORIENTED_EDGE('',*,*,#2967,.T.);
#2967 = EDGE_CURVE('',#2958,#2968,#2970,.T.);
#2968 = VERTEX_POINT('',#2969);
#2969 = CARTESIAN_POINT('',(0.375,5.032601517631,5.25));
#2970 = LINE('',#2971,#2972);
#2971 = CARTESIAN_POINT('',(0.375,17.266300758816,5.25));
#2972 = VECTOR('',#2973,1.);
#2973 = DIRECTION('',(1.45E-15,1.,-4.4E-16));
#2974 = ORIENTED_EDGE('',*,*,#2975,.T.);
#2975 = EDGE_CURVE('',#2968,#2197,#2976,.T.);
#2976 = LINE('',#2977,#2978);
#2977 = CARTESIAN_POINT('',(0.375,5.032601517631,-1.491633363423E-15));
#2978 = VECTOR('',#2979,1.);
#2979 = DIRECTION('',(5.510223024625E-16,6.6E-16,1.));
#2980 = ORIENTED_EDGE('',*,*,#2194,.F.);
#2981 = ORIENTED_EDGE('',*,*,#2982,.T.);
#2982 = EDGE_CURVE('',#2195,#2960,#2983,.T.);
#2983 = HYPERBOLA('',#2984,0.375,0.375);
#2984 = AXIS2_PLACEMENT_3D('',#2985,#2986,#2987);
#2985 = CARTESIAN_POINT('',(0.375,9.9E-16,4.45));
#2986 = DIRECTION('',(1.,-1.34E-15,-4.410223024625E-16));
#2987 = DIRECTION('',(4.410223024625E-16,2.2E-16,1.));
#2988 = PLANE('',#2989);
#2989 = AXIS2_PLACEMENT_3D('',#2990,#2991,#2992);
#2990 = CARTESIAN_POINT('',(0.375,4.532601517631,4.5));
#2991 = DIRECTION('',(-1.,0.,4.410223024625E-16));
#2992 = DIRECTION('',(9.702490654175E-32,-1.,2.2E-16));
#2993 = ADVANCED_FACE('',(#2994),#3014,.F.);
#2994 = FACE_BOUND('',#2995,.T.);
#2995 = EDGE_LOOP('',(#2996,#3005,#3006,#3007));
#2996 = ORIENTED_EDGE('',*,*,#2997,.F.);
#2997 = EDGE_CURVE('',#2213,#2998,#3000,.T.);
#2998 = VERTEX_POINT('',#2999);
#2999 = CARTESIAN_POINT('',(-0.375,4.032601517631,8.5));
#3000 = HYPERBOLA('',#3001,0.375,0.375);
#3001 = AXIS2_PLACEMENT_3D('',#3002,#3003,#3004);
#3002 = CARTESIAN_POINT('',(-0.375,9.9E-16,4.45));
#3003 = DIRECTION('',(1.,-1.34E-15,-4.410223024625E-16));
#3004 = DIRECTION('',(4.410223024625E-16,2.2E-16,1.));
#3005 = ORIENTED_EDGE('',*,*,#2220,.T.);
#3006 = ORIENTED_EDGE('',*,*,#2982,.T.);
#3007 = ORIENTED_EDGE('',*,*,#3008,.F.);
#3008 = EDGE_CURVE('',#2998,#2960,#3009,.T.);
#3009 = CIRCLE('',#3010,4.05);
#3010 = AXIS2_PLACEMENT_3D('',#3011,#3012,#3013);
#3011 = CARTESIAN_POINT('',(1.111368957093E-14,1.89E-15,8.5));
#3012 = DIRECTION('',(1.311022302463E-15,2.2E-16,1.));
#3013 = DIRECTION('',(-9.259259259259E-02,0.995704078427,
    -9.766394332231E-17));
#3014 = CONICAL_SURFACE('',#3015,4.05,0.785398163397);
#3015 = AXIS2_PLACEMENT_3D('',#3016,#3017,#3018);
#3016 = CARTESIAN_POINT('',(1.111368957093E-14,1.89E-15,8.5));
#3017 = DIRECTION('',(1.311022302463E-15,2.2E-16,1.));
#3018 = DIRECTION('',(-9.259259259259E-02,0.995704078427,
    -9.766394332231E-17));
#3019 = ADVANCED_FACE('',(#3020),#3038,.T.);
#3020 = FACE_BOUND('',#3021,.F.);
#3021 = EDGE_LOOP('',(#3022,#3023,#3031,#3037));
#3022 = ORIENTED_EDGE('',*,*,#2975,.F.);
#3023 = ORIENTED_EDGE('',*,*,#3024,.T.);
#3024 = EDGE_CURVE('',#2968,#3025,#3027,.T.);
#3025 = VERTEX_POINT('',#3026);
#3026 = CARTESIAN_POINT('',(-0.375,5.032601517631,5.25));
#3027 = LINE('',#3028,#3029);
#3028 = CARTESIAN_POINT('',(8.222867087928E-15,5.032601517631,5.25));
#3029 = VECTOR('',#3030,1.);
#3030 = DIRECTION('',(-1.,-2.3E-16,4.410223024625E-16));
#3031 = ORIENTED_EDGE('',*,*,#3032,.T.);
#3032 = EDGE_CURVE('',#3025,#2205,#3033,.T.);
#3033 = LINE('',#3034,#3035);
#3034 = CARTESIAN_POINT('',(-0.375,5.032601517631,-7.383666365766E-16));
#3035 = VECTOR('',#3036,1.);
#3036 = DIRECTION('',(5.510223024625E-16,6.6E-16,1.));
#3037 = ORIENTED_EDGE('',*,*,#2204,.F.);
#3038 = PLANE('',#3039);
#3039 = AXIS2_PLACEMENT_3D('',#3040,#3041,#3042);
#3040 = CARTESIAN_POINT('',(9.549600361081E-15,5.032601517631,4.5));
#3041 = DIRECTION('',(-7.8E-16,-1.,6.8E-16));
#3042 = DIRECTION('',(-4.410223024625E-16,-6.8E-16,-1.));
#3043 = ADVANCED_FACE('',(#3044),#3063,.T.);
#3044 = FACE_BOUND('',#3045,.F.);
#3045 = EDGE_LOOP('',(#3046,#3047,#3048,#3056,#3062));
#3046 = ORIENTED_EDGE('',*,*,#2212,.F.);
#3047 = ORIENTED_EDGE('',*,*,#3032,.F.);
#3048 = ORIENTED_EDGE('',*,*,#3049,.T.);
#3049 = EDGE_CURVE('',#3025,#3050,#3052,.T.);
#3050 = VERTEX_POINT('',#3051);
#3051 = CARTESIAN_POINT('',(-0.375,4.032601517631,5.25));
#3052 = LINE('',#3053,#3054);
#3053 = CARTESIAN_POINT('',(-0.375,17.266300758816,5.25));
#3054 = VECTOR('',#3055,1.);
#3055 = DIRECTION('',(-1.45E-15,-1.,4.4E-16));
#3056 = ORIENTED_EDGE('',*,*,#3057,.T.);
#3057 = EDGE_CURVE('',#3050,#2998,#3058,.T.);
#3058 = LINE('',#3059,#3060);
#3059 = CARTESIAN_POINT('',(-0.375,4.032601517631,-5.183666365766E-16));
#3060 = VECTOR('',#3061,1.);
#3061 = DIRECTION('',(5.510223024625E-16,6.6E-16,1.));
#3062 = ORIENTED_EDGE('',*,*,#2997,.F.);
#3063 = PLANE('',#3064);
#3064 = AXIS2_PLACEMENT_3D('',#3065,#3066,#3067);
#3065 = CARTESIAN_POINT('',(-0.375,4.532601517631,4.5));
#3066 = DIRECTION('',(1.,-0.,-4.410223024625E-16));
#3067 = DIRECTION('',(-9.702490654175E-32,1.,-2.2E-16));
#3068 = ADVANCED_FACE('',(#3069),#3078,.T.);
#3069 = FACE_BOUND('',#3070,.F.);
#3070 = EDGE_LOOP('',(#3071,#3077));
#3071 = ORIENTED_EDGE('',*,*,#3072,.T.);
#3072 = EDGE_CURVE('',#2270,#2261,#3073,.T.);
#3073 = LINE('',#3074,#3075);
#3074 = CARTESIAN_POINT('',(9.304468306937E-11,55.94999999994,3.75));
#3075 = VECTOR('',#3076,1.);
#3076 = DIRECTION('',(-0.500000000005,0.866025403781,2.551115123183E-17)
  );
#3077 = ORIENTED_EDGE('',*,*,#2269,.T.);
#3078 = PLANE('',#3079);
#3079 = AXIS2_PLACEMENT_3D('',#3080,#3081,#3082);
#3080 = CARTESIAN_POINT('',(2.476633363423E-14,30.,3.75));
#3081 = DIRECTION('',(-4.410223024625E-16,-2.2E-16,-1.));
#3082 = DIRECTION('',(1.,5.6E-16,-4.410223024625E-16));
#3083 = ADVANCED_FACE('',(#3084),#3093,.T.);
#3084 = FACE_BOUND('',#3085,.F.);
#3085 = EDGE_LOOP('',(#3086,#3092));
#3086 = ORIENTED_EDGE('',*,*,#3087,.T.);
#3087 = EDGE_CURVE('',#2279,#2270,#3088,.T.);
#3088 = LINE('',#3089,#3090);
#3089 = CARTESIAN_POINT('',(3.507402885365,62.025000000041,3.75));
#3090 = VECTOR('',#3091,1.);
#3091 = DIRECTION('',(-0.499999999988,-0.866025403791,4.155111512299E-16
    ));
#3092 = ORIENTED_EDGE('',*,*,#2278,.T.);
#3093 = PLANE('',#3094);
#3094 = AXIS2_PLACEMENT_3D('',#3095,#3096,#3097);
#3095 = CARTESIAN_POINT('',(2.476633363423E-14,30.,3.75));
#3096 = DIRECTION('',(-4.410223024625E-16,-2.2E-16,-1.));
#3097 = DIRECTION('',(1.,5.6E-16,-4.410223024625E-16));
#3098 = ADVANCED_FACE('',(#3099),#3108,.T.);
#3099 = FACE_BOUND('',#3100,.F.);
#3100 = EDGE_LOOP('',(#3101,#3107));
#3101 = ORIENTED_EDGE('',*,*,#3102,.T.);
#3102 = EDGE_CURVE('',#2315,#2306,#3103,.T.);
#3103 = LINE('',#3104,#3105);
#3104 = CARTESIAN_POINT('',(-7.105427357601E-15,-4.05,3.75));
#3105 = VECTOR('',#3106,1.);
#3106 = DIRECTION('',(-0.5,0.866025403784,2.551115123126E-17));
#3107 = ORIENTED_EDGE('',*,*,#2314,.T.);
#3108 = PLANE('',#3109);
#3109 = AXIS2_PLACEMENT_3D('',#3110,#3111,#3112);
#3110 = CARTESIAN_POINT('',(2.476633363423E-14,30.,3.75));
#3111 = DIRECTION('',(-4.410223024625E-16,-2.2E-16,-1.));
#3112 = DIRECTION('',(1.,5.6E-16,-4.410223024625E-16));
#3113 = ADVANCED_FACE('',(#3114),#3123,.T.);
#3114 = FACE_BOUND('',#3115,.F.);
#3115 = EDGE_LOOP('',(#3116,#3122));
#3116 = ORIENTED_EDGE('',*,*,#3117,.T.);
#3117 = EDGE_CURVE('',#2324,#2315,#3118,.T.);
#3118 = LINE('',#3119,#3120);
#3119 = CARTESIAN_POINT('',(3.507402885327,2.025,3.75));
#3120 = VECTOR('',#3121,1.);
#3121 = DIRECTION('',(-0.5,-0.866025403784,4.155111512313E-16));
#3122 = ORIENTED_EDGE('',*,*,#2323,.T.);
#3123 = PLANE('',#3124);
#3124 = AXIS2_PLACEMENT_3D('',#3125,#3126,#3127);
#3125 = CARTESIAN_POINT('',(2.476633363423E-14,30.,3.75));
#3126 = DIRECTION('',(-4.410223024625E-16,-2.2E-16,-1.));
#3127 = DIRECTION('',(1.,5.6E-16,-4.410223024625E-16));
#3128 = ADVANCED_FACE('',(#3129),#3154,.T.);
#3129 = FACE_BOUND('',#3130,.F.);
#3130 = EDGE_LOOP('',(#3131,#3139,#3147,#3153));
#3131 = ORIENTED_EDGE('',*,*,#3132,.T.);
#3132 = EDGE_CURVE('',#2261,#3133,#3135,.T.);
#3133 = VERTEX_POINT('',#3134);
#3134 = CARTESIAN_POINT('',(-3.50740288534,62.025000000041,4.));
#3135 = LINE('',#3136,#3137);
#3136 = CARTESIAN_POINT('',(-3.50740288534,62.025000000041,3.75));
#3137 = VECTOR('',#3138,1.);
#3138 = DIRECTION('',(3.310223024625E-16,3.3E-16,1.));
#3139 = ORIENTED_EDGE('',*,*,#3140,.T.);
#3140 = EDGE_CURVE('',#3133,#3141,#3143,.T.);
#3141 = VERTEX_POINT('',#3142);
#3142 = CARTESIAN_POINT('',(3.507402885365,62.025000000041,4.));
#3143 = LINE('',#3144,#3145);
#3144 = CARTESIAN_POINT('',(-3.50740288534,62.025000000041,4.));
#3145 = VECTOR('',#3146,1.);
#3146 = DIRECTION('',(1.,5.6E-16,-4.410223024625E-16));
#3147 = ORIENTED_EDGE('',*,*,#3148,.F.);
#3148 = EDGE_CURVE('',#2279,#3141,#3149,.T.);
#3149 = LINE('',#3150,#3151);
#3150 = CARTESIAN_POINT('',(3.507402885365,62.025000000041,3.75));
#3151 = VECTOR('',#3152,1.);
#3152 = DIRECTION('',(3.310223024625E-16,3.3E-16,1.));
#3153 = ORIENTED_EDGE('',*,*,#2351,.F.);
#3154 = PLANE('',#3155);
#3155 = AXIS2_PLACEMENT_3D('',#3156,#3157,#3158);
#3156 = CARTESIAN_POINT('',(-3.50740288534,62.025000000041,3.75));
#3157 = DIRECTION('',(-5.6E-16,-1.,3.3E-16));
#3158 = DIRECTION('',(-1.,5.6E-16,4.410223024625E-16));
#3159 = ADVANCED_FACE('',(#3160),#3185,.T.);
#3160 = FACE_BOUND('',#3161,.F.);
#3161 = EDGE_LOOP('',(#3162,#3170,#3178,#3184));
#3162 = ORIENTED_EDGE('',*,*,#3163,.T.);
#3163 = EDGE_CURVE('',#2306,#3164,#3166,.T.);
#3164 = VERTEX_POINT('',#3165);
#3165 = CARTESIAN_POINT('',(-3.507402885327,2.025,4.));
#3166 = LINE('',#3167,#3168);
#3167 = CARTESIAN_POINT('',(-3.507402885327,2.025,3.75));
#3168 = VECTOR('',#3169,1.);
#3169 = DIRECTION('',(3.310223024625E-16,3.3E-16,1.));
#3170 = ORIENTED_EDGE('',*,*,#3171,.T.);
#3171 = EDGE_CURVE('',#3164,#3172,#3174,.T.);
#3172 = VERTEX_POINT('',#3173);
#3173 = CARTESIAN_POINT('',(3.507402885327,2.025,4.));
#3174 = LINE('',#3175,#3176);
#3175 = CARTESIAN_POINT('',(-3.507402885327,2.025,4.));
#3176 = VECTOR('',#3177,1.);
#3177 = DIRECTION('',(1.,5.6E-16,-4.410223024625E-16));
#3178 = ORIENTED_EDGE('',*,*,#3179,.F.);
#3179 = EDGE_CURVE('',#2324,#3172,#3180,.T.);
#3180 = LINE('',#3181,#3182);
#3181 = CARTESIAN_POINT('',(3.507402885327,2.025,3.75));
#3182 = VECTOR('',#3183,1.);
#3183 = DIRECTION('',(3.310223024625E-16,3.3E-16,1.));
#3184 = ORIENTED_EDGE('',*,*,#2370,.F.);
#3185 = PLANE('',#3186);
#3186 = AXIS2_PLACEMENT_3D('',#3187,#3188,#3189);
#3187 = CARTESIAN_POINT('',(-3.507402885327,2.025,3.75));
#3188 = DIRECTION('',(-5.6E-16,-1.,3.3E-16));
#3189 = DIRECTION('',(-1.,5.6E-16,4.410223024625E-16));
#3190 = ADVANCED_FACE('',(#3191),#3216,.T.);
#3191 = FACE_BOUND('',#3192,.T.);
#3192 = EDGE_LOOP('',(#3193,#3201,#3202,#3210));
#3193 = ORIENTED_EDGE('',*,*,#3194,.T.);
#3194 = EDGE_CURVE('',#3195,#2417,#3197,.T.);
#3195 = VERTEX_POINT('',#3196);
#3196 = CARTESIAN_POINT('',(0.413250824221,73.868402012308,
    1.3954119942E-14));
#3197 = LINE('',#3198,#3199);
#3198 = CARTESIAN_POINT('',(0.413250824221,73.868402012308,
    1.3664119942E-14));
#3199 = VECTOR('',#3200,1.);
#3200 = DIRECTION('',(1.110223024625E-16,0.,1.));
#3201 = ORIENTED_EDGE('',*,*,#2416,.T.);
#3202 = ORIENTED_EDGE('',*,*,#3203,.F.);
#3203 = EDGE_CURVE('',#3204,#2419,#3206,.T.);
#3204 = VERTEX_POINT('',#3205);
#3205 = CARTESIAN_POINT('',(1.257308155688,74.712459343775,
    1.386041075365E-14));
#3206 = LINE('',#3207,#3208);
#3207 = CARTESIAN_POINT('',(1.257308155688,74.712459343775,
    1.357041075365E-14));
#3208 = VECTOR('',#3209,1.);
#3209 = DIRECTION('',(1.110223024625E-16,0.,1.));
#3210 = ORIENTED_EDGE('',*,*,#3211,.F.);
#3211 = EDGE_CURVE('',#3195,#3204,#3212,.T.);
#3212 = LINE('',#3213,#3214);
#3213 = CARTESIAN_POINT('',(0.413250824221,73.868402012308,
    1.3954119942E-14));
#3214 = VECTOR('',#3215,1.);
#3215 = DIRECTION('',(0.707106781187,0.707106781187,-7.850462293419E-17)
  );
#3216 = PLANE('',#3217);
#3217 = AXIS2_PLACEMENT_3D('',#3218,#3219,#3220);
#3218 = CARTESIAN_POINT('',(0.413250824221,73.868402012308,
    1.3664119942E-14));
#3219 = DIRECTION('',(-0.707106781187,0.707106781187,7.850462293419E-17)
  );
#3220 = DIRECTION('',(0.707106781187,0.707106781187,-7.850462293419E-17)
  );
#3221 = ADVANCED_FACE('',(#3222),#3240,.T.);
#3222 = FACE_BOUND('',#3223,.T.);
#3223 = EDGE_LOOP('',(#3224,#3225,#3226,#3234));
#3224 = ORIENTED_EDGE('',*,*,#3203,.T.);
#3225 = ORIENTED_EDGE('',*,*,#2426,.T.);
#3226 = ORIENTED_EDGE('',*,*,#3227,.F.);
#3227 = EDGE_CURVE('',#3228,#2427,#3230,.T.);
#3228 = VERTEX_POINT('',#3229);
#3229 = CARTESIAN_POINT('',(2.351627843578,75.668543767029,
    1.373891686227E-14));
#3230 = LINE('',#3231,#3232);
#3231 = CARTESIAN_POINT('',(2.351627843578,75.668543767029,
    1.344891686227E-14));
#3232 = VECTOR('',#3233,1.);
#3233 = DIRECTION('',(1.110223024625E-16,0.,1.));
#3234 = ORIENTED_EDGE('',*,*,#3235,.F.);
#3235 = EDGE_CURVE('',#3204,#3228,#3236,.T.);
#3236 = B_SPLINE_CURVE_WITH_KNOTS('',2,(#3237,#3238,#3239),
  .UNSPECIFIED.,.F.,.F.,(3,3),(0.,1.),.PIECEWISE_BEZIER_KNOTS.);
#3237 = CARTESIAN_POINT('',(1.257308155688,74.712459343775,
    1.386041075365E-14));
#3238 = CARTESIAN_POINT('',(2.078240628759,75.533391816846,
    1.376926894032E-14));
#3239 = CARTESIAN_POINT('',(2.351627843578,75.668543767029,
    1.373891686227E-14));
#3240 = SURFACE_OF_LINEAR_EXTRUSION('',#3241,#3245);
#3241 = B_SPLINE_CURVE_WITH_KNOTS('',2,(#3242,#3243,#3244),
  .UNSPECIFIED.,.F.,.F.,(3,3),(0.,1.),.PIECEWISE_BEZIER_KNOTS.);
#3242 = CARTESIAN_POINT('',(1.257308155688,74.712459343775,
    1.357041075365E-14));
#3243 = CARTESIAN_POINT('',(2.078240628759,75.533391816846,
    1.347926894032E-14));
#3244 = CARTESIAN_POINT('',(2.351627843578,75.668543767029,
    1.344891686227E-14));
#3245 = VECTOR('',#3246,1.);
#3246 = DIRECTION('',(-1.110223024625E-16,-0.,-1.));
#3247 = ADVANCED_FACE('',(#3248),#3266,.T.);
#3248 = FACE_BOUND('',#3249,.T.);
#3249 = EDGE_LOOP('',(#3250,#3251,#3252,#3260));
#3250 = ORIENTED_EDGE('',*,*,#3227,.T.);
#3251 = ORIENTED_EDGE('',*,*,#2434,.T.);
#3252 = ORIENTED_EDGE('',*,*,#3253,.F.);
#3253 = EDGE_CURVE('',#3254,#2435,#3256,.T.);
#3254 = VERTEX_POINT('',#3255);
#3255 = CARTESIAN_POINT('',(2.909964702415,75.749994657159,
    1.367692901865E-14));
#3256 = LINE('',#3257,#3258);
#3257 = CARTESIAN_POINT('',(2.909964702415,75.749994657159,
    1.338692901865E-14));
#3258 = VECTOR('',#3259,1.);
#3259 = DIRECTION('',(1.110223024625E-16,0.,1.));
#3260 = ORIENTED_EDGE('',*,*,#3261,.F.);
#3261 = EDGE_CURVE('',#3228,#3254,#3262,.T.);
#3262 = B_SPLINE_CURVE_WITH_KNOTS('',2,(#3263,#3264,#3265),
  .UNSPECIFIED.,.F.,.F.,(3,3),(0.,1.),.PIECEWISE_BEZIER_KNOTS.);
#3263 = CARTESIAN_POINT('',(2.351627843578,75.668543767029,
    1.373891686227E-14));
#3264 = CARTESIAN_POINT('',(2.625272001269,75.803438774342,
    1.370853625783E-14));
#3265 = CARTESIAN_POINT('',(2.909964702415,75.749994657159,
    1.367692901865E-14));
#3266 = SURFACE_OF_LINEAR_EXTRUSION('',#3267,#3271);
#3267 = B_SPLINE_CURVE_WITH_KNOTS('',2,(#3268,#3269,#3270),
  .UNSPECIFIED.,.F.,.F.,(3,3),(0.,1.),.PIECEWISE_BEZIER_KNOTS.);
#3268 = CARTESIAN_POINT('',(2.351627843578,75.668543767029,
    1.344891686227E-14));
#3269 = CARTESIAN_POINT('',(2.625272001269,75.803438774342,
    1.341853625783E-14));
#3270 = CARTESIAN_POINT('',(2.909964702415,75.749994657159,
    1.338692901865E-14));
#3271 = VECTOR('',#3272,1.);
#3272 = DIRECTION('',(-1.110223024625E-16,-0.,-1.));
#3273 = ADVANCED_FACE('',(#3274),#3292,.T.);
#3274 = FACE_BOUND('',#3275,.T.);
#3275 = EDGE_LOOP('',(#3276,#3277,#3278,#3286));
#3276 = ORIENTED_EDGE('',*,*,#3253,.T.);
#3277 = ORIENTED_EDGE('',*,*,#2442,.T.);
#3278 = ORIENTED_EDGE('',*,*,#3279,.F.);
#3279 = EDGE_CURVE('',#3280,#2443,#3282,.T.);
#3280 = VERTEX_POINT('',#3281);
#3281 = CARTESIAN_POINT('',(3.44877390305,75.442434040487,
    1.361710918061E-14));
#3282 = LINE('',#3283,#3284);
#3283 = CARTESIAN_POINT('',(3.44877390305,75.442434040487,
    1.332710918061E-14));
#3284 = VECTOR('',#3285,1.);
#3285 = DIRECTION('',(1.110223024625E-16,0.,1.));
#3286 = ORIENTED_EDGE('',*,*,#3287,.F.);
#3287 = EDGE_CURVE('',#3254,#3280,#3288,.T.);
#3288 = B_SPLINE_CURVE_WITH_KNOTS('',2,(#3289,#3290,#3291),
  .UNSPECIFIED.,.F.,.F.,(3,3),(0.,1.),.PIECEWISE_BEZIER_KNOTS.);
#3289 = CARTESIAN_POINT('',(2.909964702415,75.749994657159,
    1.367692901865E-14));
#3290 = CARTESIAN_POINT('',(3.194914346432,75.696293597105,
    1.364529325309E-14));
#3291 = CARTESIAN_POINT('',(3.44877390305,75.442434040487,
    1.361710918061E-14));
#3292 = SURFACE_OF_LINEAR_EXTRUSION('',#3293,#3297);
#3293 = B_SPLINE_CURVE_WITH_KNOTS('',2,(#3294,#3295,#3296),
  .UNSPECIFIED.,.F.,.F.,(3,3),(0.,1.),.PIECEWISE_BEZIER_KNOTS.);
#3294 = CARTESIAN_POINT('',(2.909964702415,75.749994657159,
    1.338692901865E-14));
#3295 = CARTESIAN_POINT('',(3.194914346432,75.696293597105,
    1.335529325309E-14));
#3296 = CARTESIAN_POINT('',(3.44877390305,75.442434040487,
    1.332710918061E-14));
#3297 = VECTOR('',#3298,1.);
#3298 = DIRECTION('',(-1.110223024625E-16,-0.,-1.));
#3299 = ADVANCED_FACE('',(#3300),#3318,.T.);
#3300 = FACE_BOUND('',#3301,.T.);
#3301 = EDGE_LOOP('',(#3302,#3303,#3304,#3312));
#3302 = ORIENTED_EDGE('',*,*,#3279,.T.);
#3303 = ORIENTED_EDGE('',*,*,#2450,.T.);
#3304 = ORIENTED_EDGE('',*,*,#3305,.F.);
#3305 = EDGE_CURVE('',#3306,#2451,#3308,.T.);
#3306 = VERTEX_POINT('',#3307);
#3307 = CARTESIAN_POINT('',(3.75582063398,74.830653064468,
    1.358302014558E-14));
#3308 = LINE('',#3309,#3310);
#3309 = CARTESIAN_POINT('',(3.75582063398,74.830653064468,
    1.329302014558E-14));
#3310 = VECTOR('',#3311,1.);
#3311 = DIRECTION('',(1.110223024625E-16,0.,1.));
#3312 = ORIENTED_EDGE('',*,*,#3313,.F.);
#3313 = EDGE_CURVE('',#3280,#3306,#3314,.T.);
#3314 = B_SPLINE_CURVE_WITH_KNOTS('',2,(#3315,#3316,#3317),
  .UNSPECIFIED.,.F.,.F.,(3,3),(0.,1.),.PIECEWISE_BEZIER_KNOTS.);
#3315 = CARTESIAN_POINT('',(3.44877390305,75.442434040487,
    1.361710918061E-14));
#3316 = CARTESIAN_POINT('',(3.733209661325,75.157998282212,
    1.358553046782E-14));
#3317 = CARTESIAN_POINT('',(3.75582063398,74.830653064468,
    1.358302014558E-14));
#3318 = SURFACE_OF_LINEAR_EXTRUSION('',#3319,#3323);
#3319 = B_SPLINE_CURVE_WITH_KNOTS('',2,(#3320,#3321,#3322),
  .UNSPECIFIED.,.F.,.F.,(3,3),(0.,1.),.PIECEWISE_BEZIER_KNOTS.);
#3320 = CARTESIAN_POINT('',(3.44877390305,75.442434040487,
    1.332710918061E-14));
#3321 = CARTESIAN_POINT('',(3.733209661325,75.157998282212,
    1.329553046782E-14));
#3322 = CARTESIAN_POINT('',(3.75582063398,74.830653064468,
    1.329302014558E-14));
#3323 = VECTOR('',#3324,1.);
#3324 = DIRECTION('',(-1.110223024625E-16,-0.,-1.));
#3325 = ADVANCED_FACE('',(#3326),#3344,.T.);
#3326 = FACE_BOUND('',#3327,.T.);
#3327 = EDGE_LOOP('',(#3328,#3329,#3330,#3338));
#3328 = ORIENTED_EDGE('',*,*,#3305,.T.);
#3329 = ORIENTED_EDGE('',*,*,#2458,.T.);
#3330 = ORIENTED_EDGE('',*,*,#3331,.F.);
#3331 = EDGE_CURVE('',#3332,#2459,#3334,.T.);
#3332 = VERTEX_POINT('',#3333);
#3333 = CARTESIAN_POINT('',(3.547439965541,74.179816772046,
    1.360615504718E-14));
#3334 = LINE('',#3335,#3336);
#3335 = CARTESIAN_POINT('',(3.547439965541,74.179816772046,
    1.331615504718E-14));
#3336 = VECTOR('',#3337,1.);
#3337 = DIRECTION('',(1.110223024625E-16,0.,1.));
#3338 = ORIENTED_EDGE('',*,*,#3339,.F.);
#3339 = EDGE_CURVE('',#3306,#3332,#3340,.T.);
#3340 = B_SPLINE_CURVE_WITH_KNOTS('',2,(#3341,#3342,#3343),
  .UNSPECIFIED.,.F.,.F.,(3,3),(0.,1.),.PIECEWISE_BEZIER_KNOTS.);
#3341 = CARTESIAN_POINT('',(3.75582063398,74.830653064468,
    1.358302014558E-14));
#3342 = CARTESIAN_POINT('',(3.778945492376,74.503307846724,
    1.358045277056E-14));
#3343 = CARTESIAN_POINT('',(3.547439965541,74.179816772046,
    1.360615504718E-14));
#3344 = SURFACE_OF_LINEAR_EXTRUSION('',#3345,#3349);
#3345 = B_SPLINE_CURVE_WITH_KNOTS('',2,(#3346,#3347,#3348),
  .UNSPECIFIED.,.F.,.F.,(3,3),(0.,1.),.PIECEWISE_BEZIER_KNOTS.);
#3346 = CARTESIAN_POINT('',(3.75582063398,74.830653064468,
    1.329302014558E-14));
#3347 = CARTESIAN_POINT('',(3.778945492376,74.503307846724,
    1.329045277056E-14));
#3348 = CARTESIAN_POINT('',(3.547439965541,74.179816772046,
    1.331615504718E-14));
#3349 = VECTOR('',#3350,1.);
#3350 = DIRECTION('',(-1.110223024625E-16,-0.,-1.));
#3351 = ADVANCED_FACE('',(#3352),#3370,.T.);
#3352 = FACE_BOUND('',#3353,.T.);
#3353 = EDGE_LOOP('',(#3354,#3355,#3356,#3364));
#3354 = ORIENTED_EDGE('',*,*,#3331,.T.);
#3355 = ORIENTED_EDGE('',*,*,#2466,.T.);
#3356 = ORIENTED_EDGE('',*,*,#3357,.F.);
#3357 = EDGE_CURVE('',#3358,#2467,#3360,.T.);
#3358 = VERTEX_POINT('',#3359);
#3359 = CARTESIAN_POINT('',(2.734215778602,73.328051154447,
    1.369644106883E-14));
#3360 = LINE('',#3361,#3362);
#3361 = CARTESIAN_POINT('',(2.734215778602,73.328051154447,
    1.340644106883E-14));
#3362 = VECTOR('',#3363,1.);
#3363 = DIRECTION('',(1.110223024625E-16,0.,1.));
#3364 = ORIENTED_EDGE('',*,*,#3365,.F.);
#3365 = EDGE_CURVE('',#3332,#3358,#3366,.T.);
#3366 = B_SPLINE_CURVE_WITH_KNOTS('',2,(#3367,#3368,#3369),
  .UNSPECIFIED.,.F.,.F.,(3,3),(0.,1.),.PIECEWISE_BEZIER_KNOTS.);
#3367 = CARTESIAN_POINT('',(3.547439965541,74.179816772046,
    1.360615504718E-14));
#3368 = CARTESIAN_POINT('',(3.427961530493,74.021796906337,
    1.361941981813E-14));
#3369 = CARTESIAN_POINT('',(2.734215778602,73.328051154447,
    1.369644106883E-14));
#3370 = SURFACE_OF_LINEAR_EXTRUSION('',#3371,#3375);
#3371 = B_SPLINE_CURVE_WITH_KNOTS('',2,(#3372,#3373,#3374),
  .UNSPECIFIED.,.F.,.F.,(3,3),(0.,1.),.PIECEWISE_BEZIER_KNOTS.);
#3372 = CARTESIAN_POINT('',(3.547439965541,74.179816772046,
    1.331615504718E-14));
#3373 = CARTESIAN_POINT('',(3.427961530493,74.021796906337,
    1.332941981813E-14));
#3374 = CARTESIAN_POINT('',(2.734215778602,73.328051154447,
    1.340644106883E-14));
#3375 = VECTOR('',#3376,1.);
#3376 = DIRECTION('',(-1.110223024625E-16,-0.,-1.));
#3377 = ADVANCED_FACE('',(#3378),#3396,.T.);
#3378 = FACE_BOUND('',#3379,.T.);
#3379 = EDGE_LOOP('',(#3380,#3381,#3382,#3390));
#3380 = ORIENTED_EDGE('',*,*,#3357,.T.);
#3381 = ORIENTED_EDGE('',*,*,#2474,.T.);
#3382 = ORIENTED_EDGE('',*,*,#3383,.F.);
#3383 = EDGE_CURVE('',#3384,#2475,#3386,.T.);
#3384 = VERTEX_POINT('',#3385);
#3385 = CARTESIAN_POINT('',(1.843908730343,72.437744106187,
    1.379528500723E-14));
#3386 = LINE('',#3387,#3388);
#3387 = CARTESIAN_POINT('',(1.843908730343,72.437744106187,
    1.350528500723E-14));
#3388 = VECTOR('',#3389,1.);
#3389 = DIRECTION('',(1.110223024625E-16,0.,1.));
#3390 = ORIENTED_EDGE('',*,*,#3391,.F.);
#3391 = EDGE_CURVE('',#3358,#3384,#3392,.T.);
#3392 = LINE('',#3393,#3394);
#3393 = CARTESIAN_POINT('',(2.734215778602,73.328051154447,
    1.369644106883E-14));
#3394 = VECTOR('',#3395,1.);
#3395 = DIRECTION('',(-0.707106781187,-0.707106781187,7.850462293419E-17
    ));
#3396 = PLANE('',#3397);
#3397 = AXIS2_PLACEMENT_3D('',#3398,#3399,#3400);
#3398 = CARTESIAN_POINT('',(2.734215778602,73.328051154447,
    1.340644106883E-14));
#3399 = DIRECTION('',(0.707106781187,-0.707106781187,-7.850462293419E-17
    ));
#3400 = DIRECTION('',(-0.707106781187,-0.707106781187,7.850462293419E-17
    ));
#3401 = ADVANCED_FACE('',(#3402),#3413,.T.);
#3402 = FACE_BOUND('',#3403,.T.);
#3403 = EDGE_LOOP('',(#3404,#3405,#3406,#3407));
#3404 = ORIENTED_EDGE('',*,*,#3383,.T.);
#3405 = ORIENTED_EDGE('',*,*,#2482,.T.);
#3406 = ORIENTED_EDGE('',*,*,#3194,.F.);
#3407 = ORIENTED_EDGE('',*,*,#3408,.F.);
#3408 = EDGE_CURVE('',#3384,#3195,#3409,.T.);
#3409 = LINE('',#3410,#3411);
#3410 = CARTESIAN_POINT('',(1.843908730343,72.437744106187,
    1.379528500723E-14));
#3411 = VECTOR('',#3412,1.);
#3412 = DIRECTION('',(-0.707106781187,0.707106781187,7.850462293419E-17)
  );
#3413 = PLANE('',#3414);
#3414 = AXIS2_PLACEMENT_3D('',#3415,#3416,#3417);
#3415 = CARTESIAN_POINT('',(1.843908730343,72.437744106187,
    1.350528500723E-14));
#3416 = DIRECTION('',(-0.707106781187,-0.707106781187,7.850462293419E-17
    ));
#3417 = DIRECTION('',(-0.707106781187,0.707106781187,7.850462293419E-17)
  );
#3418 = ADVANCED_FACE('',(#3419),#3431,.F.);
#3419 = FACE_BOUND('',#3420,.T.);
#3420 = EDGE_LOOP('',(#3421,#3422,#3423,#3424));
#3421 = ORIENTED_EDGE('',*,*,#2596,.T.);
#3422 = ORIENTED_EDGE('',*,*,#2547,.T.);
#3423 = ORIENTED_EDGE('',*,*,#2496,.F.);
#3424 = ORIENTED_EDGE('',*,*,#3425,.F.);
#3425 = EDGE_CURVE('',#2589,#2497,#3426,.T.);
#3426 = CIRCLE('',#3427,4.05);
#3427 = AXIS2_PLACEMENT_3D('',#3428,#3429,#3430);
#3428 = CARTESIAN_POINT('',(1.045828670879E-13,60.,5.25));
#3429 = DIRECTION('',(8.810223024625E-16,6.6E-16,1.));
#3430 = DIRECTION('',(1.67E-15,1.,-6.6E-16));
#3431 = CYLINDRICAL_SURFACE('',#3432,4.05);
#3432 = AXIS2_PLACEMENT_3D('',#3433,#3434,#3435);
#3433 = CARTESIAN_POINT('',(7.994E-14,60.,-1.332E-14));
#3434 = DIRECTION('',(-7.710223024625E-16,-4.4E-16,-1.));
#3435 = DIRECTION('',(1.34E-15,1.,-4.4E-16));
#3436 = ADVANCED_FACE('',(#3437,#3443),#3454,.F.);
#3437 = FACE_BOUND('',#3438,.T.);
#3438 = EDGE_LOOP('',(#3439,#3440,#3441,#3442));
#3439 = ORIENTED_EDGE('',*,*,#3425,.T.);
#3440 = ORIENTED_EDGE('',*,*,#2506,.T.);
#3441 = ORIENTED_EDGE('',*,*,#2563,.T.);
#3442 = ORIENTED_EDGE('',*,*,#2588,.T.);
#3443 = FACE_BOUND('',#3444,.T.);
#3444 = EDGE_LOOP('',(#3445));
#3445 = ORIENTED_EDGE('',*,*,#3446,.F.);
#3446 = EDGE_CURVE('',#3447,#3447,#3449,.T.);
#3447 = VERTEX_POINT('',#3448);
#3448 = CARTESIAN_POINT('',(2.158286708793E-14,62.,5.25));
#3449 = CIRCLE('',#3450,2.);
#3450 = AXIS2_PLACEMENT_3D('',#3451,#3452,#3453);
#3451 = CARTESIAN_POINT('',(4.085620730621E-14,60.,5.25));
#3452 = DIRECTION('',(4.410223024625E-16,2.2E-16,1.));
#3453 = DIRECTION('',(7.8E-16,1.,-2.2E-16));
#3454 = PLANE('',#3455);
#3455 = AXIS2_PLACEMENT_3D('',#3456,#3457,#3458);
#3456 = CARTESIAN_POINT('',(2.30926389122E-14,30.,5.25));
#3457 = DIRECTION('',(-4.410223024625E-16,-2.2E-16,-1.));
#3458 = DIRECTION('',(1.,5.6E-16,-4.410223024625E-16));
#3459 = ADVANCED_FACE('',(#3460),#3466,.F.);
#3460 = FACE_BOUND('',#3461,.T.);
#3461 = EDGE_LOOP('',(#3462,#3463,#3464,#3465));
#3462 = ORIENTED_EDGE('',*,*,#2692,.T.);
#3463 = ORIENTED_EDGE('',*,*,#2611,.T.);
#3464 = ORIENTED_EDGE('',*,*,#2643,.F.);
#3465 = ORIENTED_EDGE('',*,*,#2667,.T.);
#3466 = PLANE('',#3467);
#3467 = AXIS2_PLACEMENT_3D('',#3468,#3469,#3470);
#3468 = CARTESIAN_POINT('',(4.329869796038E-14,56.338342266413,1.5));
#3469 = DIRECTION('',(-4.410223024625E-16,-2.2E-16,-1.));
#3470 = DIRECTION('',(1.,5.6E-16,-4.410223024625E-16));
#3471 = ADVANCED_FACE('',(#3472),#3480,.F.);
#3472 = FACE_BOUND('',#3473,.T.);
#3473 = EDGE_LOOP('',(#3474,#3475,#3476,#3477,#3478,#3479));
#3474 = ORIENTED_EDGE('',*,*,#2839,.F.);
#3475 = ORIENTED_EDGE('',*,*,#2709,.T.);
#3476 = ORIENTED_EDGE('',*,*,#2741,.F.);
#3477 = ORIENTED_EDGE('',*,*,#2765,.T.);
#3478 = ORIENTED_EDGE('',*,*,#2790,.T.);
#3479 = ORIENTED_EDGE('',*,*,#2814,.T.);
#3480 = PLANE('',#3481);
#3481 = AXIS2_PLACEMENT_3D('',#3482,#3483,#3484);
#3482 = CARTESIAN_POINT('',(4.329869796038E-14,56.338342266413,1.5));
#3483 = DIRECTION('',(-4.410223024625E-16,-2.2E-16,-1.));
#3484 = DIRECTION('',(1.,5.6E-16,-4.410223024625E-16));
#3485 = ADVANCED_FACE('',(#3486),#3492,.F.);
#3486 = FACE_BOUND('',#3487,.T.);
#3487 = EDGE_LOOP('',(#3488,#3489,#3490,#3491));
#3488 = ORIENTED_EDGE('',*,*,#2939,.F.);
#3489 = ORIENTED_EDGE('',*,*,#2857,.T.);
#3490 = ORIENTED_EDGE('',*,*,#2899,.F.);
#3491 = ORIENTED_EDGE('',*,*,#2914,.T.);
#3492 = PLANE('',#3493);
#3493 = AXIS2_PLACEMENT_3D('',#3494,#3495,#3496);
#3494 = CARTESIAN_POINT('',(4.329869796038E-14,56.338342266413,1.5));
#3495 = DIRECTION('',(-4.410223024625E-16,-2.2E-16,-1.));
#3496 = DIRECTION('',(1.,5.6E-16,-4.410223024625E-16));
#3497 = ADVANCED_FACE('',(#3498),#3510,.F.);
#3498 = FACE_BOUND('',#3499,.T.);
#3499 = EDGE_LOOP('',(#3500,#3501,#3502,#3503));
#3500 = ORIENTED_EDGE('',*,*,#3057,.T.);
#3501 = ORIENTED_EDGE('',*,*,#3008,.T.);
#3502 = ORIENTED_EDGE('',*,*,#2957,.F.);
#3503 = ORIENTED_EDGE('',*,*,#3504,.F.);
#3504 = EDGE_CURVE('',#3050,#2958,#3505,.T.);
#3505 = CIRCLE('',#3506,4.05);
#3506 = AXIS2_PLACEMENT_3D('',#3507,#3508,#3509);
#3507 = CARTESIAN_POINT('',(4.662867087928E-15,3.5E-15,5.25));
#3508 = DIRECTION('',(8.810223024625E-16,6.6E-16,1.));
#3509 = DIRECTION('',(1.67E-15,1.,-6.6E-16));
#3510 = CYLINDRICAL_SURFACE('',#3511,4.05);
#3511 = AXIS2_PLACEMENT_3D('',#3512,#3513,#3514);
#3512 = CARTESIAN_POINT('',(0.,0.,0.));
#3513 = DIRECTION('',(-7.710223024625E-16,-4.4E-16,-1.));
#3514 = DIRECTION('',(1.34E-15,1.,-4.4E-16));
#3515 = ADVANCED_FACE('',(#3516,#3522),#3533,.F.);
#3516 = FACE_BOUND('',#3517,.T.);
#3517 = EDGE_LOOP('',(#3518,#3519,#3520,#3521));
#3518 = ORIENTED_EDGE('',*,*,#3504,.T.);
#3519 = ORIENTED_EDGE('',*,*,#2967,.T.);
#3520 = ORIENTED_EDGE('',*,*,#3024,.T.);
#3521 = ORIENTED_EDGE('',*,*,#3049,.T.);
#3522 = FACE_BOUND('',#3523,.T.);
#3523 = EDGE_LOOP('',(#3524));
#3524 = ORIENTED_EDGE('',*,*,#3525,.F.);
#3525 = EDGE_CURVE('',#3526,#3526,#3528,.T.);
#3526 = VERTEX_POINT('',#3527);
#3527 = CARTESIAN_POINT('',(1.582867087928E-15,2.,5.25));
#3528 = CIRCLE('',#3529,2.);
#3529 = AXIS2_PLACEMENT_3D('',#3530,#3531,#3532);
#3530 = CARTESIAN_POINT('',(-6.217248937901E-15,-2.33E-15,5.25));
#3531 = DIRECTION('',(4.410223024625E-16,2.2E-16,1.));
#3532 = DIRECTION('',(7.8E-16,1.,-2.2E-16));
#3533 = PLANE('',#3534);
#3534 = AXIS2_PLACEMENT_3D('',#3535,#3536,#3537);
#3535 = CARTESIAN_POINT('',(2.30926389122E-14,30.,5.25));
#3536 = DIRECTION('',(-4.410223024625E-16,-2.2E-16,-1.));
#3537 = DIRECTION('',(1.,5.6E-16,-4.410223024625E-16));
#3538 = ADVANCED_FACE('',(#3539),#3557,.T.);
#3539 = FACE_BOUND('',#3540,.F.);
#3540 = EDGE_LOOP('',(#3541,#3549,#3555,#3556));
#3541 = ORIENTED_EDGE('',*,*,#3542,.T.);
#3542 = EDGE_CURVE('',#2270,#3543,#3545,.T.);
#3543 = VERTEX_POINT('',#3544);
#3544 = CARTESIAN_POINT('',(9.302344408921E-11,55.94999999994,4.));
#3545 = LINE('',#3546,#3547);
#3546 = CARTESIAN_POINT('',(9.304884633363E-11,55.94999999994,3.75));
#3547 = VECTOR('',#3548,1.);
#3548 = DIRECTION('',(3.310223024625E-16,3.3E-16,1.));
#3549 = ORIENTED_EDGE('',*,*,#3550,.T.);
#3550 = EDGE_CURVE('',#3543,#3133,#3551,.T.);
#3551 = LINE('',#3552,#3553);
#3552 = CARTESIAN_POINT('',(9.304379489095E-11,55.94999999994,4.));
#3553 = VECTOR('',#3554,1.);
#3554 = DIRECTION('',(-0.500000000005,0.866025403781,2.551115123183E-17)
  );
#3555 = ORIENTED_EDGE('',*,*,#3132,.F.);
#3556 = ORIENTED_EDGE('',*,*,#3072,.F.);
#3557 = PLANE('',#3558);
#3558 = AXIS2_PLACEMENT_3D('',#3559,#3560,#3561);
#3559 = CARTESIAN_POINT('',(9.304933633363E-11,55.94999999994,3.75));
#3560 = DIRECTION('',(0.866025403781,0.500000000005,-4.561481343188E-16)
  );
#3561 = DIRECTION('',(0.500000000005,-0.866025403781,-4.055111512318E-16
    ));
#3562 = ADVANCED_FACE('',(#3563),#3574,.T.);
#3563 = FACE_BOUND('',#3564,.F.);
#3564 = EDGE_LOOP('',(#3565,#3566,#3572,#3573));
#3565 = ORIENTED_EDGE('',*,*,#3148,.T.);
#3566 = ORIENTED_EDGE('',*,*,#3567,.T.);
#3567 = EDGE_CURVE('',#3141,#3543,#3568,.T.);
#3568 = LINE('',#3569,#3570);
#3569 = CARTESIAN_POINT('',(3.507402885365,62.025000000041,4.));
#3570 = VECTOR('',#3571,1.);
#3571 = DIRECTION('',(-0.499999999988,-0.866025403791,4.155111512299E-16
    ));
#3572 = ORIENTED_EDGE('',*,*,#3542,.F.);
#3573 = ORIENTED_EDGE('',*,*,#3087,.F.);
#3574 = PLANE('',#3575);
#3575 = AXIS2_PLACEMENT_3D('',#3576,#3577,#3578);
#3576 = CARTESIAN_POINT('',(3.507402885365,62.025000000041,3.75));
#3577 = DIRECTION('',(-0.866025403791,0.499999999988,1.2614813432E-16));
#3578 = DIRECTION('',(0.499999999988,0.866025403791,-3.551115122992E-17)
  );
#3579 = ADVANCED_FACE('',(#3580),#3598,.T.);
#3580 = FACE_BOUND('',#3581,.F.);
#3581 = EDGE_LOOP('',(#3582,#3590,#3596,#3597));
#3582 = ORIENTED_EDGE('',*,*,#3583,.T.);
#3583 = EDGE_CURVE('',#2315,#3584,#3586,.T.);
#3584 = VERTEX_POINT('',#3585);
#3585 = CARTESIAN_POINT('',(-1.55591079015E-15,-4.05,4.));
#3586 = LINE('',#3587,#3588);
#3587 = CARTESIAN_POINT('',(-2.783666365766E-15,-4.05,3.75));
#3588 = VECTOR('',#3589,1.);
#3589 = DIRECTION('',(3.310223024625E-16,3.3E-16,1.));
#3590 = ORIENTED_EDGE('',*,*,#3591,.T.);
#3591 = EDGE_CURVE('',#3584,#3164,#3592,.T.);
#3592 = LINE('',#3593,#3594);
#3593 = CARTESIAN_POINT('',(-7.993605777301E-15,-4.05,4.));
#3594 = VECTOR('',#3595,1.);
#3595 = DIRECTION('',(-0.5,0.866025403784,2.551115123126E-17));
#3596 = ORIENTED_EDGE('',*,*,#3163,.F.);
#3597 = ORIENTED_EDGE('',*,*,#3102,.F.);
#3598 = PLANE('',#3599);
#3599 = AXIS2_PLACEMENT_3D('',#3600,#3601,#3602);
#3600 = CARTESIAN_POINT('',(-2.443666365766E-15,-4.05,3.75));
#3601 = DIRECTION('',(0.866025403784,0.5,-4.561481343192E-16));
#3602 = DIRECTION('',(0.5,-0.866025403784,-4.055111512313E-16));
#3603 = ADVANCED_FACE('',(#3604),#3615,.T.);
#3604 = FACE_BOUND('',#3605,.F.);
#3605 = EDGE_LOOP('',(#3606,#3607,#3613,#3614));
#3606 = ORIENTED_EDGE('',*,*,#3179,.T.);
#3607 = ORIENTED_EDGE('',*,*,#3608,.T.);
#3608 = EDGE_CURVE('',#3172,#3584,#3609,.T.);
#3609 = LINE('',#3610,#3611);
#3610 = CARTESIAN_POINT('',(3.507402885327,2.025,4.));
#3611 = VECTOR('',#3612,1.);
#3612 = DIRECTION('',(-0.5,-0.866025403784,4.155111512313E-16));
#3613 = ORIENTED_EDGE('',*,*,#3583,.F.);
#3614 = ORIENTED_EDGE('',*,*,#3117,.F.);
#3615 = PLANE('',#3616);
#3616 = AXIS2_PLACEMENT_3D('',#3617,#3618,#3619);
#3617 = CARTESIAN_POINT('',(3.507402885327,2.025,3.75));
#3618 = DIRECTION('',(-0.866025403784,0.5,1.261481343192E-16));
#3619 = DIRECTION('',(0.5,0.866025403784,-3.551115123126E-17));
#3620 = ADVANCED_FACE('',(#3621,#3626),#3637,.T.);
#3621 = FACE_BOUND('',#3622,.F.);
#3622 = EDGE_LOOP('',(#3623,#3624,#3625));
#3623 = ORIENTED_EDGE('',*,*,#3140,.F.);
#3624 = ORIENTED_EDGE('',*,*,#3550,.F.);
#3625 = ORIENTED_EDGE('',*,*,#3567,.F.);
#3626 = FACE_BOUND('',#3627,.F.);
#3627 = EDGE_LOOP('',(#3628));
#3628 = ORIENTED_EDGE('',*,*,#3629,.F.);
#3629 = EDGE_CURVE('',#3630,#3630,#3632,.T.);
#3630 = VERTEX_POINT('',#3631);
#3631 = CARTESIAN_POINT('',(1.124440892099E-13,62.,4.));
#3632 = CIRCLE('',#3633,2.);
#3633 = AXIS2_PLACEMENT_3D('',#3634,#3635,#3636);
#3634 = CARTESIAN_POINT('',(1.363840892099E-13,60.,4.));
#3635 = DIRECTION('',(9.910223024625E-16,1.11E-15,1.));
#3636 = DIRECTION('',(2.22E-15,1.,-1.11E-15));
#3637 = PLANE('',#3638);
#3638 = AXIS2_PLACEMENT_3D('',#3639,#3640,#3641);
#3639 = CARTESIAN_POINT('',(1.629879564646E-11,30.00000000018,4.));
#3640 = DIRECTION('',(-1.910223024625E-16,2.2E-16,-1.));
#3641 = DIRECTION('',(-7.8E-16,-1.,-2.2E-16));
#3642 = ADVANCED_FACE('',(#3643,#3648),#3659,.T.);
#3643 = FACE_BOUND('',#3644,.F.);
#3644 = EDGE_LOOP('',(#3645,#3646,#3647));
#3645 = ORIENTED_EDGE('',*,*,#3171,.F.);
#3646 = ORIENTED_EDGE('',*,*,#3591,.F.);
#3647 = ORIENTED_EDGE('',*,*,#3608,.F.);
#3648 = FACE_BOUND('',#3649,.F.);
#3649 = EDGE_LOOP('',(#3650));
#3650 = ORIENTED_EDGE('',*,*,#3651,.F.);
#3651 = EDGE_CURVE('',#3652,#3652,#3654,.T.);
#3652 = VERTEX_POINT('',#3653);
#3653 = CARTESIAN_POINT('',(5.44408920985E-15,2.,4.));
#3654 = CIRCLE('',#3655,2.);
#3655 = AXIS2_PLACEMENT_3D('',#3656,#3657,#3658);
#3656 = CARTESIAN_POINT('',(3.16408920985E-15,5.27E-15,4.));
#3657 = DIRECTION('',(9.910223024625E-16,1.11E-15,1.));
#3658 = DIRECTION('',(2.22E-15,1.,-1.11E-15));
#3659 = PLANE('',#3660);
#3660 = AXIS2_PLACEMENT_3D('',#3661,#3662,#3663);
#3661 = CARTESIAN_POINT('',(1.629879564646E-11,30.00000000018,4.));
#3662 = DIRECTION('',(-1.910223024625E-16,2.2E-16,-1.));
#3663 = DIRECTION('',(-7.8E-16,-1.,-2.2E-16));
#3664 = ADVANCED_FACE('',(#3665),#3676,.T.);
#3665 = FACE_BOUND('',#3666,.F.);
#3666 = EDGE_LOOP('',(#3667,#3668,#3669,#3670,#3671,#3672,#3673,#3674,
    #3675));
#3667 = ORIENTED_EDGE('',*,*,#3211,.F.);
#3668 = ORIENTED_EDGE('',*,*,#3408,.F.);
#3669 = ORIENTED_EDGE('',*,*,#3391,.F.);
#3670 = ORIENTED_EDGE('',*,*,#3365,.F.);
#3671 = ORIENTED_EDGE('',*,*,#3339,.F.);
#3672 = ORIENTED_EDGE('',*,*,#3313,.F.);
#3673 = ORIENTED_EDGE('',*,*,#3287,.F.);
#3674 = ORIENTED_EDGE('',*,*,#3261,.F.);
#3675 = ORIENTED_EDGE('',*,*,#3235,.F.);
#3676 = PLANE('',#3677);
#3677 = AXIS2_PLACEMENT_3D('',#3678,#3679,#3680);
#3678 = CARTESIAN_POINT('',(7.474896724331E-02,61.509492401682,
    -1.368829880245E-14));
#3679 = DIRECTION('',(-1.321022302463E-15,-2.2E-16,-1.));
#3680 = DIRECTION('',(1.,5.6E-16,-1.321022302463E-15));
#3681 = ADVANCED_FACE('',(#3682),#3693,.F.);
#3682 = FACE_BOUND('',#3683,.T.);
#3683 = EDGE_LOOP('',(#3684,#3685,#3691,#3692));
#3684 = ORIENTED_EDGE('',*,*,#3629,.F.);
#3685 = ORIENTED_EDGE('',*,*,#3686,.T.);
#3686 = EDGE_CURVE('',#3630,#3447,#3687,.T.);
#3687 = LINE('',#3688,#3689);
#3688 = CARTESIAN_POINT('',(6.361633363423E-14,62.,3.75));
#3689 = VECTOR('',#3690,1.);
#3690 = DIRECTION('',(4.410223024625E-16,4.4E-16,1.));
#3691 = ORIENTED_EDGE('',*,*,#3446,.T.);
#3692 = ORIENTED_EDGE('',*,*,#3686,.F.);
#3693 = CYLINDRICAL_SURFACE('',#3694,2.);
#3694 = AXIS2_PLACEMENT_3D('',#3695,#3696,#3697);
#3695 = CARTESIAN_POINT('',(6.161633363423E-14,60.,3.75));
#3696 = DIRECTION('',(-6.610223024625E-16,-2.2E-16,-1.));
#3697 = DIRECTION('',(1.E-15,1.,-2.2E-16));
#3698 = ADVANCED_FACE('',(#3699),#3710,.F.);
#3699 = FACE_BOUND('',#3700,.T.);
#3700 = EDGE_LOOP('',(#3701,#3702,#3708,#3709));
#3701 = ORIENTED_EDGE('',*,*,#3651,.F.);
#3702 = ORIENTED_EDGE('',*,*,#3703,.T.);
#3703 = EDGE_CURVE('',#3652,#3526,#3704,.T.);
#3704 = LINE('',#3705,#3706);
#3705 = CARTESIAN_POINT('',(3.656333634234E-15,2.,3.75));
#3706 = VECTOR('',#3707,1.);
#3707 = DIRECTION('',(4.410223024625E-16,4.4E-16,1.));
#3708 = ORIENTED_EDGE('',*,*,#3525,.T.);
#3709 = ORIENTED_EDGE('',*,*,#3703,.F.);
#3710 = CYLINDRICAL_SURFACE('',#3711,2.);
#3711 = AXIS2_PLACEMENT_3D('',#3712,#3713,#3714);
#3712 = CARTESIAN_POINT('',(1.666333634234E-15,1.66E-15,3.75));
#3713 = DIRECTION('',(-6.610223024625E-16,-2.2E-16,-1.));
#3714 = DIRECTION('',(1.E-15,1.,-2.2E-16));
#3715 = ( GEOMETRIC_REPRESENTATION_CONTEXT(3) 
GLOBAL_UNCERTAINTY_ASSIGNED_CONTEXT((#3719)) 
GLOBAL_UNIT_ASSIGNED_CONTEXT((#3716,#3717,#3718)) REPRESENTATION_CONTEXT
('Context #1','3D Context with UNIT and UNCERTAINTY') );
#3716 = ( LENGTH_UNIT() NAMED_UNIT(*) SI_UNIT(.MILLI.,.METRE.) );
#3717 = ( NAMED_UNIT(*) PLANE_ANGLE_UNIT() SI_UNIT($,.RADIAN.) );
#3718 = ( NAMED_UNIT(*) SI_UNIT($,.STERADIAN.) SOLID_ANGLE_UNIT() );
#3719 = UNCERTAINTY_MEASURE_WITH_UNIT(LENGTH_MEASURE(1.E-05),#3716,
  'distance_accuracy_value','confusion accuracy');
#3720 = PRODUCT_RELATED_PRODUCT_CATEGORY('part',$,(#7));
ENDSEC;
END-ISO-10303-21;
