ISO-10303-21;
HEADER;
FILE_DESCRIPTION(('FreeCAD Model'),'2;1');
FILE_NAME('Open CASCADE Shape Model','2025-09-25T17:21:37',('FreeCAD'),(
    'FreeCAD'),'Open CASCADE STEP processor 7.8','FreeCAD','Unknown');
FILE_SCHEMA(('AUTOMOTIVE_DESIGN { 1 0 10303 214 1 1 1 1 }'));
ENDSEC;
DATA;
#1 = APPLICATION_PROTOCOL_DEFINITION('international standard',
  'automotive_design',2000,#2);
#2 = APPLICATION_CONTEXT(
  'core data for automotive mechanical design processes');
#3 = SHAPE_DEFINITION_REPRESENTATION(#4,#10);
#4 = PRODUCT_DEFINITION_SHAPE('','',#5);
#5 = PRODUCT_DEFINITION('design','',#6,#9);
#6 = PRODUCT_DEFINITION_FORMATION('','',#7);
#7 = PRODUCT('Open CASCADE STEP translator 7.8 12',
  'Open CASCADE STEP translator 7.8 12','',(#8));
#8 = PRODUCT_CONTEXT('',#2,'mechanical');
#9 = PRODUCT_DEFINITION_CONTEXT('part definition',#2,'design');
#10 = ADVANCED_BREP_SHAPE_REPRESENTATION('',(#11,#15),#9496);
#11 = AXIS2_PLACEMENT_3D('',#12,#13,#14);
#12 = CARTESIAN_POINT('',(0.,0.,0.));
#13 = DIRECTION('',(0.,0.,1.));
#14 = DIRECTION('',(1.,0.,-0.));
#15 = MANIFOLD_SOLID_BREP('',#16);
#16 = CLOSED_SHELL('',(#17,#84,#115,#182,#213,#280,#311,#378,#409,#449,
    #806,#875,#899,#1049,#1112,#1137,#1161,#1185,#1283,#1308,#1364,#1420
    ,#1445,#1469,#1486,#1584,#1640,#1652,#1677,#1694,#1718,#1787,#1811,
    #1908,#1925,#1942,#1973,#1997,#2021,#2045,#2069,#2093,#2117,#2141,
    #2165,#2182,#2215,#2247,#2279,#2348,#2372,#2535,#2559,#2777,#2801,
    #2964,#2988,#3050,#3062,#3075,#3092,#3109,#3252,#3277,#3556,#3718,
    #3743,#3761,#3879,#3896,#3913,#3930,#3947,#3959,#3976,#4001,#4019,
    #4137,#4154,#4171,#4188,#4221,#4253,#4285,#4318,#4351,#4393,#4411,
    #4442,#4532,#4556,#4580,#4597,#4614,#4631,#4648,#4665,#4682,#4694,
    #4711,#4728,#4745,#4757,#4788,#4812,#4836,#4853,#4884,#4908,#4932,
    #4949,#4966,#4983,#5000,#5019,#5036,#5053,#5065,#5082,#5099,#5116,
    #5128,#5228,#5245,#5262,#5279,#5291,#5322,#5346,#5370,#5387,#5418,
    #5442,#5466,#5483,#5580,#5669,#5694,#5719,#5811,#5903,#5915,#5948,
    #6013,#6037,#6177,#6194,#6228,#6252,#6293,#6318,#6358,#6382,#6409,
    #6444,#6573,#6597,#6655,#6686,#6758,#6782,#6807,#6872,#6903,#6975,
    #7000,#7024,#7089,#7106,#7118,#7135,#7224,#7258,#7281,#7298,#7309,
    #7321,#7355,#7378,#7395,#7406,#7418,#7442,#7466,#7490,#7507,#7524,
    #7541,#7565,#7589,#7613,#7630,#7647,#7664,#7676,#7687,#7698,#7710,
    #7722,#7734,#7745,#7756,#7768,#7780,#7791,#7802,#7814,#7831,#7845,
    #7864,#7876,#7901,#7926,#7957,#7981,#8005,#8029,#8053,#8070,#8101,
    #8125,#8149,#8173,#8197,#8214,#8226,#8282,#8315,#8332,#8344,#8361,
    #8380,#8398,#8466,#8480,#8492,#8504,#8528,#8563,#8598,#8665,#8690,
    #8713,#8730,#8742,#8758,#8776,#8794,#8811,#8829,#8847,#8906,#8918,
    #8936,#8954,#8971,#8989,#9007,#9066,#9078,#9095,#9112,#9129,#9146,
    #9163,#9180,#9192,#9209,#9226,#9243,#9260,#9272,#9289,#9306,#9323,
    #9340,#9352,#9369,#9386,#9403,#9420,#9432,#9448,#9464,#9480));
#17 = ADVANCED_FACE('',(#18,#68),#79,.T.);
#18 = FACE_BOUND('',#19,.T.);
#19 = EDGE_LOOP('',(#20,#30,#38,#46,#54,#62));
#20 = ORIENTED_EDGE('',*,*,#21,.F.);
#21 = EDGE_CURVE('',#22,#24,#26,.T.);
#22 = VERTEX_POINT('',#23);
#23 = CARTESIAN_POINT('',(3.2,-101.3834192462,-13.));
#24 = VERTEX_POINT('',#25);
#25 = CARTESIAN_POINT('',(6.,-99.76683849253,-13.));
#26 = LINE('',#27,#28);
#27 = CARTESIAN_POINT('',(3.2,-101.3834192462,-13.));
#28 = VECTOR('',#29,1.);
#29 = DIRECTION('',(0.866025403784,0.5,1.060575238725E-16));
#30 = ORIENTED_EDGE('',*,*,#31,.F.);
#31 = EDGE_CURVE('',#32,#22,#34,.T.);
#32 = VERTEX_POINT('',#33);
#33 = CARTESIAN_POINT('',(3.2,-104.6165807537,-13.));
#34 = LINE('',#35,#36);
#35 = CARTESIAN_POINT('',(3.2,-104.6165807537,-13.));
#36 = VECTOR('',#37,1.);
#37 = DIRECTION('',(0.,1.,0.));
#38 = ORIENTED_EDGE('',*,*,#39,.F.);
#39 = EDGE_CURVE('',#40,#32,#42,.T.);
#40 = VERTEX_POINT('',#41);
#41 = CARTESIAN_POINT('',(6.,-106.2331615074,-13.));
#42 = LINE('',#43,#44);
#43 = CARTESIAN_POINT('',(6.,-106.2331615074,-13.));
#44 = VECTOR('',#45,1.);
#45 = DIRECTION('',(-0.866025403784,0.5,-1.060575238725E-16));
#46 = ORIENTED_EDGE('',*,*,#47,.F.);
#47 = EDGE_CURVE('',#48,#40,#50,.T.);
#48 = VERTEX_POINT('',#49);
#49 = CARTESIAN_POINT('',(8.8,-104.6165807537,-13.));
#50 = LINE('',#51,#52);
#51 = CARTESIAN_POINT('',(8.8,-104.6165807537,-13.));
#52 = VECTOR('',#53,1.);
#53 = DIRECTION('',(-0.866025403784,-0.5,-1.060575238725E-16));
#54 = ORIENTED_EDGE('',*,*,#55,.F.);
#55 = EDGE_CURVE('',#56,#48,#58,.T.);
#56 = VERTEX_POINT('',#57);
#57 = CARTESIAN_POINT('',(8.8,-101.3834192462,-13.));
#58 = LINE('',#59,#60);
#59 = CARTESIAN_POINT('',(8.8,-101.3834192462,-13.));
#60 = VECTOR('',#61,1.);
#61 = DIRECTION('',(0.,-1.,-0.));
#62 = ORIENTED_EDGE('',*,*,#63,.F.);
#63 = EDGE_CURVE('',#24,#56,#64,.T.);
#64 = LINE('',#65,#66);
#65 = CARTESIAN_POINT('',(6.,-99.76683849253,-13.));
#66 = VECTOR('',#67,1.);
#67 = DIRECTION('',(0.866025403784,-0.5,1.060575238725E-16));
#68 = FACE_BOUND('',#69,.T.);
#69 = EDGE_LOOP('',(#70));
#70 = ORIENTED_EDGE('',*,*,#71,.T.);
#71 = EDGE_CURVE('',#72,#72,#74,.T.);
#72 = VERTEX_POINT('',#73);
#73 = CARTESIAN_POINT('',(4.125,-103.,-13.));
#74 = CIRCLE('',#75,1.875);
#75 = AXIS2_PLACEMENT_3D('',#76,#77,#78);
#76 = CARTESIAN_POINT('',(6.,-103.,-13.));
#77 = DIRECTION('',(1.224646799147E-16,0.,-1.));
#78 = DIRECTION('',(-1.,0.,-1.224646799147E-16));
#79 = PLANE('',#80);
#80 = AXIS2_PLACEMENT_3D('',#81,#82,#83);
#81 = CARTESIAN_POINT('',(1.592040838892E-15,-120.6840747607,-13.));
#82 = DIRECTION('',(-1.224646799147E-16,-0.,1.));
#83 = DIRECTION('',(1.,0.,1.224646799147E-16));
#84 = ADVANCED_FACE('',(#85),#110,.F.);
#85 = FACE_BOUND('',#86,.F.);
#86 = EDGE_LOOP('',(#87,#95,#103,#109));
#87 = ORIENTED_EDGE('',*,*,#88,.T.);
#88 = EDGE_CURVE('',#22,#89,#91,.T.);
#89 = VERTEX_POINT('',#90);
#90 = CARTESIAN_POINT('',(3.2,-101.3834192462,-10.5));
#91 = LINE('',#92,#93);
#92 = CARTESIAN_POINT('',(3.2,-101.3834192462,-13.));
#93 = VECTOR('',#94,1.);
#94 = DIRECTION('',(-1.224646799147E-16,-0.,1.));
#95 = ORIENTED_EDGE('',*,*,#96,.T.);
#96 = EDGE_CURVE('',#89,#97,#99,.T.);
#97 = VERTEX_POINT('',#98);
#98 = CARTESIAN_POINT('',(6.,-99.76683849253,-10.5));
#99 = LINE('',#100,#101);
#100 = CARTESIAN_POINT('',(3.2,-101.3834192462,-10.5));
#101 = VECTOR('',#102,1.);
#102 = DIRECTION('',(0.866025403784,0.5,1.060575238725E-16));
#103 = ORIENTED_EDGE('',*,*,#104,.F.);
#104 = EDGE_CURVE('',#24,#97,#105,.T.);
#105 = LINE('',#106,#107);
#106 = CARTESIAN_POINT('',(6.,-99.76683849253,-13.));
#107 = VECTOR('',#108,1.);
#108 = DIRECTION('',(-1.224646799147E-16,-0.,1.));
#109 = ORIENTED_EDGE('',*,*,#21,.F.);
#110 = PLANE('',#111);
#111 = AXIS2_PLACEMENT_3D('',#112,#113,#114);
#112 = CARTESIAN_POINT('',(3.2,-101.3834192462,-13.));
#113 = DIRECTION('',(-0.5,0.866025403784,-6.123233995737E-17));
#114 = DIRECTION('',(0.866025403784,0.5,1.060575238725E-16));
#115 = ADVANCED_FACE('',(#116,#166),#177,.T.);
#116 = FACE_BOUND('',#117,.T.);
#117 = EDGE_LOOP('',(#118,#128,#136,#144,#152,#160));
#118 = ORIENTED_EDGE('',*,*,#119,.F.);
#119 = EDGE_CURVE('',#120,#122,#124,.T.);
#120 = VERTEX_POINT('',#121);
#121 = CARTESIAN_POINT('',(-8.8,-101.3834192462,-13.));
#122 = VERTEX_POINT('',#123);
#123 = CARTESIAN_POINT('',(-6.,-99.76683849253,-13.));
#124 = LINE('',#125,#126);
#125 = CARTESIAN_POINT('',(-8.8,-101.3834192462,-13.));
#126 = VECTOR('',#127,1.);
#127 = DIRECTION('',(0.866025403784,0.5,1.060575238725E-16));
#128 = ORIENTED_EDGE('',*,*,#129,.F.);
#129 = EDGE_CURVE('',#130,#120,#132,.T.);
#130 = VERTEX_POINT('',#131);
#131 = CARTESIAN_POINT('',(-8.8,-104.6165807537,-13.));
#132 = LINE('',#133,#134);
#133 = CARTESIAN_POINT('',(-8.8,-104.6165807537,-13.));
#134 = VECTOR('',#135,1.);
#135 = DIRECTION('',(0.,1.,0.));
#136 = ORIENTED_EDGE('',*,*,#137,.F.);
#137 = EDGE_CURVE('',#138,#130,#140,.T.);
#138 = VERTEX_POINT('',#139);
#139 = CARTESIAN_POINT('',(-6.,-106.2331615074,-13.));
#140 = LINE('',#141,#142);
#141 = CARTESIAN_POINT('',(-6.,-106.2331615074,-13.));
#142 = VECTOR('',#143,1.);
#143 = DIRECTION('',(-0.866025403784,0.5,-1.060575238725E-16));
#144 = ORIENTED_EDGE('',*,*,#145,.F.);
#145 = EDGE_CURVE('',#146,#138,#148,.T.);
#146 = VERTEX_POINT('',#147);
#147 = CARTESIAN_POINT('',(-3.2,-104.6165807537,-13.));
#148 = LINE('',#149,#150);
#149 = CARTESIAN_POINT('',(-3.2,-104.6165807537,-13.));
#150 = VECTOR('',#151,1.);
#151 = DIRECTION('',(-0.866025403784,-0.5,-1.060575238725E-16));
#152 = ORIENTED_EDGE('',*,*,#153,.F.);
#153 = EDGE_CURVE('',#154,#146,#156,.T.);
#154 = VERTEX_POINT('',#155);
#155 = CARTESIAN_POINT('',(-3.2,-101.3834192462,-13.));
#156 = LINE('',#157,#158);
#157 = CARTESIAN_POINT('',(-3.2,-101.3834192462,-13.));
#158 = VECTOR('',#159,1.);
#159 = DIRECTION('',(0.,-1.,-0.));
#160 = ORIENTED_EDGE('',*,*,#161,.F.);
#161 = EDGE_CURVE('',#122,#154,#162,.T.);
#162 = LINE('',#163,#164);
#163 = CARTESIAN_POINT('',(-6.,-99.76683849253,-13.));
#164 = VECTOR('',#165,1.);
#165 = DIRECTION('',(0.866025403784,-0.5,1.060575238725E-16));
#166 = FACE_BOUND('',#167,.T.);
#167 = EDGE_LOOP('',(#168));
#168 = ORIENTED_EDGE('',*,*,#169,.T.);
#169 = EDGE_CURVE('',#170,#170,#172,.T.);
#170 = VERTEX_POINT('',#171);
#171 = CARTESIAN_POINT('',(-7.875,-103.,-13.));
#172 = CIRCLE('',#173,1.875);
#173 = AXIS2_PLACEMENT_3D('',#174,#175,#176);
#174 = CARTESIAN_POINT('',(-6.,-103.,-13.));
#175 = DIRECTION('',(1.224646799147E-16,0.,-1.));
#176 = DIRECTION('',(-1.,0.,-1.224646799147E-16));
#177 = PLANE('',#178);
#178 = AXIS2_PLACEMENT_3D('',#179,#180,#181);
#179 = CARTESIAN_POINT('',(1.592040838892E-15,-120.6840747607,-13.));
#180 = DIRECTION('',(-1.224646799147E-16,-0.,1.));
#181 = DIRECTION('',(1.,0.,1.224646799147E-16));
#182 = ADVANCED_FACE('',(#183),#208,.F.);
#183 = FACE_BOUND('',#184,.F.);
#184 = EDGE_LOOP('',(#185,#193,#201,#207));
#185 = ORIENTED_EDGE('',*,*,#186,.T.);
#186 = EDGE_CURVE('',#120,#187,#189,.T.);
#187 = VERTEX_POINT('',#188);
#188 = CARTESIAN_POINT('',(-8.8,-101.3834192462,-10.5));
#189 = LINE('',#190,#191);
#190 = CARTESIAN_POINT('',(-8.8,-101.3834192462,-13.));
#191 = VECTOR('',#192,1.);
#192 = DIRECTION('',(-1.224646799147E-16,-0.,1.));
#193 = ORIENTED_EDGE('',*,*,#194,.T.);
#194 = EDGE_CURVE('',#187,#195,#197,.T.);
#195 = VERTEX_POINT('',#196);
#196 = CARTESIAN_POINT('',(-6.,-99.76683849253,-10.5));
#197 = LINE('',#198,#199);
#198 = CARTESIAN_POINT('',(-8.8,-101.3834192462,-10.5));
#199 = VECTOR('',#200,1.);
#200 = DIRECTION('',(0.866025403784,0.5,1.060575238725E-16));
#201 = ORIENTED_EDGE('',*,*,#202,.F.);
#202 = EDGE_CURVE('',#122,#195,#203,.T.);
#203 = LINE('',#204,#205);
#204 = CARTESIAN_POINT('',(-6.,-99.76683849253,-13.));
#205 = VECTOR('',#206,1.);
#206 = DIRECTION('',(-1.224646799147E-16,-0.,1.));
#207 = ORIENTED_EDGE('',*,*,#119,.F.);
#208 = PLANE('',#209);
#209 = AXIS2_PLACEMENT_3D('',#210,#211,#212);
#210 = CARTESIAN_POINT('',(-8.8,-101.3834192462,-13.));
#211 = DIRECTION('',(-0.5,0.866025403784,-6.123233995737E-17));
#212 = DIRECTION('',(0.866025403784,0.5,1.060575238725E-16));
#213 = ADVANCED_FACE('',(#214,#264),#275,.T.);
#214 = FACE_BOUND('',#215,.T.);
#215 = EDGE_LOOP('',(#216,#226,#234,#242,#250,#258));
#216 = ORIENTED_EDGE('',*,*,#217,.F.);
#217 = EDGE_CURVE('',#218,#220,#222,.T.);
#218 = VERTEX_POINT('',#219);
#219 = CARTESIAN_POINT('',(-17.8,-131.3834192462,-13.));
#220 = VERTEX_POINT('',#221);
#221 = CARTESIAN_POINT('',(-15.,-129.7668384925,-13.));
#222 = LINE('',#223,#224);
#223 = CARTESIAN_POINT('',(-17.8,-131.3834192462,-13.));
#224 = VECTOR('',#225,1.);
#225 = DIRECTION('',(0.866025403784,0.500000000001,1.060575238725E-16));
#226 = ORIENTED_EDGE('',*,*,#227,.F.);
#227 = EDGE_CURVE('',#228,#218,#230,.T.);
#228 = VERTEX_POINT('',#229);
#229 = CARTESIAN_POINT('',(-17.8,-134.6165807537,-13.));
#230 = LINE('',#231,#232);
#231 = CARTESIAN_POINT('',(-17.8,-134.6165807537,-13.));
#232 = VECTOR('',#233,1.);
#233 = DIRECTION('',(5.5601E-13,1.,6.809158667939E-29));
#234 = ORIENTED_EDGE('',*,*,#235,.F.);
#235 = EDGE_CURVE('',#236,#228,#238,.T.);
#236 = VERTEX_POINT('',#237);
#237 = CARTESIAN_POINT('',(-15.,-136.2331615074,-13.));
#238 = LINE('',#239,#240);
#239 = CARTESIAN_POINT('',(-15.,-136.2331615074,-13.));
#240 = VECTOR('',#241,1.);
#241 = DIRECTION('',(-0.866025403785,0.499999999999,-1.060575238726E-16)
  );
#242 = ORIENTED_EDGE('',*,*,#243,.F.);
#243 = EDGE_CURVE('',#244,#236,#246,.T.);
#244 = VERTEX_POINT('',#245);
#245 = CARTESIAN_POINT('',(-12.2,-134.6165807537,-13.));
#246 = LINE('',#247,#248);
#247 = CARTESIAN_POINT('',(-12.2,-134.6165807537,-13.));
#248 = VECTOR('',#249,1.);
#249 = DIRECTION('',(-0.866025403784,-0.500000000001,-1.060575238724E-16
    ));
#250 = ORIENTED_EDGE('',*,*,#251,.F.);
#251 = EDGE_CURVE('',#252,#244,#254,.T.);
#252 = VERTEX_POINT('',#253);
#253 = CARTESIAN_POINT('',(-12.2,-131.3834192462,-13.));
#254 = LINE('',#255,#256);
#255 = CARTESIAN_POINT('',(-12.2,-131.3834192462,-13.));
#256 = VECTOR('',#257,1.);
#257 = DIRECTION('',(0.,-1.,-0.));
#258 = ORIENTED_EDGE('',*,*,#259,.F.);
#259 = EDGE_CURVE('',#220,#252,#260,.T.);
#260 = LINE('',#261,#262);
#261 = CARTESIAN_POINT('',(-15.,-129.7668384925,-13.));
#262 = VECTOR('',#263,1.);
#263 = DIRECTION('',(0.866025403785,-0.499999999999,1.060575238725E-16)
  );
#264 = FACE_BOUND('',#265,.T.);
#265 = EDGE_LOOP('',(#266));
#266 = ORIENTED_EDGE('',*,*,#267,.T.);
#267 = EDGE_CURVE('',#268,#268,#270,.T.);
#268 = VERTEX_POINT('',#269);
#269 = CARTESIAN_POINT('',(-16.875,-133.,-13.));
#270 = CIRCLE('',#271,1.875);
#271 = AXIS2_PLACEMENT_3D('',#272,#273,#274);
#272 = CARTESIAN_POINT('',(-15.,-133.,-13.));
#273 = DIRECTION('',(1.224646799147E-16,0.,-1.));
#274 = DIRECTION('',(-1.,0.,-1.224646799147E-16));
#275 = PLANE('',#276);
#276 = AXIS2_PLACEMENT_3D('',#277,#278,#279);
#277 = CARTESIAN_POINT('',(1.592040838892E-15,-120.6840747607,-13.));
#278 = DIRECTION('',(-1.224646799147E-16,-0.,1.));
#279 = DIRECTION('',(1.,0.,1.224646799147E-16));
#280 = ADVANCED_FACE('',(#281),#306,.F.);
#281 = FACE_BOUND('',#282,.F.);
#282 = EDGE_LOOP('',(#283,#291,#299,#305));
#283 = ORIENTED_EDGE('',*,*,#284,.T.);
#284 = EDGE_CURVE('',#218,#285,#287,.T.);
#285 = VERTEX_POINT('',#286);
#286 = CARTESIAN_POINT('',(-17.8,-131.3834192462,-10.5));
#287 = LINE('',#288,#289);
#288 = CARTESIAN_POINT('',(-17.8,-131.3834192462,-13.));
#289 = VECTOR('',#290,1.);
#290 = DIRECTION('',(-1.224646799147E-16,-0.,1.));
#291 = ORIENTED_EDGE('',*,*,#292,.T.);
#292 = EDGE_CURVE('',#285,#293,#295,.T.);
#293 = VERTEX_POINT('',#294);
#294 = CARTESIAN_POINT('',(-15.,-129.7668384925,-10.5));
#295 = LINE('',#296,#297);
#296 = CARTESIAN_POINT('',(-17.8,-131.3834192462,-10.5));
#297 = VECTOR('',#298,1.);
#298 = DIRECTION('',(0.866025403784,0.500000000001,1.060575238725E-16));
#299 = ORIENTED_EDGE('',*,*,#300,.F.);
#300 = EDGE_CURVE('',#220,#293,#301,.T.);
#301 = LINE('',#302,#303);
#302 = CARTESIAN_POINT('',(-15.,-129.7668384925,-13.));
#303 = VECTOR('',#304,1.);
#304 = DIRECTION('',(-1.224646799147E-16,-0.,1.));
#305 = ORIENTED_EDGE('',*,*,#217,.F.);
#306 = PLANE('',#307);
#307 = AXIS2_PLACEMENT_3D('',#308,#309,#310);
#308 = CARTESIAN_POINT('',(-17.8,-131.3834192462,-13.));
#309 = DIRECTION('',(-0.500000000001,0.866025403784,-6.123233995744E-17)
  );
#310 = DIRECTION('',(0.866025403784,0.500000000001,1.060575238725E-16));
#311 = ADVANCED_FACE('',(#312,#362),#373,.T.);
#312 = FACE_BOUND('',#313,.T.);
#313 = EDGE_LOOP('',(#314,#324,#332,#340,#348,#356));
#314 = ORIENTED_EDGE('',*,*,#315,.F.);
#315 = EDGE_CURVE('',#316,#318,#320,.T.);
#316 = VERTEX_POINT('',#317);
#317 = CARTESIAN_POINT('',(12.200000000001,-131.3834192462,-13.));
#318 = VERTEX_POINT('',#319);
#319 = CARTESIAN_POINT('',(15.000000000001,-129.7668384925,-13.));
#320 = LINE('',#321,#322);
#321 = CARTESIAN_POINT('',(12.200000000001,-131.3834192462,-13.));
#322 = VECTOR('',#323,1.);
#323 = DIRECTION('',(0.866025403784,0.5,1.060575238725E-16));
#324 = ORIENTED_EDGE('',*,*,#325,.F.);
#325 = EDGE_CURVE('',#326,#316,#328,.T.);
#326 = VERTEX_POINT('',#327);
#327 = CARTESIAN_POINT('',(12.199999999998,-134.6165807537,-13.));
#328 = LINE('',#329,#330);
#329 = CARTESIAN_POINT('',(12.199999999998,-134.6165807537,-13.));
#330 = VECTOR('',#331,1.);
#331 = DIRECTION('',(7.5105E-13,1.,9.197709784996E-29));
#332 = ORIENTED_EDGE('',*,*,#333,.F.);
#333 = EDGE_CURVE('',#334,#326,#336,.T.);
#334 = VERTEX_POINT('',#335);
#335 = CARTESIAN_POINT('',(15.,-136.2331615074,-13.));
#336 = LINE('',#337,#338);
#337 = CARTESIAN_POINT('',(15.,-136.2331615074,-13.));
#338 = VECTOR('',#339,1.);
#339 = DIRECTION('',(-0.866025403784,0.5,-1.060575238725E-16));
#340 = ORIENTED_EDGE('',*,*,#341,.F.);
#341 = EDGE_CURVE('',#342,#334,#344,.T.);
#342 = VERTEX_POINT('',#343);
#343 = CARTESIAN_POINT('',(17.800000000001,-134.6165807537,-13.));
#344 = LINE('',#345,#346);
#345 = CARTESIAN_POINT('',(17.800000000001,-134.6165807537,-13.));
#346 = VECTOR('',#347,1.);
#347 = DIRECTION('',(-0.866025403784,-0.5,-1.060575238725E-16));
#348 = ORIENTED_EDGE('',*,*,#349,.F.);
#349 = EDGE_CURVE('',#350,#342,#352,.T.);
#350 = VERTEX_POINT('',#351);
#351 = CARTESIAN_POINT('',(17.800000000001,-131.3834192462,-13.));
#352 = LINE('',#353,#354);
#353 = CARTESIAN_POINT('',(17.800000000001,-131.3834192462,-13.));
#354 = VECTOR('',#355,1.);
#355 = DIRECTION('',(0.,-1.,-0.));
#356 = ORIENTED_EDGE('',*,*,#357,.F.);
#357 = EDGE_CURVE('',#318,#350,#358,.T.);
#358 = LINE('',#359,#360);
#359 = CARTESIAN_POINT('',(15.000000000001,-129.7668384925,-13.));
#360 = VECTOR('',#361,1.);
#361 = DIRECTION('',(0.866025403784,-0.500000000001,1.060575238724E-16)
  );
#362 = FACE_BOUND('',#363,.T.);
#363 = EDGE_LOOP('',(#364));
#364 = ORIENTED_EDGE('',*,*,#365,.T.);
#365 = EDGE_CURVE('',#366,#366,#368,.T.);
#366 = VERTEX_POINT('',#367);
#367 = CARTESIAN_POINT('',(13.125,-133.,-13.));
#368 = CIRCLE('',#369,1.875);
#369 = AXIS2_PLACEMENT_3D('',#370,#371,#372);
#370 = CARTESIAN_POINT('',(15.,-133.,-13.));
#371 = DIRECTION('',(1.224646799147E-16,0.,-1.));
#372 = DIRECTION('',(-1.,0.,-1.224646799147E-16));
#373 = PLANE('',#374);
#374 = AXIS2_PLACEMENT_3D('',#375,#376,#377);
#375 = CARTESIAN_POINT('',(1.592040838892E-15,-120.6840747607,-13.));
#376 = DIRECTION('',(-1.224646799147E-16,-0.,1.));
#377 = DIRECTION('',(1.,0.,1.224646799147E-16));
#378 = ADVANCED_FACE('',(#379),#404,.F.);
#379 = FACE_BOUND('',#380,.F.);
#380 = EDGE_LOOP('',(#381,#389,#397,#403));
#381 = ORIENTED_EDGE('',*,*,#382,.T.);
#382 = EDGE_CURVE('',#316,#383,#385,.T.);
#383 = VERTEX_POINT('',#384);
#384 = CARTESIAN_POINT('',(12.200000000001,-131.3834192462,-10.5));
#385 = LINE('',#386,#387);
#386 = CARTESIAN_POINT('',(12.200000000001,-131.3834192462,-13.));
#387 = VECTOR('',#388,1.);
#388 = DIRECTION('',(-1.224646799147E-16,-0.,1.));
#389 = ORIENTED_EDGE('',*,*,#390,.T.);
#390 = EDGE_CURVE('',#383,#391,#393,.T.);
#391 = VERTEX_POINT('',#392);
#392 = CARTESIAN_POINT('',(15.000000000001,-129.7668384925,-10.5));
#393 = LINE('',#394,#395);
#394 = CARTESIAN_POINT('',(12.200000000001,-131.3834192462,-10.5));
#395 = VECTOR('',#396,1.);
#396 = DIRECTION('',(0.866025403784,0.5,1.060575238725E-16));
#397 = ORIENTED_EDGE('',*,*,#398,.F.);
#398 = EDGE_CURVE('',#318,#391,#399,.T.);
#399 = LINE('',#400,#401);
#400 = CARTESIAN_POINT('',(15.000000000001,-129.7668384925,-13.));
#401 = VECTOR('',#402,1.);
#402 = DIRECTION('',(-1.224646799147E-16,-0.,1.));
#403 = ORIENTED_EDGE('',*,*,#315,.F.);
#404 = PLANE('',#405);
#405 = AXIS2_PLACEMENT_3D('',#406,#407,#408);
#406 = CARTESIAN_POINT('',(12.200000000001,-131.3834192462,-13.));
#407 = DIRECTION('',(-0.5,0.866025403784,-6.123233995742E-17));
#408 = DIRECTION('',(0.866025403784,0.5,1.060575238725E-16));
#409 = ADVANCED_FACE('',(#410),#444,.F.);
#410 = FACE_BOUND('',#411,.F.);
#411 = EDGE_LOOP('',(#412,#422,#430,#438));
#412 = ORIENTED_EDGE('',*,*,#413,.F.);
#413 = EDGE_CURVE('',#414,#416,#418,.T.);
#414 = VERTEX_POINT('',#415);
#415 = CARTESIAN_POINT('',(-59.45,-47.3,-15.));
#416 = VERTEX_POINT('',#417);
#417 = CARTESIAN_POINT('',(-59.45,-53.8754000256,-15.));
#418 = LINE('',#419,#420);
#419 = CARTESIAN_POINT('',(-59.45,-26.99999999999,-15.));
#420 = VECTOR('',#421,1.);
#421 = DIRECTION('',(0.,-1.,-0.));
#422 = ORIENTED_EDGE('',*,*,#423,.T.);
#423 = EDGE_CURVE('',#414,#424,#426,.T.);
#424 = VERTEX_POINT('',#425);
#425 = CARTESIAN_POINT('',(-59.45,-47.3,-14.75));
#426 = LINE('',#427,#428);
#427 = CARTESIAN_POINT('',(-59.45,-47.3,-15.));
#428 = VECTOR('',#429,1.);
#429 = DIRECTION('',(-1.224646799147E-16,-0.,1.));
#430 = ORIENTED_EDGE('',*,*,#431,.T.);
#431 = EDGE_CURVE('',#424,#432,#434,.T.);
#432 = VERTEX_POINT('',#433);
#433 = CARTESIAN_POINT('',(-59.45,-53.8754000256,-14.75));
#434 = LINE('',#435,#436);
#435 = CARTESIAN_POINT('',(-59.45,-26.99999999999,-14.75));
#436 = VECTOR('',#437,1.);
#437 = DIRECTION('',(0.,-1.,-0.));
#438 = ORIENTED_EDGE('',*,*,#439,.T.);
#439 = EDGE_CURVE('',#432,#416,#440,.T.);
#440 = LINE('',#441,#442);
#441 = CARTESIAN_POINT('',(-59.45,-53.8754000256,-15.));
#442 = VECTOR('',#443,1.);
#443 = DIRECTION('',(1.224646799147E-16,0.,-1.));
#444 = PLANE('',#445);
#445 = AXIS2_PLACEMENT_3D('',#446,#447,#448);
#446 = CARTESIAN_POINT('',(-59.45,-26.99999999999,-15.));
#447 = DIRECTION('',(1.,0.,1.224646799147E-16));
#448 = DIRECTION('',(0.,-1.,-0.));
#449 = ADVANCED_FACE('',(#450,#719),#801,.T.);
#450 = FACE_BOUND('',#451,.T.);
#451 = EDGE_LOOP('',(#452,#462,#470,#478,#486,#495,#503,#511,#519,#528,
    #535,#536,#544,#552,#561,#570,#579,#588,#596,#604,#612,#621,#630,
    #638,#646,#654,#663,#671,#679,#687,#695,#704,#712));
#452 = ORIENTED_EDGE('',*,*,#453,.T.);
#453 = EDGE_CURVE('',#454,#456,#458,.T.);
#454 = VERTEX_POINT('',#455);
#455 = CARTESIAN_POINT('',(-9.9,-83.85,-15.));
#456 = VERTEX_POINT('',#457);
#457 = CARTESIAN_POINT('',(-9.9,-85.95,-15.));
#458 = LINE('',#459,#460);
#459 = CARTESIAN_POINT('',(-9.9,-87.81306240625,-15.));
#460 = VECTOR('',#461,1.);
#461 = DIRECTION('',(0.,-1.,-0.));
#462 = ORIENTED_EDGE('',*,*,#463,.F.);
#463 = EDGE_CURVE('',#464,#456,#466,.T.);
#464 = VERTEX_POINT('',#465);
#465 = CARTESIAN_POINT('',(-12.3,-85.95,-15.));
#466 = LINE('',#467,#468);
#467 = CARTESIAN_POINT('',(-30.,-85.95,-15.));
#468 = VECTOR('',#469,1.);
#469 = DIRECTION('',(1.,0.,1.224646799147E-16));
#470 = ORIENTED_EDGE('',*,*,#471,.F.);
#471 = EDGE_CURVE('',#472,#464,#474,.T.);
#472 = VERTEX_POINT('',#473);
#473 = CARTESIAN_POINT('',(-12.3,-62.,-15.));
#474 = LINE('',#475,#476);
#475 = CARTESIAN_POINT('',(-12.3,-73.,-15.));
#476 = VECTOR('',#477,1.);
#477 = DIRECTION('',(0.,-1.,-0.));
#478 = ORIENTED_EDGE('',*,*,#479,.F.);
#479 = EDGE_CURVE('',#480,#472,#482,.T.);
#480 = VERTEX_POINT('',#481);
#481 = CARTESIAN_POINT('',(-57.,-62.,-15.));
#482 = LINE('',#483,#484);
#483 = CARTESIAN_POINT('',(-57.,-62.,-15.));
#484 = VECTOR('',#485,1.);
#485 = DIRECTION('',(1.,0.,1.224646799147E-16));
#486 = ORIENTED_EDGE('',*,*,#487,.T.);
#487 = EDGE_CURVE('',#480,#488,#490,.T.);
#488 = VERTEX_POINT('',#489);
#489 = CARTESIAN_POINT('',(-64.5,-54.5,-15.));
#490 = CIRCLE('',#491,7.5);
#491 = AXIS2_PLACEMENT_3D('',#492,#493,#494);
#492 = CARTESIAN_POINT('',(-57.,-54.5,-15.));
#493 = DIRECTION('',(1.224646799147E-16,0.,-1.));
#494 = DIRECTION('',(-1.,0.,-1.224646799147E-16));
#495 = ORIENTED_EDGE('',*,*,#496,.F.);
#496 = EDGE_CURVE('',#497,#488,#499,.T.);
#497 = VERTEX_POINT('',#498);
#498 = CARTESIAN_POINT('',(-64.5,-47.3,-15.));
#499 = LINE('',#500,#501);
#500 = CARTESIAN_POINT('',(-64.5,-47.3,-15.));
#501 = VECTOR('',#502,1.);
#502 = DIRECTION('',(0.,-1.,-0.));
#503 = ORIENTED_EDGE('',*,*,#504,.F.);
#504 = EDGE_CURVE('',#505,#497,#507,.T.);
#505 = VERTEX_POINT('',#506);
#506 = CARTESIAN_POINT('',(-59.55,-47.3,-15.));
#507 = LINE('',#508,#509);
#508 = CARTESIAN_POINT('',(1.836970198721E-15,-47.3,-15.));
#509 = VECTOR('',#510,1.);
#510 = DIRECTION('',(-1.,0.,-1.224646799147E-16));
#511 = ORIENTED_EDGE('',*,*,#512,.F.);
#512 = EDGE_CURVE('',#513,#505,#515,.T.);
#513 = VERTEX_POINT('',#514);
#514 = CARTESIAN_POINT('',(-59.55,-53.8754000256,-15.));
#515 = LINE('',#516,#517);
#516 = CARTESIAN_POINT('',(-59.55,-56.99999999999,-15.));
#517 = VECTOR('',#518,1.);
#518 = DIRECTION('',(0.,1.,0.));
#519 = ORIENTED_EDGE('',*,*,#520,.F.);
#520 = EDGE_CURVE('',#521,#513,#523,.T.);
#521 = VERTEX_POINT('',#522);
#522 = CARTESIAN_POINT('',(-62.625,-57.,-15.));
#523 = CIRCLE('',#524,3.125);
#524 = AXIS2_PLACEMENT_3D('',#525,#526,#527);
#525 = CARTESIAN_POINT('',(-59.5,-57.,-15.));
#526 = DIRECTION('',(1.224646799147E-16,0.,-1.));
#527 = DIRECTION('',(-1.,0.,-1.224646799147E-16));
#528 = ORIENTED_EDGE('',*,*,#529,.F.);
#529 = EDGE_CURVE('',#416,#521,#530,.T.);
#530 = CIRCLE('',#531,3.125);
#531 = AXIS2_PLACEMENT_3D('',#532,#533,#534);
#532 = CARTESIAN_POINT('',(-59.5,-57.,-15.));
#533 = DIRECTION('',(1.224646799147E-16,0.,-1.));
#534 = DIRECTION('',(-1.,0.,-1.224646799147E-16));
#535 = ORIENTED_EDGE('',*,*,#413,.F.);
#536 = ORIENTED_EDGE('',*,*,#537,.F.);
#537 = EDGE_CURVE('',#538,#414,#540,.T.);
#538 = VERTEX_POINT('',#539);
#539 = CARTESIAN_POINT('',(-5.E-02,-47.3,-15.));
#540 = LINE('',#541,#542);
#541 = CARTESIAN_POINT('',(1.836970198721E-15,-47.3,-15.));
#542 = VECTOR('',#543,1.);
#543 = DIRECTION('',(-1.,0.,-1.224646799147E-16));
#544 = ORIENTED_EDGE('',*,*,#545,.F.);
#545 = EDGE_CURVE('',#546,#538,#548,.T.);
#546 = VERTEX_POINT('',#547);
#547 = CARTESIAN_POINT('',(-4.999999999996E-02,-49.8754000256,-15.));
#548 = LINE('',#549,#550);
#549 = CARTESIAN_POINT('',(-5.E-02,-53.,-15.));
#550 = VECTOR('',#551,1.);
#551 = DIRECTION('',(0.,1.,0.));
#552 = ORIENTED_EDGE('',*,*,#553,.F.);
#553 = EDGE_CURVE('',#554,#546,#556,.T.);
#554 = VERTEX_POINT('',#555);
#555 = CARTESIAN_POINT('',(-3.125,-53.,-15.));
#556 = CIRCLE('',#557,3.125);
#557 = AXIS2_PLACEMENT_3D('',#558,#559,#560);
#558 = CARTESIAN_POINT('',(1.836970198721E-15,-53.,-15.));
#559 = DIRECTION('',(1.224646799147E-16,0.,-1.));
#560 = DIRECTION('',(-1.,0.,-1.224646799147E-16));
#561 = ORIENTED_EDGE('',*,*,#562,.F.);
#562 = EDGE_CURVE('',#563,#554,#565,.T.);
#563 = VERTEX_POINT('',#564);
#564 = CARTESIAN_POINT('',(1.836970198721E-15,-56.125,-15.));
#565 = CIRCLE('',#566,3.125);
#566 = AXIS2_PLACEMENT_3D('',#567,#568,#569);
#567 = CARTESIAN_POINT('',(1.836970198721E-15,-53.,-15.));
#568 = DIRECTION('',(1.224646799147E-16,0.,-1.));
#569 = DIRECTION('',(-1.,0.,-1.224646799147E-16));
#570 = ORIENTED_EDGE('',*,*,#571,.T.);
#571 = EDGE_CURVE('',#563,#572,#574,.T.);
#572 = VERTEX_POINT('',#573);
#573 = CARTESIAN_POINT('',(3.125,-53.,-15.));
#574 = CIRCLE('',#575,3.125);
#575 = AXIS2_PLACEMENT_3D('',#576,#577,#578);
#576 = CARTESIAN_POINT('',(1.836970198721E-15,-53.,-15.));
#577 = DIRECTION('',(-1.224646799147E-16,0.,1.));
#578 = DIRECTION('',(1.,-0.,1.224646799147E-16));
#579 = ORIENTED_EDGE('',*,*,#580,.T.);
#580 = EDGE_CURVE('',#572,#581,#583,.T.);
#581 = VERTEX_POINT('',#582);
#582 = CARTESIAN_POINT('',(4.999999999997E-02,-49.8754000256,-15.));
#583 = CIRCLE('',#584,3.125);
#584 = AXIS2_PLACEMENT_3D('',#585,#586,#587);
#585 = CARTESIAN_POINT('',(1.836970198721E-15,-53.,-15.));
#586 = DIRECTION('',(-1.224646799147E-16,0.,1.));
#587 = DIRECTION('',(1.,-0.,1.224646799147E-16));
#588 = ORIENTED_EDGE('',*,*,#589,.T.);
#589 = EDGE_CURVE('',#581,#590,#592,.T.);
#590 = VERTEX_POINT('',#591);
#591 = CARTESIAN_POINT('',(5.E-02,-47.3,-15.));
#592 = LINE('',#593,#594);
#593 = CARTESIAN_POINT('',(5.E-02,-53.,-15.));
#594 = VECTOR('',#595,1.);
#595 = DIRECTION('',(0.,1.,0.));
#596 = ORIENTED_EDGE('',*,*,#597,.T.);
#597 = EDGE_CURVE('',#590,#598,#600,.T.);
#598 = VERTEX_POINT('',#599);
#599 = CARTESIAN_POINT('',(59.45,-47.3,-15.));
#600 = LINE('',#601,#602);
#601 = CARTESIAN_POINT('',(1.836970198721E-15,-47.3,-15.));
#602 = VECTOR('',#603,1.);
#603 = DIRECTION('',(1.,-0.,1.224646799147E-16));
#604 = ORIENTED_EDGE('',*,*,#605,.T.);
#605 = EDGE_CURVE('',#598,#606,#608,.T.);
#606 = VERTEX_POINT('',#607);
#607 = CARTESIAN_POINT('',(59.45,-53.8754000256,-15.));
#608 = LINE('',#609,#610);
#609 = CARTESIAN_POINT('',(59.45,-26.99999999999,-15.));
#610 = VECTOR('',#611,1.);
#611 = DIRECTION('',(0.,-1.,0.));
#612 = ORIENTED_EDGE('',*,*,#613,.T.);
#613 = EDGE_CURVE('',#606,#614,#616,.T.);
#614 = VERTEX_POINT('',#615);
#615 = CARTESIAN_POINT('',(62.625,-57.,-15.));
#616 = CIRCLE('',#617,3.125);
#617 = AXIS2_PLACEMENT_3D('',#618,#619,#620);
#618 = CARTESIAN_POINT('',(59.5,-57.,-15.));
#619 = DIRECTION('',(-1.224646799147E-16,0.,1.));
#620 = DIRECTION('',(1.,-0.,1.224646799147E-16));
#621 = ORIENTED_EDGE('',*,*,#622,.T.);
#622 = EDGE_CURVE('',#614,#623,#625,.T.);
#623 = VERTEX_POINT('',#624);
#624 = CARTESIAN_POINT('',(59.55,-53.8754000256,-15.));
#625 = CIRCLE('',#626,3.125);
#626 = AXIS2_PLACEMENT_3D('',#627,#628,#629);
#627 = CARTESIAN_POINT('',(59.5,-57.,-15.));
#628 = DIRECTION('',(-1.224646799147E-16,0.,1.));
#629 = DIRECTION('',(1.,-0.,1.224646799147E-16));
#630 = ORIENTED_EDGE('',*,*,#631,.T.);
#631 = EDGE_CURVE('',#623,#632,#634,.T.);
#632 = VERTEX_POINT('',#633);
#633 = CARTESIAN_POINT('',(59.55,-47.3,-15.));
#634 = LINE('',#635,#636);
#635 = CARTESIAN_POINT('',(59.55,-56.99999999999,-15.));
#636 = VECTOR('',#637,1.);
#637 = DIRECTION('',(0.,1.,0.));
#638 = ORIENTED_EDGE('',*,*,#639,.T.);
#639 = EDGE_CURVE('',#632,#640,#642,.T.);
#640 = VERTEX_POINT('',#641);
#641 = CARTESIAN_POINT('',(64.5,-47.3,-15.));
#642 = LINE('',#643,#644);
#643 = CARTESIAN_POINT('',(1.836970198721E-15,-47.3,-15.));
#644 = VECTOR('',#645,1.);
#645 = DIRECTION('',(1.,-0.,1.224646799147E-16));
#646 = ORIENTED_EDGE('',*,*,#647,.T.);
#647 = EDGE_CURVE('',#640,#648,#650,.T.);
#648 = VERTEX_POINT('',#649);
#649 = CARTESIAN_POINT('',(64.5,-54.5,-15.));
#650 = LINE('',#651,#652);
#651 = CARTESIAN_POINT('',(64.5,-47.3,-15.));
#652 = VECTOR('',#653,1.);
#653 = DIRECTION('',(0.,-1.,0.));
#654 = ORIENTED_EDGE('',*,*,#655,.F.);
#655 = EDGE_CURVE('',#656,#648,#658,.T.);
#656 = VERTEX_POINT('',#657);
#657 = CARTESIAN_POINT('',(57.,-62.,-15.));
#658 = CIRCLE('',#659,7.5);
#659 = AXIS2_PLACEMENT_3D('',#660,#661,#662);
#660 = CARTESIAN_POINT('',(57.,-54.5,-15.));
#661 = DIRECTION('',(-1.224646799147E-16,0.,1.));
#662 = DIRECTION('',(1.,-0.,1.224646799147E-16));
#663 = ORIENTED_EDGE('',*,*,#664,.T.);
#664 = EDGE_CURVE('',#656,#665,#667,.T.);
#665 = VERTEX_POINT('',#666);
#666 = CARTESIAN_POINT('',(12.3,-62.,-15.));
#667 = LINE('',#668,#669);
#668 = CARTESIAN_POINT('',(57.,-62.,-15.));
#669 = VECTOR('',#670,1.);
#670 = DIRECTION('',(-1.,0.,-1.224646799147E-16));
#671 = ORIENTED_EDGE('',*,*,#672,.T.);
#672 = EDGE_CURVE('',#665,#673,#675,.T.);
#673 = VERTEX_POINT('',#674);
#674 = CARTESIAN_POINT('',(12.3,-85.95,-15.));
#675 = LINE('',#676,#677);
#676 = CARTESIAN_POINT('',(12.3,-73.,-15.));
#677 = VECTOR('',#678,1.);
#678 = DIRECTION('',(0.,-1.,0.));
#679 = ORIENTED_EDGE('',*,*,#680,.T.);
#680 = EDGE_CURVE('',#673,#681,#683,.T.);
#681 = VERTEX_POINT('',#682);
#682 = CARTESIAN_POINT('',(9.9,-85.95,-15.));
#683 = LINE('',#684,#685);
#684 = CARTESIAN_POINT('',(30.,-85.95,-15.));
#685 = VECTOR('',#686,1.);
#686 = DIRECTION('',(-1.,0.,-1.224646799147E-16));
#687 = ORIENTED_EDGE('',*,*,#688,.F.);
#688 = EDGE_CURVE('',#689,#681,#691,.T.);
#689 = VERTEX_POINT('',#690);
#690 = CARTESIAN_POINT('',(9.9,-83.85,-15.));
#691 = LINE('',#692,#693);
#692 = CARTESIAN_POINT('',(9.9,-87.81306240625,-15.));
#693 = VECTOR('',#694,1.);
#694 = DIRECTION('',(0.,-1.,0.));
#695 = ORIENTED_EDGE('',*,*,#696,.F.);
#696 = EDGE_CURVE('',#697,#689,#699,.T.);
#697 = VERTEX_POINT('',#698);
#698 = CARTESIAN_POINT('',(5.25,-79.2,-15.));
#699 = CIRCLE('',#700,4.65);
#700 = AXIS2_PLACEMENT_3D('',#701,#702,#703);
#701 = CARTESIAN_POINT('',(5.25,-83.85,-15.));
#702 = DIRECTION('',(1.224646799147E-16,0.,-1.));
#703 = DIRECTION('',(1.,0.,1.224646799147E-16));
#704 = ORIENTED_EDGE('',*,*,#705,.T.);
#705 = EDGE_CURVE('',#697,#706,#708,.T.);
#706 = VERTEX_POINT('',#707);
#707 = CARTESIAN_POINT('',(-5.25,-79.2,-15.));
#708 = LINE('',#709,#710);
#709 = CARTESIAN_POINT('',(14.127340809398,-79.2,-15.));
#710 = VECTOR('',#711,1.);
#711 = DIRECTION('',(-1.,2.71E-15,-1.224646799147E-16));
#712 = ORIENTED_EDGE('',*,*,#713,.T.);
#713 = EDGE_CURVE('',#706,#454,#714,.T.);
#714 = CIRCLE('',#715,4.65);
#715 = AXIS2_PLACEMENT_3D('',#716,#717,#718);
#716 = CARTESIAN_POINT('',(-5.25,-83.85,-15.));
#717 = DIRECTION('',(-1.224646799147E-16,-0.,1.));
#718 = DIRECTION('',(-1.,0.,-1.224646799147E-16));
#719 = FACE_BOUND('',#720,.T.);
#720 = EDGE_LOOP('',(#721,#731,#739,#747,#755,#763,#771,#779,#787,#795)
  );
#721 = ORIENTED_EDGE('',*,*,#722,.T.);
#722 = EDGE_CURVE('',#723,#725,#727,.T.);
#723 = VERTEX_POINT('',#724);
#724 = CARTESIAN_POINT('',(1.579941860465,-76.,-15.));
#725 = VERTEX_POINT('',#726);
#726 = CARTESIAN_POINT('',(4.,-76.,-15.));
#727 = LINE('',#728,#729);
#728 = CARTESIAN_POINT('',(1.579941860465,-76.,-15.));
#729 = VECTOR('',#730,1.);
#730 = DIRECTION('',(1.,0.,1.224646799147E-16));
#731 = ORIENTED_EDGE('',*,*,#732,.T.);
#732 = EDGE_CURVE('',#725,#733,#735,.T.);
#733 = VERTEX_POINT('',#734);
#734 = CARTESIAN_POINT('',(4.,-64.,-15.));
#735 = LINE('',#736,#737);
#736 = CARTESIAN_POINT('',(4.,-76.,-15.));
#737 = VECTOR('',#738,1.);
#738 = DIRECTION('',(0.,1.,0.));
#739 = ORIENTED_EDGE('',*,*,#740,.T.);
#740 = EDGE_CURVE('',#733,#741,#743,.T.);
#741 = VERTEX_POINT('',#742);
#742 = CARTESIAN_POINT('',(-4.216751453488,-64.,-15.));
#743 = LINE('',#744,#745);
#744 = CARTESIAN_POINT('',(4.,-64.,-15.));
#745 = VECTOR('',#746,1.);
#746 = DIRECTION('',(-1.,0.,-1.224646799147E-16));
#747 = ORIENTED_EDGE('',*,*,#748,.T.);
#748 = EDGE_CURVE('',#741,#749,#751,.T.);
#749 = VERTEX_POINT('',#750);
#750 = CARTESIAN_POINT('',(-4.216751453488,-66.02325581395,-15.));
#751 = LINE('',#752,#753);
#752 = CARTESIAN_POINT('',(-4.216751453488,-64.,-15.));
#753 = VECTOR('',#754,1.);
#754 = DIRECTION('',(0.,-1.,-0.));
#755 = ORIENTED_EDGE('',*,*,#756,.T.);
#756 = EDGE_CURVE('',#749,#757,#759,.T.);
#757 = VERTEX_POINT('',#758);
#758 = CARTESIAN_POINT('',(1.579941860465,-66.02325581395,-15.));
#759 = LINE('',#760,#761);
#760 = CARTESIAN_POINT('',(-4.216751453488,-66.02325581395,-15.));
#761 = VECTOR('',#762,1.);
#762 = DIRECTION('',(1.,0.,1.224646799147E-16));
#763 = ORIENTED_EDGE('',*,*,#764,.T.);
#764 = EDGE_CURVE('',#757,#765,#767,.T.);
#765 = VERTEX_POINT('',#766);
#766 = CARTESIAN_POINT('',(1.579941860465,-68.88372093023,-15.));
#767 = LINE('',#768,#769);
#768 = CARTESIAN_POINT('',(1.579941860465,-66.02325581395,-15.));
#769 = VECTOR('',#770,1.);
#770 = DIRECTION('',(0.,-1.,-0.));
#771 = ORIENTED_EDGE('',*,*,#772,.T.);
#772 = EDGE_CURVE('',#765,#773,#775,.T.);
#773 = VERTEX_POINT('',#774);
#774 = CARTESIAN_POINT('',(-3.423691860465,-68.88372093023,-15.));
#775 = LINE('',#776,#777);
#776 = CARTESIAN_POINT('',(1.579941860465,-68.88372093023,-15.));
#777 = VECTOR('',#778,1.);
#778 = DIRECTION('',(-1.,0.,-1.224646799147E-16));
#779 = ORIENTED_EDGE('',*,*,#780,.T.);
#780 = EDGE_CURVE('',#773,#781,#783,.T.);
#781 = VERTEX_POINT('',#782);
#782 = CARTESIAN_POINT('',(-3.423691860465,-70.90697674418,-15.));
#783 = LINE('',#784,#785);
#784 = CARTESIAN_POINT('',(-3.423691860465,-68.88372093023,-15.));
#785 = VECTOR('',#786,1.);
#786 = DIRECTION('',(0.,-1.,-0.));
#787 = ORIENTED_EDGE('',*,*,#788,.T.);
#788 = EDGE_CURVE('',#781,#789,#791,.T.);
#789 = VERTEX_POINT('',#790);
#790 = CARTESIAN_POINT('',(1.579941860465,-70.90697674418,-15.));
#791 = LINE('',#792,#793);
#792 = CARTESIAN_POINT('',(-3.423691860465,-70.90697674418,-15.));
#793 = VECTOR('',#794,1.);
#794 = DIRECTION('',(1.,0.,1.224646799147E-16));
#795 = ORIENTED_EDGE('',*,*,#796,.T.);
#796 = EDGE_CURVE('',#789,#723,#797,.T.);
#797 = LINE('',#798,#799);
#798 = CARTESIAN_POINT('',(1.579941860465,-70.90697674418,-15.));
#799 = VECTOR('',#800,1.);
#800 = DIRECTION('',(0.,-1.,-0.));
#801 = PLANE('',#802);
#802 = AXIS2_PLACEMENT_3D('',#803,#804,#805);
#803 = CARTESIAN_POINT('',(2.786970198721E-15,-58.21586043567,-15.));
#804 = DIRECTION('',(1.224646799147E-16,0.,-1.));
#805 = DIRECTION('',(-1.,0.,-1.224646799147E-16));
#806 = ADVANCED_FACE('',(#807),#870,.F.);
#807 = FACE_BOUND('',#808,.F.);
#808 = EDGE_LOOP('',(#809,#817,#818,#819,#828,#834,#835,#836,#845,#854,
    #863));
#809 = ORIENTED_EDGE('',*,*,#810,.F.);
#810 = EDGE_CURVE('',#521,#811,#813,.T.);
#811 = VERTEX_POINT('',#812);
#812 = CARTESIAN_POINT('',(-62.625,-57.,-4.5));
#813 = LINE('',#814,#815);
#814 = CARTESIAN_POINT('',(-62.625,-57.,-15.));
#815 = VECTOR('',#816,1.);
#816 = DIRECTION('',(-1.224646799147E-16,-0.,1.));
#817 = ORIENTED_EDGE('',*,*,#529,.F.);
#818 = ORIENTED_EDGE('',*,*,#439,.F.);
#819 = ORIENTED_EDGE('',*,*,#820,.F.);
#820 = EDGE_CURVE('',#821,#432,#823,.T.);
#821 = VERTEX_POINT('',#822);
#822 = CARTESIAN_POINT('',(-59.55,-53.8754000256,-14.75));
#823 = CIRCLE('',#824,3.125);
#824 = AXIS2_PLACEMENT_3D('',#825,#826,#827);
#825 = CARTESIAN_POINT('',(-59.5,-57.,-14.75));
#826 = DIRECTION('',(1.224646799147E-16,0.,-1.));
#827 = DIRECTION('',(-1.,0.,-1.224646799147E-16));
#828 = ORIENTED_EDGE('',*,*,#829,.T.);
#829 = EDGE_CURVE('',#821,#513,#830,.T.);
#830 = LINE('',#831,#832);
#831 = CARTESIAN_POINT('',(-59.55,-53.8754000256,-15.));
#832 = VECTOR('',#833,1.);
#833 = DIRECTION('',(1.224646799147E-16,0.,-1.));
#834 = ORIENTED_EDGE('',*,*,#520,.F.);
#835 = ORIENTED_EDGE('',*,*,#810,.T.);
#836 = ORIENTED_EDGE('',*,*,#837,.T.);
#837 = EDGE_CURVE('',#811,#838,#840,.T.);
#838 = VERTEX_POINT('',#839);
#839 = CARTESIAN_POINT('',(-59.5,-53.875,-4.5));
#840 = CIRCLE('',#841,3.125);
#841 = AXIS2_PLACEMENT_3D('',#842,#843,#844);
#842 = CARTESIAN_POINT('',(-59.5,-57.,-4.5));
#843 = DIRECTION('',(1.224646799147E-16,0.,-1.));
#844 = DIRECTION('',(-1.,0.,-1.224646799147E-16));
#845 = ORIENTED_EDGE('',*,*,#846,.T.);
#846 = EDGE_CURVE('',#838,#847,#849,.T.);
#847 = VERTEX_POINT('',#848);
#848 = CARTESIAN_POINT('',(-56.79367061317,-58.5625,-4.5));
#849 = CIRCLE('',#850,3.125);
#850 = AXIS2_PLACEMENT_3D('',#851,#852,#853);
#851 = CARTESIAN_POINT('',(-59.5,-57.,-4.5));
#852 = DIRECTION('',(1.224646799147E-16,0.,-1.));
#853 = DIRECTION('',(-1.,0.,-1.224646799147E-16));
#854 = ORIENTED_EDGE('',*,*,#855,.T.);
#855 = EDGE_CURVE('',#847,#856,#858,.T.);
#856 = VERTEX_POINT('',#857);
#857 = CARTESIAN_POINT('',(-62.20632938682,-58.5625,-4.5));
#858 = CIRCLE('',#859,3.125);
#859 = AXIS2_PLACEMENT_3D('',#860,#861,#862);
#860 = CARTESIAN_POINT('',(-59.5,-57.,-4.5));
#861 = DIRECTION('',(1.224646799147E-16,0.,-1.));
#862 = DIRECTION('',(-1.,0.,-1.224646799147E-16));
#863 = ORIENTED_EDGE('',*,*,#864,.T.);
#864 = EDGE_CURVE('',#856,#811,#865,.T.);
#865 = CIRCLE('',#866,3.125);
#866 = AXIS2_PLACEMENT_3D('',#867,#868,#869);
#867 = CARTESIAN_POINT('',(-59.5,-57.,-4.5));
#868 = DIRECTION('',(1.224646799147E-16,0.,-1.));
#869 = DIRECTION('',(-1.,0.,-1.224646799147E-16));
#870 = CYLINDRICAL_SURFACE('',#871,3.125);
#871 = AXIS2_PLACEMENT_3D('',#872,#873,#874);
#872 = CARTESIAN_POINT('',(-59.5,-57.,-15.));
#873 = DIRECTION('',(1.224646799147E-16,0.,-1.));
#874 = DIRECTION('',(-1.,0.,-1.224646799147E-16));
#875 = ADVANCED_FACE('',(#876),#894,.T.);
#876 = FACE_BOUND('',#877,.T.);
#877 = EDGE_LOOP('',(#878,#886,#887,#888));
#878 = ORIENTED_EDGE('',*,*,#879,.T.);
#879 = EDGE_CURVE('',#880,#424,#882,.T.);
#880 = VERTEX_POINT('',#881);
#881 = CARTESIAN_POINT('',(-59.55,-47.3,-14.75));
#882 = LINE('',#883,#884);
#883 = CARTESIAN_POINT('',(-12.41666666666,-47.3,-14.75));
#884 = VECTOR('',#885,1.);
#885 = DIRECTION('',(1.,0.,1.224646799147E-16));
#886 = ORIENTED_EDGE('',*,*,#431,.T.);
#887 = ORIENTED_EDGE('',*,*,#820,.F.);
#888 = ORIENTED_EDGE('',*,*,#889,.T.);
#889 = EDGE_CURVE('',#821,#880,#890,.T.);
#890 = LINE('',#891,#892);
#891 = CARTESIAN_POINT('',(-59.55,-56.99999999999,-14.75));
#892 = VECTOR('',#893,1.);
#893 = DIRECTION('',(0.,1.,0.));
#894 = PLANE('',#895);
#895 = AXIS2_PLACEMENT_3D('',#896,#897,#898);
#896 = CARTESIAN_POINT('',(-24.83333333333,-55.33333333333,-14.75));
#897 = DIRECTION('',(1.224646799147E-16,0.,-1.));
#898 = DIRECTION('',(-1.,0.,-1.224646799147E-16));
#899 = ADVANCED_FACE('',(#900),#1044,.T.);
#900 = FACE_BOUND('',#901,.T.);
#901 = EDGE_LOOP('',(#902,#903,#904,#905,#911,#912,#920,#928,#936,#944,
    #952,#960,#968,#976,#984,#992,#998,#999,#1007,#1015,#1021,#1022,
    #1030,#1038));
#902 = ORIENTED_EDGE('',*,*,#537,.T.);
#903 = ORIENTED_EDGE('',*,*,#423,.T.);
#904 = ORIENTED_EDGE('',*,*,#879,.F.);
#905 = ORIENTED_EDGE('',*,*,#906,.T.);
#906 = EDGE_CURVE('',#880,#505,#907,.T.);
#907 = LINE('',#908,#909);
#908 = CARTESIAN_POINT('',(-59.55,-47.3,-15.));
#909 = VECTOR('',#910,1.);
#910 = DIRECTION('',(1.224646799147E-16,0.,-1.));
#911 = ORIENTED_EDGE('',*,*,#504,.T.);
#912 = ORIENTED_EDGE('',*,*,#913,.T.);
#913 = EDGE_CURVE('',#497,#914,#916,.T.);
#914 = VERTEX_POINT('',#915);
#915 = CARTESIAN_POINT('',(-64.5,-47.3,-2.5));
#916 = LINE('',#917,#918);
#917 = CARTESIAN_POINT('',(-64.5,-47.3,-15.));
#918 = VECTOR('',#919,1.);
#919 = DIRECTION('',(-1.224646799147E-16,-0.,1.));
#920 = ORIENTED_EDGE('',*,*,#921,.F.);
#921 = EDGE_CURVE('',#922,#914,#924,.T.);
#922 = VERTEX_POINT('',#923);
#923 = CARTESIAN_POINT('',(-55.2,-47.3,-2.5));
#924 = LINE('',#925,#926);
#925 = CARTESIAN_POINT('',(3.061616997868E-16,-47.3,-2.5));
#926 = VECTOR('',#927,1.);
#927 = DIRECTION('',(-1.,0.,-1.224646799147E-16));
#928 = ORIENTED_EDGE('',*,*,#929,.T.);
#929 = EDGE_CURVE('',#922,#930,#932,.T.);
#930 = VERTEX_POINT('',#931);
#931 = CARTESIAN_POINT('',(-55.2,-47.3,-10.));
#932 = LINE('',#933,#934);
#933 = CARTESIAN_POINT('',(-55.2,-47.3,-2.5));
#934 = VECTOR('',#935,1.);
#935 = DIRECTION('',(1.224646799147E-16,0.,-1.));
#936 = ORIENTED_EDGE('',*,*,#937,.T.);
#937 = EDGE_CURVE('',#930,#938,#940,.T.);
#938 = VERTEX_POINT('',#939);
#939 = CARTESIAN_POINT('',(-14.8,-47.3,-10.));
#940 = LINE('',#941,#942);
#941 = CARTESIAN_POINT('',(-55.2,-47.3,-10.));
#942 = VECTOR('',#943,1.);
#943 = DIRECTION('',(1.,0.,1.224646799147E-16));
#944 = ORIENTED_EDGE('',*,*,#945,.F.);
#945 = EDGE_CURVE('',#946,#938,#948,.T.);
#946 = VERTEX_POINT('',#947);
#947 = CARTESIAN_POINT('',(-14.8,-47.3,-2.5));
#948 = LINE('',#949,#950);
#949 = CARTESIAN_POINT('',(-14.8,-47.3,-2.5));
#950 = VECTOR('',#951,1.);
#951 = DIRECTION('',(1.224646799147E-16,0.,-1.));
#952 = ORIENTED_EDGE('',*,*,#953,.T.);
#953 = EDGE_CURVE('',#946,#954,#956,.T.);
#954 = VERTEX_POINT('',#955);
#955 = CARTESIAN_POINT('',(14.8,-47.3,-2.5));
#956 = LINE('',#957,#958);
#957 = CARTESIAN_POINT('',(3.061616997868E-16,-47.3,-2.5));
#958 = VECTOR('',#959,1.);
#959 = DIRECTION('',(1.,-0.,1.224646799147E-16));
#960 = ORIENTED_EDGE('',*,*,#961,.T.);
#961 = EDGE_CURVE('',#954,#962,#964,.T.);
#962 = VERTEX_POINT('',#963);
#963 = CARTESIAN_POINT('',(14.8,-47.3,-10.));
#964 = LINE('',#965,#966);
#965 = CARTESIAN_POINT('',(14.8,-47.3,-2.5));
#966 = VECTOR('',#967,1.);
#967 = DIRECTION('',(1.224646799147E-16,0.,-1.));
#968 = ORIENTED_EDGE('',*,*,#969,.F.);
#969 = EDGE_CURVE('',#970,#962,#972,.T.);
#970 = VERTEX_POINT('',#971);
#971 = CARTESIAN_POINT('',(55.2,-47.3,-10.));
#972 = LINE('',#973,#974);
#973 = CARTESIAN_POINT('',(55.2,-47.3,-10.));
#974 = VECTOR('',#975,1.);
#975 = DIRECTION('',(-1.,0.,-1.224646799147E-16));
#976 = ORIENTED_EDGE('',*,*,#977,.F.);
#977 = EDGE_CURVE('',#978,#970,#980,.T.);
#978 = VERTEX_POINT('',#979);
#979 = CARTESIAN_POINT('',(55.2,-47.3,-2.5));
#980 = LINE('',#981,#982);
#981 = CARTESIAN_POINT('',(55.2,-47.3,-2.5));
#982 = VECTOR('',#983,1.);
#983 = DIRECTION('',(1.224646799147E-16,0.,-1.));
#984 = ORIENTED_EDGE('',*,*,#985,.T.);
#985 = EDGE_CURVE('',#978,#986,#988,.T.);
#986 = VERTEX_POINT('',#987);
#987 = CARTESIAN_POINT('',(64.5,-47.3,-2.5));
#988 = LINE('',#989,#990);
#989 = CARTESIAN_POINT('',(3.061616997868E-16,-47.3,-2.5));
#990 = VECTOR('',#991,1.);
#991 = DIRECTION('',(1.,-0.,1.224646799147E-16));
#992 = ORIENTED_EDGE('',*,*,#993,.F.);
#993 = EDGE_CURVE('',#640,#986,#994,.T.);
#994 = LINE('',#995,#996);
#995 = CARTESIAN_POINT('',(64.5,-47.3,-15.));
#996 = VECTOR('',#997,1.);
#997 = DIRECTION('',(-1.224646799147E-16,0.,1.));
#998 = ORIENTED_EDGE('',*,*,#639,.F.);
#999 = ORIENTED_EDGE('',*,*,#1000,.F.);
#1000 = EDGE_CURVE('',#1001,#632,#1003,.T.);
#1001 = VERTEX_POINT('',#1002);
#1002 = CARTESIAN_POINT('',(59.55,-47.3,-14.75));
#1003 = LINE('',#1004,#1005);
#1004 = CARTESIAN_POINT('',(59.55,-47.3,-15.));
#1005 = VECTOR('',#1006,1.);
#1006 = DIRECTION('',(1.224646799147E-16,0.,-1.));
#1007 = ORIENTED_EDGE('',*,*,#1008,.T.);
#1008 = EDGE_CURVE('',#1001,#1009,#1011,.T.);
#1009 = VERTEX_POINT('',#1010);
#1010 = CARTESIAN_POINT('',(59.45,-47.3,-14.75));
#1011 = LINE('',#1012,#1013);
#1012 = CARTESIAN_POINT('',(12.416666666667,-47.3,-14.75));
#1013 = VECTOR('',#1014,1.);
#1014 = DIRECTION('',(-1.,0.,-1.224646799147E-16));
#1015 = ORIENTED_EDGE('',*,*,#1016,.F.);
#1016 = EDGE_CURVE('',#598,#1009,#1017,.T.);
#1017 = LINE('',#1018,#1019);
#1018 = CARTESIAN_POINT('',(59.45,-47.3,-15.));
#1019 = VECTOR('',#1020,1.);
#1020 = DIRECTION('',(-1.224646799147E-16,0.,1.));
#1021 = ORIENTED_EDGE('',*,*,#597,.F.);
#1022 = ORIENTED_EDGE('',*,*,#1023,.F.);
#1023 = EDGE_CURVE('',#1024,#590,#1026,.T.);
#1024 = VERTEX_POINT('',#1025);
#1025 = CARTESIAN_POINT('',(5.E-02,-47.3,-14.75));
#1026 = LINE('',#1027,#1028);
#1027 = CARTESIAN_POINT('',(5.E-02,-47.3,-15.));
#1028 = VECTOR('',#1029,1.);
#1029 = DIRECTION('',(1.224646799147E-16,0.,-1.));
#1030 = ORIENTED_EDGE('',*,*,#1031,.F.);
#1031 = EDGE_CURVE('',#1032,#1024,#1034,.T.);
#1032 = VERTEX_POINT('',#1033);
#1033 = CARTESIAN_POINT('',(-5.E-02,-47.3,-14.75));
#1034 = LINE('',#1035,#1036);
#1035 = CARTESIAN_POINT('',(-12.41666666666,-47.3,-14.75));
#1036 = VECTOR('',#1037,1.);
#1037 = DIRECTION('',(1.,0.,1.224646799147E-16));
#1038 = ORIENTED_EDGE('',*,*,#1039,.T.);
#1039 = EDGE_CURVE('',#1032,#538,#1040,.T.);
#1040 = LINE('',#1041,#1042);
#1041 = CARTESIAN_POINT('',(-5.E-02,-47.3,-15.));
#1042 = VECTOR('',#1043,1.);
#1043 = DIRECTION('',(1.224646799147E-16,0.,-1.));
#1044 = PLANE('',#1045);
#1045 = AXIS2_PLACEMENT_3D('',#1046,#1047,#1048);
#1046 = CARTESIAN_POINT('',(1.28188297447E-15,-47.3,-10.46736883942));
#1047 = DIRECTION('',(0.,1.,0.));
#1048 = DIRECTION('',(1.224646799147E-16,0.,-1.));
#1049 = ADVANCED_FACE('',(#1050),#1107,.T.);
#1050 = FACE_BOUND('',#1051,.T.);
#1051 = EDGE_LOOP('',(#1052,#1060,#1068,#1076,#1084,#1092,#1100,#1106));
#1052 = ORIENTED_EDGE('',*,*,#1053,.F.);
#1053 = EDGE_CURVE('',#1054,#454,#1056,.T.);
#1054 = VERTEX_POINT('',#1055);
#1055 = CARTESIAN_POINT('',(-9.9,-83.85,7.5));
#1056 = LINE('',#1057,#1058);
#1057 = CARTESIAN_POINT('',(-9.9,-83.85,-14.));
#1058 = VECTOR('',#1059,1.);
#1059 = DIRECTION('',(1.224646799147E-16,0.,-1.));
#1060 = ORIENTED_EDGE('',*,*,#1061,.T.);
#1061 = EDGE_CURVE('',#1054,#1062,#1064,.T.);
#1062 = VERTEX_POINT('',#1063);
#1063 = CARTESIAN_POINT('',(-9.9,-88.55,7.5));
#1064 = LINE('',#1065,#1066);
#1065 = CARTESIAN_POINT('',(-9.9,-81.1,7.5));
#1066 = VECTOR('',#1067,1.);
#1067 = DIRECTION('',(-3.2E-16,-1.,-3.918869757272E-32));
#1068 = ORIENTED_EDGE('',*,*,#1069,.T.);
#1069 = EDGE_CURVE('',#1062,#1070,#1072,.T.);
#1070 = VERTEX_POINT('',#1071);
#1071 = CARTESIAN_POINT('',(-9.9,-88.55,-15.));
#1072 = LINE('',#1073,#1074);
#1073 = CARTESIAN_POINT('',(-9.9,-88.55,12.5));
#1074 = VECTOR('',#1075,1.);
#1075 = DIRECTION('',(1.224646799147E-16,0.,-1.));
#1076 = ORIENTED_EDGE('',*,*,#1077,.F.);
#1077 = EDGE_CURVE('',#1078,#1070,#1080,.T.);
#1078 = VERTEX_POINT('',#1079);
#1079 = CARTESIAN_POINT('',(-9.9,-86.05,-15.));
#1080 = LINE('',#1081,#1082);
#1081 = CARTESIAN_POINT('',(-9.9,-87.81306240625,-15.));
#1082 = VECTOR('',#1083,1.);
#1083 = DIRECTION('',(0.,-1.,-0.));
#1084 = ORIENTED_EDGE('',*,*,#1085,.F.);
#1085 = EDGE_CURVE('',#1086,#1078,#1088,.T.);
#1086 = VERTEX_POINT('',#1087);
#1087 = CARTESIAN_POINT('',(-9.9,-86.05,-14.75));
#1088 = LINE('',#1089,#1090);
#1089 = CARTESIAN_POINT('',(-9.9,-86.05,-8.125));
#1090 = VECTOR('',#1091,1.);
#1091 = DIRECTION('',(1.224646799147E-16,0.,-1.));
#1092 = ORIENTED_EDGE('',*,*,#1093,.T.);
#1093 = EDGE_CURVE('',#1086,#1094,#1096,.T.);
#1094 = VERTEX_POINT('',#1095);
#1095 = CARTESIAN_POINT('',(-9.9,-85.95,-14.75));
#1096 = LINE('',#1097,#1098);
#1097 = CARTESIAN_POINT('',(-9.9,-70.76666666666,-14.75));
#1098 = VECTOR('',#1099,1.);
#1099 = DIRECTION('',(3.2E-16,1.,3.918869757272E-32));
#1100 = ORIENTED_EDGE('',*,*,#1101,.F.);
#1101 = EDGE_CURVE('',#456,#1094,#1102,.T.);
#1102 = LINE('',#1103,#1104);
#1103 = CARTESIAN_POINT('',(-9.9,-85.95,-8.125));
#1104 = VECTOR('',#1105,1.);
#1105 = DIRECTION('',(-1.224646799147E-16,0.,1.));
#1106 = ORIENTED_EDGE('',*,*,#453,.F.);
#1107 = PLANE('',#1108);
#1108 = AXIS2_PLACEMENT_3D('',#1109,#1110,#1111);
#1109 = CARTESIAN_POINT('',(-9.9,-86.2,-1.25));
#1110 = DIRECTION('',(1.,-3.2E-16,1.224646799147E-16));
#1111 = DIRECTION('',(-3.2E-16,-1.,-3.918869757272E-32));
#1112 = ADVANCED_FACE('',(#1113),#1132,.F.);
#1113 = FACE_BOUND('',#1114,.T.);
#1114 = EDGE_LOOP('',(#1115,#1124,#1125,#1126));
#1115 = ORIENTED_EDGE('',*,*,#1116,.T.);
#1116 = EDGE_CURVE('',#1117,#1054,#1119,.T.);
#1117 = VERTEX_POINT('',#1118);
#1118 = CARTESIAN_POINT('',(-5.25,-79.2,7.5));
#1119 = CIRCLE('',#1120,4.65);
#1120 = AXIS2_PLACEMENT_3D('',#1121,#1122,#1123);
#1121 = CARTESIAN_POINT('',(-5.25,-83.85,7.5));
#1122 = DIRECTION('',(-1.224646799147E-16,-0.,1.));
#1123 = DIRECTION('',(-1.,0.,-1.224646799147E-16));
#1124 = ORIENTED_EDGE('',*,*,#1053,.T.);
#1125 = ORIENTED_EDGE('',*,*,#713,.F.);
#1126 = ORIENTED_EDGE('',*,*,#1127,.F.);
#1127 = EDGE_CURVE('',#1117,#706,#1128,.T.);
#1128 = LINE('',#1129,#1130);
#1129 = CARTESIAN_POINT('',(-5.25,-79.2,12.5));
#1130 = VECTOR('',#1131,1.);
#1131 = DIRECTION('',(1.224646799147E-16,0.,-1.));
#1132 = CYLINDRICAL_SURFACE('',#1133,4.65);
#1133 = AXIS2_PLACEMENT_3D('',#1134,#1135,#1136);
#1134 = CARTESIAN_POINT('',(-5.25,-83.85,12.5));
#1135 = DIRECTION('',(-1.224646799147E-16,-0.,1.));
#1136 = DIRECTION('',(-1.,0.,-1.224646799147E-16));
#1137 = ADVANCED_FACE('',(#1138),#1156,.F.);
#1138 = FACE_BOUND('',#1139,.F.);
#1139 = EDGE_LOOP('',(#1140,#1141,#1149,#1155));
#1140 = ORIENTED_EDGE('',*,*,#463,.F.);
#1141 = ORIENTED_EDGE('',*,*,#1142,.F.);
#1142 = EDGE_CURVE('',#1143,#464,#1145,.T.);
#1143 = VERTEX_POINT('',#1144);
#1144 = CARTESIAN_POINT('',(-12.3,-85.95,-14.75));
#1145 = LINE('',#1146,#1147);
#1146 = CARTESIAN_POINT('',(-12.3,-85.95,-8.125));
#1147 = VECTOR('',#1148,1.);
#1148 = DIRECTION('',(1.224646799147E-16,0.,-1.));
#1149 = ORIENTED_EDGE('',*,*,#1150,.T.);
#1150 = EDGE_CURVE('',#1143,#1094,#1151,.T.);
#1151 = LINE('',#1152,#1153);
#1152 = CARTESIAN_POINT('',(-30.,-85.95,-14.75));
#1153 = VECTOR('',#1154,1.);
#1154 = DIRECTION('',(1.,0.,1.224646799147E-16));
#1155 = ORIENTED_EDGE('',*,*,#1101,.F.);
#1156 = PLANE('',#1157);
#1157 = AXIS2_PLACEMENT_3D('',#1158,#1159,#1160);
#1158 = CARTESIAN_POINT('',(-30.,-85.95,-15.));
#1159 = DIRECTION('',(0.,1.,0.));
#1160 = DIRECTION('',(1.,0.,1.224646799147E-16));
#1161 = ADVANCED_FACE('',(#1162),#1180,.T.);
#1162 = FACE_BOUND('',#1163,.T.);
#1163 = EDGE_LOOP('',(#1164,#1172,#1173,#1174));
#1164 = ORIENTED_EDGE('',*,*,#1165,.T.);
#1165 = EDGE_CURVE('',#1166,#1117,#1168,.T.);
#1166 = VERTEX_POINT('',#1167);
#1167 = CARTESIAN_POINT('',(5.25,-79.2,7.5));
#1168 = LINE('',#1169,#1170);
#1169 = CARTESIAN_POINT('',(-1.3125,-79.2,7.5));
#1170 = VECTOR('',#1171,1.);
#1171 = DIRECTION('',(-1.,-2.71E-15,-1.224646799147E-16));
#1172 = ORIENTED_EDGE('',*,*,#1127,.T.);
#1173 = ORIENTED_EDGE('',*,*,#705,.F.);
#1174 = ORIENTED_EDGE('',*,*,#1175,.F.);
#1175 = EDGE_CURVE('',#1166,#697,#1176,.T.);
#1176 = LINE('',#1177,#1178);
#1177 = CARTESIAN_POINT('',(5.25,-79.2,12.5));
#1178 = VECTOR('',#1179,1.);
#1179 = DIRECTION('',(1.224646799147E-16,0.,-1.));
#1180 = PLANE('',#1181);
#1181 = AXIS2_PLACEMENT_3D('',#1182,#1183,#1184);
#1182 = CARTESIAN_POINT('',(3.792425496803E-16,-79.2,-3.75));
#1183 = DIRECTION('',(0.,-1.,0.));
#1184 = DIRECTION('',(-1.224646799147E-16,0.,1.));
#1185 = ADVANCED_FACE('',(#1186),#1278,.T.);
#1186 = FACE_BOUND('',#1187,.T.);
#1187 = EDGE_LOOP('',(#1188,#1198,#1206,#1214,#1220,#1221,#1222,#1230,
    #1238,#1246,#1254,#1262,#1271));
#1188 = ORIENTED_EDGE('',*,*,#1189,.F.);
#1189 = EDGE_CURVE('',#1190,#1192,#1194,.T.);
#1190 = VERTEX_POINT('',#1191);
#1191 = CARTESIAN_POINT('',(-12.3,-61.,12.5));
#1192 = VERTEX_POINT('',#1193);
#1193 = CARTESIAN_POINT('',(-12.3,-67.33974596215,12.5));
#1194 = LINE('',#1195,#1196);
#1195 = CARTESIAN_POINT('',(-12.3,-61.,12.5));
#1196 = VECTOR('',#1197,1.);
#1197 = DIRECTION('',(0.,-1.,-0.));
#1198 = ORIENTED_EDGE('',*,*,#1199,.T.);
#1199 = EDGE_CURVE('',#1190,#1200,#1202,.T.);
#1200 = VERTEX_POINT('',#1201);
#1201 = CARTESIAN_POINT('',(-12.3,-61.,-2.5));
#1202 = LINE('',#1203,#1204);
#1203 = CARTESIAN_POINT('',(-12.3,-61.,12.5));
#1204 = VECTOR('',#1205,1.);
#1205 = DIRECTION('',(1.224646799147E-16,0.,-1.));
#1206 = ORIENTED_EDGE('',*,*,#1207,.T.);
#1207 = EDGE_CURVE('',#1200,#1208,#1210,.T.);
#1208 = VERTEX_POINT('',#1209);
#1209 = CARTESIAN_POINT('',(-12.3,-62.,-2.5));
#1210 = LINE('',#1211,#1212);
#1211 = CARTESIAN_POINT('',(-12.3,-70.22974266492,-2.5));
#1212 = VECTOR('',#1213,1.);
#1213 = DIRECTION('',(0.,-1.,-0.));
#1214 = ORIENTED_EDGE('',*,*,#1215,.T.);
#1215 = EDGE_CURVE('',#1208,#472,#1216,.T.);
#1216 = LINE('',#1217,#1218);
#1217 = CARTESIAN_POINT('',(-12.3,-62.,-8.125));
#1218 = VECTOR('',#1219,1.);
#1219 = DIRECTION('',(1.224646799147E-16,0.,-1.));
#1220 = ORIENTED_EDGE('',*,*,#471,.T.);
#1221 = ORIENTED_EDGE('',*,*,#1142,.F.);
#1222 = ORIENTED_EDGE('',*,*,#1223,.T.);
#1223 = EDGE_CURVE('',#1143,#1224,#1226,.T.);
#1224 = VERTEX_POINT('',#1225);
#1225 = CARTESIAN_POINT('',(-12.3,-86.05,-14.75));
#1226 = LINE('',#1227,#1228);
#1227 = CARTESIAN_POINT('',(-12.3,-70.66666666666,-14.75));
#1228 = VECTOR('',#1229,1.);
#1229 = DIRECTION('',(0.,-1.,-0.));
#1230 = ORIENTED_EDGE('',*,*,#1231,.F.);
#1231 = EDGE_CURVE('',#1232,#1224,#1234,.T.);
#1232 = VERTEX_POINT('',#1233);
#1233 = CARTESIAN_POINT('',(-12.3,-86.05,-15.));
#1234 = LINE('',#1235,#1236);
#1235 = CARTESIAN_POINT('',(-12.3,-86.05,-8.125));
#1236 = VECTOR('',#1237,1.);
#1237 = DIRECTION('',(-1.224646799147E-16,0.,1.));
#1238 = ORIENTED_EDGE('',*,*,#1239,.T.);
#1239 = EDGE_CURVE('',#1232,#1240,#1242,.T.);
#1240 = VERTEX_POINT('',#1241);
#1241 = CARTESIAN_POINT('',(-12.3,-111.,-15.));
#1242 = LINE('',#1243,#1244);
#1243 = CARTESIAN_POINT('',(-12.3,-73.,-15.));
#1244 = VECTOR('',#1245,1.);
#1245 = DIRECTION('',(0.,-1.,-0.));
#1246 = ORIENTED_EDGE('',*,*,#1247,.F.);
#1247 = EDGE_CURVE('',#1248,#1240,#1250,.T.);
#1248 = VERTEX_POINT('',#1249);
#1249 = CARTESIAN_POINT('',(-12.3,-111.,7.5));
#1250 = LINE('',#1251,#1252);
#1251 = CARTESIAN_POINT('',(-12.3,-111.,12.5));
#1252 = VECTOR('',#1253,1.);
#1253 = DIRECTION('',(1.224646799147E-16,0.,-1.));
#1254 = ORIENTED_EDGE('',*,*,#1255,.T.);
#1255 = EDGE_CURVE('',#1248,#1256,#1258,.T.);
#1256 = VERTEX_POINT('',#1257);
#1257 = CARTESIAN_POINT('',(-12.3,-76.,7.5));
#1258 = LINE('',#1259,#1260);
#1259 = CARTESIAN_POINT('',(-12.3,-81.,7.5));
#1260 = VECTOR('',#1261,1.);
#1261 = DIRECTION('',(0.,1.,0.));
#1262 = ORIENTED_EDGE('',*,*,#1263,.T.);
#1263 = EDGE_CURVE('',#1256,#1264,#1266,.T.);
#1264 = VERTEX_POINT('',#1265);
#1265 = CARTESIAN_POINT('',(-12.3,-71.66987298107,10.));
#1266 = CIRCLE('',#1267,5.);
#1267 = AXIS2_PLACEMENT_3D('',#1268,#1269,#1270);
#1268 = CARTESIAN_POINT('',(-12.3,-76.,12.5));
#1269 = DIRECTION('',(1.,-0.,1.224646799147E-16));
#1270 = DIRECTION('',(0.,1.,0.));
#1271 = ORIENTED_EDGE('',*,*,#1272,.F.);
#1272 = EDGE_CURVE('',#1192,#1264,#1273,.T.);
#1273 = CIRCLE('',#1274,5.);
#1274 = AXIS2_PLACEMENT_3D('',#1275,#1276,#1277);
#1275 = CARTESIAN_POINT('',(-12.3,-67.33974596215,7.5));
#1276 = DIRECTION('',(1.,-0.,1.224646799147E-16));
#1277 = DIRECTION('',(0.,1.,0.));
#1278 = PLANE('',#1279);
#1279 = AXIS2_PLACEMENT_3D('',#1280,#1281,#1282);
#1280 = CARTESIAN_POINT('',(-12.3,-86.,-1.25));
#1281 = DIRECTION('',(-1.,0.,-1.224646799147E-16));
#1282 = DIRECTION('',(1.224646799147E-16,0.,-1.));
#1283 = ADVANCED_FACE('',(#1284),#1303,.F.);
#1284 = FACE_BOUND('',#1285,.F.);
#1285 = EDGE_LOOP('',(#1286,#1295,#1301,#1302));
#1286 = ORIENTED_EDGE('',*,*,#1287,.T.);
#1287 = EDGE_CURVE('',#1166,#1288,#1290,.T.);
#1288 = VERTEX_POINT('',#1289);
#1289 = CARTESIAN_POINT('',(9.9,-83.85,7.5));
#1290 = CIRCLE('',#1291,4.65);
#1291 = AXIS2_PLACEMENT_3D('',#1292,#1293,#1294);
#1292 = CARTESIAN_POINT('',(5.25,-83.85,7.5));
#1293 = DIRECTION('',(1.224646799147E-16,0.,-1.));
#1294 = DIRECTION('',(1.,0.,1.224646799147E-16));
#1295 = ORIENTED_EDGE('',*,*,#1296,.T.);
#1296 = EDGE_CURVE('',#1288,#689,#1297,.T.);
#1297 = LINE('',#1298,#1299);
#1298 = CARTESIAN_POINT('',(9.9,-83.85,-14.));
#1299 = VECTOR('',#1300,1.);
#1300 = DIRECTION('',(1.224646799147E-16,0.,-1.));
#1301 = ORIENTED_EDGE('',*,*,#696,.F.);
#1302 = ORIENTED_EDGE('',*,*,#1175,.F.);
#1303 = CYLINDRICAL_SURFACE('',#1304,4.65);
#1304 = AXIS2_PLACEMENT_3D('',#1305,#1306,#1307);
#1305 = CARTESIAN_POINT('',(5.25,-83.85,12.5));
#1306 = DIRECTION('',(-1.224646799147E-16,0.,1.));
#1307 = DIRECTION('',(1.,-0.,1.224646799147E-16));
#1308 = ADVANCED_FACE('',(#1309),#1359,.F.);
#1309 = FACE_BOUND('',#1310,.F.);
#1310 = EDGE_LOOP('',(#1311,#1312,#1320,#1328,#1336,#1344,#1352,#1358));
#1311 = ORIENTED_EDGE('',*,*,#479,.F.);
#1312 = ORIENTED_EDGE('',*,*,#1313,.T.);
#1313 = EDGE_CURVE('',#480,#1314,#1316,.T.);
#1314 = VERTEX_POINT('',#1315);
#1315 = CARTESIAN_POINT('',(-57.,-62.,-2.5));
#1316 = LINE('',#1317,#1318);
#1317 = CARTESIAN_POINT('',(-57.,-62.,-15.));
#1318 = VECTOR('',#1319,1.);
#1319 = DIRECTION('',(-1.224646799147E-16,-0.,1.));
#1320 = ORIENTED_EDGE('',*,*,#1321,.T.);
#1321 = EDGE_CURVE('',#1314,#1322,#1324,.T.);
#1322 = VERTEX_POINT('',#1323);
#1323 = CARTESIAN_POINT('',(-55.2,-62.,-2.5));
#1324 = LINE('',#1325,#1326);
#1325 = CARTESIAN_POINT('',(-57.,-62.,-2.5));
#1326 = VECTOR('',#1327,1.);
#1327 = DIRECTION('',(1.,0.,1.224646799147E-16));
#1328 = ORIENTED_EDGE('',*,*,#1329,.T.);
#1329 = EDGE_CURVE('',#1322,#1330,#1332,.T.);
#1330 = VERTEX_POINT('',#1331);
#1331 = CARTESIAN_POINT('',(-55.2,-62.,-10.));
#1332 = LINE('',#1333,#1334);
#1333 = CARTESIAN_POINT('',(-55.2,-62.,-2.5));
#1334 = VECTOR('',#1335,1.);
#1335 = DIRECTION('',(1.224646799147E-16,0.,-1.));
#1336 = ORIENTED_EDGE('',*,*,#1337,.F.);
#1337 = EDGE_CURVE('',#1338,#1330,#1340,.T.);
#1338 = VERTEX_POINT('',#1339);
#1339 = CARTESIAN_POINT('',(-14.8,-62.,-10.));
#1340 = LINE('',#1341,#1342);
#1341 = CARTESIAN_POINT('',(-14.8,-62.,-10.));
#1342 = VECTOR('',#1343,1.);
#1343 = DIRECTION('',(-1.,0.,-1.224646799147E-16));
#1344 = ORIENTED_EDGE('',*,*,#1345,.F.);
#1345 = EDGE_CURVE('',#1346,#1338,#1348,.T.);
#1346 = VERTEX_POINT('',#1347);
#1347 = CARTESIAN_POINT('',(-14.8,-62.,-2.5));
#1348 = LINE('',#1349,#1350);
#1349 = CARTESIAN_POINT('',(-14.8,-62.,-2.5));
#1350 = VECTOR('',#1351,1.);
#1351 = DIRECTION('',(1.224646799147E-16,0.,-1.));
#1352 = ORIENTED_EDGE('',*,*,#1353,.T.);
#1353 = EDGE_CURVE('',#1346,#1208,#1354,.T.);
#1354 = LINE('',#1355,#1356);
#1355 = CARTESIAN_POINT('',(-57.,-62.,-2.5));
#1356 = VECTOR('',#1357,1.);
#1357 = DIRECTION('',(1.,0.,1.224646799147E-16));
#1358 = ORIENTED_EDGE('',*,*,#1215,.T.);
#1359 = PLANE('',#1360);
#1360 = AXIS2_PLACEMENT_3D('',#1361,#1362,#1363);
#1361 = CARTESIAN_POINT('',(-57.,-62.,-15.));
#1362 = DIRECTION('',(0.,1.,0.));
#1363 = DIRECTION('',(1.,0.,1.224646799147E-16));
#1364 = ADVANCED_FACE('',(#1365),#1415,.T.);
#1365 = FACE_BOUND('',#1366,.F.);
#1366 = EDGE_LOOP('',(#1367,#1368,#1376,#1384,#1392,#1400,#1408,#1414));
#1367 = ORIENTED_EDGE('',*,*,#1296,.F.);
#1368 = ORIENTED_EDGE('',*,*,#1369,.T.);
#1369 = EDGE_CURVE('',#1288,#1370,#1372,.T.);
#1370 = VERTEX_POINT('',#1371);
#1371 = CARTESIAN_POINT('',(9.9,-88.55,7.5));
#1372 = LINE('',#1373,#1374);
#1373 = CARTESIAN_POINT('',(9.9,-81.1,7.5));
#1374 = VECTOR('',#1375,1.);
#1375 = DIRECTION('',(3.2E-16,-1.,3.918869757272E-32));
#1376 = ORIENTED_EDGE('',*,*,#1377,.T.);
#1377 = EDGE_CURVE('',#1370,#1378,#1380,.T.);
#1378 = VERTEX_POINT('',#1379);
#1379 = CARTESIAN_POINT('',(9.9,-88.55,-15.));
#1380 = LINE('',#1381,#1382);
#1381 = CARTESIAN_POINT('',(9.9,-88.55,12.5));
#1382 = VECTOR('',#1383,1.);
#1383 = DIRECTION('',(1.224646799147E-16,0.,-1.));
#1384 = ORIENTED_EDGE('',*,*,#1385,.F.);
#1385 = EDGE_CURVE('',#1386,#1378,#1388,.T.);
#1386 = VERTEX_POINT('',#1387);
#1387 = CARTESIAN_POINT('',(9.9,-86.05,-15.));
#1388 = LINE('',#1389,#1390);
#1389 = CARTESIAN_POINT('',(9.9,-87.81306240625,-15.));
#1390 = VECTOR('',#1391,1.);
#1391 = DIRECTION('',(0.,-1.,0.));
#1392 = ORIENTED_EDGE('',*,*,#1393,.F.);
#1393 = EDGE_CURVE('',#1394,#1386,#1396,.T.);
#1394 = VERTEX_POINT('',#1395);
#1395 = CARTESIAN_POINT('',(9.9,-86.05,-14.75));
#1396 = LINE('',#1397,#1398);
#1397 = CARTESIAN_POINT('',(9.9,-86.05,-8.125));
#1398 = VECTOR('',#1399,1.);
#1399 = DIRECTION('',(1.224646799147E-16,0.,-1.));
#1400 = ORIENTED_EDGE('',*,*,#1401,.T.);
#1401 = EDGE_CURVE('',#1394,#1402,#1404,.T.);
#1402 = VERTEX_POINT('',#1403);
#1403 = CARTESIAN_POINT('',(9.9,-85.95,-14.75));
#1404 = LINE('',#1405,#1406);
#1405 = CARTESIAN_POINT('',(9.9,-70.76666666666,-14.75));
#1406 = VECTOR('',#1407,1.);
#1407 = DIRECTION('',(-3.2E-16,1.,-3.918869757272E-32));
#1408 = ORIENTED_EDGE('',*,*,#1409,.F.);
#1409 = EDGE_CURVE('',#681,#1402,#1410,.T.);
#1410 = LINE('',#1411,#1412);
#1411 = CARTESIAN_POINT('',(9.9,-85.95,-8.125));
#1412 = VECTOR('',#1413,1.);
#1413 = DIRECTION('',(-1.224646799147E-16,-0.,1.));
#1414 = ORIENTED_EDGE('',*,*,#688,.F.);
#1415 = PLANE('',#1416);
#1416 = AXIS2_PLACEMENT_3D('',#1417,#1418,#1419);
#1417 = CARTESIAN_POINT('',(9.9,-86.2,-1.25));
#1418 = DIRECTION('',(-1.,-3.2E-16,-1.224646799147E-16));
#1419 = DIRECTION('',(-3.2E-16,1.,-3.918869757272E-32));
#1420 = ADVANCED_FACE('',(#1421),#1440,.T.);
#1421 = FACE_BOUND('',#1422,.T.);
#1422 = EDGE_LOOP('',(#1423,#1424,#1433,#1439));
#1423 = ORIENTED_EDGE('',*,*,#1313,.T.);
#1424 = ORIENTED_EDGE('',*,*,#1425,.T.);
#1425 = EDGE_CURVE('',#1314,#1426,#1428,.T.);
#1426 = VERTEX_POINT('',#1427);
#1427 = CARTESIAN_POINT('',(-64.5,-54.5,-2.5));
#1428 = CIRCLE('',#1429,7.5);
#1429 = AXIS2_PLACEMENT_3D('',#1430,#1431,#1432);
#1430 = CARTESIAN_POINT('',(-57.,-54.5,-2.5));
#1431 = DIRECTION('',(1.224646799147E-16,0.,-1.));
#1432 = DIRECTION('',(-1.,0.,-1.224646799147E-16));
#1433 = ORIENTED_EDGE('',*,*,#1434,.F.);
#1434 = EDGE_CURVE('',#488,#1426,#1435,.T.);
#1435 = LINE('',#1436,#1437);
#1436 = CARTESIAN_POINT('',(-64.5,-54.5,-15.));
#1437 = VECTOR('',#1438,1.);
#1438 = DIRECTION('',(-1.224646799147E-16,-0.,1.));
#1439 = ORIENTED_EDGE('',*,*,#487,.F.);
#1440 = CYLINDRICAL_SURFACE('',#1441,7.5);
#1441 = AXIS2_PLACEMENT_3D('',#1442,#1443,#1444);
#1442 = CARTESIAN_POINT('',(-57.,-54.5,-15.));
#1443 = DIRECTION('',(1.224646799147E-16,0.,-1.));
#1444 = DIRECTION('',(-1.,0.,-1.224646799147E-16));
#1445 = ADVANCED_FACE('',(#1446),#1464,.F.);
#1446 = FACE_BOUND('',#1447,.T.);
#1447 = EDGE_LOOP('',(#1448,#1449,#1457,#1463));
#1448 = ORIENTED_EDGE('',*,*,#680,.F.);
#1449 = ORIENTED_EDGE('',*,*,#1450,.F.);
#1450 = EDGE_CURVE('',#1451,#673,#1453,.T.);
#1451 = VERTEX_POINT('',#1452);
#1452 = CARTESIAN_POINT('',(12.3,-85.95,-14.75));
#1453 = LINE('',#1454,#1455);
#1454 = CARTESIAN_POINT('',(12.3,-85.95,-8.125));
#1455 = VECTOR('',#1456,1.);
#1456 = DIRECTION('',(1.224646799147E-16,0.,-1.));
#1457 = ORIENTED_EDGE('',*,*,#1458,.T.);
#1458 = EDGE_CURVE('',#1451,#1402,#1459,.T.);
#1459 = LINE('',#1460,#1461);
#1460 = CARTESIAN_POINT('',(30.,-85.95,-14.75));
#1461 = VECTOR('',#1462,1.);
#1462 = DIRECTION('',(-1.,0.,-1.224646799147E-16));
#1463 = ORIENTED_EDGE('',*,*,#1409,.F.);
#1464 = PLANE('',#1465);
#1465 = AXIS2_PLACEMENT_3D('',#1466,#1467,#1468);
#1466 = CARTESIAN_POINT('',(30.,-85.95,-15.));
#1467 = DIRECTION('',(0.,1.,0.));
#1468 = DIRECTION('',(1.,-0.,1.224646799147E-16));
#1469 = ADVANCED_FACE('',(#1470),#1481,.F.);
#1470 = FACE_BOUND('',#1471,.F.);
#1471 = EDGE_LOOP('',(#1472,#1473,#1479,#1480));
#1472 = ORIENTED_EDGE('',*,*,#913,.T.);
#1473 = ORIENTED_EDGE('',*,*,#1474,.T.);
#1474 = EDGE_CURVE('',#914,#1426,#1475,.T.);
#1475 = LINE('',#1476,#1477);
#1476 = CARTESIAN_POINT('',(-64.5,-47.3,-2.5));
#1477 = VECTOR('',#1478,1.);
#1478 = DIRECTION('',(0.,-1.,-0.));
#1479 = ORIENTED_EDGE('',*,*,#1434,.F.);
#1480 = ORIENTED_EDGE('',*,*,#496,.F.);
#1481 = PLANE('',#1482);
#1482 = AXIS2_PLACEMENT_3D('',#1483,#1484,#1485);
#1483 = CARTESIAN_POINT('',(-64.5,-47.3,-15.));
#1484 = DIRECTION('',(1.,0.,1.224646799147E-16));
#1485 = DIRECTION('',(0.,-1.,-0.));
#1486 = ADVANCED_FACE('',(#1487),#1579,.T.);
#1487 = FACE_BOUND('',#1488,.F.);
#1488 = EDGE_LOOP('',(#1489,#1499,#1507,#1515,#1521,#1522,#1523,#1531,
    #1539,#1547,#1555,#1563,#1572));
#1489 = ORIENTED_EDGE('',*,*,#1490,.F.);
#1490 = EDGE_CURVE('',#1491,#1493,#1495,.T.);
#1491 = VERTEX_POINT('',#1492);
#1492 = CARTESIAN_POINT('',(12.3,-61.,12.5));
#1493 = VERTEX_POINT('',#1494);
#1494 = CARTESIAN_POINT('',(12.3,-67.33974596215,12.5));
#1495 = LINE('',#1496,#1497);
#1496 = CARTESIAN_POINT('',(12.3,-61.,12.5));
#1497 = VECTOR('',#1498,1.);
#1498 = DIRECTION('',(0.,-1.,0.));
#1499 = ORIENTED_EDGE('',*,*,#1500,.T.);
#1500 = EDGE_CURVE('',#1491,#1501,#1503,.T.);
#1501 = VERTEX_POINT('',#1502);
#1502 = CARTESIAN_POINT('',(12.3,-61.,-2.5));
#1503 = LINE('',#1504,#1505);
#1504 = CARTESIAN_POINT('',(12.3,-61.,12.5));
#1505 = VECTOR('',#1506,1.);
#1506 = DIRECTION('',(1.224646799147E-16,0.,-1.));
#1507 = ORIENTED_EDGE('',*,*,#1508,.T.);
#1508 = EDGE_CURVE('',#1501,#1509,#1511,.T.);
#1509 = VERTEX_POINT('',#1510);
#1510 = CARTESIAN_POINT('',(12.3,-62.,-2.5));
#1511 = LINE('',#1512,#1513);
#1512 = CARTESIAN_POINT('',(12.3,-70.22974266492,-2.5));
#1513 = VECTOR('',#1514,1.);
#1514 = DIRECTION('',(0.,-1.,0.));
#1515 = ORIENTED_EDGE('',*,*,#1516,.T.);
#1516 = EDGE_CURVE('',#1509,#665,#1517,.T.);
#1517 = LINE('',#1518,#1519);
#1518 = CARTESIAN_POINT('',(12.3,-62.,-8.125));
#1519 = VECTOR('',#1520,1.);
#1520 = DIRECTION('',(1.224646799147E-16,0.,-1.));
#1521 = ORIENTED_EDGE('',*,*,#672,.T.);
#1522 = ORIENTED_EDGE('',*,*,#1450,.F.);
#1523 = ORIENTED_EDGE('',*,*,#1524,.T.);
#1524 = EDGE_CURVE('',#1451,#1525,#1527,.T.);
#1525 = VERTEX_POINT('',#1526);
#1526 = CARTESIAN_POINT('',(12.3,-86.05,-14.75));
#1527 = LINE('',#1528,#1529);
#1528 = CARTESIAN_POINT('',(12.3,-70.66666666666,-14.75));
#1529 = VECTOR('',#1530,1.);
#1530 = DIRECTION('',(0.,-1.,0.));
#1531 = ORIENTED_EDGE('',*,*,#1532,.F.);
#1532 = EDGE_CURVE('',#1533,#1525,#1535,.T.);
#1533 = VERTEX_POINT('',#1534);
#1534 = CARTESIAN_POINT('',(12.3,-86.05,-15.));
#1535 = LINE('',#1536,#1537);
#1536 = CARTESIAN_POINT('',(12.3,-86.05,-8.125));
#1537 = VECTOR('',#1538,1.);
#1538 = DIRECTION('',(-1.224646799147E-16,-0.,1.));
#1539 = ORIENTED_EDGE('',*,*,#1540,.T.);
#1540 = EDGE_CURVE('',#1533,#1541,#1543,.T.);
#1541 = VERTEX_POINT('',#1542);
#1542 = CARTESIAN_POINT('',(12.3,-111.,-15.));
#1543 = LINE('',#1544,#1545);
#1544 = CARTESIAN_POINT('',(12.3,-73.,-15.));
#1545 = VECTOR('',#1546,1.);
#1546 = DIRECTION('',(0.,-1.,0.));
#1547 = ORIENTED_EDGE('',*,*,#1548,.F.);
#1548 = EDGE_CURVE('',#1549,#1541,#1551,.T.);
#1549 = VERTEX_POINT('',#1550);
#1550 = CARTESIAN_POINT('',(12.3,-111.,7.5));
#1551 = LINE('',#1552,#1553);
#1552 = CARTESIAN_POINT('',(12.3,-111.,12.5));
#1553 = VECTOR('',#1554,1.);
#1554 = DIRECTION('',(1.224646799147E-16,0.,-1.));
#1555 = ORIENTED_EDGE('',*,*,#1556,.T.);
#1556 = EDGE_CURVE('',#1549,#1557,#1559,.T.);
#1557 = VERTEX_POINT('',#1558);
#1558 = CARTESIAN_POINT('',(12.3,-76.,7.5));
#1559 = LINE('',#1560,#1561);
#1560 = CARTESIAN_POINT('',(12.3,-81.,7.5));
#1561 = VECTOR('',#1562,1.);
#1562 = DIRECTION('',(0.,1.,0.));
#1563 = ORIENTED_EDGE('',*,*,#1564,.T.);
#1564 = EDGE_CURVE('',#1557,#1565,#1567,.T.);
#1565 = VERTEX_POINT('',#1566);
#1566 = CARTESIAN_POINT('',(12.3,-71.66987298107,10.));
#1567 = CIRCLE('',#1568,5.);
#1568 = AXIS2_PLACEMENT_3D('',#1569,#1570,#1571);
#1569 = CARTESIAN_POINT('',(12.3,-76.,12.5));
#1570 = DIRECTION('',(1.,-0.,1.224646799147E-16));
#1571 = DIRECTION('',(0.,1.,0.));
#1572 = ORIENTED_EDGE('',*,*,#1573,.F.);
#1573 = EDGE_CURVE('',#1493,#1565,#1574,.T.);
#1574 = CIRCLE('',#1575,5.);
#1575 = AXIS2_PLACEMENT_3D('',#1576,#1577,#1578);
#1576 = CARTESIAN_POINT('',(12.3,-67.33974596215,7.5));
#1577 = DIRECTION('',(1.,-0.,1.224646799147E-16));
#1578 = DIRECTION('',(0.,1.,0.));
#1579 = PLANE('',#1580);
#1580 = AXIS2_PLACEMENT_3D('',#1581,#1582,#1583);
#1581 = CARTESIAN_POINT('',(12.3,-86.,-1.25));
#1582 = DIRECTION('',(1.,-0.,1.224646799147E-16));
#1583 = DIRECTION('',(-1.224646799147E-16,0.,1.));
#1584 = ADVANCED_FACE('',(#1585),#1635,.F.);
#1585 = FACE_BOUND('',#1586,.T.);
#1586 = EDGE_LOOP('',(#1587,#1588,#1596,#1604,#1612,#1620,#1628,#1634));
#1587 = ORIENTED_EDGE('',*,*,#664,.F.);
#1588 = ORIENTED_EDGE('',*,*,#1589,.T.);
#1589 = EDGE_CURVE('',#656,#1590,#1592,.T.);
#1590 = VERTEX_POINT('',#1591);
#1591 = CARTESIAN_POINT('',(57.,-62.,-2.5));
#1592 = LINE('',#1593,#1594);
#1593 = CARTESIAN_POINT('',(57.,-62.,-15.));
#1594 = VECTOR('',#1595,1.);
#1595 = DIRECTION('',(-1.224646799147E-16,0.,1.));
#1596 = ORIENTED_EDGE('',*,*,#1597,.T.);
#1597 = EDGE_CURVE('',#1590,#1598,#1600,.T.);
#1598 = VERTEX_POINT('',#1599);
#1599 = CARTESIAN_POINT('',(55.2,-62.,-2.5));
#1600 = LINE('',#1601,#1602);
#1601 = CARTESIAN_POINT('',(57.,-62.,-2.5));
#1602 = VECTOR('',#1603,1.);
#1603 = DIRECTION('',(-1.,0.,-1.224646799147E-16));
#1604 = ORIENTED_EDGE('',*,*,#1605,.T.);
#1605 = EDGE_CURVE('',#1598,#1606,#1608,.T.);
#1606 = VERTEX_POINT('',#1607);
#1607 = CARTESIAN_POINT('',(55.2,-62.,-10.));
#1608 = LINE('',#1609,#1610);
#1609 = CARTESIAN_POINT('',(55.2,-62.,-2.5));
#1610 = VECTOR('',#1611,1.);
#1611 = DIRECTION('',(1.224646799147E-16,0.,-1.));
#1612 = ORIENTED_EDGE('',*,*,#1613,.F.);
#1613 = EDGE_CURVE('',#1614,#1606,#1616,.T.);
#1614 = VERTEX_POINT('',#1615);
#1615 = CARTESIAN_POINT('',(14.8,-62.,-10.));
#1616 = LINE('',#1617,#1618);
#1617 = CARTESIAN_POINT('',(14.8,-62.,-10.));
#1618 = VECTOR('',#1619,1.);
#1619 = DIRECTION('',(1.,-0.,1.224646799147E-16));
#1620 = ORIENTED_EDGE('',*,*,#1621,.F.);
#1621 = EDGE_CURVE('',#1622,#1614,#1624,.T.);
#1622 = VERTEX_POINT('',#1623);
#1623 = CARTESIAN_POINT('',(14.8,-62.,-2.5));
#1624 = LINE('',#1625,#1626);
#1625 = CARTESIAN_POINT('',(14.8,-62.,-2.5));
#1626 = VECTOR('',#1627,1.);
#1627 = DIRECTION('',(1.224646799147E-16,0.,-1.));
#1628 = ORIENTED_EDGE('',*,*,#1629,.T.);
#1629 = EDGE_CURVE('',#1622,#1509,#1630,.T.);
#1630 = LINE('',#1631,#1632);
#1631 = CARTESIAN_POINT('',(57.,-62.,-2.5));
#1632 = VECTOR('',#1633,1.);
#1633 = DIRECTION('',(-1.,0.,-1.224646799147E-16));
#1634 = ORIENTED_EDGE('',*,*,#1516,.T.);
#1635 = PLANE('',#1636);
#1636 = AXIS2_PLACEMENT_3D('',#1637,#1638,#1639);
#1637 = CARTESIAN_POINT('',(57.,-62.,-15.));
#1638 = DIRECTION('',(0.,1.,0.));
#1639 = DIRECTION('',(1.,-0.,1.224646799147E-16));
#1640 = ADVANCED_FACE('',(#1641),#1647,.F.);
#1641 = FACE_BOUND('',#1642,.F.);
#1642 = EDGE_LOOP('',(#1643,#1644,#1645,#1646));
#1643 = ORIENTED_EDGE('',*,*,#512,.F.);
#1644 = ORIENTED_EDGE('',*,*,#829,.F.);
#1645 = ORIENTED_EDGE('',*,*,#889,.T.);
#1646 = ORIENTED_EDGE('',*,*,#906,.T.);
#1647 = PLANE('',#1648);
#1648 = AXIS2_PLACEMENT_3D('',#1649,#1650,#1651);
#1649 = CARTESIAN_POINT('',(-59.55,-56.99999999999,-15.));
#1650 = DIRECTION('',(-1.,0.,-1.224646799147E-16));
#1651 = DIRECTION('',(0.,1.,0.));
#1652 = ADVANCED_FACE('',(#1653),#1672,.T.);
#1653 = FACE_BOUND('',#1654,.F.);
#1654 = EDGE_LOOP('',(#1655,#1656,#1665,#1671));
#1655 = ORIENTED_EDGE('',*,*,#1589,.T.);
#1656 = ORIENTED_EDGE('',*,*,#1657,.T.);
#1657 = EDGE_CURVE('',#1590,#1658,#1660,.T.);
#1658 = VERTEX_POINT('',#1659);
#1659 = CARTESIAN_POINT('',(64.5,-54.5,-2.5));
#1660 = CIRCLE('',#1661,7.5);
#1661 = AXIS2_PLACEMENT_3D('',#1662,#1663,#1664);
#1662 = CARTESIAN_POINT('',(57.,-54.5,-2.5));
#1663 = DIRECTION('',(-1.224646799147E-16,0.,1.));
#1664 = DIRECTION('',(1.,-0.,1.224646799147E-16));
#1665 = ORIENTED_EDGE('',*,*,#1666,.F.);
#1666 = EDGE_CURVE('',#648,#1658,#1667,.T.);
#1667 = LINE('',#1668,#1669);
#1668 = CARTESIAN_POINT('',(64.5,-54.5,-15.));
#1669 = VECTOR('',#1670,1.);
#1670 = DIRECTION('',(-1.224646799147E-16,0.,1.));
#1671 = ORIENTED_EDGE('',*,*,#655,.F.);
#1672 = CYLINDRICAL_SURFACE('',#1673,7.5);
#1673 = AXIS2_PLACEMENT_3D('',#1674,#1675,#1676);
#1674 = CARTESIAN_POINT('',(57.,-54.5,-15.));
#1675 = DIRECTION('',(1.224646799147E-16,0.,-1.));
#1676 = DIRECTION('',(1.,0.,1.224646799147E-16));
#1677 = ADVANCED_FACE('',(#1678),#1689,.F.);
#1678 = FACE_BOUND('',#1679,.T.);
#1679 = EDGE_LOOP('',(#1680,#1681,#1687,#1688));
#1680 = ORIENTED_EDGE('',*,*,#993,.T.);
#1681 = ORIENTED_EDGE('',*,*,#1682,.T.);
#1682 = EDGE_CURVE('',#986,#1658,#1683,.T.);
#1683 = LINE('',#1684,#1685);
#1684 = CARTESIAN_POINT('',(64.5,-47.3,-2.5));
#1685 = VECTOR('',#1686,1.);
#1686 = DIRECTION('',(0.,-1.,0.));
#1687 = ORIENTED_EDGE('',*,*,#1666,.F.);
#1688 = ORIENTED_EDGE('',*,*,#647,.F.);
#1689 = PLANE('',#1690);
#1690 = AXIS2_PLACEMENT_3D('',#1691,#1692,#1693);
#1691 = CARTESIAN_POINT('',(64.5,-47.3,-15.));
#1692 = DIRECTION('',(-1.,0.,-1.224646799147E-16));
#1693 = DIRECTION('',(0.,1.,0.));
#1694 = ADVANCED_FACE('',(#1695),#1713,.F.);
#1695 = FACE_BOUND('',#1696,.T.);
#1696 = EDGE_LOOP('',(#1697,#1698,#1706,#1712));
#1697 = ORIENTED_EDGE('',*,*,#631,.F.);
#1698 = ORIENTED_EDGE('',*,*,#1699,.F.);
#1699 = EDGE_CURVE('',#1700,#623,#1702,.T.);
#1700 = VERTEX_POINT('',#1701);
#1701 = CARTESIAN_POINT('',(59.55,-53.8754000256,-14.75));
#1702 = LINE('',#1703,#1704);
#1703 = CARTESIAN_POINT('',(59.55,-53.8754000256,-15.));
#1704 = VECTOR('',#1705,1.);
#1705 = DIRECTION('',(1.224646799147E-16,0.,-1.));
#1706 = ORIENTED_EDGE('',*,*,#1707,.T.);
#1707 = EDGE_CURVE('',#1700,#1001,#1708,.T.);
#1708 = LINE('',#1709,#1710);
#1709 = CARTESIAN_POINT('',(59.55,-56.99999999999,-14.75));
#1710 = VECTOR('',#1711,1.);
#1711 = DIRECTION('',(0.,1.,0.));
#1712 = ORIENTED_EDGE('',*,*,#1000,.T.);
#1713 = PLANE('',#1714);
#1714 = AXIS2_PLACEMENT_3D('',#1715,#1716,#1717);
#1715 = CARTESIAN_POINT('',(59.55,-56.99999999999,-15.));
#1716 = DIRECTION('',(1.,-0.,1.224646799147E-16));
#1717 = DIRECTION('',(0.,-1.,0.));
#1718 = ADVANCED_FACE('',(#1719),#1782,.F.);
#1719 = FACE_BOUND('',#1720,.T.);
#1720 = EDGE_LOOP('',(#1721,#1729,#1730,#1738,#1745,#1746,#1747,#1748,
    #1757,#1766,#1775));
#1721 = ORIENTED_EDGE('',*,*,#1722,.F.);
#1722 = EDGE_CURVE('',#614,#1723,#1725,.T.);
#1723 = VERTEX_POINT('',#1724);
#1724 = CARTESIAN_POINT('',(62.625,-57.,-4.5));
#1725 = LINE('',#1726,#1727);
#1726 = CARTESIAN_POINT('',(62.625,-57.,-15.));
#1727 = VECTOR('',#1728,1.);
#1728 = DIRECTION('',(-1.224646799147E-16,0.,1.));
#1729 = ORIENTED_EDGE('',*,*,#613,.F.);
#1730 = ORIENTED_EDGE('',*,*,#1731,.F.);
#1731 = EDGE_CURVE('',#1732,#606,#1734,.T.);
#1732 = VERTEX_POINT('',#1733);
#1733 = CARTESIAN_POINT('',(59.45,-53.8754000256,-14.75));
#1734 = LINE('',#1735,#1736);
#1735 = CARTESIAN_POINT('',(59.45,-53.8754000256,-15.));
#1736 = VECTOR('',#1737,1.);
#1737 = DIRECTION('',(1.224646799147E-16,0.,-1.));
#1738 = ORIENTED_EDGE('',*,*,#1739,.F.);
#1739 = EDGE_CURVE('',#1700,#1732,#1740,.T.);
#1740 = CIRCLE('',#1741,3.125);
#1741 = AXIS2_PLACEMENT_3D('',#1742,#1743,#1744);
#1742 = CARTESIAN_POINT('',(59.5,-57.,-14.75));
#1743 = DIRECTION('',(-1.224646799147E-16,0.,1.));
#1744 = DIRECTION('',(1.,-0.,1.224646799147E-16));
#1745 = ORIENTED_EDGE('',*,*,#1699,.T.);
#1746 = ORIENTED_EDGE('',*,*,#622,.F.);
#1747 = ORIENTED_EDGE('',*,*,#1722,.T.);
#1748 = ORIENTED_EDGE('',*,*,#1749,.T.);
#1749 = EDGE_CURVE('',#1723,#1750,#1752,.T.);
#1750 = VERTEX_POINT('',#1751);
#1751 = CARTESIAN_POINT('',(59.5,-53.875,-4.5));
#1752 = CIRCLE('',#1753,3.125);
#1753 = AXIS2_PLACEMENT_3D('',#1754,#1755,#1756);
#1754 = CARTESIAN_POINT('',(59.5,-57.,-4.5));
#1755 = DIRECTION('',(-1.224646799147E-16,0.,1.));
#1756 = DIRECTION('',(1.,-0.,1.224646799147E-16));
#1757 = ORIENTED_EDGE('',*,*,#1758,.T.);
#1758 = EDGE_CURVE('',#1750,#1759,#1761,.T.);
#1759 = VERTEX_POINT('',#1760);
#1760 = CARTESIAN_POINT('',(56.793670613174,-58.5625,-4.5));
#1761 = CIRCLE('',#1762,3.125);
#1762 = AXIS2_PLACEMENT_3D('',#1763,#1764,#1765);
#1763 = CARTESIAN_POINT('',(59.5,-57.,-4.5));
#1764 = DIRECTION('',(-1.224646799147E-16,0.,1.));
#1765 = DIRECTION('',(1.,-0.,1.224646799147E-16));
#1766 = ORIENTED_EDGE('',*,*,#1767,.T.);
#1767 = EDGE_CURVE('',#1759,#1768,#1770,.T.);
#1768 = VERTEX_POINT('',#1769);
#1769 = CARTESIAN_POINT('',(62.206329386826,-58.5625,-4.5));
#1770 = CIRCLE('',#1771,3.125);
#1771 = AXIS2_PLACEMENT_3D('',#1772,#1773,#1774);
#1772 = CARTESIAN_POINT('',(59.5,-57.,-4.5));
#1773 = DIRECTION('',(-1.224646799147E-16,0.,1.));
#1774 = DIRECTION('',(1.,-0.,1.224646799147E-16));
#1775 = ORIENTED_EDGE('',*,*,#1776,.T.);
#1776 = EDGE_CURVE('',#1768,#1723,#1777,.T.);
#1777 = CIRCLE('',#1778,3.125);
#1778 = AXIS2_PLACEMENT_3D('',#1779,#1780,#1781);
#1779 = CARTESIAN_POINT('',(59.5,-57.,-4.5));
#1780 = DIRECTION('',(-1.224646799147E-16,0.,1.));
#1781 = DIRECTION('',(1.,-0.,1.224646799147E-16));
#1782 = CYLINDRICAL_SURFACE('',#1783,3.125);
#1783 = AXIS2_PLACEMENT_3D('',#1784,#1785,#1786);
#1784 = CARTESIAN_POINT('',(59.5,-57.,-15.));
#1785 = DIRECTION('',(1.224646799147E-16,0.,-1.));
#1786 = DIRECTION('',(1.,0.,1.224646799147E-16));
#1787 = ADVANCED_FACE('',(#1788),#1806,.F.);
#1788 = FACE_BOUND('',#1789,.F.);
#1789 = EDGE_LOOP('',(#1790,#1791,#1799,#1805));
#1790 = ORIENTED_EDGE('',*,*,#545,.F.);
#1791 = ORIENTED_EDGE('',*,*,#1792,.F.);
#1792 = EDGE_CURVE('',#1793,#546,#1795,.T.);
#1793 = VERTEX_POINT('',#1794);
#1794 = CARTESIAN_POINT('',(-5.E-02,-49.8754000256,-14.75));
#1795 = LINE('',#1796,#1797);
#1796 = CARTESIAN_POINT('',(-5.E-02,-49.8754000256,-15.));
#1797 = VECTOR('',#1798,1.);
#1798 = DIRECTION('',(1.224646799147E-16,0.,-1.));
#1799 = ORIENTED_EDGE('',*,*,#1800,.T.);
#1800 = EDGE_CURVE('',#1793,#1032,#1801,.T.);
#1801 = LINE('',#1802,#1803);
#1802 = CARTESIAN_POINT('',(-5.E-02,-53.,-14.75));
#1803 = VECTOR('',#1804,1.);
#1804 = DIRECTION('',(0.,1.,0.));
#1805 = ORIENTED_EDGE('',*,*,#1039,.T.);
#1806 = PLANE('',#1807);
#1807 = AXIS2_PLACEMENT_3D('',#1808,#1809,#1810);
#1808 = CARTESIAN_POINT('',(-5.E-02,-53.,-15.));
#1809 = DIRECTION('',(-1.,0.,-1.224646799147E-16));
#1810 = DIRECTION('',(0.,1.,0.));
#1811 = ADVANCED_FACE('',(#1812),#1903,.F.);
#1812 = FACE_BOUND('',#1813,.F.);
#1813 = EDGE_LOOP('',(#1814,#1823,#1824,#1825,#1832,#1841,#1850,#1859,
    #1868,#1877,#1884,#1885,#1886,#1887,#1888,#1896));
#1814 = ORIENTED_EDGE('',*,*,#1815,.F.);
#1815 = EDGE_CURVE('',#1793,#1816,#1818,.T.);
#1816 = VERTEX_POINT('',#1817);
#1817 = CARTESIAN_POINT('',(1.806354028742E-15,-49.875,-14.75));
#1818 = CIRCLE('',#1819,3.125);
#1819 = AXIS2_PLACEMENT_3D('',#1820,#1821,#1822);
#1820 = CARTESIAN_POINT('',(1.806354028742E-15,-53.,-14.75));
#1821 = DIRECTION('',(1.224646799147E-16,0.,-1.));
#1822 = DIRECTION('',(-1.,0.,-1.224646799147E-16));
#1823 = ORIENTED_EDGE('',*,*,#1792,.T.);
#1824 = ORIENTED_EDGE('',*,*,#553,.F.);
#1825 = ORIENTED_EDGE('',*,*,#1826,.F.);
#1826 = EDGE_CURVE('',#1827,#554,#1829,.T.);
#1827 = VERTEX_POINT('',#1828);
#1828 = CARTESIAN_POINT('',(-3.125,-53.,-4.5));
#1829 = B_SPLINE_CURVE_WITH_KNOTS('',1,(#1830,#1831),.UNSPECIFIED.,.F.,
  .F.,(2,2),(-10.5,0.),.PIECEWISE_BEZIER_KNOTS.);
#1830 = CARTESIAN_POINT('',(-3.125,-53.,-4.5));
#1831 = CARTESIAN_POINT('',(-3.125,-53.,-15.));
#1832 = ORIENTED_EDGE('',*,*,#1833,.T.);
#1833 = EDGE_CURVE('',#1827,#1834,#1836,.T.);
#1834 = VERTEX_POINT('',#1835);
#1835 = CARTESIAN_POINT('',(5.510910596163E-16,-49.875,-4.5));
#1836 = CIRCLE('',#1837,3.125);
#1837 = AXIS2_PLACEMENT_3D('',#1838,#1839,#1840);
#1838 = CARTESIAN_POINT('',(5.510910596163E-16,-53.,-4.5));
#1839 = DIRECTION('',(1.224646799147E-16,0.,-1.));
#1840 = DIRECTION('',(-1.,0.,-1.224646799147E-16));
#1841 = ORIENTED_EDGE('',*,*,#1842,.F.);
#1842 = EDGE_CURVE('',#1843,#1834,#1845,.T.);
#1843 = VERTEX_POINT('',#1844);
#1844 = CARTESIAN_POINT('',(3.125,-53.,-4.5));
#1845 = CIRCLE('',#1846,3.125);
#1846 = AXIS2_PLACEMENT_3D('',#1847,#1848,#1849);
#1847 = CARTESIAN_POINT('',(5.510910596163E-16,-53.,-4.5));
#1848 = DIRECTION('',(-1.224646799147E-16,0.,1.));
#1849 = DIRECTION('',(1.,-0.,1.224646799147E-16));
#1850 = ORIENTED_EDGE('',*,*,#1851,.F.);
#1851 = EDGE_CURVE('',#1852,#1843,#1854,.T.);
#1852 = VERTEX_POINT('',#1853);
#1853 = CARTESIAN_POINT('',(2.70632938683,-54.5625,-4.5));
#1854 = CIRCLE('',#1855,3.125);
#1855 = AXIS2_PLACEMENT_3D('',#1856,#1857,#1858);
#1856 = CARTESIAN_POINT('',(5.510910596163E-16,-53.,-4.5));
#1857 = DIRECTION('',(-1.224646799147E-16,0.,1.));
#1858 = DIRECTION('',(1.,-0.,1.224646799147E-16));
#1859 = ORIENTED_EDGE('',*,*,#1860,.F.);
#1860 = EDGE_CURVE('',#1861,#1852,#1863,.T.);
#1861 = VERTEX_POINT('',#1862);
#1862 = CARTESIAN_POINT('',(5.510910596163E-16,-56.125,-4.5));
#1863 = CIRCLE('',#1864,3.125);
#1864 = AXIS2_PLACEMENT_3D('',#1865,#1866,#1867);
#1865 = CARTESIAN_POINT('',(5.510910596163E-16,-53.,-4.5));
#1866 = DIRECTION('',(-1.224646799147E-16,0.,1.));
#1867 = DIRECTION('',(1.,-0.,1.224646799147E-16));
#1868 = ORIENTED_EDGE('',*,*,#1869,.T.);
#1869 = EDGE_CURVE('',#1861,#1870,#1872,.T.);
#1870 = VERTEX_POINT('',#1871);
#1871 = CARTESIAN_POINT('',(-2.70632938683,-54.5625,-4.5));
#1872 = CIRCLE('',#1873,3.125);
#1873 = AXIS2_PLACEMENT_3D('',#1874,#1875,#1876);
#1874 = CARTESIAN_POINT('',(5.510910596163E-16,-53.,-4.5));
#1875 = DIRECTION('',(1.224646799147E-16,0.,-1.));
#1876 = DIRECTION('',(-1.,0.,-1.224646799147E-16));
#1877 = ORIENTED_EDGE('',*,*,#1878,.T.);
#1878 = EDGE_CURVE('',#1870,#1827,#1879,.T.);
#1879 = CIRCLE('',#1880,3.125);
#1880 = AXIS2_PLACEMENT_3D('',#1881,#1882,#1883);
#1881 = CARTESIAN_POINT('',(5.510910596163E-16,-53.,-4.5));
#1882 = DIRECTION('',(1.224646799147E-16,0.,-1.));
#1883 = DIRECTION('',(-1.,0.,-1.224646799147E-16));
#1884 = ORIENTED_EDGE('',*,*,#1826,.T.);
#1885 = ORIENTED_EDGE('',*,*,#562,.F.);
#1886 = ORIENTED_EDGE('',*,*,#571,.T.);
#1887 = ORIENTED_EDGE('',*,*,#580,.T.);
#1888 = ORIENTED_EDGE('',*,*,#1889,.F.);
#1889 = EDGE_CURVE('',#1890,#581,#1892,.T.);
#1890 = VERTEX_POINT('',#1891);
#1891 = CARTESIAN_POINT('',(5.E-02,-49.8754000256,-14.75));
#1892 = LINE('',#1893,#1894);
#1893 = CARTESIAN_POINT('',(5.E-02,-49.8754000256,-15.));
#1894 = VECTOR('',#1895,1.);
#1895 = DIRECTION('',(1.224646799147E-16,0.,-1.));
#1896 = ORIENTED_EDGE('',*,*,#1897,.T.);
#1897 = EDGE_CURVE('',#1890,#1816,#1898,.T.);
#1898 = CIRCLE('',#1899,3.125);
#1899 = AXIS2_PLACEMENT_3D('',#1900,#1901,#1902);
#1900 = CARTESIAN_POINT('',(1.806354028742E-15,-53.,-14.75));
#1901 = DIRECTION('',(-1.224646799147E-16,0.,1.));
#1902 = DIRECTION('',(1.,-0.,1.224646799147E-16));
#1903 = CYLINDRICAL_SURFACE('',#1904,3.125);
#1904 = AXIS2_PLACEMENT_3D('',#1905,#1906,#1907);
#1905 = CARTESIAN_POINT('',(1.836970198721E-15,-53.,-15.));
#1906 = DIRECTION('',(1.224646799147E-16,0.,-1.));
#1907 = DIRECTION('',(-1.,0.,-1.224646799147E-16));
#1908 = ADVANCED_FACE('',(#1909),#1920,.F.);
#1909 = FACE_BOUND('',#1910,.T.);
#1910 = EDGE_LOOP('',(#1911,#1912,#1913,#1919));
#1911 = ORIENTED_EDGE('',*,*,#605,.F.);
#1912 = ORIENTED_EDGE('',*,*,#1016,.T.);
#1913 = ORIENTED_EDGE('',*,*,#1914,.T.);
#1914 = EDGE_CURVE('',#1009,#1732,#1915,.T.);
#1915 = LINE('',#1916,#1917);
#1916 = CARTESIAN_POINT('',(59.45,-26.99999999999,-14.75));
#1917 = VECTOR('',#1918,1.);
#1918 = DIRECTION('',(0.,-1.,0.));
#1919 = ORIENTED_EDGE('',*,*,#1731,.T.);
#1920 = PLANE('',#1921);
#1921 = AXIS2_PLACEMENT_3D('',#1922,#1923,#1924);
#1922 = CARTESIAN_POINT('',(59.45,-26.99999999999,-15.));
#1923 = DIRECTION('',(-1.,0.,-1.224646799147E-16));
#1924 = DIRECTION('',(0.,1.,0.));
#1925 = ADVANCED_FACE('',(#1926),#1937,.F.);
#1926 = FACE_BOUND('',#1927,.T.);
#1927 = EDGE_LOOP('',(#1928,#1929,#1930,#1936));
#1928 = ORIENTED_EDGE('',*,*,#589,.F.);
#1929 = ORIENTED_EDGE('',*,*,#1889,.F.);
#1930 = ORIENTED_EDGE('',*,*,#1931,.T.);
#1931 = EDGE_CURVE('',#1890,#1024,#1932,.T.);
#1932 = LINE('',#1933,#1934);
#1933 = CARTESIAN_POINT('',(5.E-02,-53.,-14.75));
#1934 = VECTOR('',#1935,1.);
#1935 = DIRECTION('',(0.,1.,0.));
#1936 = ORIENTED_EDGE('',*,*,#1023,.T.);
#1937 = PLANE('',#1938);
#1938 = AXIS2_PLACEMENT_3D('',#1939,#1940,#1941);
#1939 = CARTESIAN_POINT('',(5.E-02,-53.,-15.));
#1940 = DIRECTION('',(1.,-0.,1.224646799147E-16));
#1941 = DIRECTION('',(0.,-1.,0.));
#1942 = ADVANCED_FACE('',(#1943),#1968,.T.);
#1943 = FACE_BOUND('',#1944,.T.);
#1944 = EDGE_LOOP('',(#1945,#1953,#1961,#1967));
#1945 = ORIENTED_EDGE('',*,*,#1946,.T.);
#1946 = EDGE_CURVE('',#723,#1947,#1949,.T.);
#1947 = VERTEX_POINT('',#1948);
#1948 = CARTESIAN_POINT('',(1.579941860465,-76.,-14.5));
#1949 = LINE('',#1950,#1951);
#1950 = CARTESIAN_POINT('',(1.579941860465,-76.,-15.));
#1951 = VECTOR('',#1952,1.);
#1952 = DIRECTION('',(-1.224646799147E-16,-0.,1.));
#1953 = ORIENTED_EDGE('',*,*,#1954,.T.);
#1954 = EDGE_CURVE('',#1947,#1955,#1957,.T.);
#1955 = VERTEX_POINT('',#1956);
#1956 = CARTESIAN_POINT('',(4.,-76.,-14.5));
#1957 = LINE('',#1958,#1959);
#1958 = CARTESIAN_POINT('',(1.579941860465,-76.,-14.5));
#1959 = VECTOR('',#1960,1.);
#1960 = DIRECTION('',(1.,0.,1.224646799147E-16));
#1961 = ORIENTED_EDGE('',*,*,#1962,.F.);
#1962 = EDGE_CURVE('',#725,#1955,#1963,.T.);
#1963 = LINE('',#1964,#1965);
#1964 = CARTESIAN_POINT('',(4.,-76.,-15.));
#1965 = VECTOR('',#1966,1.);
#1966 = DIRECTION('',(-1.224646799147E-16,-0.,1.));
#1967 = ORIENTED_EDGE('',*,*,#722,.F.);
#1968 = PLANE('',#1969);
#1969 = AXIS2_PLACEMENT_3D('',#1970,#1971,#1972);
#1970 = CARTESIAN_POINT('',(1.579941860465,-76.,-15.));
#1971 = DIRECTION('',(0.,1.,0.));
#1972 = DIRECTION('',(1.,0.,1.224646799147E-16));
#1973 = ADVANCED_FACE('',(#1974),#1992,.T.);
#1974 = FACE_BOUND('',#1975,.T.);
#1975 = EDGE_LOOP('',(#1976,#1984,#1990,#1991));
#1976 = ORIENTED_EDGE('',*,*,#1977,.T.);
#1977 = EDGE_CURVE('',#789,#1978,#1980,.T.);
#1978 = VERTEX_POINT('',#1979);
#1979 = CARTESIAN_POINT('',(1.579941860465,-70.90697674418,-14.5));
#1980 = LINE('',#1981,#1982);
#1981 = CARTESIAN_POINT('',(1.579941860465,-70.90697674418,-15.));
#1982 = VECTOR('',#1983,1.);
#1983 = DIRECTION('',(-1.224646799147E-16,-0.,1.));
#1984 = ORIENTED_EDGE('',*,*,#1985,.T.);
#1985 = EDGE_CURVE('',#1978,#1947,#1986,.T.);
#1986 = LINE('',#1987,#1988);
#1987 = CARTESIAN_POINT('',(1.579941860465,-70.90697674418,-14.5));
#1988 = VECTOR('',#1989,1.);
#1989 = DIRECTION('',(0.,-1.,-0.));
#1990 = ORIENTED_EDGE('',*,*,#1946,.F.);
#1991 = ORIENTED_EDGE('',*,*,#796,.F.);
#1992 = PLANE('',#1993);
#1993 = AXIS2_PLACEMENT_3D('',#1994,#1995,#1996);
#1994 = CARTESIAN_POINT('',(1.579941860465,-70.90697674418,-15.));
#1995 = DIRECTION('',(1.,0.,1.224646799147E-16));
#1996 = DIRECTION('',(0.,-1.,-0.));
#1997 = ADVANCED_FACE('',(#1998),#2016,.T.);
#1998 = FACE_BOUND('',#1999,.T.);
#1999 = EDGE_LOOP('',(#2000,#2008,#2014,#2015));
#2000 = ORIENTED_EDGE('',*,*,#2001,.T.);
#2001 = EDGE_CURVE('',#781,#2002,#2004,.T.);
#2002 = VERTEX_POINT('',#2003);
#2003 = CARTESIAN_POINT('',(-3.423691860465,-70.90697674418,-14.5));
#2004 = LINE('',#2005,#2006);
#2005 = CARTESIAN_POINT('',(-3.423691860465,-70.90697674418,-15.));
#2006 = VECTOR('',#2007,1.);
#2007 = DIRECTION('',(-1.224646799147E-16,-0.,1.));
#2008 = ORIENTED_EDGE('',*,*,#2009,.T.);
#2009 = EDGE_CURVE('',#2002,#1978,#2010,.T.);
#2010 = LINE('',#2011,#2012);
#2011 = CARTESIAN_POINT('',(-3.423691860465,-70.90697674418,-14.5));
#2012 = VECTOR('',#2013,1.);
#2013 = DIRECTION('',(1.,0.,1.224646799147E-16));
#2014 = ORIENTED_EDGE('',*,*,#1977,.F.);
#2015 = ORIENTED_EDGE('',*,*,#788,.F.);
#2016 = PLANE('',#2017);
#2017 = AXIS2_PLACEMENT_3D('',#2018,#2019,#2020);
#2018 = CARTESIAN_POINT('',(-3.423691860465,-70.90697674418,-15.));
#2019 = DIRECTION('',(0.,1.,0.));
#2020 = DIRECTION('',(1.,0.,1.224646799147E-16));
#2021 = ADVANCED_FACE('',(#2022),#2040,.T.);
#2022 = FACE_BOUND('',#2023,.T.);
#2023 = EDGE_LOOP('',(#2024,#2032,#2038,#2039));
#2024 = ORIENTED_EDGE('',*,*,#2025,.T.);
#2025 = EDGE_CURVE('',#773,#2026,#2028,.T.);
#2026 = VERTEX_POINT('',#2027);
#2027 = CARTESIAN_POINT('',(-3.423691860465,-68.88372093023,-14.5));
#2028 = LINE('',#2029,#2030);
#2029 = CARTESIAN_POINT('',(-3.423691860465,-68.88372093023,-15.));
#2030 = VECTOR('',#2031,1.);
#2031 = DIRECTION('',(-1.224646799147E-16,-0.,1.));
#2032 = ORIENTED_EDGE('',*,*,#2033,.T.);
#2033 = EDGE_CURVE('',#2026,#2002,#2034,.T.);
#2034 = LINE('',#2035,#2036);
#2035 = CARTESIAN_POINT('',(-3.423691860465,-68.88372093023,-14.5));
#2036 = VECTOR('',#2037,1.);
#2037 = DIRECTION('',(0.,-1.,-0.));
#2038 = ORIENTED_EDGE('',*,*,#2001,.F.);
#2039 = ORIENTED_EDGE('',*,*,#780,.F.);
#2040 = PLANE('',#2041);
#2041 = AXIS2_PLACEMENT_3D('',#2042,#2043,#2044);
#2042 = CARTESIAN_POINT('',(-3.423691860465,-68.88372093023,-15.));
#2043 = DIRECTION('',(1.,0.,1.224646799147E-16));
#2044 = DIRECTION('',(0.,-1.,-0.));
#2045 = ADVANCED_FACE('',(#2046),#2064,.T.);
#2046 = FACE_BOUND('',#2047,.T.);
#2047 = EDGE_LOOP('',(#2048,#2056,#2062,#2063));
#2048 = ORIENTED_EDGE('',*,*,#2049,.T.);
#2049 = EDGE_CURVE('',#765,#2050,#2052,.T.);
#2050 = VERTEX_POINT('',#2051);
#2051 = CARTESIAN_POINT('',(1.579941860465,-68.88372093023,-14.5));
#2052 = LINE('',#2053,#2054);
#2053 = CARTESIAN_POINT('',(1.579941860465,-68.88372093023,-15.));
#2054 = VECTOR('',#2055,1.);
#2055 = DIRECTION('',(-1.224646799147E-16,-0.,1.));
#2056 = ORIENTED_EDGE('',*,*,#2057,.T.);
#2057 = EDGE_CURVE('',#2050,#2026,#2058,.T.);
#2058 = LINE('',#2059,#2060);
#2059 = CARTESIAN_POINT('',(1.579941860465,-68.88372093023,-14.5));
#2060 = VECTOR('',#2061,1.);
#2061 = DIRECTION('',(-1.,0.,-1.224646799147E-16));
#2062 = ORIENTED_EDGE('',*,*,#2025,.F.);
#2063 = ORIENTED_EDGE('',*,*,#772,.F.);
#2064 = PLANE('',#2065);
#2065 = AXIS2_PLACEMENT_3D('',#2066,#2067,#2068);
#2066 = CARTESIAN_POINT('',(1.579941860465,-68.88372093023,-15.));
#2067 = DIRECTION('',(0.,-1.,-0.));
#2068 = DIRECTION('',(-1.,0.,-1.224646799147E-16));
#2069 = ADVANCED_FACE('',(#2070),#2088,.T.);
#2070 = FACE_BOUND('',#2071,.T.);
#2071 = EDGE_LOOP('',(#2072,#2080,#2086,#2087));
#2072 = ORIENTED_EDGE('',*,*,#2073,.T.);
#2073 = EDGE_CURVE('',#757,#2074,#2076,.T.);
#2074 = VERTEX_POINT('',#2075);
#2075 = CARTESIAN_POINT('',(1.579941860465,-66.02325581395,-14.5));
#2076 = LINE('',#2077,#2078);
#2077 = CARTESIAN_POINT('',(1.579941860465,-66.02325581395,-15.));
#2078 = VECTOR('',#2079,1.);
#2079 = DIRECTION('',(-1.224646799147E-16,-0.,1.));
#2080 = ORIENTED_EDGE('',*,*,#2081,.T.);
#2081 = EDGE_CURVE('',#2074,#2050,#2082,.T.);
#2082 = LINE('',#2083,#2084);
#2083 = CARTESIAN_POINT('',(1.579941860465,-66.02325581395,-14.5));
#2084 = VECTOR('',#2085,1.);
#2085 = DIRECTION('',(0.,-1.,-0.));
#2086 = ORIENTED_EDGE('',*,*,#2049,.F.);
#2087 = ORIENTED_EDGE('',*,*,#764,.F.);
#2088 = PLANE('',#2089);
#2089 = AXIS2_PLACEMENT_3D('',#2090,#2091,#2092);
#2090 = CARTESIAN_POINT('',(1.579941860465,-66.02325581395,-15.));
#2091 = DIRECTION('',(1.,0.,1.224646799147E-16));
#2092 = DIRECTION('',(0.,-1.,-0.));
#2093 = ADVANCED_FACE('',(#2094),#2112,.T.);
#2094 = FACE_BOUND('',#2095,.T.);
#2095 = EDGE_LOOP('',(#2096,#2104,#2110,#2111));
#2096 = ORIENTED_EDGE('',*,*,#2097,.T.);
#2097 = EDGE_CURVE('',#749,#2098,#2100,.T.);
#2098 = VERTEX_POINT('',#2099);
#2099 = CARTESIAN_POINT('',(-4.216751453488,-66.02325581395,-14.5));
#2100 = LINE('',#2101,#2102);
#2101 = CARTESIAN_POINT('',(-4.216751453488,-66.02325581395,-15.));
#2102 = VECTOR('',#2103,1.);
#2103 = DIRECTION('',(-1.224646799147E-16,-0.,1.));
#2104 = ORIENTED_EDGE('',*,*,#2105,.T.);
#2105 = EDGE_CURVE('',#2098,#2074,#2106,.T.);
#2106 = LINE('',#2107,#2108);
#2107 = CARTESIAN_POINT('',(-4.216751453488,-66.02325581395,-14.5));
#2108 = VECTOR('',#2109,1.);
#2109 = DIRECTION('',(1.,0.,1.224646799147E-16));
#2110 = ORIENTED_EDGE('',*,*,#2073,.F.);
#2111 = ORIENTED_EDGE('',*,*,#756,.F.);
#2112 = PLANE('',#2113);
#2113 = AXIS2_PLACEMENT_3D('',#2114,#2115,#2116);
#2114 = CARTESIAN_POINT('',(-4.216751453488,-66.02325581395,-15.));
#2115 = DIRECTION('',(0.,1.,0.));
#2116 = DIRECTION('',(1.,0.,1.224646799147E-16));
#2117 = ADVANCED_FACE('',(#2118),#2136,.T.);
#2118 = FACE_BOUND('',#2119,.T.);
#2119 = EDGE_LOOP('',(#2120,#2128,#2134,#2135));
#2120 = ORIENTED_EDGE('',*,*,#2121,.T.);
#2121 = EDGE_CURVE('',#741,#2122,#2124,.T.);
#2122 = VERTEX_POINT('',#2123);
#2123 = CARTESIAN_POINT('',(-4.216751453488,-64.,-14.5));
#2124 = LINE('',#2125,#2126);
#2125 = CARTESIAN_POINT('',(-4.216751453488,-64.,-15.));
#2126 = VECTOR('',#2127,1.);
#2127 = DIRECTION('',(-1.224646799147E-16,-0.,1.));
#2128 = ORIENTED_EDGE('',*,*,#2129,.T.);
#2129 = EDGE_CURVE('',#2122,#2098,#2130,.T.);
#2130 = LINE('',#2131,#2132);
#2131 = CARTESIAN_POINT('',(-4.216751453488,-64.,-14.5));
#2132 = VECTOR('',#2133,1.);
#2133 = DIRECTION('',(0.,-1.,-0.));
#2134 = ORIENTED_EDGE('',*,*,#2097,.F.);
#2135 = ORIENTED_EDGE('',*,*,#748,.F.);
#2136 = PLANE('',#2137);
#2137 = AXIS2_PLACEMENT_3D('',#2138,#2139,#2140);
#2138 = CARTESIAN_POINT('',(-4.216751453488,-64.,-15.));
#2139 = DIRECTION('',(1.,0.,1.224646799147E-16));
#2140 = DIRECTION('',(0.,-1.,-0.));
#2141 = ADVANCED_FACE('',(#2142),#2160,.T.);
#2142 = FACE_BOUND('',#2143,.T.);
#2143 = EDGE_LOOP('',(#2144,#2152,#2158,#2159));
#2144 = ORIENTED_EDGE('',*,*,#2145,.T.);
#2145 = EDGE_CURVE('',#733,#2146,#2148,.T.);
#2146 = VERTEX_POINT('',#2147);
#2147 = CARTESIAN_POINT('',(4.,-64.,-14.5));
#2148 = LINE('',#2149,#2150);
#2149 = CARTESIAN_POINT('',(4.,-64.,-15.));
#2150 = VECTOR('',#2151,1.);
#2151 = DIRECTION('',(-1.224646799147E-16,-0.,1.));
#2152 = ORIENTED_EDGE('',*,*,#2153,.T.);
#2153 = EDGE_CURVE('',#2146,#2122,#2154,.T.);
#2154 = LINE('',#2155,#2156);
#2155 = CARTESIAN_POINT('',(4.,-64.,-14.5));
#2156 = VECTOR('',#2157,1.);
#2157 = DIRECTION('',(-1.,0.,-1.224646799147E-16));
#2158 = ORIENTED_EDGE('',*,*,#2121,.F.);
#2159 = ORIENTED_EDGE('',*,*,#740,.F.);
#2160 = PLANE('',#2161);
#2161 = AXIS2_PLACEMENT_3D('',#2162,#2163,#2164);
#2162 = CARTESIAN_POINT('',(4.,-64.,-15.));
#2163 = DIRECTION('',(0.,-1.,-0.));
#2164 = DIRECTION('',(-1.,0.,-1.224646799147E-16));
#2165 = ADVANCED_FACE('',(#2166),#2177,.T.);
#2166 = FACE_BOUND('',#2167,.T.);
#2167 = EDGE_LOOP('',(#2168,#2169,#2175,#2176));
#2168 = ORIENTED_EDGE('',*,*,#1962,.T.);
#2169 = ORIENTED_EDGE('',*,*,#2170,.T.);
#2170 = EDGE_CURVE('',#1955,#2146,#2171,.T.);
#2171 = LINE('',#2172,#2173);
#2172 = CARTESIAN_POINT('',(4.,-76.,-14.5));
#2173 = VECTOR('',#2174,1.);
#2174 = DIRECTION('',(0.,1.,0.));
#2175 = ORIENTED_EDGE('',*,*,#2145,.F.);
#2176 = ORIENTED_EDGE('',*,*,#732,.F.);
#2177 = PLANE('',#2178);
#2178 = AXIS2_PLACEMENT_3D('',#2179,#2180,#2181);
#2179 = CARTESIAN_POINT('',(4.,-76.,-15.));
#2180 = DIRECTION('',(-1.,0.,-1.224646799147E-16));
#2181 = DIRECTION('',(0.,1.,0.));
#2182 = ADVANCED_FACE('',(#2183),#2210,.T.);
#2183 = FACE_BOUND('',#2184,.T.);
#2184 = EDGE_LOOP('',(#2185,#2186,#2187,#2195,#2204));
#2185 = ORIENTED_EDGE('',*,*,#864,.T.);
#2186 = ORIENTED_EDGE('',*,*,#837,.T.);
#2187 = ORIENTED_EDGE('',*,*,#2188,.F.);
#2188 = EDGE_CURVE('',#2189,#838,#2191,.T.);
#2189 = VERTEX_POINT('',#2190);
#2190 = CARTESIAN_POINT('',(-60.45911718675,-55.53623969787,-4.5));
#2191 = LINE('',#2192,#2193);
#2192 = CARTESIAN_POINT('',(-62.20632938682,-58.5625,-4.5));
#2193 = VECTOR('',#2194,1.);
#2194 = DIRECTION('',(0.5,0.866025403784,6.123233995737E-17));
#2195 = ORIENTED_EDGE('',*,*,#2196,.F.);
#2196 = EDGE_CURVE('',#2197,#2189,#2199,.T.);
#2197 = VERTEX_POINT('',#2198);
#2198 = CARTESIAN_POINT('',(-61.24721220006,-56.90126030212,-4.5));
#2199 = CIRCLE('',#2200,1.75);
#2200 = AXIS2_PLACEMENT_3D('',#2201,#2202,#2203);
#2201 = CARTESIAN_POINT('',(-59.5,-56.99999999999,-4.5));
#2202 = DIRECTION('',(1.224646799147E-16,0.,-1.));
#2203 = DIRECTION('',(-1.,0.,-1.224646799147E-16));
#2204 = ORIENTED_EDGE('',*,*,#2205,.F.);
#2205 = EDGE_CURVE('',#856,#2197,#2206,.T.);
#2206 = LINE('',#2207,#2208);
#2207 = CARTESIAN_POINT('',(-62.20632938682,-58.5625,-4.5));
#2208 = VECTOR('',#2209,1.);
#2209 = DIRECTION('',(0.5,0.866025403784,6.123233995737E-17));
#2210 = PLANE('',#2211);
#2211 = AXIS2_PLACEMENT_3D('',#2212,#2213,#2214);
#2212 = CARTESIAN_POINT('',(-29.75,-55.,-4.5));
#2213 = DIRECTION('',(1.224646799147E-16,0.,-1.));
#2214 = DIRECTION('',(-1.,0.,-1.224646799147E-16));
#2215 = ADVANCED_FACE('',(#2216),#2242,.T.);
#2216 = FACE_BOUND('',#2217,.T.);
#2217 = EDGE_LOOP('',(#2218,#2219,#2227,#2236));
#2218 = ORIENTED_EDGE('',*,*,#855,.T.);
#2219 = ORIENTED_EDGE('',*,*,#2220,.F.);
#2220 = EDGE_CURVE('',#2221,#856,#2223,.T.);
#2221 = VERTEX_POINT('',#2222);
#2222 = CARTESIAN_POINT('',(-60.28809501329,-58.5625,-4.5));
#2223 = LINE('',#2224,#2225);
#2224 = CARTESIAN_POINT('',(-56.79367061317,-58.5625,-4.5));
#2225 = VECTOR('',#2226,1.);
#2226 = DIRECTION('',(-1.,0.,-1.224646799147E-16));
#2227 = ORIENTED_EDGE('',*,*,#2228,.F.);
#2228 = EDGE_CURVE('',#2229,#2221,#2231,.T.);
#2229 = VERTEX_POINT('',#2230);
#2230 = CARTESIAN_POINT('',(-58.7119049867,-58.5625,-4.5));
#2231 = CIRCLE('',#2232,1.75);
#2232 = AXIS2_PLACEMENT_3D('',#2233,#2234,#2235);
#2233 = CARTESIAN_POINT('',(-59.5,-56.99999999999,-4.5));
#2234 = DIRECTION('',(1.224646799147E-16,0.,-1.));
#2235 = DIRECTION('',(-1.,0.,-1.224646799147E-16));
#2236 = ORIENTED_EDGE('',*,*,#2237,.F.);
#2237 = EDGE_CURVE('',#847,#2229,#2238,.T.);
#2238 = LINE('',#2239,#2240);
#2239 = CARTESIAN_POINT('',(-56.79367061317,-58.5625,-4.5));
#2240 = VECTOR('',#2241,1.);
#2241 = DIRECTION('',(-1.,0.,-1.224646799147E-16));
#2242 = PLANE('',#2243);
#2243 = AXIS2_PLACEMENT_3D('',#2244,#2245,#2246);
#2244 = CARTESIAN_POINT('',(-29.75,-55.,-4.5));
#2245 = DIRECTION('',(1.224646799147E-16,0.,-1.));
#2246 = DIRECTION('',(-1.,0.,-1.224646799147E-16));
#2247 = ADVANCED_FACE('',(#2248),#2274,.T.);
#2248 = FACE_BOUND('',#2249,.T.);
#2249 = EDGE_LOOP('',(#2250,#2258,#2259,#2267));
#2250 = ORIENTED_EDGE('',*,*,#2251,.F.);
#2251 = EDGE_CURVE('',#838,#2252,#2254,.T.);
#2252 = VERTEX_POINT('',#2253);
#2253 = CARTESIAN_POINT('',(-58.54088281324,-55.53623969787,-4.5));
#2254 = LINE('',#2255,#2256);
#2255 = CARTESIAN_POINT('',(-59.5,-53.875,-4.5));
#2256 = VECTOR('',#2257,1.);
#2257 = DIRECTION('',(0.5,-0.866025403784,6.123233995737E-17));
#2258 = ORIENTED_EDGE('',*,*,#846,.T.);
#2259 = ORIENTED_EDGE('',*,*,#2260,.F.);
#2260 = EDGE_CURVE('',#2261,#847,#2263,.T.);
#2261 = VERTEX_POINT('',#2262);
#2262 = CARTESIAN_POINT('',(-57.75278779993,-56.90126030212,-4.5));
#2263 = LINE('',#2264,#2265);
#2264 = CARTESIAN_POINT('',(-59.5,-53.875,-4.5));
#2265 = VECTOR('',#2266,1.);
#2266 = DIRECTION('',(0.5,-0.866025403784,6.123233995737E-17));
#2267 = ORIENTED_EDGE('',*,*,#2268,.F.);
#2268 = EDGE_CURVE('',#2252,#2261,#2269,.T.);
#2269 = CIRCLE('',#2270,1.75);
#2270 = AXIS2_PLACEMENT_3D('',#2271,#2272,#2273);
#2271 = CARTESIAN_POINT('',(-59.5,-56.99999999999,-4.5));
#2272 = DIRECTION('',(1.224646799147E-16,0.,-1.));
#2273 = DIRECTION('',(-1.,0.,-1.224646799147E-16));
#2274 = PLANE('',#2275);
#2275 = AXIS2_PLACEMENT_3D('',#2276,#2277,#2278);
#2276 = CARTESIAN_POINT('',(-29.75,-55.,-4.5));
#2277 = DIRECTION('',(1.224646799147E-16,0.,-1.));
#2278 = DIRECTION('',(-1.,0.,-1.224646799147E-16));
#2279 = ADVANCED_FACE('',(#2280,#2332),#2343,.F.);
#2280 = FACE_BOUND('',#2281,.F.);
#2281 = EDGE_LOOP('',(#2282,#2283,#2291,#2299,#2307,#2315,#2323,#2329,
    #2330,#2331));
#2282 = ORIENTED_EDGE('',*,*,#921,.F.);
#2283 = ORIENTED_EDGE('',*,*,#2284,.F.);
#2284 = EDGE_CURVE('',#2285,#922,#2287,.T.);
#2285 = VERTEX_POINT('',#2286);
#2286 = CARTESIAN_POINT('',(-55.2,-49.3,-2.5));
#2287 = LINE('',#2288,#2289);
#2288 = CARTESIAN_POINT('',(-55.2,-49.3,-2.5));
#2289 = VECTOR('',#2290,1.);
#2290 = DIRECTION('',(0.,1.,0.));
#2291 = ORIENTED_EDGE('',*,*,#2292,.F.);
#2292 = EDGE_CURVE('',#2293,#2285,#2295,.T.);
#2293 = VERTEX_POINT('',#2294);
#2294 = CARTESIAN_POINT('',(-62.7,-49.3,-2.5));
#2295 = LINE('',#2296,#2297);
#2296 = CARTESIAN_POINT('',(-62.7,-49.3,-2.5));
#2297 = VECTOR('',#2298,1.);
#2298 = DIRECTION('',(1.,0.,1.224646799147E-16));
#2299 = ORIENTED_EDGE('',*,*,#2300,.F.);
#2300 = EDGE_CURVE('',#2301,#2293,#2303,.T.);
#2301 = VERTEX_POINT('',#2302);
#2302 = CARTESIAN_POINT('',(-62.7,-52.7,-2.5));
#2303 = LINE('',#2304,#2305);
#2304 = CARTESIAN_POINT('',(-62.7,-52.7,-2.5));
#2305 = VECTOR('',#2306,1.);
#2306 = DIRECTION('',(0.,1.,0.));
#2307 = ORIENTED_EDGE('',*,*,#2308,.F.);
#2308 = EDGE_CURVE('',#2309,#2301,#2311,.T.);
#2309 = VERTEX_POINT('',#2310);
#2310 = CARTESIAN_POINT('',(-56.7,-52.7,-2.5));
#2311 = LINE('',#2312,#2313);
#2312 = CARTESIAN_POINT('',(-56.7,-52.7,-2.5));
#2313 = VECTOR('',#2314,1.);
#2314 = DIRECTION('',(-1.,0.,-1.224646799147E-16));
#2315 = ORIENTED_EDGE('',*,*,#2316,.F.);
#2316 = EDGE_CURVE('',#2317,#2309,#2319,.T.);
#2317 = VERTEX_POINT('',#2318);
#2318 = CARTESIAN_POINT('',(-55.2,-54.,-2.5));
#2319 = LINE('',#2320,#2321);
#2320 = CARTESIAN_POINT('',(-55.2,-54.,-2.5));
#2321 = VECTOR('',#2322,1.);
#2322 = DIRECTION('',(-0.75568908279,0.654930538418,-9.254522163891E-17)
  );
#2323 = ORIENTED_EDGE('',*,*,#2324,.F.);
#2324 = EDGE_CURVE('',#1322,#2317,#2325,.T.);
#2325 = LINE('',#2326,#2327);
#2326 = CARTESIAN_POINT('',(-55.2,-62.,-2.5));
#2327 = VECTOR('',#2328,1.);
#2328 = DIRECTION('',(0.,1.,0.));
#2329 = ORIENTED_EDGE('',*,*,#1321,.F.);
#2330 = ORIENTED_EDGE('',*,*,#1425,.T.);
#2331 = ORIENTED_EDGE('',*,*,#1474,.F.);
#2332 = FACE_BOUND('',#2333,.F.);
#2333 = EDGE_LOOP('',(#2334));
#2334 = ORIENTED_EDGE('',*,*,#2335,.F.);
#2335 = EDGE_CURVE('',#2336,#2336,#2338,.T.);
#2336 = VERTEX_POINT('',#2337);
#2337 = CARTESIAN_POINT('',(-61.25,-56.99999999999,-2.5));
#2338 = CIRCLE('',#2339,1.75);
#2339 = AXIS2_PLACEMENT_3D('',#2340,#2341,#2342);
#2340 = CARTESIAN_POINT('',(-59.5,-56.99999999999,-2.5));
#2341 = DIRECTION('',(1.224646799147E-16,0.,-1.));
#2342 = DIRECTION('',(-1.,0.,-1.224646799147E-16));
#2343 = PLANE('',#2344);
#2344 = AXIS2_PLACEMENT_3D('',#2345,#2346,#2347);
#2345 = CARTESIAN_POINT('',(-31.52098192795,-54.45948532984,-2.5));
#2346 = DIRECTION('',(1.224646799147E-16,0.,-1.));
#2347 = DIRECTION('',(-1.,0.,-1.224646799147E-16));
#2348 = ADVANCED_FACE('',(#2349),#2367,.T.);
#2349 = FACE_BOUND('',#2350,.T.);
#2350 = EDGE_LOOP('',(#2351,#2359,#2365,#2366));
#2351 = ORIENTED_EDGE('',*,*,#2352,.T.);
#2352 = EDGE_CURVE('',#2285,#2353,#2355,.T.);
#2353 = VERTEX_POINT('',#2354);
#2354 = CARTESIAN_POINT('',(-55.2,-49.3,-10.));
#2355 = LINE('',#2356,#2357);
#2356 = CARTESIAN_POINT('',(-55.2,-49.3,-2.5));
#2357 = VECTOR('',#2358,1.);
#2358 = DIRECTION('',(1.224646799147E-16,0.,-1.));
#2359 = ORIENTED_EDGE('',*,*,#2360,.T.);
#2360 = EDGE_CURVE('',#2353,#930,#2361,.T.);
#2361 = LINE('',#2362,#2363);
#2362 = CARTESIAN_POINT('',(-55.2,-49.3,-10.));
#2363 = VECTOR('',#2364,1.);
#2364 = DIRECTION('',(0.,1.,0.));
#2365 = ORIENTED_EDGE('',*,*,#929,.F.);
#2366 = ORIENTED_EDGE('',*,*,#2284,.F.);
#2367 = PLANE('',#2368);
#2368 = AXIS2_PLACEMENT_3D('',#2369,#2370,#2371);
#2369 = CARTESIAN_POINT('',(-55.2,-49.3,-2.5));
#2370 = DIRECTION('',(1.,0.,1.224646799147E-16));
#2371 = DIRECTION('',(0.,1.,0.));
#2372 = ADVANCED_FACE('',(#2373,#2462,#2496),#2530,.F.);
#2373 = FACE_BOUND('',#2374,.F.);
#2374 = EDGE_LOOP('',(#2375,#2376,#2384,#2392,#2400,#2408,#2414,#2415,
    #2416,#2424,#2432,#2440,#2448,#2456));
#2375 = ORIENTED_EDGE('',*,*,#1337,.T.);
#2376 = ORIENTED_EDGE('',*,*,#2377,.T.);
#2377 = EDGE_CURVE('',#1330,#2378,#2380,.T.);
#2378 = VERTEX_POINT('',#2379);
#2379 = CARTESIAN_POINT('',(-55.2,-54.,-10.));
#2380 = LINE('',#2381,#2382);
#2381 = CARTESIAN_POINT('',(-55.2,-62.,-10.));
#2382 = VECTOR('',#2383,1.);
#2383 = DIRECTION('',(0.,1.,0.));
#2384 = ORIENTED_EDGE('',*,*,#2385,.T.);
#2385 = EDGE_CURVE('',#2378,#2386,#2388,.T.);
#2386 = VERTEX_POINT('',#2387);
#2387 = CARTESIAN_POINT('',(-56.7,-52.7,-10.));
#2388 = LINE('',#2389,#2390);
#2389 = CARTESIAN_POINT('',(-55.2,-54.,-10.));
#2390 = VECTOR('',#2391,1.);
#2391 = DIRECTION('',(-0.75568908279,0.654930538418,-9.254522163891E-17)
  );
#2392 = ORIENTED_EDGE('',*,*,#2393,.T.);
#2393 = EDGE_CURVE('',#2386,#2394,#2396,.T.);
#2394 = VERTEX_POINT('',#2395);
#2395 = CARTESIAN_POINT('',(-62.7,-52.7,-10.));
#2396 = LINE('',#2397,#2398);
#2397 = CARTESIAN_POINT('',(-56.7,-52.7,-10.));
#2398 = VECTOR('',#2399,1.);
#2399 = DIRECTION('',(-1.,0.,-1.224646799147E-16));
#2400 = ORIENTED_EDGE('',*,*,#2401,.T.);
#2401 = EDGE_CURVE('',#2394,#2402,#2404,.T.);
#2402 = VERTEX_POINT('',#2403);
#2403 = CARTESIAN_POINT('',(-62.7,-49.3,-10.));
#2404 = LINE('',#2405,#2406);
#2405 = CARTESIAN_POINT('',(-62.7,-52.7,-10.));
#2406 = VECTOR('',#2407,1.);
#2407 = DIRECTION('',(0.,1.,0.));
#2408 = ORIENTED_EDGE('',*,*,#2409,.T.);
#2409 = EDGE_CURVE('',#2402,#2353,#2410,.T.);
#2410 = LINE('',#2411,#2412);
#2411 = CARTESIAN_POINT('',(-62.7,-49.3,-10.));
#2412 = VECTOR('',#2413,1.);
#2413 = DIRECTION('',(1.,0.,1.224646799147E-16));
#2414 = ORIENTED_EDGE('',*,*,#2360,.T.);
#2415 = ORIENTED_EDGE('',*,*,#937,.T.);
#2416 = ORIENTED_EDGE('',*,*,#2417,.F.);
#2417 = EDGE_CURVE('',#2418,#938,#2420,.T.);
#2418 = VERTEX_POINT('',#2419);
#2419 = CARTESIAN_POINT('',(-14.8,-49.3,-10.));
#2420 = LINE('',#2421,#2422);
#2421 = CARTESIAN_POINT('',(-14.8,-49.3,-10.));
#2422 = VECTOR('',#2423,1.);
#2423 = DIRECTION('',(0.,1.,0.));
#2424 = ORIENTED_EDGE('',*,*,#2425,.F.);
#2425 = EDGE_CURVE('',#2426,#2418,#2428,.T.);
#2426 = VERTEX_POINT('',#2427);
#2427 = CARTESIAN_POINT('',(-7.3,-49.3,-10.));
#2428 = LINE('',#2429,#2430);
#2429 = CARTESIAN_POINT('',(-7.3,-49.3,-10.));
#2430 = VECTOR('',#2431,1.);
#2431 = DIRECTION('',(-1.,0.,-1.224646799147E-16));
#2432 = ORIENTED_EDGE('',*,*,#2433,.F.);
#2433 = EDGE_CURVE('',#2434,#2426,#2436,.T.);
#2434 = VERTEX_POINT('',#2435);
#2435 = CARTESIAN_POINT('',(-7.3,-52.7,-10.));
#2436 = LINE('',#2437,#2438);
#2437 = CARTESIAN_POINT('',(-7.3,-52.7,-10.));
#2438 = VECTOR('',#2439,1.);
#2439 = DIRECTION('',(0.,1.,0.));
#2440 = ORIENTED_EDGE('',*,*,#2441,.F.);
#2441 = EDGE_CURVE('',#2442,#2434,#2444,.T.);
#2442 = VERTEX_POINT('',#2443);
#2443 = CARTESIAN_POINT('',(-13.3,-52.7,-10.));
#2444 = LINE('',#2445,#2446);
#2445 = CARTESIAN_POINT('',(-13.3,-52.7,-10.));
#2446 = VECTOR('',#2447,1.);
#2447 = DIRECTION('',(1.,0.,1.224646799147E-16));
#2448 = ORIENTED_EDGE('',*,*,#2449,.F.);
#2449 = EDGE_CURVE('',#2450,#2442,#2452,.T.);
#2450 = VERTEX_POINT('',#2451);
#2451 = CARTESIAN_POINT('',(-14.8,-54.,-10.));
#2452 = LINE('',#2453,#2454);
#2453 = CARTESIAN_POINT('',(-14.8,-54.,-10.));
#2454 = VECTOR('',#2455,1.);
#2455 = DIRECTION('',(0.75568908279,0.654930538418,9.254522163891E-17));
#2456 = ORIENTED_EDGE('',*,*,#2457,.F.);
#2457 = EDGE_CURVE('',#1338,#2450,#2458,.T.);
#2458 = LINE('',#2459,#2460);
#2459 = CARTESIAN_POINT('',(-14.8,-62.,-10.));
#2460 = VECTOR('',#2461,1.);
#2461 = DIRECTION('',(0.,1.,0.));
#2462 = FACE_BOUND('',#2463,.F.);
#2463 = EDGE_LOOP('',(#2464,#2474,#2482,#2490));
#2464 = ORIENTED_EDGE('',*,*,#2465,.T.);
#2465 = EDGE_CURVE('',#2466,#2468,#2470,.T.);
#2466 = VERTEX_POINT('',#2467);
#2467 = CARTESIAN_POINT('',(-53.4,-60.2,-10.));
#2468 = VERTEX_POINT('',#2469);
#2469 = CARTESIAN_POINT('',(-16.6,-60.2,-10.));
#2470 = LINE('',#2471,#2472);
#2471 = CARTESIAN_POINT('',(-53.4,-60.2,-10.));
#2472 = VECTOR('',#2473,1.);
#2473 = DIRECTION('',(1.,0.,1.224646799147E-16));
#2474 = ORIENTED_EDGE('',*,*,#2475,.T.);
#2475 = EDGE_CURVE('',#2468,#2476,#2478,.T.);
#2476 = VERTEX_POINT('',#2477);
#2477 = CARTESIAN_POINT('',(-16.6,-54.,-10.));
#2478 = LINE('',#2479,#2480);
#2479 = CARTESIAN_POINT('',(-16.6,-60.2,-10.));
#2480 = VECTOR('',#2481,1.);
#2481 = DIRECTION('',(-0.,1.,0.));
#2482 = ORIENTED_EDGE('',*,*,#2483,.T.);
#2483 = EDGE_CURVE('',#2476,#2484,#2486,.T.);
#2484 = VERTEX_POINT('',#2485);
#2485 = CARTESIAN_POINT('',(-53.4,-54.,-10.));
#2486 = LINE('',#2487,#2488);
#2487 = CARTESIAN_POINT('',(-16.6,-54.,-10.));
#2488 = VECTOR('',#2489,1.);
#2489 = DIRECTION('',(-1.,0.,-1.224646799147E-16));
#2490 = ORIENTED_EDGE('',*,*,#2491,.T.);
#2491 = EDGE_CURVE('',#2484,#2466,#2492,.T.);
#2492 = LINE('',#2493,#2494);
#2493 = CARTESIAN_POINT('',(-53.4,-54.,-10.));
#2494 = VECTOR('',#2495,1.);
#2495 = DIRECTION('',(0.,-1.,0.));
#2496 = FACE_BOUND('',#2497,.F.);
#2497 = EDGE_LOOP('',(#2498,#2508,#2516,#2524));
#2498 = ORIENTED_EDGE('',*,*,#2499,.T.);
#2499 = EDGE_CURVE('',#2500,#2502,#2504,.T.);
#2500 = VERTEX_POINT('',#2501);
#2501 = CARTESIAN_POINT('',(-53.4,-52.2,-10.));
#2502 = VERTEX_POINT('',#2503);
#2503 = CARTESIAN_POINT('',(-16.6,-52.2,-10.));
#2504 = LINE('',#2505,#2506);
#2505 = CARTESIAN_POINT('',(-53.4,-52.2,-10.));
#2506 = VECTOR('',#2507,1.);
#2507 = DIRECTION('',(1.,0.,1.224646799147E-16));
#2508 = ORIENTED_EDGE('',*,*,#2509,.T.);
#2509 = EDGE_CURVE('',#2502,#2510,#2512,.T.);
#2510 = VERTEX_POINT('',#2511);
#2511 = CARTESIAN_POINT('',(-16.6,-49.1,-10.));
#2512 = LINE('',#2513,#2514);
#2513 = CARTESIAN_POINT('',(-16.6,-52.2,-10.));
#2514 = VECTOR('',#2515,1.);
#2515 = DIRECTION('',(-0.,1.,0.));
#2516 = ORIENTED_EDGE('',*,*,#2517,.T.);
#2517 = EDGE_CURVE('',#2510,#2518,#2520,.T.);
#2518 = VERTEX_POINT('',#2519);
#2519 = CARTESIAN_POINT('',(-53.4,-49.1,-10.));
#2520 = LINE('',#2521,#2522);
#2521 = CARTESIAN_POINT('',(-16.6,-49.1,-10.));
#2522 = VECTOR('',#2523,1.);
#2523 = DIRECTION('',(-1.,0.,-1.224646799147E-16));
#2524 = ORIENTED_EDGE('',*,*,#2525,.T.);
#2525 = EDGE_CURVE('',#2518,#2500,#2526,.T.);
#2526 = LINE('',#2527,#2528);
#2527 = CARTESIAN_POINT('',(-53.4,-49.1,-10.));
#2528 = VECTOR('',#2529,1.);
#2529 = DIRECTION('',(0.,-1.,0.));
#2530 = PLANE('',#2531);
#2531 = AXIS2_PLACEMENT_3D('',#2532,#2533,#2534);
#2532 = CARTESIAN_POINT('',(-35.,-53.88915032917,-10.));
#2533 = DIRECTION('',(1.224646799147E-16,0.,-1.));
#2534 = DIRECTION('',(-1.,0.,-1.224646799147E-16));
#2535 = ADVANCED_FACE('',(#2536),#2554,.F.);
#2536 = FACE_BOUND('',#2537,.F.);
#2537 = EDGE_LOOP('',(#2538,#2546,#2547,#2548));
#2538 = ORIENTED_EDGE('',*,*,#2539,.T.);
#2539 = EDGE_CURVE('',#2540,#2418,#2542,.T.);
#2540 = VERTEX_POINT('',#2541);
#2541 = CARTESIAN_POINT('',(-14.8,-49.3,-2.5));
#2542 = LINE('',#2543,#2544);
#2543 = CARTESIAN_POINT('',(-14.8,-49.3,-2.5));
#2544 = VECTOR('',#2545,1.);
#2545 = DIRECTION('',(1.224646799147E-16,0.,-1.));
#2546 = ORIENTED_EDGE('',*,*,#2417,.T.);
#2547 = ORIENTED_EDGE('',*,*,#945,.F.);
#2548 = ORIENTED_EDGE('',*,*,#2549,.F.);
#2549 = EDGE_CURVE('',#2540,#946,#2550,.T.);
#2550 = LINE('',#2551,#2552);
#2551 = CARTESIAN_POINT('',(-14.8,-49.3,-2.5));
#2552 = VECTOR('',#2553,1.);
#2553 = DIRECTION('',(0.,1.,0.));
#2554 = PLANE('',#2555);
#2555 = AXIS2_PLACEMENT_3D('',#2556,#2557,#2558);
#2556 = CARTESIAN_POINT('',(-14.8,-49.3,-2.5));
#2557 = DIRECTION('',(1.,0.,1.224646799147E-16));
#2558 = DIRECTION('',(0.,1.,0.));
#2559 = ADVANCED_FACE('',(#2560,#2734),#2772,.T.);
#2560 = FACE_BOUND('',#2561,.T.);
#2561 = EDGE_LOOP('',(#2562,#2563,#2571,#2579,#2587,#2595,#2601,#2602,
    #2603,#2611,#2620,#2628,#2636,#2645,#2654,#2662,#2670,#2679,#2685,
    #2686,#2687,#2695,#2703,#2711,#2719,#2727,#2733));
#2562 = ORIENTED_EDGE('',*,*,#2549,.F.);
#2563 = ORIENTED_EDGE('',*,*,#2564,.F.);
#2564 = EDGE_CURVE('',#2565,#2540,#2567,.T.);
#2565 = VERTEX_POINT('',#2566);
#2566 = CARTESIAN_POINT('',(-7.3,-49.3,-2.5));
#2567 = LINE('',#2568,#2569);
#2568 = CARTESIAN_POINT('',(-7.3,-49.3,-2.5));
#2569 = VECTOR('',#2570,1.);
#2570 = DIRECTION('',(-1.,0.,-1.224646799147E-16));
#2571 = ORIENTED_EDGE('',*,*,#2572,.F.);
#2572 = EDGE_CURVE('',#2573,#2565,#2575,.T.);
#2573 = VERTEX_POINT('',#2574);
#2574 = CARTESIAN_POINT('',(-7.3,-52.7,-2.5));
#2575 = LINE('',#2576,#2577);
#2576 = CARTESIAN_POINT('',(-7.3,-52.7,-2.5));
#2577 = VECTOR('',#2578,1.);
#2578 = DIRECTION('',(0.,1.,0.));
#2579 = ORIENTED_EDGE('',*,*,#2580,.F.);
#2580 = EDGE_CURVE('',#2581,#2573,#2583,.T.);
#2581 = VERTEX_POINT('',#2582);
#2582 = CARTESIAN_POINT('',(-13.3,-52.7,-2.5));
#2583 = LINE('',#2584,#2585);
#2584 = CARTESIAN_POINT('',(-13.3,-52.7,-2.5));
#2585 = VECTOR('',#2586,1.);
#2586 = DIRECTION('',(1.,0.,1.224646799147E-16));
#2587 = ORIENTED_EDGE('',*,*,#2588,.F.);
#2588 = EDGE_CURVE('',#2589,#2581,#2591,.T.);
#2589 = VERTEX_POINT('',#2590);
#2590 = CARTESIAN_POINT('',(-14.8,-54.,-2.5));
#2591 = LINE('',#2592,#2593);
#2592 = CARTESIAN_POINT('',(-14.8,-54.,-2.5));
#2593 = VECTOR('',#2594,1.);
#2594 = DIRECTION('',(0.75568908279,0.654930538418,9.254522163891E-17));
#2595 = ORIENTED_EDGE('',*,*,#2596,.F.);
#2596 = EDGE_CURVE('',#1346,#2589,#2597,.T.);
#2597 = LINE('',#2598,#2599);
#2598 = CARTESIAN_POINT('',(-14.8,-62.,-2.5));
#2599 = VECTOR('',#2600,1.);
#2600 = DIRECTION('',(0.,1.,0.));
#2601 = ORIENTED_EDGE('',*,*,#1353,.T.);
#2602 = ORIENTED_EDGE('',*,*,#1207,.F.);
#2603 = ORIENTED_EDGE('',*,*,#2604,.F.);
#2604 = EDGE_CURVE('',#2605,#1200,#2607,.T.);
#2605 = VERTEX_POINT('',#2606);
#2606 = CARTESIAN_POINT('',(-10.23847763108,-58.93847763108,-2.5));
#2607 = LINE('',#2608,#2609);
#2608 = CARTESIAN_POINT('',(-14.43935562999,-63.13935562999,-2.5));
#2609 = VECTOR('',#2610,1.);
#2610 = DIRECTION('',(-0.707106781187,-0.707106781187,
    -8.659560562355E-17));
#2611 = ORIENTED_EDGE('',*,*,#2612,.T.);
#2612 = EDGE_CURVE('',#2605,#2613,#2615,.T.);
#2613 = VERTEX_POINT('',#2614);
#2614 = CARTESIAN_POINT('',(-6.561522368915,-55.26152236891,-2.5));
#2615 = CIRCLE('',#2616,2.6);
#2616 = AXIS2_PLACEMENT_3D('',#2617,#2618,#2619);
#2617 = CARTESIAN_POINT('',(-8.4,-57.1,-2.5));
#2618 = DIRECTION('',(-1.224646799147E-16,-0.,1.));
#2619 = DIRECTION('',(-1.,0.,-1.224646799147E-16));
#2620 = ORIENTED_EDGE('',*,*,#2621,.F.);
#2621 = EDGE_CURVE('',#2622,#2613,#2624,.T.);
#2622 = VERTEX_POINT('',#2623);
#2623 = CARTESIAN_POINT('',(-4.5,-53.2,-2.5));
#2624 = LINE('',#2625,#2626);
#2625 = CARTESIAN_POINT('',(-11.57011681445,-60.27011681445,-2.5));
#2626 = VECTOR('',#2627,1.);
#2627 = DIRECTION('',(-0.707106781187,-0.707106781187,
    -8.659560562355E-17));
#2628 = ORIENTED_EDGE('',*,*,#2629,.F.);
#2629 = EDGE_CURVE('',#2630,#2622,#2632,.T.);
#2630 = VERTEX_POINT('',#2631);
#2631 = CARTESIAN_POINT('',(-4.095119045889,-53.2,-2.5));
#2632 = LINE('',#2633,#2634);
#2633 = CARTESIAN_POINT('',(-17.80805048692,-53.2,-2.5));
#2634 = VECTOR('',#2635,1.);
#2635 = DIRECTION('',(-1.,0.,-1.224646799147E-16));
#2636 = ORIENTED_EDGE('',*,*,#2637,.T.);
#2637 = EDGE_CURVE('',#2630,#2638,#2640,.T.);
#2638 = VERTEX_POINT('',#2639);
#2639 = CARTESIAN_POINT('',(3.061616997868E-16,-57.1,-2.5));
#2640 = CIRCLE('',#2641,4.1);
#2641 = AXIS2_PLACEMENT_3D('',#2642,#2643,#2644);
#2642 = CARTESIAN_POINT('',(3.061616997868E-16,-53.,-2.5));
#2643 = DIRECTION('',(-1.224646799147E-16,-0.,1.));
#2644 = DIRECTION('',(-1.,0.,-1.224646799147E-16));
#2645 = ORIENTED_EDGE('',*,*,#2646,.F.);
#2646 = EDGE_CURVE('',#2647,#2638,#2649,.T.);
#2647 = VERTEX_POINT('',#2648);
#2648 = CARTESIAN_POINT('',(4.095119045889,-53.2,-2.5));
#2649 = CIRCLE('',#2650,4.1);
#2650 = AXIS2_PLACEMENT_3D('',#2651,#2652,#2653);
#2651 = CARTESIAN_POINT('',(3.061616997868E-16,-53.,-2.5));
#2652 = DIRECTION('',(1.224646799147E-16,0.,-1.));
#2653 = DIRECTION('',(1.,0.,1.224646799147E-16));
#2654 = ORIENTED_EDGE('',*,*,#2655,.T.);
#2655 = EDGE_CURVE('',#2647,#2656,#2658,.T.);
#2656 = VERTEX_POINT('',#2657);
#2657 = CARTESIAN_POINT('',(4.5,-53.2,-2.5));
#2658 = LINE('',#2659,#2660);
#2659 = CARTESIAN_POINT('',(17.808050486922,-53.2,-2.5));
#2660 = VECTOR('',#2661,1.);
#2661 = DIRECTION('',(1.,-0.,1.224646799147E-16));
#2662 = ORIENTED_EDGE('',*,*,#2663,.T.);
#2663 = EDGE_CURVE('',#2656,#2664,#2666,.T.);
#2664 = VERTEX_POINT('',#2665);
#2665 = CARTESIAN_POINT('',(6.561522368915,-55.26152236891,-2.5));
#2666 = LINE('',#2667,#2668);
#2667 = CARTESIAN_POINT('',(11.57011681445,-60.27011681445,-2.5));
#2668 = VECTOR('',#2669,1.);
#2669 = DIRECTION('',(0.707106781187,-0.707106781187,8.659560562355E-17)
  );
#2670 = ORIENTED_EDGE('',*,*,#2671,.F.);
#2671 = EDGE_CURVE('',#2672,#2664,#2674,.T.);
#2672 = VERTEX_POINT('',#2673);
#2673 = CARTESIAN_POINT('',(10.238477631085,-58.93847763108,-2.5));
#2674 = CIRCLE('',#2675,2.6);
#2675 = AXIS2_PLACEMENT_3D('',#2676,#2677,#2678);
#2676 = CARTESIAN_POINT('',(8.4,-57.1,-2.5));
#2677 = DIRECTION('',(1.224646799147E-16,0.,-1.));
#2678 = DIRECTION('',(1.,0.,1.224646799147E-16));
#2679 = ORIENTED_EDGE('',*,*,#2680,.T.);
#2680 = EDGE_CURVE('',#2672,#1501,#2681,.T.);
#2681 = LINE('',#2682,#2683);
#2682 = CARTESIAN_POINT('',(14.439355629992,-63.13935562999,-2.5));
#2683 = VECTOR('',#2684,1.);
#2684 = DIRECTION('',(0.707106781187,-0.707106781187,8.659560562355E-17)
  );
#2685 = ORIENTED_EDGE('',*,*,#1508,.T.);
#2686 = ORIENTED_EDGE('',*,*,#1629,.F.);
#2687 = ORIENTED_EDGE('',*,*,#2688,.T.);
#2688 = EDGE_CURVE('',#1622,#2689,#2691,.T.);
#2689 = VERTEX_POINT('',#2690);
#2690 = CARTESIAN_POINT('',(14.8,-54.,-2.5));
#2691 = LINE('',#2692,#2693);
#2692 = CARTESIAN_POINT('',(14.8,-62.,-2.5));
#2693 = VECTOR('',#2694,1.);
#2694 = DIRECTION('',(0.,1.,0.));
#2695 = ORIENTED_EDGE('',*,*,#2696,.T.);
#2696 = EDGE_CURVE('',#2689,#2697,#2699,.T.);
#2697 = VERTEX_POINT('',#2698);
#2698 = CARTESIAN_POINT('',(13.3,-52.7,-2.5));
#2699 = LINE('',#2700,#2701);
#2700 = CARTESIAN_POINT('',(14.8,-54.,-2.5));
#2701 = VECTOR('',#2702,1.);
#2702 = DIRECTION('',(-0.75568908279,0.654930538418,-9.254522163891E-17)
  );
#2703 = ORIENTED_EDGE('',*,*,#2704,.T.);
#2704 = EDGE_CURVE('',#2697,#2705,#2707,.T.);
#2705 = VERTEX_POINT('',#2706);
#2706 = CARTESIAN_POINT('',(7.3,-52.7,-2.5));
#2707 = LINE('',#2708,#2709);
#2708 = CARTESIAN_POINT('',(13.3,-52.7,-2.5));
#2709 = VECTOR('',#2710,1.);
#2710 = DIRECTION('',(-1.,0.,-1.224646799147E-16));
#2711 = ORIENTED_EDGE('',*,*,#2712,.T.);
#2712 = EDGE_CURVE('',#2705,#2713,#2715,.T.);
#2713 = VERTEX_POINT('',#2714);
#2714 = CARTESIAN_POINT('',(7.3,-49.3,-2.5));
#2715 = LINE('',#2716,#2717);
#2716 = CARTESIAN_POINT('',(7.3,-52.7,-2.5));
#2717 = VECTOR('',#2718,1.);
#2718 = DIRECTION('',(0.,1.,0.));
#2719 = ORIENTED_EDGE('',*,*,#2720,.T.);
#2720 = EDGE_CURVE('',#2713,#2721,#2723,.T.);
#2721 = VERTEX_POINT('',#2722);
#2722 = CARTESIAN_POINT('',(14.8,-49.3,-2.5));
#2723 = LINE('',#2724,#2725);
#2724 = CARTESIAN_POINT('',(7.3,-49.3,-2.5));
#2725 = VECTOR('',#2726,1.);
#2726 = DIRECTION('',(1.,-0.,1.224646799147E-16));
#2727 = ORIENTED_EDGE('',*,*,#2728,.T.);
#2728 = EDGE_CURVE('',#2721,#954,#2729,.T.);
#2729 = LINE('',#2730,#2731);
#2730 = CARTESIAN_POINT('',(14.8,-49.3,-2.5));
#2731 = VECTOR('',#2732,1.);
#2732 = DIRECTION('',(0.,1.,0.));
#2733 = ORIENTED_EDGE('',*,*,#953,.F.);
#2734 = FACE_BOUND('',#2735,.T.);
#2735 = EDGE_LOOP('',(#2736,#2747,#2756,#2765));
#2736 = ORIENTED_EDGE('',*,*,#2737,.T.);
#2737 = EDGE_CURVE('',#2738,#2740,#2742,.T.);
#2738 = VERTEX_POINT('',#2739);
#2739 = CARTESIAN_POINT('',(3.061616997868E-16,-54.75,-2.5));
#2740 = VERTEX_POINT('',#2741);
#2741 = CARTESIAN_POINT('',(-1.75,-53.,-2.5));
#2742 = CIRCLE('',#2743,1.75);
#2743 = AXIS2_PLACEMENT_3D('',#2744,#2745,#2746);
#2744 = CARTESIAN_POINT('',(3.061616997868E-16,-53.,-2.5));
#2745 = DIRECTION('',(1.224646799147E-16,0.,-1.));
#2746 = DIRECTION('',(-1.,0.,-1.224646799147E-16));
#2747 = ORIENTED_EDGE('',*,*,#2748,.T.);
#2748 = EDGE_CURVE('',#2740,#2749,#2751,.T.);
#2749 = VERTEX_POINT('',#2750);
#2750 = CARTESIAN_POINT('',(3.061616997868E-16,-51.25,-2.5));
#2751 = CIRCLE('',#2752,1.75);
#2752 = AXIS2_PLACEMENT_3D('',#2753,#2754,#2755);
#2753 = CARTESIAN_POINT('',(3.061616997868E-16,-53.,-2.5));
#2754 = DIRECTION('',(1.224646799147E-16,0.,-1.));
#2755 = DIRECTION('',(-1.,0.,-1.224646799147E-16));
#2756 = ORIENTED_EDGE('',*,*,#2757,.F.);
#2757 = EDGE_CURVE('',#2758,#2749,#2760,.T.);
#2758 = VERTEX_POINT('',#2759);
#2759 = CARTESIAN_POINT('',(1.75,-53.,-2.5));
#2760 = CIRCLE('',#2761,1.75);
#2761 = AXIS2_PLACEMENT_3D('',#2762,#2763,#2764);
#2762 = CARTESIAN_POINT('',(3.061616997868E-16,-53.,-2.5));
#2763 = DIRECTION('',(-1.224646799147E-16,0.,1.));
#2764 = DIRECTION('',(1.,-0.,1.224646799147E-16));
#2765 = ORIENTED_EDGE('',*,*,#2766,.F.);
#2766 = EDGE_CURVE('',#2738,#2758,#2767,.T.);
#2767 = CIRCLE('',#2768,1.75);
#2768 = AXIS2_PLACEMENT_3D('',#2769,#2770,#2771);
#2769 = CARTESIAN_POINT('',(3.061616997868E-16,-53.,-2.5));
#2770 = DIRECTION('',(-1.224646799147E-16,0.,1.));
#2771 = DIRECTION('',(1.,-0.,1.224646799147E-16));
#2772 = PLANE('',#2773);
#2773 = AXIS2_PLACEMENT_3D('',#2774,#2775,#2776);
#2774 = CARTESIAN_POINT('',(5.161616997868E-16,-53.32768742686,-2.5));
#2775 = DIRECTION('',(-1.224646799147E-16,-0.,1.));
#2776 = DIRECTION('',(1.,0.,1.224646799147E-16));
#2777 = ADVANCED_FACE('',(#2778),#2796,.F.);
#2778 = FACE_BOUND('',#2779,.T.);
#2779 = EDGE_LOOP('',(#2780,#2788,#2794,#2795));
#2780 = ORIENTED_EDGE('',*,*,#2781,.T.);
#2781 = EDGE_CURVE('',#2721,#2782,#2784,.T.);
#2782 = VERTEX_POINT('',#2783);
#2783 = CARTESIAN_POINT('',(14.8,-49.3,-10.));
#2784 = LINE('',#2785,#2786);
#2785 = CARTESIAN_POINT('',(14.8,-49.3,-2.5));
#2786 = VECTOR('',#2787,1.);
#2787 = DIRECTION('',(1.224646799147E-16,0.,-1.));
#2788 = ORIENTED_EDGE('',*,*,#2789,.T.);
#2789 = EDGE_CURVE('',#2782,#962,#2790,.T.);
#2790 = LINE('',#2791,#2792);
#2791 = CARTESIAN_POINT('',(14.8,-49.3,-10.));
#2792 = VECTOR('',#2793,1.);
#2793 = DIRECTION('',(0.,1.,0.));
#2794 = ORIENTED_EDGE('',*,*,#961,.F.);
#2795 = ORIENTED_EDGE('',*,*,#2728,.F.);
#2796 = PLANE('',#2797);
#2797 = AXIS2_PLACEMENT_3D('',#2798,#2799,#2800);
#2798 = CARTESIAN_POINT('',(14.8,-49.3,-2.5));
#2799 = DIRECTION('',(-1.,0.,-1.224646799147E-16));
#2800 = DIRECTION('',(-0.,-1.,0.));
#2801 = ADVANCED_FACE('',(#2802,#2891,#2925),#2959,.F.);
#2802 = FACE_BOUND('',#2803,.T.);
#2803 = EDGE_LOOP('',(#2804,#2805,#2813,#2821,#2829,#2837,#2845,#2851,
    #2852,#2853,#2861,#2869,#2877,#2885));
#2804 = ORIENTED_EDGE('',*,*,#1613,.T.);
#2805 = ORIENTED_EDGE('',*,*,#2806,.T.);
#2806 = EDGE_CURVE('',#1606,#2807,#2809,.T.);
#2807 = VERTEX_POINT('',#2808);
#2808 = CARTESIAN_POINT('',(55.2,-54.,-10.));
#2809 = LINE('',#2810,#2811);
#2810 = CARTESIAN_POINT('',(55.2,-62.,-10.));
#2811 = VECTOR('',#2812,1.);
#2812 = DIRECTION('',(0.,1.,0.));
#2813 = ORIENTED_EDGE('',*,*,#2814,.T.);
#2814 = EDGE_CURVE('',#2807,#2815,#2817,.T.);
#2815 = VERTEX_POINT('',#2816);
#2816 = CARTESIAN_POINT('',(56.7,-52.7,-10.));
#2817 = LINE('',#2818,#2819);
#2818 = CARTESIAN_POINT('',(55.2,-54.,-10.));
#2819 = VECTOR('',#2820,1.);
#2820 = DIRECTION('',(0.75568908279,0.654930538418,9.254522163891E-17));
#2821 = ORIENTED_EDGE('',*,*,#2822,.T.);
#2822 = EDGE_CURVE('',#2815,#2823,#2825,.T.);
#2823 = VERTEX_POINT('',#2824);
#2824 = CARTESIAN_POINT('',(62.7,-52.7,-10.));
#2825 = LINE('',#2826,#2827);
#2826 = CARTESIAN_POINT('',(56.7,-52.7,-10.));
#2827 = VECTOR('',#2828,1.);
#2828 = DIRECTION('',(1.,-0.,1.224646799147E-16));
#2829 = ORIENTED_EDGE('',*,*,#2830,.T.);
#2830 = EDGE_CURVE('',#2823,#2831,#2833,.T.);
#2831 = VERTEX_POINT('',#2832);
#2832 = CARTESIAN_POINT('',(62.7,-49.3,-10.));
#2833 = LINE('',#2834,#2835);
#2834 = CARTESIAN_POINT('',(62.7,-52.7,-10.));
#2835 = VECTOR('',#2836,1.);
#2836 = DIRECTION('',(0.,1.,0.));
#2837 = ORIENTED_EDGE('',*,*,#2838,.T.);
#2838 = EDGE_CURVE('',#2831,#2839,#2841,.T.);
#2839 = VERTEX_POINT('',#2840);
#2840 = CARTESIAN_POINT('',(55.2,-49.3,-10.));
#2841 = LINE('',#2842,#2843);
#2842 = CARTESIAN_POINT('',(62.7,-49.3,-10.));
#2843 = VECTOR('',#2844,1.);
#2844 = DIRECTION('',(-1.,0.,-1.224646799147E-16));
#2845 = ORIENTED_EDGE('',*,*,#2846,.T.);
#2846 = EDGE_CURVE('',#2839,#970,#2847,.T.);
#2847 = LINE('',#2848,#2849);
#2848 = CARTESIAN_POINT('',(55.2,-49.3,-10.));
#2849 = VECTOR('',#2850,1.);
#2850 = DIRECTION('',(0.,1.,0.));
#2851 = ORIENTED_EDGE('',*,*,#969,.T.);
#2852 = ORIENTED_EDGE('',*,*,#2789,.F.);
#2853 = ORIENTED_EDGE('',*,*,#2854,.F.);
#2854 = EDGE_CURVE('',#2855,#2782,#2857,.T.);
#2855 = VERTEX_POINT('',#2856);
#2856 = CARTESIAN_POINT('',(7.3,-49.3,-10.));
#2857 = LINE('',#2858,#2859);
#2858 = CARTESIAN_POINT('',(7.3,-49.3,-10.));
#2859 = VECTOR('',#2860,1.);
#2860 = DIRECTION('',(1.,-0.,1.224646799147E-16));
#2861 = ORIENTED_EDGE('',*,*,#2862,.F.);
#2862 = EDGE_CURVE('',#2863,#2855,#2865,.T.);
#2863 = VERTEX_POINT('',#2864);
#2864 = CARTESIAN_POINT('',(7.3,-52.7,-10.));
#2865 = LINE('',#2866,#2867);
#2866 = CARTESIAN_POINT('',(7.3,-52.7,-10.));
#2867 = VECTOR('',#2868,1.);
#2868 = DIRECTION('',(0.,1.,0.));
#2869 = ORIENTED_EDGE('',*,*,#2870,.F.);
#2870 = EDGE_CURVE('',#2871,#2863,#2873,.T.);
#2871 = VERTEX_POINT('',#2872);
#2872 = CARTESIAN_POINT('',(13.3,-52.7,-10.));
#2873 = LINE('',#2874,#2875);
#2874 = CARTESIAN_POINT('',(13.3,-52.7,-10.));
#2875 = VECTOR('',#2876,1.);
#2876 = DIRECTION('',(-1.,0.,-1.224646799147E-16));
#2877 = ORIENTED_EDGE('',*,*,#2878,.F.);
#2878 = EDGE_CURVE('',#2879,#2871,#2881,.T.);
#2879 = VERTEX_POINT('',#2880);
#2880 = CARTESIAN_POINT('',(14.8,-54.,-10.));
#2881 = LINE('',#2882,#2883);
#2882 = CARTESIAN_POINT('',(14.8,-54.,-10.));
#2883 = VECTOR('',#2884,1.);
#2884 = DIRECTION('',(-0.75568908279,0.654930538418,-9.254522163891E-17)
  );
#2885 = ORIENTED_EDGE('',*,*,#2886,.F.);
#2886 = EDGE_CURVE('',#1614,#2879,#2887,.T.);
#2887 = LINE('',#2888,#2889);
#2888 = CARTESIAN_POINT('',(14.8,-62.,-10.));
#2889 = VECTOR('',#2890,1.);
#2890 = DIRECTION('',(0.,1.,0.));
#2891 = FACE_BOUND('',#2892,.T.);
#2892 = EDGE_LOOP('',(#2893,#2903,#2911,#2919));
#2893 = ORIENTED_EDGE('',*,*,#2894,.T.);
#2894 = EDGE_CURVE('',#2895,#2897,#2899,.T.);
#2895 = VERTEX_POINT('',#2896);
#2896 = CARTESIAN_POINT('',(53.4,-60.2,-10.));
#2897 = VERTEX_POINT('',#2898);
#2898 = CARTESIAN_POINT('',(16.6,-60.2,-10.));
#2899 = LINE('',#2900,#2901);
#2900 = CARTESIAN_POINT('',(53.4,-60.2,-10.));
#2901 = VECTOR('',#2902,1.);
#2902 = DIRECTION('',(-1.,0.,-1.224646799147E-16));
#2903 = ORIENTED_EDGE('',*,*,#2904,.T.);
#2904 = EDGE_CURVE('',#2897,#2905,#2907,.T.);
#2905 = VERTEX_POINT('',#2906);
#2906 = CARTESIAN_POINT('',(16.6,-54.,-10.));
#2907 = LINE('',#2908,#2909);
#2908 = CARTESIAN_POINT('',(16.6,-60.2,-10.));
#2909 = VECTOR('',#2910,1.);
#2910 = DIRECTION('',(0.,1.,0.));
#2911 = ORIENTED_EDGE('',*,*,#2912,.T.);
#2912 = EDGE_CURVE('',#2905,#2913,#2915,.T.);
#2913 = VERTEX_POINT('',#2914);
#2914 = CARTESIAN_POINT('',(53.4,-54.,-10.));
#2915 = LINE('',#2916,#2917);
#2916 = CARTESIAN_POINT('',(16.6,-54.,-10.));
#2917 = VECTOR('',#2918,1.);
#2918 = DIRECTION('',(1.,0.,1.224646799147E-16));
#2919 = ORIENTED_EDGE('',*,*,#2920,.T.);
#2920 = EDGE_CURVE('',#2913,#2895,#2921,.T.);
#2921 = LINE('',#2922,#2923);
#2922 = CARTESIAN_POINT('',(53.4,-54.,-10.));
#2923 = VECTOR('',#2924,1.);
#2924 = DIRECTION('',(0.,-1.,0.));
#2925 = FACE_BOUND('',#2926,.T.);
#2926 = EDGE_LOOP('',(#2927,#2937,#2945,#2953));
#2927 = ORIENTED_EDGE('',*,*,#2928,.T.);
#2928 = EDGE_CURVE('',#2929,#2931,#2933,.T.);
#2929 = VERTEX_POINT('',#2930);
#2930 = CARTESIAN_POINT('',(53.4,-52.2,-10.));
#2931 = VERTEX_POINT('',#2932);
#2932 = CARTESIAN_POINT('',(16.6,-52.2,-10.));
#2933 = LINE('',#2934,#2935);
#2934 = CARTESIAN_POINT('',(53.4,-52.2,-10.));
#2935 = VECTOR('',#2936,1.);
#2936 = DIRECTION('',(-1.,0.,-1.224646799147E-16));
#2937 = ORIENTED_EDGE('',*,*,#2938,.T.);
#2938 = EDGE_CURVE('',#2931,#2939,#2941,.T.);
#2939 = VERTEX_POINT('',#2940);
#2940 = CARTESIAN_POINT('',(16.6,-49.1,-10.));
#2941 = LINE('',#2942,#2943);
#2942 = CARTESIAN_POINT('',(16.6,-52.2,-10.));
#2943 = VECTOR('',#2944,1.);
#2944 = DIRECTION('',(0.,1.,0.));
#2945 = ORIENTED_EDGE('',*,*,#2946,.T.);
#2946 = EDGE_CURVE('',#2939,#2947,#2949,.T.);
#2947 = VERTEX_POINT('',#2948);
#2948 = CARTESIAN_POINT('',(53.4,-49.1,-10.));
#2949 = LINE('',#2950,#2951);
#2950 = CARTESIAN_POINT('',(16.6,-49.1,-10.));
#2951 = VECTOR('',#2952,1.);
#2952 = DIRECTION('',(1.,0.,1.224646799147E-16));
#2953 = ORIENTED_EDGE('',*,*,#2954,.T.);
#2954 = EDGE_CURVE('',#2947,#2929,#2955,.T.);
#2955 = LINE('',#2956,#2957);
#2956 = CARTESIAN_POINT('',(53.4,-49.1,-10.));
#2957 = VECTOR('',#2958,1.);
#2958 = DIRECTION('',(0.,-1.,0.));
#2959 = PLANE('',#2960);
#2960 = AXIS2_PLACEMENT_3D('',#2961,#2962,#2963);
#2961 = CARTESIAN_POINT('',(35.,-53.88915032917,-10.));
#2962 = DIRECTION('',(1.224646799147E-16,0.,-1.));
#2963 = DIRECTION('',(-1.,0.,-1.224646799147E-16));
#2964 = ADVANCED_FACE('',(#2965),#2983,.T.);
#2965 = FACE_BOUND('',#2966,.F.);
#2966 = EDGE_LOOP('',(#2967,#2975,#2976,#2977));
#2967 = ORIENTED_EDGE('',*,*,#2968,.T.);
#2968 = EDGE_CURVE('',#2969,#2839,#2971,.T.);
#2969 = VERTEX_POINT('',#2970);
#2970 = CARTESIAN_POINT('',(55.2,-49.3,-2.5));
#2971 = LINE('',#2972,#2973);
#2972 = CARTESIAN_POINT('',(55.2,-49.3,-2.5));
#2973 = VECTOR('',#2974,1.);
#2974 = DIRECTION('',(1.224646799147E-16,0.,-1.));
#2975 = ORIENTED_EDGE('',*,*,#2846,.T.);
#2976 = ORIENTED_EDGE('',*,*,#977,.F.);
#2977 = ORIENTED_EDGE('',*,*,#2978,.F.);
#2978 = EDGE_CURVE('',#2969,#978,#2979,.T.);
#2979 = LINE('',#2980,#2981);
#2980 = CARTESIAN_POINT('',(55.2,-49.3,-2.5));
#2981 = VECTOR('',#2982,1.);
#2982 = DIRECTION('',(0.,1.,0.));
#2983 = PLANE('',#2984);
#2984 = AXIS2_PLACEMENT_3D('',#2985,#2986,#2987);
#2985 = CARTESIAN_POINT('',(55.2,-49.3,-2.5));
#2986 = DIRECTION('',(-1.,0.,-1.224646799147E-16));
#2987 = DIRECTION('',(-0.,-1.,0.));
#2988 = ADVANCED_FACE('',(#2989,#3034),#3045,.F.);
#2989 = FACE_BOUND('',#2990,.T.);
#2990 = EDGE_LOOP('',(#2991,#2992,#2993,#3001,#3009,#3017,#3025,#3031,
    #3032,#3033));
#2991 = ORIENTED_EDGE('',*,*,#985,.F.);
#2992 = ORIENTED_EDGE('',*,*,#2978,.F.);
#2993 = ORIENTED_EDGE('',*,*,#2994,.F.);
#2994 = EDGE_CURVE('',#2995,#2969,#2997,.T.);
#2995 = VERTEX_POINT('',#2996);
#2996 = CARTESIAN_POINT('',(62.7,-49.3,-2.5));
#2997 = LINE('',#2998,#2999);
#2998 = CARTESIAN_POINT('',(62.7,-49.3,-2.5));
#2999 = VECTOR('',#3000,1.);
#3000 = DIRECTION('',(-1.,0.,-1.224646799147E-16));
#3001 = ORIENTED_EDGE('',*,*,#3002,.F.);
#3002 = EDGE_CURVE('',#3003,#2995,#3005,.T.);
#3003 = VERTEX_POINT('',#3004);
#3004 = CARTESIAN_POINT('',(62.7,-52.7,-2.5));
#3005 = LINE('',#3006,#3007);
#3006 = CARTESIAN_POINT('',(62.7,-52.7,-2.5));
#3007 = VECTOR('',#3008,1.);
#3008 = DIRECTION('',(0.,1.,0.));
#3009 = ORIENTED_EDGE('',*,*,#3010,.F.);
#3010 = EDGE_CURVE('',#3011,#3003,#3013,.T.);
#3011 = VERTEX_POINT('',#3012);
#3012 = CARTESIAN_POINT('',(56.7,-52.7,-2.5));
#3013 = LINE('',#3014,#3015);
#3014 = CARTESIAN_POINT('',(56.7,-52.7,-2.5));
#3015 = VECTOR('',#3016,1.);
#3016 = DIRECTION('',(1.,-0.,1.224646799147E-16));
#3017 = ORIENTED_EDGE('',*,*,#3018,.F.);
#3018 = EDGE_CURVE('',#3019,#3011,#3021,.T.);
#3019 = VERTEX_POINT('',#3020);
#3020 = CARTESIAN_POINT('',(55.2,-54.,-2.5));
#3021 = LINE('',#3022,#3023);
#3022 = CARTESIAN_POINT('',(55.2,-54.,-2.5));
#3023 = VECTOR('',#3024,1.);
#3024 = DIRECTION('',(0.75568908279,0.654930538418,9.254522163891E-17));
#3025 = ORIENTED_EDGE('',*,*,#3026,.F.);
#3026 = EDGE_CURVE('',#1598,#3019,#3027,.T.);
#3027 = LINE('',#3028,#3029);
#3028 = CARTESIAN_POINT('',(55.2,-62.,-2.5));
#3029 = VECTOR('',#3030,1.);
#3030 = DIRECTION('',(0.,1.,0.));
#3031 = ORIENTED_EDGE('',*,*,#1597,.F.);
#3032 = ORIENTED_EDGE('',*,*,#1657,.T.);
#3033 = ORIENTED_EDGE('',*,*,#1682,.F.);
#3034 = FACE_BOUND('',#3035,.T.);
#3035 = EDGE_LOOP('',(#3036));
#3036 = ORIENTED_EDGE('',*,*,#3037,.F.);
#3037 = EDGE_CURVE('',#3038,#3038,#3040,.T.);
#3038 = VERTEX_POINT('',#3039);
#3039 = CARTESIAN_POINT('',(61.25,-56.99999999999,-2.5));
#3040 = CIRCLE('',#3041,1.75);
#3041 = AXIS2_PLACEMENT_3D('',#3042,#3043,#3044);
#3042 = CARTESIAN_POINT('',(59.5,-56.99999999999,-2.5));
#3043 = DIRECTION('',(-1.224646799147E-16,0.,1.));
#3044 = DIRECTION('',(1.,-0.,1.224646799147E-16));
#3045 = PLANE('',#3046);
#3046 = AXIS2_PLACEMENT_3D('',#3047,#3048,#3049);
#3047 = CARTESIAN_POINT('',(31.520981927955,-54.45948532984,-2.5));
#3048 = DIRECTION('',(1.224646799147E-16,0.,-1.));
#3049 = DIRECTION('',(-1.,0.,-1.224646799147E-16));
#3050 = ADVANCED_FACE('',(#3051),#3057,.T.);
#3051 = FACE_BOUND('',#3052,.F.);
#3052 = EDGE_LOOP('',(#3053,#3054,#3055,#3056));
#3053 = ORIENTED_EDGE('',*,*,#1008,.T.);
#3054 = ORIENTED_EDGE('',*,*,#1914,.T.);
#3055 = ORIENTED_EDGE('',*,*,#1739,.F.);
#3056 = ORIENTED_EDGE('',*,*,#1707,.T.);
#3057 = PLANE('',#3058);
#3058 = AXIS2_PLACEMENT_3D('',#3059,#3060,#3061);
#3059 = CARTESIAN_POINT('',(24.833333333333,-55.33333333333,-14.75));
#3060 = DIRECTION('',(1.224646799147E-16,0.,-1.));
#3061 = DIRECTION('',(-1.,0.,-1.224646799147E-16));
#3062 = ADVANCED_FACE('',(#3063),#3070,.T.);
#3063 = FACE_BOUND('',#3064,.T.);
#3064 = EDGE_LOOP('',(#3065,#3066,#3067,#3068,#3069));
#3065 = ORIENTED_EDGE('',*,*,#1800,.T.);
#3066 = ORIENTED_EDGE('',*,*,#1031,.T.);
#3067 = ORIENTED_EDGE('',*,*,#1931,.F.);
#3068 = ORIENTED_EDGE('',*,*,#1897,.T.);
#3069 = ORIENTED_EDGE('',*,*,#1815,.F.);
#3070 = PLANE('',#3071);
#3071 = AXIS2_PLACEMENT_3D('',#3072,#3073,#3074);
#3072 = CARTESIAN_POINT('',(1.806354028742E-15,-48.58769616545,-14.75));
#3073 = DIRECTION('',(1.224646799147E-16,0.,-1.));
#3074 = DIRECTION('',(-1.,0.,-1.224646799147E-16));
#3075 = ADVANCED_FACE('',(#3076),#3087,.T.);
#3076 = FACE_BOUND('',#3077,.T.);
#3077 = EDGE_LOOP('',(#3078,#3079,#3080,#3086));
#3078 = ORIENTED_EDGE('',*,*,#1150,.T.);
#3079 = ORIENTED_EDGE('',*,*,#1093,.F.);
#3080 = ORIENTED_EDGE('',*,*,#3081,.T.);
#3081 = EDGE_CURVE('',#1086,#1224,#3082,.T.);
#3082 = LINE('',#3083,#3084);
#3083 = CARTESIAN_POINT('',(-1.083236459713E-13,-86.05,-14.75));
#3084 = VECTOR('',#3085,1.);
#3085 = DIRECTION('',(-1.,0.,-1.224646799147E-16));
#3086 = ORIENTED_EDGE('',*,*,#1223,.F.);
#3087 = PLANE('',#3088);
#3088 = AXIS2_PLACEMENT_3D('',#3089,#3090,#3091);
#3089 = CARTESIAN_POINT('',(-24.83333333333,-55.33333333333,-14.75));
#3090 = DIRECTION('',(1.224646799147E-16,0.,-1.));
#3091 = DIRECTION('',(-1.,0.,-1.224646799147E-16));
#3092 = ADVANCED_FACE('',(#3093),#3104,.F.);
#3093 = FACE_BOUND('',#3094,.F.);
#3094 = EDGE_LOOP('',(#3095,#3101,#3102,#3103));
#3095 = ORIENTED_EDGE('',*,*,#3096,.F.);
#3096 = EDGE_CURVE('',#1078,#1232,#3097,.T.);
#3097 = LINE('',#3098,#3099);
#3098 = CARTESIAN_POINT('',(-1.082930298013E-13,-86.05,-15.));
#3099 = VECTOR('',#3100,1.);
#3100 = DIRECTION('',(-1.,0.,-1.224646799147E-16));
#3101 = ORIENTED_EDGE('',*,*,#1085,.F.);
#3102 = ORIENTED_EDGE('',*,*,#3081,.T.);
#3103 = ORIENTED_EDGE('',*,*,#1231,.F.);
#3104 = PLANE('',#3105);
#3105 = AXIS2_PLACEMENT_3D('',#3106,#3107,#3108);
#3106 = CARTESIAN_POINT('',(-1.082930298013E-13,-86.05,-15.));
#3107 = DIRECTION('',(0.,-1.,-0.));
#3108 = DIRECTION('',(-1.,0.,-1.224646799147E-16));
#3109 = ADVANCED_FACE('',(#3110,#3203,#3214,#3225,#3236),#3247,.T.);
#3110 = FACE_BOUND('',#3111,.T.);
#3111 = EDGE_LOOP('',(#3112,#3122,#3130,#3138,#3145,#3146,#3147,#3148,
    #3157,#3165,#3172,#3173,#3179,#3180,#3189,#3197));
#3112 = ORIENTED_EDGE('',*,*,#3113,.T.);
#3113 = EDGE_CURVE('',#3114,#3116,#3118,.T.);
#3114 = VERTEX_POINT('',#3115);
#3115 = CARTESIAN_POINT('',(47.499999999995,-139.,-15.));
#3116 = VERTEX_POINT('',#3117);
#3117 = CARTESIAN_POINT('',(-47.49999999999,-139.,-15.));
#3118 = LINE('',#3119,#3120);
#3119 = CARTESIAN_POINT('',(2.586970198721E-15,-139.,-15.));
#3120 = VECTOR('',#3121,1.);
#3121 = DIRECTION('',(-1.,0.,-1.224646799147E-16));
#3122 = ORIENTED_EDGE('',*,*,#3123,.T.);
#3123 = EDGE_CURVE('',#3116,#3124,#3126,.T.);
#3124 = VERTEX_POINT('',#3125);
#3125 = CARTESIAN_POINT('',(-47.49999999999,-134.6,-15.));
#3126 = LINE('',#3127,#3128);
#3127 = CARTESIAN_POINT('',(-47.49999999999,-139.,-15.));
#3128 = VECTOR('',#3129,1.);
#3129 = DIRECTION('',(-2.694222958124E-32,1.,2.2E-16));
#3130 = ORIENTED_EDGE('',*,*,#3131,.F.);
#3131 = EDGE_CURVE('',#3132,#3124,#3134,.T.);
#3132 = VERTEX_POINT('',#3133);
#3133 = CARTESIAN_POINT('',(-27.98032258589,-134.6,-15.));
#3134 = LINE('',#3135,#3136);
#3135 = CARTESIAN_POINT('',(-35.,-134.6,-15.));
#3136 = VECTOR('',#3137,1.);
#3137 = DIRECTION('',(-1.,0.,-1.224646799147E-16));
#3138 = ORIENTED_EDGE('',*,*,#3139,.F.);
#3139 = EDGE_CURVE('',#1240,#3132,#3140,.T.);
#3140 = CIRCLE('',#3141,25.6);
#3141 = AXIS2_PLACEMENT_3D('',#3142,#3143,#3144);
#3142 = CARTESIAN_POINT('',(-37.9,-111.,-15.));
#3143 = DIRECTION('',(1.224646799147E-16,0.,-1.));
#3144 = DIRECTION('',(-1.,0.,-1.224646799147E-16));
#3145 = ORIENTED_EDGE('',*,*,#1239,.F.);
#3146 = ORIENTED_EDGE('',*,*,#3096,.F.);
#3147 = ORIENTED_EDGE('',*,*,#1077,.T.);
#3148 = ORIENTED_EDGE('',*,*,#3149,.T.);
#3149 = EDGE_CURVE('',#1070,#3150,#3152,.T.);
#3150 = VERTEX_POINT('',#3151);
#3151 = CARTESIAN_POINT('',(-5.25,-93.2,-15.));
#3152 = CIRCLE('',#3153,4.65);
#3153 = AXIS2_PLACEMENT_3D('',#3154,#3155,#3156);
#3154 = CARTESIAN_POINT('',(-5.25,-88.55,-15.));
#3155 = DIRECTION('',(-1.224646799147E-16,-0.,1.));
#3156 = DIRECTION('',(-1.,0.,-1.224646799147E-16));
#3157 = ORIENTED_EDGE('',*,*,#3158,.F.);
#3158 = EDGE_CURVE('',#3159,#3150,#3161,.T.);
#3159 = VERTEX_POINT('',#3160);
#3160 = CARTESIAN_POINT('',(5.25,-93.2,-15.));
#3161 = LINE('',#3162,#3163);
#3162 = CARTESIAN_POINT('',(-11.50234080939,-93.2,-15.));
#3163 = VECTOR('',#3164,1.);
#3164 = DIRECTION('',(-1.,0.,-1.224646799147E-16));
#3165 = ORIENTED_EDGE('',*,*,#3166,.F.);
#3166 = EDGE_CURVE('',#1378,#3159,#3167,.T.);
#3167 = CIRCLE('',#3168,4.65);
#3168 = AXIS2_PLACEMENT_3D('',#3169,#3170,#3171);
#3169 = CARTESIAN_POINT('',(5.25,-88.55,-15.));
#3170 = DIRECTION('',(1.224646799147E-16,0.,-1.));
#3171 = DIRECTION('',(1.,0.,1.224646799147E-16));
#3172 = ORIENTED_EDGE('',*,*,#1385,.F.);
#3173 = ORIENTED_EDGE('',*,*,#3174,.T.);
#3174 = EDGE_CURVE('',#1386,#1533,#3175,.T.);
#3175 = LINE('',#3176,#3177);
#3176 = CARTESIAN_POINT('',(1.119669701987E-13,-86.05,-15.));
#3177 = VECTOR('',#3178,1.);
#3178 = DIRECTION('',(1.,-0.,1.224646799147E-16));
#3179 = ORIENTED_EDGE('',*,*,#1540,.T.);
#3180 = ORIENTED_EDGE('',*,*,#3181,.T.);
#3181 = EDGE_CURVE('',#1541,#3182,#3184,.T.);
#3182 = VERTEX_POINT('',#3183);
#3183 = CARTESIAN_POINT('',(27.980322585891,-134.6,-15.));
#3184 = CIRCLE('',#3185,25.6);
#3185 = AXIS2_PLACEMENT_3D('',#3186,#3187,#3188);
#3186 = CARTESIAN_POINT('',(37.9,-111.,-15.));
#3187 = DIRECTION('',(-1.224646799147E-16,0.,1.));
#3188 = DIRECTION('',(1.,-0.,1.224646799147E-16));
#3189 = ORIENTED_EDGE('',*,*,#3190,.T.);
#3190 = EDGE_CURVE('',#3182,#3191,#3193,.T.);
#3191 = VERTEX_POINT('',#3192);
#3192 = CARTESIAN_POINT('',(47.499999999995,-134.6,-15.));
#3193 = LINE('',#3194,#3195);
#3194 = CARTESIAN_POINT('',(35.,-134.6,-15.));
#3195 = VECTOR('',#3196,1.);
#3196 = DIRECTION('',(1.,-0.,1.224646799147E-16));
#3197 = ORIENTED_EDGE('',*,*,#3198,.F.);
#3198 = EDGE_CURVE('',#3114,#3191,#3199,.T.);
#3199 = LINE('',#3200,#3201);
#3200 = CARTESIAN_POINT('',(47.499999999995,-139.,-15.));
#3201 = VECTOR('',#3202,1.);
#3202 = DIRECTION('',(-2.694222958124E-32,1.,2.2E-16));
#3203 = FACE_BOUND('',#3204,.T.);
#3204 = EDGE_LOOP('',(#3205));
#3205 = ORIENTED_EDGE('',*,*,#3206,.T.);
#3206 = EDGE_CURVE('',#3207,#3207,#3209,.T.);
#3207 = VERTEX_POINT('',#3208);
#3208 = CARTESIAN_POINT('',(13.125,-133.,-15.));
#3209 = CIRCLE('',#3210,1.875);
#3210 = AXIS2_PLACEMENT_3D('',#3211,#3212,#3213);
#3211 = CARTESIAN_POINT('',(15.,-133.,-15.));
#3212 = DIRECTION('',(-1.224646799147E-16,-0.,1.));
#3213 = DIRECTION('',(-1.,0.,-1.224646799147E-16));
#3214 = FACE_BOUND('',#3215,.T.);
#3215 = EDGE_LOOP('',(#3216));
#3216 = ORIENTED_EDGE('',*,*,#3217,.T.);
#3217 = EDGE_CURVE('',#3218,#3218,#3220,.T.);
#3218 = VERTEX_POINT('',#3219);
#3219 = CARTESIAN_POINT('',(-16.875,-133.,-15.));
#3220 = CIRCLE('',#3221,1.875);
#3221 = AXIS2_PLACEMENT_3D('',#3222,#3223,#3224);
#3222 = CARTESIAN_POINT('',(-15.,-133.,-15.));
#3223 = DIRECTION('',(-1.224646799147E-16,-0.,1.));
#3224 = DIRECTION('',(-1.,0.,-1.224646799147E-16));
#3225 = FACE_BOUND('',#3226,.T.);
#3226 = EDGE_LOOP('',(#3227));
#3227 = ORIENTED_EDGE('',*,*,#3228,.T.);
#3228 = EDGE_CURVE('',#3229,#3229,#3231,.T.);
#3229 = VERTEX_POINT('',#3230);
#3230 = CARTESIAN_POINT('',(4.125,-103.,-15.));
#3231 = CIRCLE('',#3232,1.875);
#3232 = AXIS2_PLACEMENT_3D('',#3233,#3234,#3235);
#3233 = CARTESIAN_POINT('',(6.,-103.,-15.));
#3234 = DIRECTION('',(-1.224646799147E-16,-0.,1.));
#3235 = DIRECTION('',(-1.,0.,-1.224646799147E-16));
#3236 = FACE_BOUND('',#3237,.T.);
#3237 = EDGE_LOOP('',(#3238));
#3238 = ORIENTED_EDGE('',*,*,#3239,.T.);
#3239 = EDGE_CURVE('',#3240,#3240,#3242,.T.);
#3240 = VERTEX_POINT('',#3241);
#3241 = CARTESIAN_POINT('',(-7.875,-103.,-15.));
#3242 = CIRCLE('',#3243,1.875);
#3243 = AXIS2_PLACEMENT_3D('',#3244,#3245,#3246);
#3244 = CARTESIAN_POINT('',(-6.,-103.,-15.));
#3245 = DIRECTION('',(-1.224646799147E-16,-0.,1.));
#3246 = DIRECTION('',(-1.,0.,-1.224646799147E-16));
#3247 = PLANE('',#3248);
#3248 = AXIS2_PLACEMENT_3D('',#3249,#3250,#3251);
#3249 = CARTESIAN_POINT('',(1.836970198721E-15,-122.3730597942,-15.));
#3250 = DIRECTION('',(1.224646799147E-16,0.,-1.));
#3251 = DIRECTION('',(-1.,0.,-1.224646799147E-16));
#3252 = ADVANCED_FACE('',(#3253),#3272,.F.);
#3253 = FACE_BOUND('',#3254,.T.);
#3254 = EDGE_LOOP('',(#3255,#3264,#3270,#3271));
#3255 = ORIENTED_EDGE('',*,*,#3256,.T.);
#3256 = EDGE_CURVE('',#1062,#3257,#3259,.T.);
#3257 = VERTEX_POINT('',#3258);
#3258 = CARTESIAN_POINT('',(-5.25,-93.2,7.5));
#3259 = CIRCLE('',#3260,4.65);
#3260 = AXIS2_PLACEMENT_3D('',#3261,#3262,#3263);
#3261 = CARTESIAN_POINT('',(-5.25,-88.55,7.5));
#3262 = DIRECTION('',(-1.224646799147E-16,-0.,1.));
#3263 = DIRECTION('',(-1.,0.,-1.224646799147E-16));
#3264 = ORIENTED_EDGE('',*,*,#3265,.T.);
#3265 = EDGE_CURVE('',#3257,#3150,#3266,.T.);
#3266 = LINE('',#3267,#3268);
#3267 = CARTESIAN_POINT('',(-5.25,-93.2,-14.));
#3268 = VECTOR('',#3269,1.);
#3269 = DIRECTION('',(1.224646799147E-16,0.,-1.));
#3270 = ORIENTED_EDGE('',*,*,#3149,.F.);
#3271 = ORIENTED_EDGE('',*,*,#1069,.F.);
#3272 = CYLINDRICAL_SURFACE('',#3273,4.65);
#3273 = AXIS2_PLACEMENT_3D('',#3274,#3275,#3276);
#3274 = CARTESIAN_POINT('',(-5.25,-88.55,12.5));
#3275 = DIRECTION('',(-1.224646799147E-16,-0.,1.));
#3276 = DIRECTION('',(-1.,0.,-1.224646799147E-16));
#3277 = ADVANCED_FACE('',(#3278,#3442,#3465,#3508),#3551,.T.);
#3278 = FACE_BOUND('',#3279,.T.);
#3279 = EDGE_LOOP('',(#3280,#3290,#3298,#3306,#3315,#3323,#3330,#3331,
    #3339,#3347,#3355,#3363,#3371,#3379,#3387,#3395,#3401,#3402,#3411,
    #3419,#3428,#3436));
#3280 = ORIENTED_EDGE('',*,*,#3281,.F.);
#3281 = EDGE_CURVE('',#3282,#3284,#3286,.T.);
#3282 = VERTEX_POINT('',#3283);
#3283 = CARTESIAN_POINT('',(0.9,-118.,7.5));
#3284 = VERTEX_POINT('',#3285);
#3285 = CARTESIAN_POINT('',(-0.9,-118.,7.5));
#3286 = LINE('',#3287,#3288);
#3287 = CARTESIAN_POINT('',(-9.184850993605E-16,-118.,7.5));
#3288 = VECTOR('',#3289,1.);
#3289 = DIRECTION('',(-1.,0.,-1.224646799147E-16));
#3290 = ORIENTED_EDGE('',*,*,#3291,.T.);
#3291 = EDGE_CURVE('',#3282,#3292,#3294,.T.);
#3292 = VERTEX_POINT('',#3293);
#3293 = CARTESIAN_POINT('',(0.9,-117.,7.5));
#3294 = LINE('',#3295,#3296);
#3295 = CARTESIAN_POINT('',(0.9,-96.5,7.5));
#3296 = VECTOR('',#3297,1.);
#3297 = DIRECTION('',(0.,1.,0.));
#3298 = ORIENTED_EDGE('',*,*,#3299,.T.);
#3299 = EDGE_CURVE('',#3292,#3300,#3302,.T.);
#3300 = VERTEX_POINT('',#3301);
#3301 = CARTESIAN_POINT('',(11.165004207967,-117.,7.5));
#3302 = LINE('',#3303,#3304);
#3303 = CARTESIAN_POINT('',(5.582502103984,-117.,7.5));
#3304 = VECTOR('',#3305,1.);
#3305 = DIRECTION('',(1.,-0.,1.224646799147E-16));
#3306 = ORIENTED_EDGE('',*,*,#3307,.F.);
#3307 = EDGE_CURVE('',#3308,#3300,#3310,.T.);
#3308 = VERTEX_POINT('',#3309);
#3309 = CARTESIAN_POINT('',(11.409246896323,-118.,7.5));
#3310 = CIRCLE('',#3311,27.4);
#3311 = AXIS2_PLACEMENT_3D('',#3312,#3313,#3314);
#3312 = CARTESIAN_POINT('',(37.9,-111.,7.5));
#3313 = DIRECTION('',(1.224646799147E-16,0.,-1.));
#3314 = DIRECTION('',(1.,0.,1.224646799147E-16));
#3315 = ORIENTED_EDGE('',*,*,#3316,.T.);
#3316 = EDGE_CURVE('',#3308,#3317,#3319,.T.);
#3317 = VERTEX_POINT('',#3318);
#3318 = CARTESIAN_POINT('',(13.275621835263,-118.,7.5));
#3319 = LINE('',#3320,#3321);
#3320 = CARTESIAN_POINT('',(-9.184850993605E-16,-118.,7.5));
#3321 = VECTOR('',#3322,1.);
#3322 = DIRECTION('',(1.,-0.,1.224646799147E-16));
#3323 = ORIENTED_EDGE('',*,*,#3324,.T.);
#3324 = EDGE_CURVE('',#3317,#1549,#3325,.T.);
#3325 = CIRCLE('',#3326,25.6);
#3326 = AXIS2_PLACEMENT_3D('',#3327,#3328,#3329);
#3327 = CARTESIAN_POINT('',(37.9,-111.,7.5));
#3328 = DIRECTION('',(1.224646799147E-16,0.,-1.));
#3329 = DIRECTION('',(1.,0.,1.224646799147E-16));
#3330 = ORIENTED_EDGE('',*,*,#1556,.T.);
#3331 = ORIENTED_EDGE('',*,*,#3332,.F.);
#3332 = EDGE_CURVE('',#3333,#1557,#3335,.T.);
#3333 = VERTEX_POINT('',#3334);
#3334 = CARTESIAN_POINT('',(10.5,-76.,7.5));
#3335 = LINE('',#3336,#3337);
#3336 = CARTESIAN_POINT('',(-9.184850993605E-16,-76.,7.5));
#3337 = VECTOR('',#3338,1.);
#3338 = DIRECTION('',(1.,-0.,1.224646799147E-16));
#3339 = ORIENTED_EDGE('',*,*,#3340,.T.);
#3340 = EDGE_CURVE('',#3333,#3341,#3343,.T.);
#3341 = VERTEX_POINT('',#3342);
#3342 = CARTESIAN_POINT('',(10.5,-77.4,7.5));
#3343 = LINE('',#3344,#3345);
#3344 = CARTESIAN_POINT('',(10.5,-76.7,7.5));
#3345 = VECTOR('',#3346,1.);
#3346 = DIRECTION('',(0.,-1.,-0.));
#3347 = ORIENTED_EDGE('',*,*,#3348,.T.);
#3348 = EDGE_CURVE('',#3341,#3349,#3351,.T.);
#3349 = VERTEX_POINT('',#3350);
#3350 = CARTESIAN_POINT('',(0.9,-77.4,7.5));
#3351 = LINE('',#3352,#3353);
#3352 = CARTESIAN_POINT('',(0.45,-77.4,7.5));
#3353 = VECTOR('',#3354,1.);
#3354 = DIRECTION('',(-1.,0.,-1.224646799147E-16));
#3355 = ORIENTED_EDGE('',*,*,#3356,.T.);
#3356 = EDGE_CURVE('',#3349,#3357,#3359,.T.);
#3357 = VERTEX_POINT('',#3358);
#3358 = CARTESIAN_POINT('',(0.9,-76.,7.5));
#3359 = LINE('',#3360,#3361);
#3360 = CARTESIAN_POINT('',(0.9,-69.7,7.5));
#3361 = VECTOR('',#3362,1.);
#3362 = DIRECTION('',(0.,1.,0.));
#3363 = ORIENTED_EDGE('',*,*,#3364,.F.);
#3364 = EDGE_CURVE('',#3365,#3357,#3367,.T.);
#3365 = VERTEX_POINT('',#3366);
#3366 = CARTESIAN_POINT('',(-0.9,-76.,7.5));
#3367 = LINE('',#3368,#3369);
#3368 = CARTESIAN_POINT('',(-9.184850993605E-16,-76.,7.5));
#3369 = VECTOR('',#3370,1.);
#3370 = DIRECTION('',(1.,-0.,1.224646799147E-16));
#3371 = ORIENTED_EDGE('',*,*,#3372,.F.);
#3372 = EDGE_CURVE('',#3373,#3365,#3375,.T.);
#3373 = VERTEX_POINT('',#3374);
#3374 = CARTESIAN_POINT('',(-0.9,-77.4,7.5));
#3375 = LINE('',#3376,#3377);
#3376 = CARTESIAN_POINT('',(-0.9,-69.7,7.5));
#3377 = VECTOR('',#3378,1.);
#3378 = DIRECTION('',(0.,1.,0.));
#3379 = ORIENTED_EDGE('',*,*,#3380,.F.);
#3380 = EDGE_CURVE('',#3381,#3373,#3383,.T.);
#3381 = VERTEX_POINT('',#3382);
#3382 = CARTESIAN_POINT('',(-10.5,-77.4,7.5));
#3383 = LINE('',#3384,#3385);
#3384 = CARTESIAN_POINT('',(-0.45,-77.4,7.5));
#3385 = VECTOR('',#3386,1.);
#3386 = DIRECTION('',(1.,0.,1.224646799147E-16));
#3387 = ORIENTED_EDGE('',*,*,#3388,.F.);
#3388 = EDGE_CURVE('',#3389,#3381,#3391,.T.);
#3389 = VERTEX_POINT('',#3390);
#3390 = CARTESIAN_POINT('',(-10.5,-76.,7.5));
#3391 = LINE('',#3392,#3393);
#3392 = CARTESIAN_POINT('',(-10.5,-76.7,7.5));
#3393 = VECTOR('',#3394,1.);
#3394 = DIRECTION('',(0.,-1.,0.));
#3395 = ORIENTED_EDGE('',*,*,#3396,.T.);
#3396 = EDGE_CURVE('',#3389,#1256,#3397,.T.);
#3397 = LINE('',#3398,#3399);
#3398 = CARTESIAN_POINT('',(-9.184850993605E-16,-76.,7.5));
#3399 = VECTOR('',#3400,1.);
#3400 = DIRECTION('',(-1.,0.,-1.224646799147E-16));
#3401 = ORIENTED_EDGE('',*,*,#1255,.F.);
#3402 = ORIENTED_EDGE('',*,*,#3403,.F.);
#3403 = EDGE_CURVE('',#3404,#1248,#3406,.T.);
#3404 = VERTEX_POINT('',#3405);
#3405 = CARTESIAN_POINT('',(-13.27562183526,-118.,7.5));
#3406 = CIRCLE('',#3407,25.6);
#3407 = AXIS2_PLACEMENT_3D('',#3408,#3409,#3410);
#3408 = CARTESIAN_POINT('',(-37.9,-111.,7.5));
#3409 = DIRECTION('',(-1.224646799147E-16,-0.,1.));
#3410 = DIRECTION('',(-1.,0.,-1.224646799147E-16));
#3411 = ORIENTED_EDGE('',*,*,#3412,.F.);
#3412 = EDGE_CURVE('',#3413,#3404,#3415,.T.);
#3413 = VERTEX_POINT('',#3414);
#3414 = CARTESIAN_POINT('',(-11.40924689632,-118.,7.5));
#3415 = LINE('',#3416,#3417);
#3416 = CARTESIAN_POINT('',(-9.184850993605E-16,-118.,7.5));
#3417 = VECTOR('',#3418,1.);
#3418 = DIRECTION('',(-1.,0.,-1.224646799147E-16));
#3419 = ORIENTED_EDGE('',*,*,#3420,.T.);
#3420 = EDGE_CURVE('',#3413,#3421,#3423,.T.);
#3421 = VERTEX_POINT('',#3422);
#3422 = CARTESIAN_POINT('',(-11.16500420796,-117.,7.5));
#3423 = CIRCLE('',#3424,27.4);
#3424 = AXIS2_PLACEMENT_3D('',#3425,#3426,#3427);
#3425 = CARTESIAN_POINT('',(-37.9,-111.,7.5));
#3426 = DIRECTION('',(-1.224646799147E-16,-0.,1.));
#3427 = DIRECTION('',(-1.,0.,-1.224646799147E-16));
#3428 = ORIENTED_EDGE('',*,*,#3429,.F.);
#3429 = EDGE_CURVE('',#3430,#3421,#3432,.T.);
#3430 = VERTEX_POINT('',#3431);
#3431 = CARTESIAN_POINT('',(-0.9,-117.,7.5));
#3432 = LINE('',#3433,#3434);
#3433 = CARTESIAN_POINT('',(-5.582502103984,-117.,7.5));
#3434 = VECTOR('',#3435,1.);
#3435 = DIRECTION('',(-1.,0.,-1.224646799147E-16));
#3436 = ORIENTED_EDGE('',*,*,#3437,.F.);
#3437 = EDGE_CURVE('',#3284,#3430,#3438,.T.);
#3438 = LINE('',#3439,#3440);
#3439 = CARTESIAN_POINT('',(-0.9,-96.5,7.5));
#3440 = VECTOR('',#3441,1.);
#3441 = DIRECTION('',(0.,1.,0.));
#3442 = FACE_BOUND('',#3443,.T.);
#3443 = EDGE_LOOP('',(#3444,#3445,#3446,#3447,#3456,#3462,#3463,#3464));
#3444 = ORIENTED_EDGE('',*,*,#1165,.F.);
#3445 = ORIENTED_EDGE('',*,*,#1287,.T.);
#3446 = ORIENTED_EDGE('',*,*,#1369,.T.);
#3447 = ORIENTED_EDGE('',*,*,#3448,.T.);
#3448 = EDGE_CURVE('',#1370,#3449,#3451,.T.);
#3449 = VERTEX_POINT('',#3450);
#3450 = CARTESIAN_POINT('',(5.25,-93.2,7.5));
#3451 = CIRCLE('',#3452,4.65);
#3452 = AXIS2_PLACEMENT_3D('',#3453,#3454,#3455);
#3453 = CARTESIAN_POINT('',(5.25,-88.55,7.5));
#3454 = DIRECTION('',(1.224646799147E-16,0.,-1.));
#3455 = DIRECTION('',(1.,0.,1.224646799147E-16));
#3456 = ORIENTED_EDGE('',*,*,#3457,.T.);
#3457 = EDGE_CURVE('',#3449,#3257,#3458,.T.);
#3458 = LINE('',#3459,#3460);
#3459 = CARTESIAN_POINT('',(1.3125,-93.2,7.5));
#3460 = VECTOR('',#3461,1.);
#3461 = DIRECTION('',(-1.,-2.27E-15,-1.224646799147E-16));
#3462 = ORIENTED_EDGE('',*,*,#3256,.F.);
#3463 = ORIENTED_EDGE('',*,*,#1061,.F.);
#3464 = ORIENTED_EDGE('',*,*,#1116,.F.);
#3465 = FACE_BOUND('',#3466,.T.);
#3466 = EDGE_LOOP('',(#3467,#3477,#3485,#3493,#3502));
#3467 = ORIENTED_EDGE('',*,*,#3468,.F.);
#3468 = EDGE_CURVE('',#3469,#3471,#3473,.T.);
#3469 = VERTEX_POINT('',#3470);
#3470 = CARTESIAN_POINT('',(-0.9,-95.,7.5));
#3471 = VERTEX_POINT('',#3472);
#3472 = CARTESIAN_POINT('',(-10.5,-95.,7.5));
#3473 = LINE('',#3474,#3475);
#3474 = CARTESIAN_POINT('',(-5.25,-95.,7.5));
#3475 = VECTOR('',#3476,1.);
#3476 = DIRECTION('',(-1.,0.,-1.224646799147E-16));
#3477 = ORIENTED_EDGE('',*,*,#3478,.F.);
#3478 = EDGE_CURVE('',#3479,#3469,#3481,.T.);
#3479 = VERTEX_POINT('',#3480);
#3480 = CARTESIAN_POINT('',(-0.9,-115.2,7.5));
#3481 = LINE('',#3482,#3483);
#3482 = CARTESIAN_POINT('',(-0.9,-85.5,7.5));
#3483 = VECTOR('',#3484,1.);
#3484 = DIRECTION('',(0.,1.,0.));
#3485 = ORIENTED_EDGE('',*,*,#3486,.F.);
#3486 = EDGE_CURVE('',#3487,#3479,#3489,.T.);
#3487 = VERTEX_POINT('',#3488);
#3488 = CARTESIAN_POINT('',(-10.82381119876,-115.2,7.5));
#3489 = LINE('',#3490,#3491);
#3490 = CARTESIAN_POINT('',(-0.45,-115.2,7.5));
#3491 = VECTOR('',#3492,1.);
#3492 = DIRECTION('',(1.,0.,1.224646799147E-16));
#3493 = ORIENTED_EDGE('',*,*,#3494,.T.);
#3494 = EDGE_CURVE('',#3487,#3495,#3497,.T.);
#3495 = VERTEX_POINT('',#3496);
#3496 = CARTESIAN_POINT('',(-10.5,-111.,7.5));
#3497 = CIRCLE('',#3498,27.4);
#3498 = AXIS2_PLACEMENT_3D('',#3499,#3500,#3501);
#3499 = CARTESIAN_POINT('',(-37.9,-111.,7.5));
#3500 = DIRECTION('',(-1.224646799147E-16,-0.,1.));
#3501 = DIRECTION('',(-1.,0.,-1.224646799147E-16));
#3502 = ORIENTED_EDGE('',*,*,#3503,.T.);
#3503 = EDGE_CURVE('',#3495,#3471,#3504,.T.);
#3504 = LINE('',#3505,#3506);
#3505 = CARTESIAN_POINT('',(-10.5,-85.5,7.5));
#3506 = VECTOR('',#3507,1.);
#3507 = DIRECTION('',(0.,1.,0.));
#3508 = FACE_BOUND('',#3509,.T.);
#3509 = EDGE_LOOP('',(#3510,#3520,#3528,#3537,#3545));
#3510 = ORIENTED_EDGE('',*,*,#3511,.T.);
#3511 = EDGE_CURVE('',#3512,#3514,#3516,.T.);
#3512 = VERTEX_POINT('',#3513);
#3513 = CARTESIAN_POINT('',(0.9,-95.,7.5));
#3514 = VERTEX_POINT('',#3515);
#3515 = CARTESIAN_POINT('',(10.5,-95.,7.5));
#3516 = LINE('',#3517,#3518);
#3517 = CARTESIAN_POINT('',(5.25,-95.,7.5));
#3518 = VECTOR('',#3519,1.);
#3519 = DIRECTION('',(1.,-0.,1.224646799147E-16));
#3520 = ORIENTED_EDGE('',*,*,#3521,.F.);
#3521 = EDGE_CURVE('',#3522,#3514,#3524,.T.);
#3522 = VERTEX_POINT('',#3523);
#3523 = CARTESIAN_POINT('',(10.5,-111.,7.5));
#3524 = LINE('',#3525,#3526);
#3525 = CARTESIAN_POINT('',(10.5,-85.5,7.5));
#3526 = VECTOR('',#3527,1.);
#3527 = DIRECTION('',(0.,1.,0.));
#3528 = ORIENTED_EDGE('',*,*,#3529,.F.);
#3529 = EDGE_CURVE('',#3530,#3522,#3532,.T.);
#3530 = VERTEX_POINT('',#3531);
#3531 = CARTESIAN_POINT('',(10.823811198767,-115.2,7.5));
#3532 = CIRCLE('',#3533,27.4);
#3533 = AXIS2_PLACEMENT_3D('',#3534,#3535,#3536);
#3534 = CARTESIAN_POINT('',(37.9,-111.,7.5));
#3535 = DIRECTION('',(1.224646799147E-16,0.,-1.));
#3536 = DIRECTION('',(1.,0.,1.224646799147E-16));
#3537 = ORIENTED_EDGE('',*,*,#3538,.T.);
#3538 = EDGE_CURVE('',#3530,#3539,#3541,.T.);
#3539 = VERTEX_POINT('',#3540);
#3540 = CARTESIAN_POINT('',(0.9,-115.2,7.5));
#3541 = LINE('',#3542,#3543);
#3542 = CARTESIAN_POINT('',(0.45,-115.2,7.5));
#3543 = VECTOR('',#3544,1.);
#3544 = DIRECTION('',(-1.,0.,-1.224646799147E-16));
#3545 = ORIENTED_EDGE('',*,*,#3546,.T.);
#3546 = EDGE_CURVE('',#3539,#3512,#3547,.T.);
#3547 = LINE('',#3548,#3549);
#3548 = CARTESIAN_POINT('',(0.9,-85.5,7.5));
#3549 = VECTOR('',#3550,1.);
#3550 = DIRECTION('',(0.,1.,0.));
#3551 = PLANE('',#3552);
#3552 = AXIS2_PLACEMENT_3D('',#3553,#3554,#3555);
#3553 = CARTESIAN_POINT('',(-9.784850993605E-16,-97.06888236773,7.5));
#3554 = DIRECTION('',(-1.224646799147E-16,-0.,1.));
#3555 = DIRECTION('',(1.,0.,1.224646799147E-16));
#3556 = ADVANCED_FACE('',(#3557),#3713,.T.);
#3557 = FACE_BOUND('',#3558,.T.);
#3558 = EDGE_LOOP('',(#3559,#3567,#3575,#3583,#3591,#3599,#3607,#3615,
    #3623,#3629,#3630,#3638,#3647,#3655,#3663,#3672,#3681,#3689,#3697,
    #3706,#3712));
#3559 = ORIENTED_EDGE('',*,*,#3560,.F.);
#3560 = EDGE_CURVE('',#3561,#1192,#3563,.T.);
#3561 = VERTEX_POINT('',#3562);
#3562 = CARTESIAN_POINT('',(-10.5,-67.33974596215,12.5));
#3563 = LINE('',#3564,#3565);
#3564 = CARTESIAN_POINT('',(-1.530808498934E-15,-67.33974596215,12.5));
#3565 = VECTOR('',#3566,1.);
#3566 = DIRECTION('',(-1.,0.,-1.224646799147E-16));
#3567 = ORIENTED_EDGE('',*,*,#3568,.T.);
#3568 = EDGE_CURVE('',#3561,#3569,#3571,.T.);
#3569 = VERTEX_POINT('',#3570);
#3570 = CARTESIAN_POINT('',(-10.5,-63.4,12.5));
#3571 = LINE('',#3572,#3573);
#3572 = CARTESIAN_POINT('',(-10.5,-77.4,12.5));
#3573 = VECTOR('',#3574,1.);
#3574 = DIRECTION('',(0.,1.,0.));
#3575 = ORIENTED_EDGE('',*,*,#3576,.T.);
#3576 = EDGE_CURVE('',#3569,#3577,#3579,.T.);
#3577 = VERTEX_POINT('',#3578);
#3578 = CARTESIAN_POINT('',(-0.9,-63.4,12.5));
#3579 = LINE('',#3580,#3581);
#3580 = CARTESIAN_POINT('',(-10.5,-63.4,12.5));
#3581 = VECTOR('',#3582,1.);
#3582 = DIRECTION('',(1.,0.,1.224646799147E-16));
#3583 = ORIENTED_EDGE('',*,*,#3584,.T.);
#3584 = EDGE_CURVE('',#3577,#3585,#3587,.T.);
#3585 = VERTEX_POINT('',#3586);
#3586 = CARTESIAN_POINT('',(-0.9,-67.33974596215,12.5));
#3587 = LINE('',#3588,#3589);
#3588 = CARTESIAN_POINT('',(-0.9,-63.4,12.5));
#3589 = VECTOR('',#3590,1.);
#3590 = DIRECTION('',(0.,-1.,-0.));
#3591 = ORIENTED_EDGE('',*,*,#3592,.F.);
#3592 = EDGE_CURVE('',#3593,#3585,#3595,.T.);
#3593 = VERTEX_POINT('',#3594);
#3594 = CARTESIAN_POINT('',(0.9,-67.33974596215,12.5));
#3595 = LINE('',#3596,#3597);
#3596 = CARTESIAN_POINT('',(-1.530808498934E-15,-67.33974596215,12.5));
#3597 = VECTOR('',#3598,1.);
#3598 = DIRECTION('',(-1.,0.,-1.224646799147E-16));
#3599 = ORIENTED_EDGE('',*,*,#3600,.F.);
#3600 = EDGE_CURVE('',#3601,#3593,#3603,.T.);
#3601 = VERTEX_POINT('',#3602);
#3602 = CARTESIAN_POINT('',(0.9,-63.4,12.5));
#3603 = LINE('',#3604,#3605);
#3604 = CARTESIAN_POINT('',(0.9,-63.4,12.5));
#3605 = VECTOR('',#3606,1.);
#3606 = DIRECTION('',(0.,-1.,0.));
#3607 = ORIENTED_EDGE('',*,*,#3608,.F.);
#3608 = EDGE_CURVE('',#3609,#3601,#3611,.T.);
#3609 = VERTEX_POINT('',#3610);
#3610 = CARTESIAN_POINT('',(10.5,-63.4,12.5));
#3611 = LINE('',#3612,#3613);
#3612 = CARTESIAN_POINT('',(10.5,-63.4,12.5));
#3613 = VECTOR('',#3614,1.);
#3614 = DIRECTION('',(-1.,0.,-1.224646799147E-16));
#3615 = ORIENTED_EDGE('',*,*,#3616,.F.);
#3616 = EDGE_CURVE('',#3617,#3609,#3619,.T.);
#3617 = VERTEX_POINT('',#3618);
#3618 = CARTESIAN_POINT('',(10.5,-67.33974596215,12.5));
#3619 = LINE('',#3620,#3621);
#3620 = CARTESIAN_POINT('',(10.5,-77.4,12.5));
#3621 = VECTOR('',#3622,1.);
#3622 = DIRECTION('',(0.,1.,0.));
#3623 = ORIENTED_EDGE('',*,*,#3624,.T.);
#3624 = EDGE_CURVE('',#3617,#1493,#3625,.T.);
#3625 = LINE('',#3626,#3627);
#3626 = CARTESIAN_POINT('',(-1.530808498934E-15,-67.33974596215,12.5));
#3627 = VECTOR('',#3628,1.);
#3628 = DIRECTION('',(1.,-0.,1.224646799147E-16));
#3629 = ORIENTED_EDGE('',*,*,#1490,.F.);
#3630 = ORIENTED_EDGE('',*,*,#3631,.F.);
#3631 = EDGE_CURVE('',#3632,#1491,#3634,.T.);
#3632 = VERTEX_POINT('',#3633);
#3633 = CARTESIAN_POINT('',(10.238477631085,-58.93847763108,12.5));
#3634 = LINE('',#3635,#3636);
#3635 = CARTESIAN_POINT('',(10.238477631085,-58.93847763108,12.5));
#3636 = VECTOR('',#3637,1.);
#3637 = DIRECTION('',(0.707106781187,-0.707106781187,8.659560562355E-17)
  );
#3638 = ORIENTED_EDGE('',*,*,#3639,.F.);
#3639 = EDGE_CURVE('',#3640,#3632,#3642,.T.);
#3640 = VERTEX_POINT('',#3641);
#3641 = CARTESIAN_POINT('',(6.561522368915,-55.26152236891,12.5));
#3642 = CIRCLE('',#3643,2.6);
#3643 = AXIS2_PLACEMENT_3D('',#3644,#3645,#3646);
#3644 = CARTESIAN_POINT('',(8.4,-57.1,12.5));
#3645 = DIRECTION('',(-1.224646799147E-16,0.,1.));
#3646 = DIRECTION('',(1.,-0.,1.224646799147E-16));
#3647 = ORIENTED_EDGE('',*,*,#3648,.F.);
#3648 = EDGE_CURVE('',#3649,#3640,#3651,.T.);
#3649 = VERTEX_POINT('',#3650);
#3650 = CARTESIAN_POINT('',(4.5,-53.2,12.5));
#3651 = LINE('',#3652,#3653);
#3652 = CARTESIAN_POINT('',(4.5,-53.2,12.5));
#3653 = VECTOR('',#3654,1.);
#3654 = DIRECTION('',(0.707106781187,-0.707106781187,8.659560562355E-17)
  );
#3655 = ORIENTED_EDGE('',*,*,#3656,.F.);
#3656 = EDGE_CURVE('',#3657,#3649,#3659,.T.);
#3657 = VERTEX_POINT('',#3658);
#3658 = CARTESIAN_POINT('',(4.095119045889,-53.2,12.5));
#3659 = LINE('',#3660,#3661);
#3660 = CARTESIAN_POINT('',(4.095119045889,-53.2,12.5));
#3661 = VECTOR('',#3662,1.);
#3662 = DIRECTION('',(1.,-0.,1.224646799147E-16));
#3663 = ORIENTED_EDGE('',*,*,#3664,.F.);
#3664 = EDGE_CURVE('',#3665,#3657,#3667,.T.);
#3665 = VERTEX_POINT('',#3666);
#3666 = CARTESIAN_POINT('',(-1.530808498934E-15,-57.1,12.5));
#3667 = CIRCLE('',#3668,4.1);
#3668 = AXIS2_PLACEMENT_3D('',#3669,#3670,#3671);
#3669 = CARTESIAN_POINT('',(-1.530808498934E-15,-53.,12.5));
#3670 = DIRECTION('',(-1.224646799147E-16,0.,1.));
#3671 = DIRECTION('',(1.,-0.,1.224646799147E-16));
#3672 = ORIENTED_EDGE('',*,*,#3673,.T.);
#3673 = EDGE_CURVE('',#3665,#3674,#3676,.T.);
#3674 = VERTEX_POINT('',#3675);
#3675 = CARTESIAN_POINT('',(-4.095119045889,-53.2,12.5));
#3676 = CIRCLE('',#3677,4.1);
#3677 = AXIS2_PLACEMENT_3D('',#3678,#3679,#3680);
#3678 = CARTESIAN_POINT('',(-1.530808498934E-15,-53.,12.5));
#3679 = DIRECTION('',(1.224646799147E-16,0.,-1.));
#3680 = DIRECTION('',(-1.,0.,-1.224646799147E-16));
#3681 = ORIENTED_EDGE('',*,*,#3682,.T.);
#3682 = EDGE_CURVE('',#3674,#3683,#3685,.T.);
#3683 = VERTEX_POINT('',#3684);
#3684 = CARTESIAN_POINT('',(-4.5,-53.2,12.5));
#3685 = LINE('',#3686,#3687);
#3686 = CARTESIAN_POINT('',(-4.095119045889,-53.2,12.5));
#3687 = VECTOR('',#3688,1.);
#3688 = DIRECTION('',(-1.,0.,-1.224646799147E-16));
#3689 = ORIENTED_EDGE('',*,*,#3690,.T.);
#3690 = EDGE_CURVE('',#3683,#3691,#3693,.T.);
#3691 = VERTEX_POINT('',#3692);
#3692 = CARTESIAN_POINT('',(-6.561522368915,-55.26152236891,12.5));
#3693 = LINE('',#3694,#3695);
#3694 = CARTESIAN_POINT('',(-4.5,-53.2,12.5));
#3695 = VECTOR('',#3696,1.);
#3696 = DIRECTION('',(-0.707106781187,-0.707106781187,
    -8.659560562355E-17));
#3697 = ORIENTED_EDGE('',*,*,#3698,.T.);
#3698 = EDGE_CURVE('',#3691,#3699,#3701,.T.);
#3699 = VERTEX_POINT('',#3700);
#3700 = CARTESIAN_POINT('',(-10.23847763108,-58.93847763108,12.5));
#3701 = CIRCLE('',#3702,2.6);
#3702 = AXIS2_PLACEMENT_3D('',#3703,#3704,#3705);
#3703 = CARTESIAN_POINT('',(-8.4,-57.1,12.5));
#3704 = DIRECTION('',(1.224646799147E-16,0.,-1.));
#3705 = DIRECTION('',(-1.,0.,-1.224646799147E-16));
#3706 = ORIENTED_EDGE('',*,*,#3707,.T.);
#3707 = EDGE_CURVE('',#3699,#1190,#3708,.T.);
#3708 = LINE('',#3709,#3710);
#3709 = CARTESIAN_POINT('',(-10.23847763108,-58.93847763108,12.5));
#3710 = VECTOR('',#3711,1.);
#3711 = DIRECTION('',(-0.707106781187,-0.707106781187,
    -8.659560562355E-17));
#3712 = ORIENTED_EDGE('',*,*,#1189,.T.);
#3713 = PLANE('',#3714);
#3714 = AXIS2_PLACEMENT_3D('',#3715,#3716,#3717);
#3715 = CARTESIAN_POINT('',(-1.680808498934E-15,-61.28915084202,12.5));
#3716 = DIRECTION('',(-1.224646799147E-16,-0.,1.));
#3717 = DIRECTION('',(1.,0.,1.224646799147E-16));
#3718 = ADVANCED_FACE('',(#3719),#3738,.T.);
#3719 = FACE_BOUND('',#3720,.F.);
#3720 = EDGE_LOOP('',(#3721,#3730,#3736,#3737));
#3721 = ORIENTED_EDGE('',*,*,#3722,.T.);
#3722 = EDGE_CURVE('',#3561,#3723,#3725,.T.);
#3723 = VERTEX_POINT('',#3724);
#3724 = CARTESIAN_POINT('',(-10.5,-71.66987298107,10.));
#3725 = CIRCLE('',#3726,5.);
#3726 = AXIS2_PLACEMENT_3D('',#3727,#3728,#3729);
#3727 = CARTESIAN_POINT('',(-10.5,-67.33974596215,7.5));
#3728 = DIRECTION('',(1.,-0.,1.224646799147E-16));
#3729 = DIRECTION('',(0.,1.,0.));
#3730 = ORIENTED_EDGE('',*,*,#3731,.T.);
#3731 = EDGE_CURVE('',#3723,#1264,#3732,.T.);
#3732 = LINE('',#3733,#3734);
#3733 = CARTESIAN_POINT('',(-1.224646799147E-15,-71.66987298107,10.));
#3734 = VECTOR('',#3735,1.);
#3735 = DIRECTION('',(-1.,0.,-1.224646799147E-16));
#3736 = ORIENTED_EDGE('',*,*,#1272,.F.);
#3737 = ORIENTED_EDGE('',*,*,#3560,.F.);
#3738 = CYLINDRICAL_SURFACE('',#3739,5.);
#3739 = AXIS2_PLACEMENT_3D('',#3740,#3741,#3742);
#3740 = CARTESIAN_POINT('',(-9.184850993605E-16,-67.33974596215,7.5));
#3741 = DIRECTION('',(1.,-0.,1.224646799147E-16));
#3742 = DIRECTION('',(0.,1.,0.));
#3743 = ADVANCED_FACE('',(#3744),#3756,.F.);
#3744 = FACE_BOUND('',#3745,.T.);
#3745 = EDGE_LOOP('',(#3746,#3753,#3754,#3755));
#3746 = ORIENTED_EDGE('',*,*,#3747,.T.);
#3747 = EDGE_CURVE('',#3389,#3723,#3748,.T.);
#3748 = CIRCLE('',#3749,5.);
#3749 = AXIS2_PLACEMENT_3D('',#3750,#3751,#3752);
#3750 = CARTESIAN_POINT('',(-10.5,-76.,12.5));
#3751 = DIRECTION('',(1.,-0.,1.224646799147E-16));
#3752 = DIRECTION('',(0.,1.,0.));
#3753 = ORIENTED_EDGE('',*,*,#3731,.T.);
#3754 = ORIENTED_EDGE('',*,*,#1263,.F.);
#3755 = ORIENTED_EDGE('',*,*,#3396,.F.);
#3756 = CYLINDRICAL_SURFACE('',#3757,5.);
#3757 = AXIS2_PLACEMENT_3D('',#3758,#3759,#3760);
#3758 = CARTESIAN_POINT('',(-1.530808498934E-15,-76.,12.5));
#3759 = DIRECTION('',(1.,-0.,1.224646799147E-16));
#3760 = DIRECTION('',(0.,1.,0.));
#3761 = ADVANCED_FACE('',(#3762),#3874,.F.);
#3762 = FACE_BOUND('',#3763,.T.);
#3763 = EDGE_LOOP('',(#3764,#3775,#3806,#3823,#3824,#3825,#3826,#3834,
    #3843,#3851,#3868));
#3764 = ORIENTED_EDGE('',*,*,#3765,.F.);
#3765 = EDGE_CURVE('',#3766,#3768,#3770,.T.);
#3766 = VERTEX_POINT('',#3767);
#3767 = CARTESIAN_POINT('',(-17.64866810626,-126.6602540378,12.5));
#3768 = VERTEX_POINT('',#3769);
#3769 = CARTESIAN_POINT('',(-37.9,-136.6,12.5));
#3770 = CIRCLE('',#3771,25.6);
#3771 = AXIS2_PLACEMENT_3D('',#3772,#3773,#3774);
#3772 = CARTESIAN_POINT('',(-37.9,-111.,12.5));
#3773 = DIRECTION('',(1.224646799147E-16,0.,-1.));
#3774 = DIRECTION('',(-1.,0.,-1.224646799147E-16));
#3775 = ORIENTED_EDGE('',*,*,#3776,.T.);
#3776 = EDGE_CURVE('',#3766,#3777,#3779,.T.);
#3777 = VERTEX_POINT('',#3778);
#3778 = CARTESIAN_POINT('',(-14.94377596957,-122.3301270189,10.));
#3779 = B_SPLINE_CURVE_WITH_KNOTS('',5,(#3780,#3781,#3782,#3783,#3784,
    #3785,#3786,#3787,#3788,#3789,#3790,#3791,#3792,#3793,#3794,#3795,
    #3796,#3797,#3798,#3799,#3800,#3801,#3802,#3803,#3804,#3805),
  .UNSPECIFIED.,.F.,.F.,(6,4,4,4,4,4,6),(0.,0.179539656718,
    0.281574952243,0.504518457556,0.709185849816,0.811889305437,1.),
  .UNSPECIFIED.);
#3780 = CARTESIAN_POINT('',(-17.64866810626,-126.6602540378,12.5));
#3781 = CARTESIAN_POINT('',(-17.51421765587,-126.4863870821,12.5));
#3782 = CARTESIAN_POINT('',(-17.3811082361,-126.3103985943,
    12.492442539188));
#3783 = CARTESIAN_POINT('',(-17.24976871708,-126.1327824305,
    12.476958909303));
#3784 = CARTESIAN_POINT('',(-17.12058800371,-125.9540700142,
    12.4532283482));
#3785 = CARTESIAN_POINT('',(-16.9219247358,-125.6729655234,
    12.402649667141));
#3786 = CARTESIAN_POINT('',(-16.85075805834,-125.570949854,
    12.381573357474));
#3787 = CARTESIAN_POINT('',(-16.78049226621,-125.4689071885,
    12.357703404651));
#3788 = CARTESIAN_POINT('',(-16.71120445457,-125.3669738265,
    12.331007839202));
#3789 = CARTESIAN_POINT('',(-16.49388507392,-125.0431415384,
    12.236925862416));
#3790 = CARTESIAN_POINT('',(-16.34976877253,-124.8221187001,
    12.158779485811));
#3791 = CARTESIAN_POINT('',(-16.21155291863,-124.6039627917,
    12.066882070651));
#3792 = CARTESIAN_POINT('',(-16.07991023196,-124.3903782812,
    11.96146647423));
#3793 = CARTESIAN_POINT('',(-15.84091845231,-123.9925464636,
    11.734547211788));
#3794 = CARTESIAN_POINT('',(-15.732513362,-123.8074139921,
    11.615119031116));
#3795 = CARTESIAN_POINT('',(-15.63043155837,-123.6287697401,
    11.48536744543));
#3796 = CARTESIAN_POINT('',(-15.53485707268,-123.4577171413,
    11.346042456796));
#3797 = CARTESIAN_POINT('',(-15.4012052408,-123.21363501,11.123944805988
    ));
#3798 = CARTESIAN_POINT('',(-15.35819635977,-123.1342106606,
    11.047564156253));
#3799 = CARTESIAN_POINT('',(-15.31683837117,-123.057023696,
    10.969128074684));
#3800 = CARTESIAN_POINT('',(-15.27712479279,-122.9821625246,
    10.888753413195));
#3801 = CARTESIAN_POINT('',(-15.16928618441,-122.7769746033,
    10.656013401737));
#3802 = CARTESIAN_POINT('',(-15.10502185096,-122.6523372135,
    10.499412750003));
#3803 = CARTESIAN_POINT('',(-15.04611365512,-122.5361431938,
    10.337406996913));
#3804 = CARTESIAN_POINT('',(-14.99241465877,-122.4286749561,
    10.170690034208));
#3805 = CARTESIAN_POINT('',(-14.94377596957,-122.3301270189,10.));
#3806 = ORIENTED_EDGE('',*,*,#3807,.F.);
#3807 = EDGE_CURVE('',#3404,#3777,#3808,.T.);
#3808 = B_SPLINE_CURVE_WITH_KNOTS('',7,(#3809,#3810,#3811,#3812,#3813,
    #3814,#3815,#3816,#3817,#3818,#3819,#3820,#3821,#3822),
  .UNSPECIFIED.,.F.,.F.,(8,6,8),(0.,0.35873957159,1.),.UNSPECIFIED.);
#3809 = CARTESIAN_POINT('',(-13.27562183526,-118.,7.5));
#3810 = CARTESIAN_POINT('',(-13.36199567089,-118.3038431417,7.5));
#3811 = CARTESIAN_POINT('',(-13.45214259189,-118.6043292696,
    7.521541360286));
#3812 = CARTESIAN_POINT('',(-13.54532970035,-118.8992949801,
    7.563767952073));
#3813 = CARTESIAN_POINT('',(-13.64065665256,-119.1866909409,
    7.62550000561));
#3814 = CARTESIAN_POINT('',(-13.73709066679,-119.4646356342,
    7.705242586947));
#3815 = CARTESIAN_POINT('',(-13.83352209052,-119.7314594961,
    7.801190108239));
#3816 = CARTESIAN_POINT('',(-14.09922580439,-120.4402744057,
    8.107921709811));
#3817 = CARTESIAN_POINT('',(-14.26662224551,-120.8562423394,
    8.350290424533));
#3818 = CARTESIAN_POINT('',(-14.42723830654,-121.2319619166,
    8.629786005701));
#3819 = CARTESIAN_POINT('',(-14.57773924918,-121.5670123065,
    8.939568600958));
#3820 = CARTESIAN_POINT('',(-14.71539881053,-121.8615256515,
    9.274088977243));
#3821 = CARTESIAN_POINT('',(-14.83800430194,-122.1158206749,
    9.628810523861));
#3822 = CARTESIAN_POINT('',(-14.94377596957,-122.3301270189,10.));
#3823 = ORIENTED_EDGE('',*,*,#3403,.T.);
#3824 = ORIENTED_EDGE('',*,*,#1247,.T.);
#3825 = ORIENTED_EDGE('',*,*,#3139,.T.);
#3826 = ORIENTED_EDGE('',*,*,#3827,.T.);
#3827 = EDGE_CURVE('',#3132,#3828,#3830,.T.);
#3828 = VERTEX_POINT('',#3829);
#3829 = CARTESIAN_POINT('',(-27.98032258589,-134.6,-13.5));
#3830 = LINE('',#3831,#3832);
#3831 = CARTESIAN_POINT('',(-27.98032258589,-134.6,12.5));
#3832 = VECTOR('',#3833,1.);
#3833 = DIRECTION('',(-1.224646799147E-16,-0.,1.));
#3834 = ORIENTED_EDGE('',*,*,#3835,.F.);
#3835 = EDGE_CURVE('',#3836,#3828,#3838,.T.);
#3836 = VERTEX_POINT('',#3837);
#3837 = CARTESIAN_POINT('',(-35.,-136.4352118135,-13.5));
#3838 = CIRCLE('',#3839,25.6);
#3839 = AXIS2_PLACEMENT_3D('',#3840,#3841,#3842);
#3840 = CARTESIAN_POINT('',(-37.9,-111.,-13.5));
#3841 = DIRECTION('',(-1.224646799147E-16,-0.,1.));
#3842 = DIRECTION('',(-1.,0.,-1.224646799147E-16));
#3843 = ORIENTED_EDGE('',*,*,#3844,.T.);
#3844 = EDGE_CURVE('',#3836,#3845,#3847,.T.);
#3845 = VERTEX_POINT('',#3846);
#3846 = CARTESIAN_POINT('',(-35.,-136.4352118135,-5.286263797016E-15));
#3847 = LINE('',#3848,#3849);
#3848 = CARTESIAN_POINT('',(-35.,-136.4352118135,12.5));
#3849 = VECTOR('',#3850,1.);
#3850 = DIRECTION('',(-1.224646799147E-16,-0.,1.));
#3851 = ORIENTED_EDGE('',*,*,#3852,.T.);
#3852 = EDGE_CURVE('',#3845,#3853,#3855,.T.);
#3853 = VERTEX_POINT('',#3854);
#3854 = CARTESIAN_POINT('',(-37.9,-136.6,7.042016756583));
#3855 = B_SPLINE_CURVE_WITH_KNOTS('',6,(#3856,#3857,#3858,#3859,#3860,
    #3861,#3862,#3863,#3864,#3865,#3866,#3867),.UNSPECIFIED.,.F.,.F.,(7,
    5,7),(0.,0.771458950441,1.),.UNSPECIFIED.);
#3856 = CARTESIAN_POINT('',(-35.,-136.4352118135,-6.066263797016E-15));
#3857 = CARTESIAN_POINT('',(-35.,-136.4352118135,0.958518155946));
#3858 = CARTESIAN_POINT('',(-35.1102495047,-136.447782373,1.91607239659)
  );
#3859 = CARTESIAN_POINT('',(-35.33034483569,-136.4728739056,
    2.865686600651));
#3860 = CARTESIAN_POINT('',(-35.66357680894,-136.5072466528,
    3.799702183731));
#3861 = CARTESIAN_POINT('',(-36.11616627069,-136.5443755688,
    4.707563018419));
#3862 = CARTESIAN_POINT('',(-36.86803365131,-136.5797700794,
    5.828055069627));
#3863 = CARTESIAN_POINT('',(-37.05109234047,-136.5869990246,
    6.08038231327));
#3864 = CARTESIAN_POINT('',(-37.2455990282,-136.5930399052,
    6.328505162555));
#3865 = CARTESIAN_POINT('',(-37.45177440315,-136.5975168154,
    6.571897002431));
#3866 = CARTESIAN_POINT('',(-37.6698366289,-136.6,6.809958243909));
#3867 = CARTESIAN_POINT('',(-37.9,-136.6,7.042016756583));
#3868 = ORIENTED_EDGE('',*,*,#3869,.F.);
#3869 = EDGE_CURVE('',#3768,#3853,#3870,.T.);
#3870 = LINE('',#3871,#3872);
#3871 = CARTESIAN_POINT('',(-37.9,-136.6,12.5));
#3872 = VECTOR('',#3873,1.);
#3873 = DIRECTION('',(1.224646799147E-16,0.,-1.));
#3874 = CYLINDRICAL_SURFACE('',#3875,25.6);
#3875 = AXIS2_PLACEMENT_3D('',#3876,#3877,#3878);
#3876 = CARTESIAN_POINT('',(-37.9,-111.,12.5));
#3877 = DIRECTION('',(-1.224646799147E-16,-0.,1.));
#3878 = DIRECTION('',(-1.,0.,-1.224646799147E-16));
#3879 = ADVANCED_FACE('',(#3880),#3891,.T.);
#3880 = FACE_BOUND('',#3881,.T.);
#3881 = EDGE_LOOP('',(#3882,#3883,#3889,#3890));
#3882 = ORIENTED_EDGE('',*,*,#3707,.F.);
#3883 = ORIENTED_EDGE('',*,*,#3884,.T.);
#3884 = EDGE_CURVE('',#3699,#2605,#3885,.T.);
#3885 = LINE('',#3886,#3887);
#3886 = CARTESIAN_POINT('',(-10.23847763108,-58.93847763108,12.5));
#3887 = VECTOR('',#3888,1.);
#3888 = DIRECTION('',(1.224646799147E-16,0.,-1.));
#3889 = ORIENTED_EDGE('',*,*,#2604,.T.);
#3890 = ORIENTED_EDGE('',*,*,#1199,.F.);
#3891 = PLANE('',#3892);
#3892 = AXIS2_PLACEMENT_3D('',#3893,#3894,#3895);
#3893 = CARTESIAN_POINT('',(-10.23847763108,-58.93847763108,12.5));
#3894 = DIRECTION('',(-0.707106781187,0.707106781187,-8.659560562355E-17
    ));
#3895 = DIRECTION('',(-0.707106781187,-0.707106781187,
    -8.659560562355E-17));
#3896 = ADVANCED_FACE('',(#3897),#3908,.F.);
#3897 = FACE_BOUND('',#3898,.F.);
#3898 = EDGE_LOOP('',(#3899,#3900,#3901,#3907));
#3899 = ORIENTED_EDGE('',*,*,#1345,.T.);
#3900 = ORIENTED_EDGE('',*,*,#2457,.T.);
#3901 = ORIENTED_EDGE('',*,*,#3902,.F.);
#3902 = EDGE_CURVE('',#2589,#2450,#3903,.T.);
#3903 = LINE('',#3904,#3905);
#3904 = CARTESIAN_POINT('',(-14.8,-54.,-2.5));
#3905 = VECTOR('',#3906,1.);
#3906 = DIRECTION('',(1.224646799147E-16,0.,-1.));
#3907 = ORIENTED_EDGE('',*,*,#2596,.F.);
#3908 = PLANE('',#3909);
#3909 = AXIS2_PLACEMENT_3D('',#3910,#3911,#3912);
#3910 = CARTESIAN_POINT('',(-14.8,-62.,-2.5));
#3911 = DIRECTION('',(1.,0.,1.224646799147E-16));
#3912 = DIRECTION('',(0.,1.,0.));
#3913 = ADVANCED_FACE('',(#3914),#3925,.T.);
#3914 = FACE_BOUND('',#3915,.T.);
#3915 = EDGE_LOOP('',(#3916,#3917,#3918,#3924));
#3916 = ORIENTED_EDGE('',*,*,#1329,.T.);
#3917 = ORIENTED_EDGE('',*,*,#2377,.T.);
#3918 = ORIENTED_EDGE('',*,*,#3919,.F.);
#3919 = EDGE_CURVE('',#2317,#2378,#3920,.T.);
#3920 = LINE('',#3921,#3922);
#3921 = CARTESIAN_POINT('',(-55.2,-54.,-2.5));
#3922 = VECTOR('',#3923,1.);
#3923 = DIRECTION('',(1.224646799147E-16,0.,-1.));
#3924 = ORIENTED_EDGE('',*,*,#2324,.F.);
#3925 = PLANE('',#3926);
#3926 = AXIS2_PLACEMENT_3D('',#3927,#3928,#3929);
#3927 = CARTESIAN_POINT('',(-55.2,-62.,-2.5));
#3928 = DIRECTION('',(1.,0.,1.224646799147E-16));
#3929 = DIRECTION('',(0.,1.,0.));
#3930 = ADVANCED_FACE('',(#3931),#3942,.T.);
#3931 = FACE_BOUND('',#3932,.F.);
#3932 = EDGE_LOOP('',(#3933,#3934,#3935,#3941));
#3933 = ORIENTED_EDGE('',*,*,#1458,.T.);
#3934 = ORIENTED_EDGE('',*,*,#1401,.F.);
#3935 = ORIENTED_EDGE('',*,*,#3936,.T.);
#3936 = EDGE_CURVE('',#1394,#1525,#3937,.T.);
#3937 = LINE('',#3938,#3939);
#3938 = CARTESIAN_POINT('',(1.119363540287E-13,-86.05,-14.75));
#3939 = VECTOR('',#3940,1.);
#3940 = DIRECTION('',(1.,-0.,1.224646799147E-16));
#3941 = ORIENTED_EDGE('',*,*,#1524,.F.);
#3942 = PLANE('',#3943);
#3943 = AXIS2_PLACEMENT_3D('',#3944,#3945,#3946);
#3944 = CARTESIAN_POINT('',(24.833333333333,-55.33333333333,-14.75));
#3945 = DIRECTION('',(1.224646799147E-16,0.,-1.));
#3946 = DIRECTION('',(-1.,0.,-1.224646799147E-16));
#3947 = ADVANCED_FACE('',(#3948),#3954,.F.);
#3948 = FACE_BOUND('',#3949,.T.);
#3949 = EDGE_LOOP('',(#3950,#3951,#3952,#3953));
#3950 = ORIENTED_EDGE('',*,*,#3174,.F.);
#3951 = ORIENTED_EDGE('',*,*,#1393,.F.);
#3952 = ORIENTED_EDGE('',*,*,#3936,.T.);
#3953 = ORIENTED_EDGE('',*,*,#1532,.F.);
#3954 = PLANE('',#3955);
#3955 = AXIS2_PLACEMENT_3D('',#3956,#3957,#3958);
#3956 = CARTESIAN_POINT('',(1.119669701987E-13,-86.05,-15.));
#3957 = DIRECTION('',(0.,-1.,0.));
#3958 = DIRECTION('',(-1.,0.,-1.224646799147E-16));
#3959 = ADVANCED_FACE('',(#3960),#3971,.F.);
#3960 = FACE_BOUND('',#3961,.F.);
#3961 = EDGE_LOOP('',(#3962,#3963,#3969,#3970));
#3962 = ORIENTED_EDGE('',*,*,#3448,.T.);
#3963 = ORIENTED_EDGE('',*,*,#3964,.T.);
#3964 = EDGE_CURVE('',#3449,#3159,#3965,.T.);
#3965 = LINE('',#3966,#3967);
#3966 = CARTESIAN_POINT('',(5.25,-93.2,-14.));
#3967 = VECTOR('',#3968,1.);
#3968 = DIRECTION('',(1.224646799147E-16,0.,-1.));
#3969 = ORIENTED_EDGE('',*,*,#3166,.F.);
#3970 = ORIENTED_EDGE('',*,*,#1377,.F.);
#3971 = CYLINDRICAL_SURFACE('',#3972,4.65);
#3972 = AXIS2_PLACEMENT_3D('',#3973,#3974,#3975);
#3973 = CARTESIAN_POINT('',(5.25,-88.55,12.5));
#3974 = DIRECTION('',(-1.224646799147E-16,0.,1.));
#3975 = DIRECTION('',(1.,-0.,1.224646799147E-16));
#3976 = ADVANCED_FACE('',(#3977),#3996,.T.);
#3977 = FACE_BOUND('',#3978,.T.);
#3978 = EDGE_LOOP('',(#3979,#3988,#3994,#3995));
#3979 = ORIENTED_EDGE('',*,*,#3980,.T.);
#3980 = EDGE_CURVE('',#3617,#3981,#3983,.T.);
#3981 = VERTEX_POINT('',#3982);
#3982 = CARTESIAN_POINT('',(10.5,-71.66987298107,10.));
#3983 = CIRCLE('',#3984,5.);
#3984 = AXIS2_PLACEMENT_3D('',#3985,#3986,#3987);
#3985 = CARTESIAN_POINT('',(10.5,-67.33974596215,7.5));
#3986 = DIRECTION('',(1.,-0.,1.224646799147E-16));
#3987 = DIRECTION('',(0.,1.,0.));
#3988 = ORIENTED_EDGE('',*,*,#3989,.T.);
#3989 = EDGE_CURVE('',#3981,#1565,#3990,.T.);
#3990 = LINE('',#3991,#3992);
#3991 = CARTESIAN_POINT('',(-1.224646799147E-15,-71.66987298107,10.));
#3992 = VECTOR('',#3993,1.);
#3993 = DIRECTION('',(1.,-0.,1.224646799147E-16));
#3994 = ORIENTED_EDGE('',*,*,#1573,.F.);
#3995 = ORIENTED_EDGE('',*,*,#3624,.F.);
#3996 = CYLINDRICAL_SURFACE('',#3997,5.);
#3997 = AXIS2_PLACEMENT_3D('',#3998,#3999,#4000);
#3998 = CARTESIAN_POINT('',(-9.184850993605E-16,-67.33974596215,7.5));
#3999 = DIRECTION('',(-1.,0.,-1.224646799147E-16));
#4000 = DIRECTION('',(0.,1.,0.));
#4001 = ADVANCED_FACE('',(#4002),#4014,.F.);
#4002 = FACE_BOUND('',#4003,.F.);
#4003 = EDGE_LOOP('',(#4004,#4011,#4012,#4013));
#4004 = ORIENTED_EDGE('',*,*,#4005,.T.);
#4005 = EDGE_CURVE('',#3333,#3981,#4006,.T.);
#4006 = CIRCLE('',#4007,5.);
#4007 = AXIS2_PLACEMENT_3D('',#4008,#4009,#4010);
#4008 = CARTESIAN_POINT('',(10.5,-76.,12.5));
#4009 = DIRECTION('',(1.,-0.,1.224646799147E-16));
#4010 = DIRECTION('',(0.,1.,0.));
#4011 = ORIENTED_EDGE('',*,*,#3989,.T.);
#4012 = ORIENTED_EDGE('',*,*,#1564,.F.);
#4013 = ORIENTED_EDGE('',*,*,#3332,.F.);
#4014 = CYLINDRICAL_SURFACE('',#4015,5.);
#4015 = AXIS2_PLACEMENT_3D('',#4016,#4017,#4018);
#4016 = CARTESIAN_POINT('',(-1.530808498934E-15,-76.,12.5));
#4017 = DIRECTION('',(-1.,0.,-1.224646799147E-16));
#4018 = DIRECTION('',(0.,1.,0.));
#4019 = ADVANCED_FACE('',(#4020),#4132,.F.);
#4020 = FACE_BOUND('',#4021,.F.);
#4021 = EDGE_LOOP('',(#4022,#4033,#4064,#4081,#4082,#4083,#4084,#4092,
    #4101,#4109,#4126));
#4022 = ORIENTED_EDGE('',*,*,#4023,.F.);
#4023 = EDGE_CURVE('',#4024,#4026,#4028,.T.);
#4024 = VERTEX_POINT('',#4025);
#4025 = CARTESIAN_POINT('',(17.648668106266,-126.6602540378,12.5));
#4026 = VERTEX_POINT('',#4027);
#4027 = CARTESIAN_POINT('',(37.9,-136.6,12.5));
#4028 = CIRCLE('',#4029,25.6);
#4029 = AXIS2_PLACEMENT_3D('',#4030,#4031,#4032);
#4030 = CARTESIAN_POINT('',(37.9,-111.,12.5));
#4031 = DIRECTION('',(-1.224646799147E-16,0.,1.));
#4032 = DIRECTION('',(1.,-0.,1.224646799147E-16));
#4033 = ORIENTED_EDGE('',*,*,#4034,.T.);
#4034 = EDGE_CURVE('',#4024,#4035,#4037,.T.);
#4035 = VERTEX_POINT('',#4036);
#4036 = CARTESIAN_POINT('',(14.943775969574,-122.3301270189,10.));
#4037 = B_SPLINE_CURVE_WITH_KNOTS('',5,(#4038,#4039,#4040,#4041,#4042,
    #4043,#4044,#4045,#4046,#4047,#4048,#4049,#4050,#4051,#4052,#4053,
    #4054,#4055,#4056,#4057,#4058,#4059,#4060,#4061,#4062,#4063),
  .UNSPECIFIED.,.F.,.F.,(6,4,4,4,4,4,6),(0.,0.179539656718,
    0.281574952243,0.504518457556,0.709185849816,0.811889305437,1.),
  .UNSPECIFIED.);
#4038 = CARTESIAN_POINT('',(17.648668106266,-126.6602540378,12.5));
#4039 = CARTESIAN_POINT('',(17.51421765587,-126.4863870821,12.5));
#4040 = CARTESIAN_POINT('',(17.381108236109,-126.3103985943,
    12.492442539188));
#4041 = CARTESIAN_POINT('',(17.249768717088,-126.1327824305,
    12.476958909303));
#4042 = CARTESIAN_POINT('',(17.120588003714,-125.9540700142,
    12.4532283482));
#4043 = CARTESIAN_POINT('',(16.921924735804,-125.6729655234,
    12.402649667141));
#4044 = CARTESIAN_POINT('',(16.850758058349,-125.570949854,
    12.381573357474));
#4045 = CARTESIAN_POINT('',(16.780492266217,-125.4689071885,
    12.357703404651));
#4046 = CARTESIAN_POINT('',(16.711204454574,-125.3669738265,
    12.331007839202));
#4047 = CARTESIAN_POINT('',(16.493885073926,-125.0431415384,
    12.236925862416));
#4048 = CARTESIAN_POINT('',(16.349768772536,-124.8221187001,
    12.158779485811));
#4049 = CARTESIAN_POINT('',(16.211552918631,-124.6039627917,
    12.066882070651));
#4050 = CARTESIAN_POINT('',(16.079910231961,-124.3903782812,
    11.96146647423));
#4051 = CARTESIAN_POINT('',(15.840918452316,-123.9925464636,
    11.734547211788));
#4052 = CARTESIAN_POINT('',(15.732513362007,-123.8074139921,
    11.615119031116));
#4053 = CARTESIAN_POINT('',(15.63043155837,-123.6287697401,
    11.48536744543));
#4054 = CARTESIAN_POINT('',(15.534857072687,-123.4577171413,
    11.346042456796));
#4055 = CARTESIAN_POINT('',(15.401205240807,-123.21363501,
    11.123944805988));
#4056 = CARTESIAN_POINT('',(15.358196359779,-123.1342106606,
    11.047564156253));
#4057 = CARTESIAN_POINT('',(15.316838371171,-123.057023696,
    10.969128074684));
#4058 = CARTESIAN_POINT('',(15.277124792795,-122.9821625246,
    10.888753413195));
#4059 = CARTESIAN_POINT('',(15.16928618441,-122.7769746033,
    10.656013401737));
#4060 = CARTESIAN_POINT('',(15.105021850966,-122.6523372135,
    10.499412750003));
#4061 = CARTESIAN_POINT('',(15.046113655122,-122.5361431938,
    10.337406996913));
#4062 = CARTESIAN_POINT('',(14.992414658778,-122.4286749561,
    10.170690034208));
#4063 = CARTESIAN_POINT('',(14.943775969574,-122.3301270189,10.));
#4064 = ORIENTED_EDGE('',*,*,#4065,.F.);
#4065 = EDGE_CURVE('',#3317,#4035,#4066,.T.);
#4066 = B_SPLINE_CURVE_WITH_KNOTS('',7,(#4067,#4068,#4069,#4070,#4071,
    #4072,#4073,#4074,#4075,#4076,#4077,#4078,#4079,#4080),
  .UNSPECIFIED.,.F.,.F.,(8,6,8),(0.,0.35873957159,1.),.UNSPECIFIED.);
#4067 = CARTESIAN_POINT('',(13.275621835263,-118.,7.5));
#4068 = CARTESIAN_POINT('',(13.361995670899,-118.3038431417,7.5));
#4069 = CARTESIAN_POINT('',(13.452142591896,-118.6043292696,
    7.521541360286));
#4070 = CARTESIAN_POINT('',(13.545329700354,-118.8992949801,
    7.563767952073));
#4071 = CARTESIAN_POINT('',(13.640656652562,-119.1866909409,
    7.62550000561));
#4072 = CARTESIAN_POINT('',(13.737090666797,-119.4646356342,
    7.705242586947));
#4073 = CARTESIAN_POINT('',(13.83352209052,-119.7314594961,
    7.801190108239));
#4074 = CARTESIAN_POINT('',(14.099225804398,-120.4402744057,
    8.107921709811));
#4075 = CARTESIAN_POINT('',(14.266622245513,-120.8562423394,
    8.350290424533));
#4076 = CARTESIAN_POINT('',(14.42723830654,-121.2319619166,
    8.629786005701));
#4077 = CARTESIAN_POINT('',(14.577739249189,-121.5670123065,
    8.939568600958));
#4078 = CARTESIAN_POINT('',(14.715398810538,-121.8615256515,
    9.274088977243));
#4079 = CARTESIAN_POINT('',(14.838004301947,-122.1158206749,
    9.628810523861));
#4080 = CARTESIAN_POINT('',(14.943775969574,-122.3301270189,10.));
#4081 = ORIENTED_EDGE('',*,*,#3324,.T.);
#4082 = ORIENTED_EDGE('',*,*,#1548,.T.);
#4083 = ORIENTED_EDGE('',*,*,#3181,.T.);
#4084 = ORIENTED_EDGE('',*,*,#4085,.T.);
#4085 = EDGE_CURVE('',#3182,#4086,#4088,.T.);
#4086 = VERTEX_POINT('',#4087);
#4087 = CARTESIAN_POINT('',(27.98032258589,-134.6,-13.5));
#4088 = LINE('',#4089,#4090);
#4089 = CARTESIAN_POINT('',(27.98032258589,-134.6,12.5));
#4090 = VECTOR('',#4091,1.);
#4091 = DIRECTION('',(-1.224646799147E-16,0.,1.));
#4092 = ORIENTED_EDGE('',*,*,#4093,.F.);
#4093 = EDGE_CURVE('',#4094,#4086,#4096,.T.);
#4094 = VERTEX_POINT('',#4095);
#4095 = CARTESIAN_POINT('',(35.,-136.4352118135,-13.5));
#4096 = CIRCLE('',#4097,25.6);
#4097 = AXIS2_PLACEMENT_3D('',#4098,#4099,#4100);
#4098 = CARTESIAN_POINT('',(37.9,-111.,-13.5));
#4099 = DIRECTION('',(1.224646799147E-16,0.,-1.));
#4100 = DIRECTION('',(1.,0.,1.224646799147E-16));
#4101 = ORIENTED_EDGE('',*,*,#4102,.T.);
#4102 = EDGE_CURVE('',#4094,#4103,#4105,.T.);
#4103 = VERTEX_POINT('',#4104);
#4104 = CARTESIAN_POINT('',(35.,-136.4352118135,3.286263797016E-15));
#4105 = LINE('',#4106,#4107);
#4106 = CARTESIAN_POINT('',(35.,-136.4352118135,12.5));
#4107 = VECTOR('',#4108,1.);
#4108 = DIRECTION('',(-1.224646799147E-16,0.,1.));
#4109 = ORIENTED_EDGE('',*,*,#4110,.T.);
#4110 = EDGE_CURVE('',#4103,#4111,#4113,.T.);
#4111 = VERTEX_POINT('',#4112);
#4112 = CARTESIAN_POINT('',(37.9,-136.6,7.042016756583));
#4113 = B_SPLINE_CURVE_WITH_KNOTS('',6,(#4114,#4115,#4116,#4117,#4118,
    #4119,#4120,#4121,#4122,#4123,#4124,#4125),.UNSPECIFIED.,.F.,.F.,(7,
    5,7),(0.,0.771458950441,1.),.UNSPECIFIED.);
#4114 = CARTESIAN_POINT('',(35.,-136.4352118135,2.506263797016E-15));
#4115 = CARTESIAN_POINT('',(35.,-136.4352118135,0.958518155946));
#4116 = CARTESIAN_POINT('',(35.110249504703,-136.447782373,1.91607239659
    ));
#4117 = CARTESIAN_POINT('',(35.330344835691,-136.4728739056,
    2.865686600651));
#4118 = CARTESIAN_POINT('',(35.663576808941,-136.5072466528,
    3.799702183731));
#4119 = CARTESIAN_POINT('',(36.116166270694,-136.5443755688,
    4.707563018419));
#4120 = CARTESIAN_POINT('',(36.868033651313,-136.5797700794,
    5.828055069627));
#4121 = CARTESIAN_POINT('',(37.051092340473,-136.5869990246,
    6.08038231327));
#4122 = CARTESIAN_POINT('',(37.245599028202,-136.5930399052,
    6.328505162555));
#4123 = CARTESIAN_POINT('',(37.45177440315,-136.5975168154,
    6.571897002431));
#4124 = CARTESIAN_POINT('',(37.669836628907,-136.6,6.809958243909));
#4125 = CARTESIAN_POINT('',(37.9,-136.6,7.042016756583));
#4126 = ORIENTED_EDGE('',*,*,#4127,.F.);
#4127 = EDGE_CURVE('',#4026,#4111,#4128,.T.);
#4128 = LINE('',#4129,#4130);
#4129 = CARTESIAN_POINT('',(37.9,-136.6,12.5));
#4130 = VECTOR('',#4131,1.);
#4131 = DIRECTION('',(1.224646799147E-16,0.,-1.));
#4132 = CYLINDRICAL_SURFACE('',#4133,25.6);
#4133 = AXIS2_PLACEMENT_3D('',#4134,#4135,#4136);
#4134 = CARTESIAN_POINT('',(37.9,-111.,12.5));
#4135 = DIRECTION('',(-1.224646799147E-16,0.,1.));
#4136 = DIRECTION('',(1.,-0.,1.224646799147E-16));
#4137 = ADVANCED_FACE('',(#4138),#4149,.T.);
#4138 = FACE_BOUND('',#4139,.F.);
#4139 = EDGE_LOOP('',(#4140,#4141,#4147,#4148));
#4140 = ORIENTED_EDGE('',*,*,#3631,.F.);
#4141 = ORIENTED_EDGE('',*,*,#4142,.T.);
#4142 = EDGE_CURVE('',#3632,#2672,#4143,.T.);
#4143 = LINE('',#4144,#4145);
#4144 = CARTESIAN_POINT('',(10.238477631085,-58.93847763108,12.5));
#4145 = VECTOR('',#4146,1.);
#4146 = DIRECTION('',(1.224646799147E-16,0.,-1.));
#4147 = ORIENTED_EDGE('',*,*,#2680,.T.);
#4148 = ORIENTED_EDGE('',*,*,#1500,.F.);
#4149 = PLANE('',#4150);
#4150 = AXIS2_PLACEMENT_3D('',#4151,#4152,#4153);
#4151 = CARTESIAN_POINT('',(10.238477631085,-58.93847763108,12.5));
#4152 = DIRECTION('',(0.707106781187,0.707106781187,8.659560562355E-17)
  );
#4153 = DIRECTION('',(-0.707106781187,0.707106781187,-8.659560562355E-17
    ));
#4154 = ADVANCED_FACE('',(#4155),#4166,.F.);
#4155 = FACE_BOUND('',#4156,.T.);
#4156 = EDGE_LOOP('',(#4157,#4158,#4159,#4165));
#4157 = ORIENTED_EDGE('',*,*,#1621,.T.);
#4158 = ORIENTED_EDGE('',*,*,#2886,.T.);
#4159 = ORIENTED_EDGE('',*,*,#4160,.F.);
#4160 = EDGE_CURVE('',#2689,#2879,#4161,.T.);
#4161 = LINE('',#4162,#4163);
#4162 = CARTESIAN_POINT('',(14.8,-54.,-2.5));
#4163 = VECTOR('',#4164,1.);
#4164 = DIRECTION('',(1.224646799147E-16,0.,-1.));
#4165 = ORIENTED_EDGE('',*,*,#2688,.F.);
#4166 = PLANE('',#4167);
#4167 = AXIS2_PLACEMENT_3D('',#4168,#4169,#4170);
#4168 = CARTESIAN_POINT('',(14.8,-62.,-2.5));
#4169 = DIRECTION('',(-1.,0.,-1.224646799147E-16));
#4170 = DIRECTION('',(-0.,-1.,0.));
#4171 = ADVANCED_FACE('',(#4172),#4183,.T.);
#4172 = FACE_BOUND('',#4173,.F.);
#4173 = EDGE_LOOP('',(#4174,#4175,#4176,#4182));
#4174 = ORIENTED_EDGE('',*,*,#1605,.T.);
#4175 = ORIENTED_EDGE('',*,*,#2806,.T.);
#4176 = ORIENTED_EDGE('',*,*,#4177,.F.);
#4177 = EDGE_CURVE('',#3019,#2807,#4178,.T.);
#4178 = LINE('',#4179,#4180);
#4179 = CARTESIAN_POINT('',(55.2,-54.,-2.5));
#4180 = VECTOR('',#4181,1.);
#4181 = DIRECTION('',(1.224646799147E-16,0.,-1.));
#4182 = ORIENTED_EDGE('',*,*,#3026,.F.);
#4183 = PLANE('',#4184);
#4184 = AXIS2_PLACEMENT_3D('',#4185,#4186,#4187);
#4185 = CARTESIAN_POINT('',(55.2,-62.,-2.5));
#4186 = DIRECTION('',(-1.,0.,-1.224646799147E-16));
#4187 = DIRECTION('',(-0.,-1.,0.));
#4188 = ADVANCED_FACE('',(#4189),#4216,.T.);
#4189 = FACE_BOUND('',#4190,.F.);
#4190 = EDGE_LOOP('',(#4191,#4192,#4193,#4201,#4210));
#4191 = ORIENTED_EDGE('',*,*,#1776,.T.);
#4192 = ORIENTED_EDGE('',*,*,#1749,.T.);
#4193 = ORIENTED_EDGE('',*,*,#4194,.F.);
#4194 = EDGE_CURVE('',#4195,#1750,#4197,.T.);
#4195 = VERTEX_POINT('',#4196);
#4196 = CARTESIAN_POINT('',(60.459117186754,-55.53623969787,-4.5));
#4197 = LINE('',#4198,#4199);
#4198 = CARTESIAN_POINT('',(62.206329386826,-58.5625,-4.5));
#4199 = VECTOR('',#4200,1.);
#4200 = DIRECTION('',(-0.5,0.866025403784,-6.123233995737E-17));
#4201 = ORIENTED_EDGE('',*,*,#4202,.F.);
#4202 = EDGE_CURVE('',#4203,#4195,#4205,.T.);
#4203 = VERTEX_POINT('',#4204);
#4204 = CARTESIAN_POINT('',(61.247212200067,-56.90126030212,-4.5));
#4205 = CIRCLE('',#4206,1.75);
#4206 = AXIS2_PLACEMENT_3D('',#4207,#4208,#4209);
#4207 = CARTESIAN_POINT('',(59.5,-56.99999999999,-4.5));
#4208 = DIRECTION('',(-1.224646799147E-16,0.,1.));
#4209 = DIRECTION('',(1.,-0.,1.224646799147E-16));
#4210 = ORIENTED_EDGE('',*,*,#4211,.F.);
#4211 = EDGE_CURVE('',#1768,#4203,#4212,.T.);
#4212 = LINE('',#4213,#4214);
#4213 = CARTESIAN_POINT('',(62.206329386826,-58.5625,-4.5));
#4214 = VECTOR('',#4215,1.);
#4215 = DIRECTION('',(-0.5,0.866025403784,-6.123233995737E-17));
#4216 = PLANE('',#4217);
#4217 = AXIS2_PLACEMENT_3D('',#4218,#4219,#4220);
#4218 = CARTESIAN_POINT('',(29.75,-55.,-4.5));
#4219 = DIRECTION('',(1.224646799147E-16,0.,-1.));
#4220 = DIRECTION('',(-1.,0.,-1.224646799147E-16));
#4221 = ADVANCED_FACE('',(#4222),#4248,.T.);
#4222 = FACE_BOUND('',#4223,.F.);
#4223 = EDGE_LOOP('',(#4224,#4225,#4233,#4242));
#4224 = ORIENTED_EDGE('',*,*,#1767,.T.);
#4225 = ORIENTED_EDGE('',*,*,#4226,.F.);
#4226 = EDGE_CURVE('',#4227,#1768,#4229,.T.);
#4227 = VERTEX_POINT('',#4228);
#4228 = CARTESIAN_POINT('',(60.288095013295,-58.5625,-4.5));
#4229 = LINE('',#4230,#4231);
#4230 = CARTESIAN_POINT('',(56.793670613174,-58.5625,-4.5));
#4231 = VECTOR('',#4232,1.);
#4232 = DIRECTION('',(1.,-0.,1.224646799147E-16));
#4233 = ORIENTED_EDGE('',*,*,#4234,.F.);
#4234 = EDGE_CURVE('',#4235,#4227,#4237,.T.);
#4235 = VERTEX_POINT('',#4236);
#4236 = CARTESIAN_POINT('',(58.711904986705,-58.5625,-4.5));
#4237 = CIRCLE('',#4238,1.75);
#4238 = AXIS2_PLACEMENT_3D('',#4239,#4240,#4241);
#4239 = CARTESIAN_POINT('',(59.5,-56.99999999999,-4.5));
#4240 = DIRECTION('',(-1.224646799147E-16,0.,1.));
#4241 = DIRECTION('',(1.,-0.,1.224646799147E-16));
#4242 = ORIENTED_EDGE('',*,*,#4243,.F.);
#4243 = EDGE_CURVE('',#1759,#4235,#4244,.T.);
#4244 = LINE('',#4245,#4246);
#4245 = CARTESIAN_POINT('',(56.793670613174,-58.5625,-4.5));
#4246 = VECTOR('',#4247,1.);
#4247 = DIRECTION('',(1.,-0.,1.224646799147E-16));
#4248 = PLANE('',#4249);
#4249 = AXIS2_PLACEMENT_3D('',#4250,#4251,#4252);
#4250 = CARTESIAN_POINT('',(29.75,-55.,-4.5));
#4251 = DIRECTION('',(1.224646799147E-16,0.,-1.));
#4252 = DIRECTION('',(-1.,0.,-1.224646799147E-16));
#4253 = ADVANCED_FACE('',(#4254),#4280,.T.);
#4254 = FACE_BOUND('',#4255,.F.);
#4255 = EDGE_LOOP('',(#4256,#4264,#4265,#4273));
#4256 = ORIENTED_EDGE('',*,*,#4257,.F.);
#4257 = EDGE_CURVE('',#1750,#4258,#4260,.T.);
#4258 = VERTEX_POINT('',#4259);
#4259 = CARTESIAN_POINT('',(58.540882813246,-55.53623969787,-4.5));
#4260 = LINE('',#4261,#4262);
#4261 = CARTESIAN_POINT('',(59.5,-53.875,-4.5));
#4262 = VECTOR('',#4263,1.);
#4263 = DIRECTION('',(-0.5,-0.866025403784,-6.123233995737E-17));
#4264 = ORIENTED_EDGE('',*,*,#1758,.T.);
#4265 = ORIENTED_EDGE('',*,*,#4266,.F.);
#4266 = EDGE_CURVE('',#4267,#1759,#4269,.T.);
#4267 = VERTEX_POINT('',#4268);
#4268 = CARTESIAN_POINT('',(57.752787799933,-56.90126030212,-4.5));
#4269 = LINE('',#4270,#4271);
#4270 = CARTESIAN_POINT('',(59.5,-53.875,-4.5));
#4271 = VECTOR('',#4272,1.);
#4272 = DIRECTION('',(-0.5,-0.866025403784,-6.123233995737E-17));
#4273 = ORIENTED_EDGE('',*,*,#4274,.F.);
#4274 = EDGE_CURVE('',#4258,#4267,#4275,.T.);
#4275 = CIRCLE('',#4276,1.75);
#4276 = AXIS2_PLACEMENT_3D('',#4277,#4278,#4279);
#4277 = CARTESIAN_POINT('',(59.5,-56.99999999999,-4.5));
#4278 = DIRECTION('',(-1.224646799147E-16,0.,1.));
#4279 = DIRECTION('',(1.,-0.,1.224646799147E-16));
#4280 = PLANE('',#4281);
#4281 = AXIS2_PLACEMENT_3D('',#4282,#4283,#4284);
#4282 = CARTESIAN_POINT('',(29.75,-55.,-4.5));
#4283 = DIRECTION('',(1.224646799147E-16,0.,-1.));
#4284 = DIRECTION('',(-1.,0.,-1.224646799147E-16));
#4285 = ADVANCED_FACE('',(#4286),#4313,.T.);
#4286 = FACE_BOUND('',#4287,.T.);
#4287 = EDGE_LOOP('',(#4288,#4296,#4297,#4298,#4306));
#4288 = ORIENTED_EDGE('',*,*,#4289,.F.);
#4289 = EDGE_CURVE('',#1870,#4290,#4292,.T.);
#4290 = VERTEX_POINT('',#4291);
#4291 = CARTESIAN_POINT('',(-1.747212200067,-52.90126030211,-4.5));
#4292 = LINE('',#4293,#4294);
#4293 = CARTESIAN_POINT('',(-2.70632938683,-54.5625,-4.5));
#4294 = VECTOR('',#4295,1.);
#4295 = DIRECTION('',(0.5,0.866025403784,6.123233995737E-17));
#4296 = ORIENTED_EDGE('',*,*,#1878,.T.);
#4297 = ORIENTED_EDGE('',*,*,#1833,.T.);
#4298 = ORIENTED_EDGE('',*,*,#4299,.F.);
#4299 = EDGE_CURVE('',#4300,#1834,#4302,.T.);
#4300 = VERTEX_POINT('',#4301);
#4301 = CARTESIAN_POINT('',(-0.959117186761,-51.53623969788,-4.5));
#4302 = LINE('',#4303,#4304);
#4303 = CARTESIAN_POINT('',(-2.70632938683,-54.5625,-4.5));
#4304 = VECTOR('',#4305,1.);
#4305 = DIRECTION('',(0.5,0.866025403784,6.123233995737E-17));
#4306 = ORIENTED_EDGE('',*,*,#4307,.F.);
#4307 = EDGE_CURVE('',#4290,#4300,#4308,.T.);
#4308 = CIRCLE('',#4309,1.75);
#4309 = AXIS2_PLACEMENT_3D('',#4310,#4311,#4312);
#4310 = CARTESIAN_POINT('',(5.510910596163E-16,-53.,-4.5));
#4311 = DIRECTION('',(1.224646799147E-16,0.,-1.));
#4312 = DIRECTION('',(-1.,0.,-1.224646799147E-16));
#4313 = PLANE('',#4314);
#4314 = AXIS2_PLACEMENT_3D('',#4315,#4316,#4317);
#4315 = CARTESIAN_POINT('',(-29.75,-55.,-4.5));
#4316 = DIRECTION('',(1.224646799147E-16,0.,-1.));
#4317 = DIRECTION('',(-1.,0.,-1.224646799147E-16));
#4318 = ADVANCED_FACE('',(#4319),#4346,.T.);
#4319 = FACE_BOUND('',#4320,.F.);
#4320 = EDGE_LOOP('',(#4321,#4329,#4330,#4331,#4339));
#4321 = ORIENTED_EDGE('',*,*,#4322,.F.);
#4322 = EDGE_CURVE('',#1852,#4323,#4325,.T.);
#4323 = VERTEX_POINT('',#4324);
#4324 = CARTESIAN_POINT('',(1.747212200067,-52.90126030211,-4.5));
#4325 = LINE('',#4326,#4327);
#4326 = CARTESIAN_POINT('',(2.70632938683,-54.5625,-4.5));
#4327 = VECTOR('',#4328,1.);
#4328 = DIRECTION('',(-0.5,0.866025403784,-6.123233995737E-17));
#4329 = ORIENTED_EDGE('',*,*,#1851,.T.);
#4330 = ORIENTED_EDGE('',*,*,#1842,.T.);
#4331 = ORIENTED_EDGE('',*,*,#4332,.F.);
#4332 = EDGE_CURVE('',#4333,#1834,#4335,.T.);
#4333 = VERTEX_POINT('',#4334);
#4334 = CARTESIAN_POINT('',(0.959117186761,-51.53623969788,-4.5));
#4335 = LINE('',#4336,#4337);
#4336 = CARTESIAN_POINT('',(2.70632938683,-54.5625,-4.5));
#4337 = VECTOR('',#4338,1.);
#4338 = DIRECTION('',(-0.5,0.866025403784,-6.123233995737E-17));
#4339 = ORIENTED_EDGE('',*,*,#4340,.F.);
#4340 = EDGE_CURVE('',#4323,#4333,#4341,.T.);
#4341 = CIRCLE('',#4342,1.75);
#4342 = AXIS2_PLACEMENT_3D('',#4343,#4344,#4345);
#4343 = CARTESIAN_POINT('',(5.510910596163E-16,-53.,-4.5));
#4344 = DIRECTION('',(-1.224646799147E-16,0.,1.));
#4345 = DIRECTION('',(1.,-0.,1.224646799147E-16));
#4346 = PLANE('',#4347);
#4347 = AXIS2_PLACEMENT_3D('',#4348,#4349,#4350);
#4348 = CARTESIAN_POINT('',(29.75,-55.,-4.5));
#4349 = DIRECTION('',(1.224646799147E-16,0.,-1.));
#4350 = DIRECTION('',(-1.,0.,-1.224646799147E-16));
#4351 = ADVANCED_FACE('',(#4352),#4388,.T.);
#4352 = FACE_BOUND('',#4353,.T.);
#4353 = EDGE_LOOP('',(#4354,#4365,#4374,#4380,#4381,#4382));
#4354 = ORIENTED_EDGE('',*,*,#4355,.F.);
#4355 = EDGE_CURVE('',#4356,#4358,#4360,.T.);
#4356 = VERTEX_POINT('',#4357);
#4357 = CARTESIAN_POINT('',(5.510910596163E-16,-54.75,-4.5));
#4358 = VERTEX_POINT('',#4359);
#4359 = CARTESIAN_POINT('',(-0.788095013299,-54.5625,-4.5));
#4360 = CIRCLE('',#4361,1.75);
#4361 = AXIS2_PLACEMENT_3D('',#4362,#4363,#4364);
#4362 = CARTESIAN_POINT('',(5.510910596163E-16,-53.,-4.5));
#4363 = DIRECTION('',(1.224646799147E-16,0.,-1.));
#4364 = DIRECTION('',(-1.,0.,-1.224646799147E-16));
#4365 = ORIENTED_EDGE('',*,*,#4366,.T.);
#4366 = EDGE_CURVE('',#4356,#4367,#4369,.T.);
#4367 = VERTEX_POINT('',#4368);
#4368 = CARTESIAN_POINT('',(0.788095013299,-54.5625,-4.5));
#4369 = CIRCLE('',#4370,1.75);
#4370 = AXIS2_PLACEMENT_3D('',#4371,#4372,#4373);
#4371 = CARTESIAN_POINT('',(5.510910596163E-16,-53.,-4.5));
#4372 = DIRECTION('',(-1.224646799147E-16,0.,1.));
#4373 = DIRECTION('',(1.,-0.,1.224646799147E-16));
#4374 = ORIENTED_EDGE('',*,*,#4375,.T.);
#4375 = EDGE_CURVE('',#4367,#1852,#4376,.T.);
#4376 = LINE('',#4377,#4378);
#4377 = CARTESIAN_POINT('',(-2.706329386828,-54.5625,-4.5));
#4378 = VECTOR('',#4379,1.);
#4379 = DIRECTION('',(1.,-0.,1.224646799147E-16));
#4380 = ORIENTED_EDGE('',*,*,#1860,.F.);
#4381 = ORIENTED_EDGE('',*,*,#1869,.T.);
#4382 = ORIENTED_EDGE('',*,*,#4383,.F.);
#4383 = EDGE_CURVE('',#4358,#1870,#4384,.T.);
#4384 = LINE('',#4385,#4386);
#4385 = CARTESIAN_POINT('',(2.706329386828,-54.5625,-4.5));
#4386 = VECTOR('',#4387,1.);
#4387 = DIRECTION('',(-1.,0.,-1.224646799147E-16));
#4388 = PLANE('',#4389);
#4389 = AXIS2_PLACEMENT_3D('',#4390,#4391,#4392);
#4390 = CARTESIAN_POINT('',(5.910910596163E-16,-55.12008181758,-4.5));
#4391 = DIRECTION('',(1.224646799147E-16,-1.11E-15,-1.));
#4392 = DIRECTION('',(1.359357947054E-31,1.,-1.11E-15));
#4393 = ADVANCED_FACE('',(#4394),#4406,.T.);
#4394 = FACE_BOUND('',#4395,.F.);
#4395 = EDGE_LOOP('',(#4396,#4397,#4398,#4399,#4400,#4401,#4402,#4403,
    #4404,#4405));
#4396 = ORIENTED_EDGE('',*,*,#2170,.T.);
#4397 = ORIENTED_EDGE('',*,*,#2153,.T.);
#4398 = ORIENTED_EDGE('',*,*,#2129,.T.);
#4399 = ORIENTED_EDGE('',*,*,#2105,.T.);
#4400 = ORIENTED_EDGE('',*,*,#2081,.T.);
#4401 = ORIENTED_EDGE('',*,*,#2057,.T.);
#4402 = ORIENTED_EDGE('',*,*,#2033,.T.);
#4403 = ORIENTED_EDGE('',*,*,#2009,.T.);
#4404 = ORIENTED_EDGE('',*,*,#1985,.T.);
#4405 = ORIENTED_EDGE('',*,*,#1954,.T.);
#4406 = PLANE('',#4407);
#4407 = AXIS2_PLACEMENT_3D('',#4408,#4409,#4410);
#4408 = CARTESIAN_POINT('',(0.676060954866,-68.83270223501,-14.5));
#4409 = DIRECTION('',(1.224646799147E-16,0.,-1.));
#4410 = DIRECTION('',(-1.,0.,-1.224646799147E-16));
#4411 = ADVANCED_FACE('',(#4412),#4437,.F.);
#4412 = FACE_BOUND('',#4413,.F.);
#4413 = EDGE_LOOP('',(#4414,#4415,#4423,#4431));
#4414 = ORIENTED_EDGE('',*,*,#2205,.F.);
#4415 = ORIENTED_EDGE('',*,*,#4416,.T.);
#4416 = EDGE_CURVE('',#856,#4417,#4419,.T.);
#4417 = VERTEX_POINT('',#4418);
#4418 = CARTESIAN_POINT('',(-62.20632938682,-58.5625,-4.25));
#4419 = LINE('',#4420,#4421);
#4420 = CARTESIAN_POINT('',(-62.20632938682,-58.5625,-4.5));
#4421 = VECTOR('',#4422,1.);
#4422 = DIRECTION('',(-1.224646799147E-16,-0.,1.));
#4423 = ORIENTED_EDGE('',*,*,#4424,.T.);
#4424 = EDGE_CURVE('',#4417,#4425,#4427,.T.);
#4425 = VERTEX_POINT('',#4426);
#4426 = CARTESIAN_POINT('',(-61.24721220006,-56.90126030212,-4.25));
#4427 = LINE('',#4428,#4429);
#4428 = CARTESIAN_POINT('',(-62.20632938682,-58.5625,-4.25));
#4429 = VECTOR('',#4430,1.);
#4430 = DIRECTION('',(0.5,0.866025403784,6.123233995737E-17));
#4431 = ORIENTED_EDGE('',*,*,#4432,.T.);
#4432 = EDGE_CURVE('',#4425,#2197,#4433,.T.);
#4433 = LINE('',#4434,#4435);
#4434 = CARTESIAN_POINT('',(-61.24721220006,-56.90126030212,-15.));
#4435 = VECTOR('',#4436,1.);
#4436 = DIRECTION('',(1.224646799147E-16,0.,-1.));
#4437 = PLANE('',#4438);
#4438 = AXIS2_PLACEMENT_3D('',#4439,#4440,#4441);
#4439 = CARTESIAN_POINT('',(-62.20632938682,-58.5625,-4.5));
#4440 = DIRECTION('',(-0.866025403784,0.5,-1.060575238725E-16));
#4441 = DIRECTION('',(0.5,0.866025403784,6.123233995737E-17));
#4442 = ADVANCED_FACE('',(#4443),#4527,.F.);
#4443 = FACE_BOUND('',#4444,.F.);
#4444 = EDGE_LOOP('',(#4445,#4446,#4447,#4456,#4462,#4463,#4464,#4473,
    #4479,#4480,#4488,#4497,#4503,#4504,#4512,#4521));
#4445 = ORIENTED_EDGE('',*,*,#2196,.F.);
#4446 = ORIENTED_EDGE('',*,*,#4432,.F.);
#4447 = ORIENTED_EDGE('',*,*,#4448,.F.);
#4448 = EDGE_CURVE('',#4449,#4425,#4451,.T.);
#4449 = VERTEX_POINT('',#4450);
#4450 = CARTESIAN_POINT('',(-61.25,-56.99999999999,-4.25));
#4451 = CIRCLE('',#4452,1.75);
#4452 = AXIS2_PLACEMENT_3D('',#4453,#4454,#4455);
#4453 = CARTESIAN_POINT('',(-59.5,-56.99999999999,-4.25));
#4454 = DIRECTION('',(1.224646799147E-16,0.,-1.));
#4455 = DIRECTION('',(-1.,0.,-1.224646799147E-16));
#4456 = ORIENTED_EDGE('',*,*,#4457,.T.);
#4457 = EDGE_CURVE('',#4449,#2336,#4458,.T.);
#4458 = LINE('',#4459,#4460);
#4459 = CARTESIAN_POINT('',(-61.25,-56.99999999999,-15.));
#4460 = VECTOR('',#4461,1.);
#4461 = DIRECTION('',(-1.224646799147E-16,-0.,1.));
#4462 = ORIENTED_EDGE('',*,*,#2335,.T.);
#4463 = ORIENTED_EDGE('',*,*,#4457,.F.);
#4464 = ORIENTED_EDGE('',*,*,#4465,.F.);
#4465 = EDGE_CURVE('',#4466,#4449,#4468,.T.);
#4466 = VERTEX_POINT('',#4467);
#4467 = CARTESIAN_POINT('',(-60.28809501329,-58.5625,-4.25));
#4468 = CIRCLE('',#4469,1.75);
#4469 = AXIS2_PLACEMENT_3D('',#4470,#4471,#4472);
#4470 = CARTESIAN_POINT('',(-59.5,-56.99999999999,-4.25));
#4471 = DIRECTION('',(1.224646799147E-16,0.,-1.));
#4472 = DIRECTION('',(-1.,0.,-1.224646799147E-16));
#4473 = ORIENTED_EDGE('',*,*,#4474,.T.);
#4474 = EDGE_CURVE('',#4466,#2221,#4475,.T.);
#4475 = LINE('',#4476,#4477);
#4476 = CARTESIAN_POINT('',(-60.28809501329,-58.5625,-15.));
#4477 = VECTOR('',#4478,1.);
#4478 = DIRECTION('',(1.224646799147E-16,0.,-1.));
#4479 = ORIENTED_EDGE('',*,*,#2228,.F.);
#4480 = ORIENTED_EDGE('',*,*,#4481,.F.);
#4481 = EDGE_CURVE('',#4482,#2229,#4484,.T.);
#4482 = VERTEX_POINT('',#4483);
#4483 = CARTESIAN_POINT('',(-58.7119049867,-58.5625,-4.25));
#4484 = LINE('',#4485,#4486);
#4485 = CARTESIAN_POINT('',(-58.7119049867,-58.5625,-15.));
#4486 = VECTOR('',#4487,1.);
#4487 = DIRECTION('',(1.224646799147E-16,0.,-1.));
#4488 = ORIENTED_EDGE('',*,*,#4489,.F.);
#4489 = EDGE_CURVE('',#4490,#4482,#4492,.T.);
#4490 = VERTEX_POINT('',#4491);
#4491 = CARTESIAN_POINT('',(-57.75278779993,-56.90126030212,-4.25));
#4492 = CIRCLE('',#4493,1.75);
#4493 = AXIS2_PLACEMENT_3D('',#4494,#4495,#4496);
#4494 = CARTESIAN_POINT('',(-59.5,-56.99999999999,-4.25));
#4495 = DIRECTION('',(1.224646799147E-16,0.,-1.));
#4496 = DIRECTION('',(-1.,0.,-1.224646799147E-16));
#4497 = ORIENTED_EDGE('',*,*,#4498,.T.);
#4498 = EDGE_CURVE('',#4490,#2261,#4499,.T.);
#4499 = LINE('',#4500,#4501);
#4500 = CARTESIAN_POINT('',(-57.75278779993,-56.90126030212,-15.));
#4501 = VECTOR('',#4502,1.);
#4502 = DIRECTION('',(1.224646799147E-16,0.,-1.));
#4503 = ORIENTED_EDGE('',*,*,#2268,.F.);
#4504 = ORIENTED_EDGE('',*,*,#4505,.F.);
#4505 = EDGE_CURVE('',#4506,#2252,#4508,.T.);
#4506 = VERTEX_POINT('',#4507);
#4507 = CARTESIAN_POINT('',(-58.54088281324,-55.53623969786,-4.25));
#4508 = LINE('',#4509,#4510);
#4509 = CARTESIAN_POINT('',(-58.54088281324,-55.53623969787,-15.));
#4510 = VECTOR('',#4511,1.);
#4511 = DIRECTION('',(1.224646799147E-16,0.,-1.));
#4512 = ORIENTED_EDGE('',*,*,#4513,.F.);
#4513 = EDGE_CURVE('',#4514,#4506,#4516,.T.);
#4514 = VERTEX_POINT('',#4515);
#4515 = CARTESIAN_POINT('',(-60.45911718675,-55.53623969786,-4.25));
#4516 = CIRCLE('',#4517,1.75);
#4517 = AXIS2_PLACEMENT_3D('',#4518,#4519,#4520);
#4518 = CARTESIAN_POINT('',(-59.5,-56.99999999999,-4.25));
#4519 = DIRECTION('',(1.224646799147E-16,0.,-1.));
#4520 = DIRECTION('',(-1.,0.,-1.224646799147E-16));
#4521 = ORIENTED_EDGE('',*,*,#4522,.T.);
#4522 = EDGE_CURVE('',#4514,#2189,#4523,.T.);
#4523 = LINE('',#4524,#4525);
#4524 = CARTESIAN_POINT('',(-60.45911718675,-55.53623969787,-15.));
#4525 = VECTOR('',#4526,1.);
#4526 = DIRECTION('',(1.224646799147E-16,0.,-1.));
#4527 = CYLINDRICAL_SURFACE('',#4528,1.75);
#4528 = AXIS2_PLACEMENT_3D('',#4529,#4530,#4531);
#4529 = CARTESIAN_POINT('',(-59.5,-56.99999999999,-15.));
#4530 = DIRECTION('',(1.224646799147E-16,0.,-1.));
#4531 = DIRECTION('',(-1.,0.,-1.224646799147E-16));
#4532 = ADVANCED_FACE('',(#4533),#4551,.F.);
#4533 = FACE_BOUND('',#4534,.F.);
#4534 = EDGE_LOOP('',(#4535,#4536,#4537,#4545));
#4535 = ORIENTED_EDGE('',*,*,#2188,.F.);
#4536 = ORIENTED_EDGE('',*,*,#4522,.F.);
#4537 = ORIENTED_EDGE('',*,*,#4538,.T.);
#4538 = EDGE_CURVE('',#4514,#4539,#4541,.T.);
#4539 = VERTEX_POINT('',#4540);
#4540 = CARTESIAN_POINT('',(-59.5,-53.875,-4.25));
#4541 = LINE('',#4542,#4543);
#4542 = CARTESIAN_POINT('',(-62.20632938682,-58.5625,-4.25));
#4543 = VECTOR('',#4544,1.);
#4544 = DIRECTION('',(0.5,0.866025403784,6.123233995737E-17));
#4545 = ORIENTED_EDGE('',*,*,#4546,.F.);
#4546 = EDGE_CURVE('',#838,#4539,#4547,.T.);
#4547 = LINE('',#4548,#4549);
#4548 = CARTESIAN_POINT('',(-59.5,-53.875,-4.5));
#4549 = VECTOR('',#4550,1.);
#4550 = DIRECTION('',(-1.224646799147E-16,-0.,1.));
#4551 = PLANE('',#4552);
#4552 = AXIS2_PLACEMENT_3D('',#4553,#4554,#4555);
#4553 = CARTESIAN_POINT('',(-62.20632938682,-58.5625,-4.5));
#4554 = DIRECTION('',(-0.866025403784,0.5,-1.060575238725E-16));
#4555 = DIRECTION('',(0.5,0.866025403784,6.123233995737E-17));
#4556 = ADVANCED_FACE('',(#4557),#4575,.F.);
#4557 = FACE_BOUND('',#4558,.F.);
#4558 = EDGE_LOOP('',(#4559,#4560,#4568,#4574));
#4559 = ORIENTED_EDGE('',*,*,#2237,.F.);
#4560 = ORIENTED_EDGE('',*,*,#4561,.T.);
#4561 = EDGE_CURVE('',#847,#4562,#4564,.T.);
#4562 = VERTEX_POINT('',#4563);
#4563 = CARTESIAN_POINT('',(-56.79367061317,-58.5625,-4.25));
#4564 = LINE('',#4565,#4566);
#4565 = CARTESIAN_POINT('',(-56.79367061317,-58.5625,-4.5));
#4566 = VECTOR('',#4567,1.);
#4567 = DIRECTION('',(-1.224646799147E-16,-0.,1.));
#4568 = ORIENTED_EDGE('',*,*,#4569,.T.);
#4569 = EDGE_CURVE('',#4562,#4482,#4570,.T.);
#4570 = LINE('',#4571,#4572);
#4571 = CARTESIAN_POINT('',(-56.79367061317,-58.5625,-4.25));
#4572 = VECTOR('',#4573,1.);
#4573 = DIRECTION('',(-1.,0.,-1.224646799147E-16));
#4574 = ORIENTED_EDGE('',*,*,#4481,.T.);
#4575 = PLANE('',#4576);
#4576 = AXIS2_PLACEMENT_3D('',#4577,#4578,#4579);
#4577 = CARTESIAN_POINT('',(-56.79367061317,-58.5625,-4.5));
#4578 = DIRECTION('',(0.,-1.,-0.));
#4579 = DIRECTION('',(-1.,0.,-1.224646799147E-16));
#4580 = ADVANCED_FACE('',(#4581),#4592,.F.);
#4581 = FACE_BOUND('',#4582,.F.);
#4582 = EDGE_LOOP('',(#4583,#4584,#4585,#4591));
#4583 = ORIENTED_EDGE('',*,*,#2220,.F.);
#4584 = ORIENTED_EDGE('',*,*,#4474,.F.);
#4585 = ORIENTED_EDGE('',*,*,#4586,.T.);
#4586 = EDGE_CURVE('',#4466,#4417,#4587,.T.);
#4587 = LINE('',#4588,#4589);
#4588 = CARTESIAN_POINT('',(-56.79367061317,-58.5625,-4.25));
#4589 = VECTOR('',#4590,1.);
#4590 = DIRECTION('',(-1.,0.,-1.224646799147E-16));
#4591 = ORIENTED_EDGE('',*,*,#4416,.F.);
#4592 = PLANE('',#4593);
#4593 = AXIS2_PLACEMENT_3D('',#4594,#4595,#4596);
#4594 = CARTESIAN_POINT('',(-56.79367061317,-58.5625,-4.5));
#4595 = DIRECTION('',(0.,-1.,-0.));
#4596 = DIRECTION('',(-1.,0.,-1.224646799147E-16));
#4597 = ADVANCED_FACE('',(#4598),#4609,.F.);
#4598 = FACE_BOUND('',#4599,.F.);
#4599 = EDGE_LOOP('',(#4600,#4601,#4602,#4608));
#4600 = ORIENTED_EDGE('',*,*,#2251,.F.);
#4601 = ORIENTED_EDGE('',*,*,#4546,.T.);
#4602 = ORIENTED_EDGE('',*,*,#4603,.T.);
#4603 = EDGE_CURVE('',#4539,#4506,#4604,.T.);
#4604 = LINE('',#4605,#4606);
#4605 = CARTESIAN_POINT('',(-59.5,-53.875,-4.25));
#4606 = VECTOR('',#4607,1.);
#4607 = DIRECTION('',(0.5,-0.866025403784,6.123233995737E-17));
#4608 = ORIENTED_EDGE('',*,*,#4505,.T.);
#4609 = PLANE('',#4610);
#4610 = AXIS2_PLACEMENT_3D('',#4611,#4612,#4613);
#4611 = CARTESIAN_POINT('',(-59.5,-53.875,-4.5));
#4612 = DIRECTION('',(0.866025403784,0.5,1.060575238725E-16));
#4613 = DIRECTION('',(0.5,-0.866025403784,6.123233995737E-17));
#4614 = ADVANCED_FACE('',(#4615),#4626,.F.);
#4615 = FACE_BOUND('',#4616,.F.);
#4616 = EDGE_LOOP('',(#4617,#4618,#4619,#4625));
#4617 = ORIENTED_EDGE('',*,*,#2260,.F.);
#4618 = ORIENTED_EDGE('',*,*,#4498,.F.);
#4619 = ORIENTED_EDGE('',*,*,#4620,.T.);
#4620 = EDGE_CURVE('',#4490,#4562,#4621,.T.);
#4621 = LINE('',#4622,#4623);
#4622 = CARTESIAN_POINT('',(-59.5,-53.875,-4.25));
#4623 = VECTOR('',#4624,1.);
#4624 = DIRECTION('',(0.5,-0.866025403784,6.123233995737E-17));
#4625 = ORIENTED_EDGE('',*,*,#4561,.F.);
#4626 = PLANE('',#4627);
#4627 = AXIS2_PLACEMENT_3D('',#4628,#4629,#4630);
#4628 = CARTESIAN_POINT('',(-59.5,-53.875,-4.5));
#4629 = DIRECTION('',(0.866025403784,0.5,1.060575238725E-16));
#4630 = DIRECTION('',(0.5,-0.866025403784,6.123233995737E-17));
#4631 = ADVANCED_FACE('',(#4632),#4643,.T.);
#4632 = FACE_BOUND('',#4633,.T.);
#4633 = EDGE_LOOP('',(#4634,#4635,#4636,#4642));
#4634 = ORIENTED_EDGE('',*,*,#3919,.T.);
#4635 = ORIENTED_EDGE('',*,*,#2385,.T.);
#4636 = ORIENTED_EDGE('',*,*,#4637,.F.);
#4637 = EDGE_CURVE('',#2309,#2386,#4638,.T.);
#4638 = LINE('',#4639,#4640);
#4639 = CARTESIAN_POINT('',(-56.7,-52.7,-2.5));
#4640 = VECTOR('',#4641,1.);
#4641 = DIRECTION('',(1.224646799147E-16,0.,-1.));
#4642 = ORIENTED_EDGE('',*,*,#2316,.F.);
#4643 = PLANE('',#4644);
#4644 = AXIS2_PLACEMENT_3D('',#4645,#4646,#4647);
#4645 = CARTESIAN_POINT('',(-55.2,-54.,-2.5));
#4646 = DIRECTION('',(0.654930538418,0.75568908279,8.020585875373E-17));
#4647 = DIRECTION('',(-0.75568908279,0.654930538418,-9.254522163891E-17)
  );
#4648 = ADVANCED_FACE('',(#4649),#4660,.T.);
#4649 = FACE_BOUND('',#4650,.T.);
#4650 = EDGE_LOOP('',(#4651,#4652,#4653,#4659));
#4651 = ORIENTED_EDGE('',*,*,#4637,.T.);
#4652 = ORIENTED_EDGE('',*,*,#2393,.T.);
#4653 = ORIENTED_EDGE('',*,*,#4654,.F.);
#4654 = EDGE_CURVE('',#2301,#2394,#4655,.T.);
#4655 = LINE('',#4656,#4657);
#4656 = CARTESIAN_POINT('',(-62.7,-52.7,-2.5));
#4657 = VECTOR('',#4658,1.);
#4658 = DIRECTION('',(1.224646799147E-16,0.,-1.));
#4659 = ORIENTED_EDGE('',*,*,#2308,.F.);
#4660 = PLANE('',#4661);
#4661 = AXIS2_PLACEMENT_3D('',#4662,#4663,#4664);
#4662 = CARTESIAN_POINT('',(-56.7,-52.7,-2.5));
#4663 = DIRECTION('',(0.,1.,0.));
#4664 = DIRECTION('',(-1.,0.,-1.224646799147E-16));
#4665 = ADVANCED_FACE('',(#4666),#4677,.T.);
#4666 = FACE_BOUND('',#4667,.T.);
#4667 = EDGE_LOOP('',(#4668,#4669,#4670,#4676));
#4668 = ORIENTED_EDGE('',*,*,#4654,.T.);
#4669 = ORIENTED_EDGE('',*,*,#2401,.T.);
#4670 = ORIENTED_EDGE('',*,*,#4671,.F.);
#4671 = EDGE_CURVE('',#2293,#2402,#4672,.T.);
#4672 = LINE('',#4673,#4674);
#4673 = CARTESIAN_POINT('',(-62.7,-49.3,-2.5));
#4674 = VECTOR('',#4675,1.);
#4675 = DIRECTION('',(1.224646799147E-16,0.,-1.));
#4676 = ORIENTED_EDGE('',*,*,#2300,.F.);
#4677 = PLANE('',#4678);
#4678 = AXIS2_PLACEMENT_3D('',#4679,#4680,#4681);
#4679 = CARTESIAN_POINT('',(-62.7,-52.7,-2.5));
#4680 = DIRECTION('',(1.,0.,1.224646799147E-16));
#4681 = DIRECTION('',(0.,1.,0.));
#4682 = ADVANCED_FACE('',(#4683),#4689,.T.);
#4683 = FACE_BOUND('',#4684,.T.);
#4684 = EDGE_LOOP('',(#4685,#4686,#4687,#4688));
#4685 = ORIENTED_EDGE('',*,*,#4671,.T.);
#4686 = ORIENTED_EDGE('',*,*,#2409,.T.);
#4687 = ORIENTED_EDGE('',*,*,#2352,.F.);
#4688 = ORIENTED_EDGE('',*,*,#2292,.F.);
#4689 = PLANE('',#4690);
#4690 = AXIS2_PLACEMENT_3D('',#4691,#4692,#4693);
#4691 = CARTESIAN_POINT('',(-62.7,-49.3,-2.5));
#4692 = DIRECTION('',(0.,-1.,-0.));
#4693 = DIRECTION('',(1.,0.,1.224646799147E-16));
#4694 = ADVANCED_FACE('',(#4695),#4706,.F.);
#4695 = FACE_BOUND('',#4696,.F.);
#4696 = EDGE_LOOP('',(#4697,#4698,#4699,#4705));
#4697 = ORIENTED_EDGE('',*,*,#3902,.T.);
#4698 = ORIENTED_EDGE('',*,*,#2449,.T.);
#4699 = ORIENTED_EDGE('',*,*,#4700,.F.);
#4700 = EDGE_CURVE('',#2581,#2442,#4701,.T.);
#4701 = LINE('',#4702,#4703);
#4702 = CARTESIAN_POINT('',(-13.3,-52.7,-2.5));
#4703 = VECTOR('',#4704,1.);
#4704 = DIRECTION('',(1.224646799147E-16,0.,-1.));
#4705 = ORIENTED_EDGE('',*,*,#2588,.F.);
#4706 = PLANE('',#4707);
#4707 = AXIS2_PLACEMENT_3D('',#4708,#4709,#4710);
#4708 = CARTESIAN_POINT('',(-14.8,-54.,-2.5));
#4709 = DIRECTION('',(0.654930538418,-0.75568908279,8.020585875373E-17)
  );
#4710 = DIRECTION('',(0.75568908279,0.654930538418,9.254522163891E-17));
#4711 = ADVANCED_FACE('',(#4712),#4723,.F.);
#4712 = FACE_BOUND('',#4713,.F.);
#4713 = EDGE_LOOP('',(#4714,#4715,#4716,#4722));
#4714 = ORIENTED_EDGE('',*,*,#4700,.T.);
#4715 = ORIENTED_EDGE('',*,*,#2441,.T.);
#4716 = ORIENTED_EDGE('',*,*,#4717,.F.);
#4717 = EDGE_CURVE('',#2573,#2434,#4718,.T.);
#4718 = LINE('',#4719,#4720);
#4719 = CARTESIAN_POINT('',(-7.3,-52.7,-2.5));
#4720 = VECTOR('',#4721,1.);
#4721 = DIRECTION('',(1.224646799147E-16,0.,-1.));
#4722 = ORIENTED_EDGE('',*,*,#2580,.F.);
#4723 = PLANE('',#4724);
#4724 = AXIS2_PLACEMENT_3D('',#4725,#4726,#4727);
#4725 = CARTESIAN_POINT('',(-13.3,-52.7,-2.5));
#4726 = DIRECTION('',(0.,-1.,-0.));
#4727 = DIRECTION('',(1.,0.,1.224646799147E-16));
#4728 = ADVANCED_FACE('',(#4729),#4740,.F.);
#4729 = FACE_BOUND('',#4730,.F.);
#4730 = EDGE_LOOP('',(#4731,#4732,#4733,#4739));
#4731 = ORIENTED_EDGE('',*,*,#4717,.T.);
#4732 = ORIENTED_EDGE('',*,*,#2433,.T.);
#4733 = ORIENTED_EDGE('',*,*,#4734,.F.);
#4734 = EDGE_CURVE('',#2565,#2426,#4735,.T.);
#4735 = LINE('',#4736,#4737);
#4736 = CARTESIAN_POINT('',(-7.3,-49.3,-2.5));
#4737 = VECTOR('',#4738,1.);
#4738 = DIRECTION('',(1.224646799147E-16,0.,-1.));
#4739 = ORIENTED_EDGE('',*,*,#2572,.F.);
#4740 = PLANE('',#4741);
#4741 = AXIS2_PLACEMENT_3D('',#4742,#4743,#4744);
#4742 = CARTESIAN_POINT('',(-7.3,-52.7,-2.5));
#4743 = DIRECTION('',(1.,0.,1.224646799147E-16));
#4744 = DIRECTION('',(0.,1.,0.));
#4745 = ADVANCED_FACE('',(#4746),#4752,.F.);
#4746 = FACE_BOUND('',#4747,.F.);
#4747 = EDGE_LOOP('',(#4748,#4749,#4750,#4751));
#4748 = ORIENTED_EDGE('',*,*,#4734,.T.);
#4749 = ORIENTED_EDGE('',*,*,#2425,.T.);
#4750 = ORIENTED_EDGE('',*,*,#2539,.F.);
#4751 = ORIENTED_EDGE('',*,*,#2564,.F.);
#4752 = PLANE('',#4753);
#4753 = AXIS2_PLACEMENT_3D('',#4754,#4755,#4756);
#4754 = CARTESIAN_POINT('',(-7.3,-49.3,-2.5));
#4755 = DIRECTION('',(0.,1.,0.));
#4756 = DIRECTION('',(-1.,0.,-1.224646799147E-16));
#4757 = ADVANCED_FACE('',(#4758),#4783,.F.);
#4758 = FACE_BOUND('',#4759,.F.);
#4759 = EDGE_LOOP('',(#4760,#4768,#4776,#4782));
#4760 = ORIENTED_EDGE('',*,*,#4761,.T.);
#4761 = EDGE_CURVE('',#2466,#4762,#4764,.T.);
#4762 = VERTEX_POINT('',#4763);
#4763 = CARTESIAN_POINT('',(-53.4,-60.2,-14.));
#4764 = LINE('',#4765,#4766);
#4765 = CARTESIAN_POINT('',(-53.4,-60.2,-10.));
#4766 = VECTOR('',#4767,1.);
#4767 = DIRECTION('',(1.224646799147E-16,0.,-1.));
#4768 = ORIENTED_EDGE('',*,*,#4769,.T.);
#4769 = EDGE_CURVE('',#4762,#4770,#4772,.T.);
#4770 = VERTEX_POINT('',#4771);
#4771 = CARTESIAN_POINT('',(-16.6,-60.2,-14.));
#4772 = LINE('',#4773,#4774);
#4773 = CARTESIAN_POINT('',(-53.4,-60.2,-14.));
#4774 = VECTOR('',#4775,1.);
#4775 = DIRECTION('',(1.,0.,1.224646799147E-16));
#4776 = ORIENTED_EDGE('',*,*,#4777,.F.);
#4777 = EDGE_CURVE('',#2468,#4770,#4778,.T.);
#4778 = LINE('',#4779,#4780);
#4779 = CARTESIAN_POINT('',(-16.6,-60.2,-10.));
#4780 = VECTOR('',#4781,1.);
#4781 = DIRECTION('',(1.224646799147E-16,0.,-1.));
#4782 = ORIENTED_EDGE('',*,*,#2465,.F.);
#4783 = PLANE('',#4784);
#4784 = AXIS2_PLACEMENT_3D('',#4785,#4786,#4787);
#4785 = CARTESIAN_POINT('',(-53.4,-60.2,-10.));
#4786 = DIRECTION('',(0.,-1.,-0.));
#4787 = DIRECTION('',(1.,0.,1.224646799147E-16));
#4788 = ADVANCED_FACE('',(#4789),#4807,.F.);
#4789 = FACE_BOUND('',#4790,.F.);
#4790 = EDGE_LOOP('',(#4791,#4799,#4805,#4806));
#4791 = ORIENTED_EDGE('',*,*,#4792,.T.);
#4792 = EDGE_CURVE('',#2484,#4793,#4795,.T.);
#4793 = VERTEX_POINT('',#4794);
#4794 = CARTESIAN_POINT('',(-53.4,-54.,-14.));
#4795 = LINE('',#4796,#4797);
#4796 = CARTESIAN_POINT('',(-53.4,-54.,-10.));
#4797 = VECTOR('',#4798,1.);
#4798 = DIRECTION('',(1.224646799147E-16,0.,-1.));
#4799 = ORIENTED_EDGE('',*,*,#4800,.T.);
#4800 = EDGE_CURVE('',#4793,#4762,#4801,.T.);
#4801 = LINE('',#4802,#4803);
#4802 = CARTESIAN_POINT('',(-53.4,-54.,-14.));
#4803 = VECTOR('',#4804,1.);
#4804 = DIRECTION('',(0.,-1.,0.));
#4805 = ORIENTED_EDGE('',*,*,#4761,.F.);
#4806 = ORIENTED_EDGE('',*,*,#2491,.F.);
#4807 = PLANE('',#4808);
#4808 = AXIS2_PLACEMENT_3D('',#4809,#4810,#4811);
#4809 = CARTESIAN_POINT('',(-53.4,-54.,-10.));
#4810 = DIRECTION('',(-1.,0.,-1.224646799147E-16));
#4811 = DIRECTION('',(0.,-1.,-0.));
#4812 = ADVANCED_FACE('',(#4813),#4831,.F.);
#4813 = FACE_BOUND('',#4814,.F.);
#4814 = EDGE_LOOP('',(#4815,#4823,#4829,#4830));
#4815 = ORIENTED_EDGE('',*,*,#4816,.T.);
#4816 = EDGE_CURVE('',#2476,#4817,#4819,.T.);
#4817 = VERTEX_POINT('',#4818);
#4818 = CARTESIAN_POINT('',(-16.6,-54.,-14.));
#4819 = LINE('',#4820,#4821);
#4820 = CARTESIAN_POINT('',(-16.6,-54.,-10.));
#4821 = VECTOR('',#4822,1.);
#4822 = DIRECTION('',(1.224646799147E-16,0.,-1.));
#4823 = ORIENTED_EDGE('',*,*,#4824,.T.);
#4824 = EDGE_CURVE('',#4817,#4793,#4825,.T.);
#4825 = LINE('',#4826,#4827);
#4826 = CARTESIAN_POINT('',(-16.6,-54.,-14.));
#4827 = VECTOR('',#4828,1.);
#4828 = DIRECTION('',(-1.,0.,-1.224646799147E-16));
#4829 = ORIENTED_EDGE('',*,*,#4792,.F.);
#4830 = ORIENTED_EDGE('',*,*,#2483,.F.);
#4831 = PLANE('',#4832);
#4832 = AXIS2_PLACEMENT_3D('',#4833,#4834,#4835);
#4833 = CARTESIAN_POINT('',(-16.6,-54.,-10.));
#4834 = DIRECTION('',(0.,1.,0.));
#4835 = DIRECTION('',(-1.,0.,-1.224646799147E-16));
#4836 = ADVANCED_FACE('',(#4837),#4848,.F.);
#4837 = FACE_BOUND('',#4838,.F.);
#4838 = EDGE_LOOP('',(#4839,#4840,#4846,#4847));
#4839 = ORIENTED_EDGE('',*,*,#4777,.T.);
#4840 = ORIENTED_EDGE('',*,*,#4841,.T.);
#4841 = EDGE_CURVE('',#4770,#4817,#4842,.T.);
#4842 = LINE('',#4843,#4844);
#4843 = CARTESIAN_POINT('',(-16.6,-60.2,-14.));
#4844 = VECTOR('',#4845,1.);
#4845 = DIRECTION('',(-0.,1.,0.));
#4846 = ORIENTED_EDGE('',*,*,#4816,.F.);
#4847 = ORIENTED_EDGE('',*,*,#2475,.F.);
#4848 = PLANE('',#4849);
#4849 = AXIS2_PLACEMENT_3D('',#4850,#4851,#4852);
#4850 = CARTESIAN_POINT('',(-16.6,-60.2,-10.));
#4851 = DIRECTION('',(1.,0.,1.224646799147E-16));
#4852 = DIRECTION('',(0.,1.,0.));
#4853 = ADVANCED_FACE('',(#4854),#4879,.F.);
#4854 = FACE_BOUND('',#4855,.F.);
#4855 = EDGE_LOOP('',(#4856,#4864,#4872,#4878));
#4856 = ORIENTED_EDGE('',*,*,#4857,.T.);
#4857 = EDGE_CURVE('',#2500,#4858,#4860,.T.);
#4858 = VERTEX_POINT('',#4859);
#4859 = CARTESIAN_POINT('',(-53.4,-52.2,-14.));
#4860 = LINE('',#4861,#4862);
#4861 = CARTESIAN_POINT('',(-53.4,-52.2,-10.));
#4862 = VECTOR('',#4863,1.);
#4863 = DIRECTION('',(1.224646799147E-16,0.,-1.));
#4864 = ORIENTED_EDGE('',*,*,#4865,.T.);
#4865 = EDGE_CURVE('',#4858,#4866,#4868,.T.);
#4866 = VERTEX_POINT('',#4867);
#4867 = CARTESIAN_POINT('',(-16.6,-52.2,-14.));
#4868 = LINE('',#4869,#4870);
#4869 = CARTESIAN_POINT('',(-53.4,-52.2,-14.));
#4870 = VECTOR('',#4871,1.);
#4871 = DIRECTION('',(1.,0.,1.224646799147E-16));
#4872 = ORIENTED_EDGE('',*,*,#4873,.F.);
#4873 = EDGE_CURVE('',#2502,#4866,#4874,.T.);
#4874 = LINE('',#4875,#4876);
#4875 = CARTESIAN_POINT('',(-16.6,-52.2,-10.));
#4876 = VECTOR('',#4877,1.);
#4877 = DIRECTION('',(1.224646799147E-16,0.,-1.));
#4878 = ORIENTED_EDGE('',*,*,#2499,.F.);
#4879 = PLANE('',#4880);
#4880 = AXIS2_PLACEMENT_3D('',#4881,#4882,#4883);
#4881 = CARTESIAN_POINT('',(-53.4,-52.2,-10.));
#4882 = DIRECTION('',(0.,-1.,-0.));
#4883 = DIRECTION('',(1.,0.,1.224646799147E-16));
#4884 = ADVANCED_FACE('',(#4885),#4903,.F.);
#4885 = FACE_BOUND('',#4886,.F.);
#4886 = EDGE_LOOP('',(#4887,#4895,#4901,#4902));
#4887 = ORIENTED_EDGE('',*,*,#4888,.T.);
#4888 = EDGE_CURVE('',#2518,#4889,#4891,.T.);
#4889 = VERTEX_POINT('',#4890);
#4890 = CARTESIAN_POINT('',(-53.4,-49.1,-14.));
#4891 = LINE('',#4892,#4893);
#4892 = CARTESIAN_POINT('',(-53.4,-49.1,-10.));
#4893 = VECTOR('',#4894,1.);
#4894 = DIRECTION('',(1.224646799147E-16,0.,-1.));
#4895 = ORIENTED_EDGE('',*,*,#4896,.T.);
#4896 = EDGE_CURVE('',#4889,#4858,#4897,.T.);
#4897 = LINE('',#4898,#4899);
#4898 = CARTESIAN_POINT('',(-53.4,-49.1,-14.));
#4899 = VECTOR('',#4900,1.);
#4900 = DIRECTION('',(0.,-1.,0.));
#4901 = ORIENTED_EDGE('',*,*,#4857,.F.);
#4902 = ORIENTED_EDGE('',*,*,#2525,.F.);
#4903 = PLANE('',#4904);
#4904 = AXIS2_PLACEMENT_3D('',#4905,#4906,#4907);
#4905 = CARTESIAN_POINT('',(-53.4,-49.1,-10.));
#4906 = DIRECTION('',(-1.,0.,-1.224646799147E-16));
#4907 = DIRECTION('',(0.,-1.,-0.));
#4908 = ADVANCED_FACE('',(#4909),#4927,.F.);
#4909 = FACE_BOUND('',#4910,.F.);
#4910 = EDGE_LOOP('',(#4911,#4919,#4925,#4926));
#4911 = ORIENTED_EDGE('',*,*,#4912,.T.);
#4912 = EDGE_CURVE('',#2510,#4913,#4915,.T.);
#4913 = VERTEX_POINT('',#4914);
#4914 = CARTESIAN_POINT('',(-16.6,-49.1,-14.));
#4915 = LINE('',#4916,#4917);
#4916 = CARTESIAN_POINT('',(-16.6,-49.1,-10.));
#4917 = VECTOR('',#4918,1.);
#4918 = DIRECTION('',(1.224646799147E-16,0.,-1.));
#4919 = ORIENTED_EDGE('',*,*,#4920,.T.);
#4920 = EDGE_CURVE('',#4913,#4889,#4921,.T.);
#4921 = LINE('',#4922,#4923);
#4922 = CARTESIAN_POINT('',(-16.6,-49.1,-14.));
#4923 = VECTOR('',#4924,1.);
#4924 = DIRECTION('',(-1.,0.,-1.224646799147E-16));
#4925 = ORIENTED_EDGE('',*,*,#4888,.F.);
#4926 = ORIENTED_EDGE('',*,*,#2517,.F.);
#4927 = PLANE('',#4928);
#4928 = AXIS2_PLACEMENT_3D('',#4929,#4930,#4931);
#4929 = CARTESIAN_POINT('',(-16.6,-49.1,-10.));
#4930 = DIRECTION('',(0.,1.,0.));
#4931 = DIRECTION('',(-1.,0.,-1.224646799147E-16));
#4932 = ADVANCED_FACE('',(#4933),#4944,.F.);
#4933 = FACE_BOUND('',#4934,.F.);
#4934 = EDGE_LOOP('',(#4935,#4936,#4942,#4943));
#4935 = ORIENTED_EDGE('',*,*,#4873,.T.);
#4936 = ORIENTED_EDGE('',*,*,#4937,.T.);
#4937 = EDGE_CURVE('',#4866,#4913,#4938,.T.);
#4938 = LINE('',#4939,#4940);
#4939 = CARTESIAN_POINT('',(-16.6,-52.2,-14.));
#4940 = VECTOR('',#4941,1.);
#4941 = DIRECTION('',(-0.,1.,0.));
#4942 = ORIENTED_EDGE('',*,*,#4912,.F.);
#4943 = ORIENTED_EDGE('',*,*,#2509,.F.);
#4944 = PLANE('',#4945);
#4945 = AXIS2_PLACEMENT_3D('',#4946,#4947,#4948);
#4946 = CARTESIAN_POINT('',(-16.6,-52.2,-10.));
#4947 = DIRECTION('',(1.,0.,1.224646799147E-16));
#4948 = DIRECTION('',(0.,1.,0.));
#4949 = ADVANCED_FACE('',(#4950),#4961,.F.);
#4950 = FACE_BOUND('',#4951,.T.);
#4951 = EDGE_LOOP('',(#4952,#4953,#4959,#4960));
#4952 = ORIENTED_EDGE('',*,*,#3698,.F.);
#4953 = ORIENTED_EDGE('',*,*,#4954,.T.);
#4954 = EDGE_CURVE('',#3691,#2613,#4955,.T.);
#4955 = LINE('',#4956,#4957);
#4956 = CARTESIAN_POINT('',(-6.561522368915,-55.26152236891,12.5));
#4957 = VECTOR('',#4958,1.);
#4958 = DIRECTION('',(1.224646799147E-16,0.,-1.));
#4959 = ORIENTED_EDGE('',*,*,#2612,.F.);
#4960 = ORIENTED_EDGE('',*,*,#3884,.F.);
#4961 = CYLINDRICAL_SURFACE('',#4962,2.6);
#4962 = AXIS2_PLACEMENT_3D('',#4963,#4964,#4965);
#4963 = CARTESIAN_POINT('',(-8.4,-57.1,12.5));
#4964 = DIRECTION('',(-1.224646799147E-16,-0.,1.));
#4965 = DIRECTION('',(-1.,0.,-1.224646799147E-16));
#4966 = ADVANCED_FACE('',(#4967),#4978,.T.);
#4967 = FACE_BOUND('',#4968,.T.);
#4968 = EDGE_LOOP('',(#4969,#4970,#4976,#4977));
#4969 = ORIENTED_EDGE('',*,*,#3690,.F.);
#4970 = ORIENTED_EDGE('',*,*,#4971,.T.);
#4971 = EDGE_CURVE('',#3683,#2622,#4972,.T.);
#4972 = LINE('',#4973,#4974);
#4973 = CARTESIAN_POINT('',(-4.5,-53.2,12.5));
#4974 = VECTOR('',#4975,1.);
#4975 = DIRECTION('',(1.224646799147E-16,0.,-1.));
#4976 = ORIENTED_EDGE('',*,*,#2621,.T.);
#4977 = ORIENTED_EDGE('',*,*,#4954,.F.);
#4978 = PLANE('',#4979);
#4979 = AXIS2_PLACEMENT_3D('',#4980,#4981,#4982);
#4980 = CARTESIAN_POINT('',(-4.5,-53.2,12.5));
#4981 = DIRECTION('',(-0.707106781187,0.707106781187,-8.659560562355E-17
    ));
#4982 = DIRECTION('',(-0.707106781187,-0.707106781187,
    -8.659560562355E-17));
#4983 = ADVANCED_FACE('',(#4984),#4995,.T.);
#4984 = FACE_BOUND('',#4985,.T.);
#4985 = EDGE_LOOP('',(#4986,#4987,#4993,#4994));
#4986 = ORIENTED_EDGE('',*,*,#3682,.F.);
#4987 = ORIENTED_EDGE('',*,*,#4988,.T.);
#4988 = EDGE_CURVE('',#3674,#2630,#4989,.T.);
#4989 = LINE('',#4990,#4991);
#4990 = CARTESIAN_POINT('',(-4.095119045889,-53.2,12.5));
#4991 = VECTOR('',#4992,1.);
#4992 = DIRECTION('',(1.224646799147E-16,0.,-1.));
#4993 = ORIENTED_EDGE('',*,*,#2629,.T.);
#4994 = ORIENTED_EDGE('',*,*,#4971,.F.);
#4995 = PLANE('',#4996);
#4996 = AXIS2_PLACEMENT_3D('',#4997,#4998,#4999);
#4997 = CARTESIAN_POINT('',(-4.095119045889,-53.2,12.5));
#4998 = DIRECTION('',(0.,1.,0.));
#4999 = DIRECTION('',(-1.,0.,-1.224646799147E-16));
#5000 = ADVANCED_FACE('',(#5001),#5014,.F.);
#5001 = FACE_BOUND('',#5002,.T.);
#5002 = EDGE_LOOP('',(#5003,#5004,#5005,#5006,#5007,#5008));
#5003 = ORIENTED_EDGE('',*,*,#2646,.T.);
#5004 = ORIENTED_EDGE('',*,*,#2637,.F.);
#5005 = ORIENTED_EDGE('',*,*,#4988,.F.);
#5006 = ORIENTED_EDGE('',*,*,#3673,.F.);
#5007 = ORIENTED_EDGE('',*,*,#3664,.T.);
#5008 = ORIENTED_EDGE('',*,*,#5009,.T.);
#5009 = EDGE_CURVE('',#3657,#2647,#5010,.T.);
#5010 = LINE('',#5011,#5012);
#5011 = CARTESIAN_POINT('',(4.095119045889,-53.2,12.5));
#5012 = VECTOR('',#5013,1.);
#5013 = DIRECTION('',(1.224646799147E-16,0.,-1.));
#5014 = CYLINDRICAL_SURFACE('',#5015,4.1);
#5015 = AXIS2_PLACEMENT_3D('',#5016,#5017,#5018);
#5016 = CARTESIAN_POINT('',(-1.530808498934E-15,-53.,12.5));
#5017 = DIRECTION('',(-1.224646799147E-16,-0.,1.));
#5018 = DIRECTION('',(-1.,0.,-1.224646799147E-16));
#5019 = ADVANCED_FACE('',(#5020),#5031,.T.);
#5020 = FACE_BOUND('',#5021,.F.);
#5021 = EDGE_LOOP('',(#5022,#5023,#5024,#5025));
#5022 = ORIENTED_EDGE('',*,*,#3656,.F.);
#5023 = ORIENTED_EDGE('',*,*,#5009,.T.);
#5024 = ORIENTED_EDGE('',*,*,#2655,.T.);
#5025 = ORIENTED_EDGE('',*,*,#5026,.F.);
#5026 = EDGE_CURVE('',#3649,#2656,#5027,.T.);
#5027 = LINE('',#5028,#5029);
#5028 = CARTESIAN_POINT('',(4.5,-53.2,12.5));
#5029 = VECTOR('',#5030,1.);
#5030 = DIRECTION('',(1.224646799147E-16,0.,-1.));
#5031 = PLANE('',#5032);
#5032 = AXIS2_PLACEMENT_3D('',#5033,#5034,#5035);
#5033 = CARTESIAN_POINT('',(4.095119045889,-53.2,12.5));
#5034 = DIRECTION('',(0.,1.,0.));
#5035 = DIRECTION('',(-1.,0.,-1.224646799147E-16));
#5036 = ADVANCED_FACE('',(#5037),#5048,.T.);
#5037 = FACE_BOUND('',#5038,.F.);
#5038 = EDGE_LOOP('',(#5039,#5040,#5041,#5042));
#5039 = ORIENTED_EDGE('',*,*,#3648,.F.);
#5040 = ORIENTED_EDGE('',*,*,#5026,.T.);
#5041 = ORIENTED_EDGE('',*,*,#2663,.T.);
#5042 = ORIENTED_EDGE('',*,*,#5043,.F.);
#5043 = EDGE_CURVE('',#3640,#2664,#5044,.T.);
#5044 = LINE('',#5045,#5046);
#5045 = CARTESIAN_POINT('',(6.561522368915,-55.26152236891,12.5));
#5046 = VECTOR('',#5047,1.);
#5047 = DIRECTION('',(1.224646799147E-16,0.,-1.));
#5048 = PLANE('',#5049);
#5049 = AXIS2_PLACEMENT_3D('',#5050,#5051,#5052);
#5050 = CARTESIAN_POINT('',(4.5,-53.2,12.5));
#5051 = DIRECTION('',(0.707106781187,0.707106781187,8.659560562355E-17)
  );
#5052 = DIRECTION('',(-0.707106781187,0.707106781187,-8.659560562355E-17
    ));
#5053 = ADVANCED_FACE('',(#5054),#5060,.F.);
#5054 = FACE_BOUND('',#5055,.F.);
#5055 = EDGE_LOOP('',(#5056,#5057,#5058,#5059));
#5056 = ORIENTED_EDGE('',*,*,#3639,.F.);
#5057 = ORIENTED_EDGE('',*,*,#5043,.T.);
#5058 = ORIENTED_EDGE('',*,*,#2671,.F.);
#5059 = ORIENTED_EDGE('',*,*,#4142,.F.);
#5060 = CYLINDRICAL_SURFACE('',#5061,2.6);
#5061 = AXIS2_PLACEMENT_3D('',#5062,#5063,#5064);
#5062 = CARTESIAN_POINT('',(8.4,-57.1,12.5));
#5063 = DIRECTION('',(-1.224646799147E-16,0.,1.));
#5064 = DIRECTION('',(1.,-0.,1.224646799147E-16));
#5065 = ADVANCED_FACE('',(#5066),#5077,.F.);
#5066 = FACE_BOUND('',#5067,.T.);
#5067 = EDGE_LOOP('',(#5068,#5069,#5070,#5076));
#5068 = ORIENTED_EDGE('',*,*,#4160,.T.);
#5069 = ORIENTED_EDGE('',*,*,#2878,.T.);
#5070 = ORIENTED_EDGE('',*,*,#5071,.F.);
#5071 = EDGE_CURVE('',#2697,#2871,#5072,.T.);
#5072 = LINE('',#5073,#5074);
#5073 = CARTESIAN_POINT('',(13.3,-52.7,-2.5));
#5074 = VECTOR('',#5075,1.);
#5075 = DIRECTION('',(1.224646799147E-16,0.,-1.));
#5076 = ORIENTED_EDGE('',*,*,#2696,.F.);
#5077 = PLANE('',#5078);
#5078 = AXIS2_PLACEMENT_3D('',#5079,#5080,#5081);
#5079 = CARTESIAN_POINT('',(14.8,-54.,-2.5));
#5080 = DIRECTION('',(-0.654930538418,-0.75568908279,-8.020585875373E-17
    ));
#5081 = DIRECTION('',(0.75568908279,-0.654930538418,9.254522163891E-17)
  );
#5082 = ADVANCED_FACE('',(#5083),#5094,.F.);
#5083 = FACE_BOUND('',#5084,.T.);
#5084 = EDGE_LOOP('',(#5085,#5086,#5087,#5093));
#5085 = ORIENTED_EDGE('',*,*,#5071,.T.);
#5086 = ORIENTED_EDGE('',*,*,#2870,.T.);
#5087 = ORIENTED_EDGE('',*,*,#5088,.F.);
#5088 = EDGE_CURVE('',#2705,#2863,#5089,.T.);
#5089 = LINE('',#5090,#5091);
#5090 = CARTESIAN_POINT('',(7.3,-52.7,-2.5));
#5091 = VECTOR('',#5092,1.);
#5092 = DIRECTION('',(1.224646799147E-16,0.,-1.));
#5093 = ORIENTED_EDGE('',*,*,#2704,.F.);
#5094 = PLANE('',#5095);
#5095 = AXIS2_PLACEMENT_3D('',#5096,#5097,#5098);
#5096 = CARTESIAN_POINT('',(13.3,-52.7,-2.5));
#5097 = DIRECTION('',(0.,-1.,0.));
#5098 = DIRECTION('',(1.,0.,1.224646799147E-16));
#5099 = ADVANCED_FACE('',(#5100),#5111,.F.);
#5100 = FACE_BOUND('',#5101,.T.);
#5101 = EDGE_LOOP('',(#5102,#5103,#5104,#5110));
#5102 = ORIENTED_EDGE('',*,*,#5088,.T.);
#5103 = ORIENTED_EDGE('',*,*,#2862,.T.);
#5104 = ORIENTED_EDGE('',*,*,#5105,.F.);
#5105 = EDGE_CURVE('',#2713,#2855,#5106,.T.);
#5106 = LINE('',#5107,#5108);
#5107 = CARTESIAN_POINT('',(7.3,-49.3,-2.5));
#5108 = VECTOR('',#5109,1.);
#5109 = DIRECTION('',(1.224646799147E-16,0.,-1.));
#5110 = ORIENTED_EDGE('',*,*,#2712,.F.);
#5111 = PLANE('',#5112);
#5112 = AXIS2_PLACEMENT_3D('',#5113,#5114,#5115);
#5113 = CARTESIAN_POINT('',(7.3,-52.7,-2.5));
#5114 = DIRECTION('',(-1.,0.,-1.224646799147E-16));
#5115 = DIRECTION('',(-0.,-1.,0.));
#5116 = ADVANCED_FACE('',(#5117),#5123,.F.);
#5117 = FACE_BOUND('',#5118,.T.);
#5118 = EDGE_LOOP('',(#5119,#5120,#5121,#5122));
#5119 = ORIENTED_EDGE('',*,*,#5105,.T.);
#5120 = ORIENTED_EDGE('',*,*,#2854,.T.);
#5121 = ORIENTED_EDGE('',*,*,#2781,.F.);
#5122 = ORIENTED_EDGE('',*,*,#2720,.F.);
#5123 = PLANE('',#5124);
#5124 = AXIS2_PLACEMENT_3D('',#5125,#5126,#5127);
#5125 = CARTESIAN_POINT('',(7.3,-49.3,-2.5));
#5126 = DIRECTION('',(0.,1.,0.));
#5127 = DIRECTION('',(-1.,0.,-1.224646799147E-16));
#5128 = ADVANCED_FACE('',(#5129),#5223,.F.);
#5129 = FACE_BOUND('',#5130,.F.);
#5130 = EDGE_LOOP('',(#5131,#5142,#5148,#5149,#5157,#5166,#5172,#5173,
    #5174,#5182,#5191,#5197,#5198,#5206,#5213,#5218,#5219,#5220,#5221,
    #5222));
#5131 = ORIENTED_EDGE('',*,*,#5132,.F.);
#5132 = EDGE_CURVE('',#5133,#5135,#5137,.T.);
#5133 = VERTEX_POINT('',#5134);
#5134 = CARTESIAN_POINT('',(-0.959117186761,-51.53623969788,-4.25));
#5135 = VERTEX_POINT('',#5136);
#5136 = CARTESIAN_POINT('',(5.204748896376E-16,-51.25,-4.25));
#5137 = CIRCLE('',#5138,1.75);
#5138 = AXIS2_PLACEMENT_3D('',#5139,#5140,#5141);
#5139 = CARTESIAN_POINT('',(5.204748896376E-16,-53.,-4.25));
#5140 = DIRECTION('',(1.224646799147E-16,0.,-1.));
#5141 = DIRECTION('',(-1.,0.,-1.224646799147E-16));
#5142 = ORIENTED_EDGE('',*,*,#5143,.T.);
#5143 = EDGE_CURVE('',#5133,#4300,#5144,.T.);
#5144 = LINE('',#5145,#5146);
#5145 = CARTESIAN_POINT('',(-0.959117186761,-51.53623969788,-15.));
#5146 = VECTOR('',#5147,1.);
#5147 = DIRECTION('',(1.224646799147E-16,0.,-1.));
#5148 = ORIENTED_EDGE('',*,*,#4307,.F.);
#5149 = ORIENTED_EDGE('',*,*,#5150,.F.);
#5150 = EDGE_CURVE('',#5151,#4290,#5153,.T.);
#5151 = VERTEX_POINT('',#5152);
#5152 = CARTESIAN_POINT('',(-1.747212200067,-52.90126030211,-4.25));
#5153 = LINE('',#5154,#5155);
#5154 = CARTESIAN_POINT('',(-1.747212200067,-52.90126030211,-15.));
#5155 = VECTOR('',#5156,1.);
#5156 = DIRECTION('',(1.224646799147E-16,0.,-1.));
#5157 = ORIENTED_EDGE('',*,*,#5158,.F.);
#5158 = EDGE_CURVE('',#5159,#5151,#5161,.T.);
#5159 = VERTEX_POINT('',#5160);
#5160 = CARTESIAN_POINT('',(-0.788095013299,-54.5625,-4.25));
#5161 = CIRCLE('',#5162,1.75);
#5162 = AXIS2_PLACEMENT_3D('',#5163,#5164,#5165);
#5163 = CARTESIAN_POINT('',(5.204748896376E-16,-53.,-4.25));
#5164 = DIRECTION('',(1.224646799147E-16,0.,-1.));
#5165 = DIRECTION('',(-1.,0.,-1.224646799147E-16));
#5166 = ORIENTED_EDGE('',*,*,#5167,.T.);
#5167 = EDGE_CURVE('',#5159,#4358,#5168,.T.);
#5168 = LINE('',#5169,#5170);
#5169 = CARTESIAN_POINT('',(-0.788095013299,-54.5625,-15.));
#5170 = VECTOR('',#5171,1.);
#5171 = DIRECTION('',(1.224646799147E-16,0.,-1.));
#5172 = ORIENTED_EDGE('',*,*,#4355,.F.);
#5173 = ORIENTED_EDGE('',*,*,#4366,.T.);
#5174 = ORIENTED_EDGE('',*,*,#5175,.F.);
#5175 = EDGE_CURVE('',#5176,#4367,#5178,.T.);
#5176 = VERTEX_POINT('',#5177);
#5177 = CARTESIAN_POINT('',(0.788095013299,-54.5625,-4.25));
#5178 = LINE('',#5179,#5180);
#5179 = CARTESIAN_POINT('',(0.788095013299,-54.5625,-15.));
#5180 = VECTOR('',#5181,1.);
#5181 = DIRECTION('',(1.224646799147E-16,0.,-1.));
#5182 = ORIENTED_EDGE('',*,*,#5183,.T.);
#5183 = EDGE_CURVE('',#5176,#5184,#5186,.T.);
#5184 = VERTEX_POINT('',#5185);
#5185 = CARTESIAN_POINT('',(1.747212200067,-52.90126030211,-4.25));
#5186 = CIRCLE('',#5187,1.75);
#5187 = AXIS2_PLACEMENT_3D('',#5188,#5189,#5190);
#5188 = CARTESIAN_POINT('',(5.204748896376E-16,-53.,-4.25));
#5189 = DIRECTION('',(-1.224646799147E-16,0.,1.));
#5190 = DIRECTION('',(1.,-0.,1.224646799147E-16));
#5191 = ORIENTED_EDGE('',*,*,#5192,.T.);
#5192 = EDGE_CURVE('',#5184,#4323,#5193,.T.);
#5193 = LINE('',#5194,#5195);
#5194 = CARTESIAN_POINT('',(1.747212200067,-52.90126030211,-15.));
#5195 = VECTOR('',#5196,1.);
#5196 = DIRECTION('',(1.224646799147E-16,0.,-1.));
#5197 = ORIENTED_EDGE('',*,*,#4340,.T.);
#5198 = ORIENTED_EDGE('',*,*,#5199,.F.);
#5199 = EDGE_CURVE('',#5200,#4333,#5202,.T.);
#5200 = VERTEX_POINT('',#5201);
#5201 = CARTESIAN_POINT('',(0.959117186761,-51.53623969788,-4.25));
#5202 = LINE('',#5203,#5204);
#5203 = CARTESIAN_POINT('',(0.959117186761,-51.53623969788,-15.));
#5204 = VECTOR('',#5205,1.);
#5205 = DIRECTION('',(1.224646799147E-16,0.,-1.));
#5206 = ORIENTED_EDGE('',*,*,#5207,.T.);
#5207 = EDGE_CURVE('',#5200,#5135,#5208,.T.);
#5208 = CIRCLE('',#5209,1.75);
#5209 = AXIS2_PLACEMENT_3D('',#5210,#5211,#5212);
#5210 = CARTESIAN_POINT('',(5.204748896376E-16,-53.,-4.25));
#5211 = DIRECTION('',(-1.224646799147E-16,0.,1.));
#5212 = DIRECTION('',(1.,-0.,1.224646799147E-16));
#5213 = ORIENTED_EDGE('',*,*,#5214,.F.);
#5214 = EDGE_CURVE('',#2749,#5135,#5215,.T.);
#5215 = B_SPLINE_CURVE_WITH_KNOTS('',1,(#5216,#5217),.UNSPECIFIED.,.F.,
  .F.,(2,2),(-12.5,-10.75),.PIECEWISE_BEZIER_KNOTS.);
#5216 = CARTESIAN_POINT('',(-2.338383002132E-16,-51.25,-2.5));
#5217 = CARTESIAN_POINT('',(-1.952511036237E-17,-51.25,-4.25));
#5218 = ORIENTED_EDGE('',*,*,#2757,.F.);
#5219 = ORIENTED_EDGE('',*,*,#2766,.F.);
#5220 = ORIENTED_EDGE('',*,*,#2737,.T.);
#5221 = ORIENTED_EDGE('',*,*,#2748,.T.);
#5222 = ORIENTED_EDGE('',*,*,#5214,.T.);
#5223 = CYLINDRICAL_SURFACE('',#5224,1.75);
#5224 = AXIS2_PLACEMENT_3D('',#5225,#5226,#5227);
#5225 = CARTESIAN_POINT('',(1.836970198721E-15,-53.,-15.));
#5226 = DIRECTION('',(1.224646799147E-16,0.,-1.));
#5227 = DIRECTION('',(-1.,0.,-1.224646799147E-16));
#5228 = ADVANCED_FACE('',(#5229),#5240,.T.);
#5229 = FACE_BOUND('',#5230,.F.);
#5230 = EDGE_LOOP('',(#5231,#5232,#5233,#5239));
#5231 = ORIENTED_EDGE('',*,*,#4177,.T.);
#5232 = ORIENTED_EDGE('',*,*,#2814,.T.);
#5233 = ORIENTED_EDGE('',*,*,#5234,.F.);
#5234 = EDGE_CURVE('',#3011,#2815,#5235,.T.);
#5235 = LINE('',#5236,#5237);
#5236 = CARTESIAN_POINT('',(56.7,-52.7,-2.5));
#5237 = VECTOR('',#5238,1.);
#5238 = DIRECTION('',(1.224646799147E-16,0.,-1.));
#5239 = ORIENTED_EDGE('',*,*,#3018,.F.);
#5240 = PLANE('',#5241);
#5241 = AXIS2_PLACEMENT_3D('',#5242,#5243,#5244);
#5242 = CARTESIAN_POINT('',(55.2,-54.,-2.5));
#5243 = DIRECTION('',(-0.654930538418,0.75568908279,-8.020585875373E-17)
  );
#5244 = DIRECTION('',(-0.75568908279,-0.654930538418,-9.254522163891E-17
    ));
#5245 = ADVANCED_FACE('',(#5246),#5257,.T.);
#5246 = FACE_BOUND('',#5247,.F.);
#5247 = EDGE_LOOP('',(#5248,#5249,#5250,#5256));
#5248 = ORIENTED_EDGE('',*,*,#5234,.T.);
#5249 = ORIENTED_EDGE('',*,*,#2822,.T.);
#5250 = ORIENTED_EDGE('',*,*,#5251,.F.);
#5251 = EDGE_CURVE('',#3003,#2823,#5252,.T.);
#5252 = LINE('',#5253,#5254);
#5253 = CARTESIAN_POINT('',(62.7,-52.7,-2.5));
#5254 = VECTOR('',#5255,1.);
#5255 = DIRECTION('',(1.224646799147E-16,0.,-1.));
#5256 = ORIENTED_EDGE('',*,*,#3010,.F.);
#5257 = PLANE('',#5258);
#5258 = AXIS2_PLACEMENT_3D('',#5259,#5260,#5261);
#5259 = CARTESIAN_POINT('',(56.7,-52.7,-2.5));
#5260 = DIRECTION('',(0.,1.,0.));
#5261 = DIRECTION('',(-1.,0.,-1.224646799147E-16));
#5262 = ADVANCED_FACE('',(#5263),#5274,.T.);
#5263 = FACE_BOUND('',#5264,.F.);
#5264 = EDGE_LOOP('',(#5265,#5266,#5267,#5273));
#5265 = ORIENTED_EDGE('',*,*,#5251,.T.);
#5266 = ORIENTED_EDGE('',*,*,#2830,.T.);
#5267 = ORIENTED_EDGE('',*,*,#5268,.F.);
#5268 = EDGE_CURVE('',#2995,#2831,#5269,.T.);
#5269 = LINE('',#5270,#5271);
#5270 = CARTESIAN_POINT('',(62.7,-49.3,-2.5));
#5271 = VECTOR('',#5272,1.);
#5272 = DIRECTION('',(1.224646799147E-16,0.,-1.));
#5273 = ORIENTED_EDGE('',*,*,#3002,.F.);
#5274 = PLANE('',#5275);
#5275 = AXIS2_PLACEMENT_3D('',#5276,#5277,#5278);
#5276 = CARTESIAN_POINT('',(62.7,-52.7,-2.5));
#5277 = DIRECTION('',(-1.,0.,-1.224646799147E-16));
#5278 = DIRECTION('',(-0.,-1.,0.));
#5279 = ADVANCED_FACE('',(#5280),#5286,.T.);
#5280 = FACE_BOUND('',#5281,.F.);
#5281 = EDGE_LOOP('',(#5282,#5283,#5284,#5285));
#5282 = ORIENTED_EDGE('',*,*,#5268,.T.);
#5283 = ORIENTED_EDGE('',*,*,#2838,.T.);
#5284 = ORIENTED_EDGE('',*,*,#2968,.F.);
#5285 = ORIENTED_EDGE('',*,*,#2994,.F.);
#5286 = PLANE('',#5287);
#5287 = AXIS2_PLACEMENT_3D('',#5288,#5289,#5290);
#5288 = CARTESIAN_POINT('',(62.7,-49.3,-2.5));
#5289 = DIRECTION('',(0.,-1.,0.));
#5290 = DIRECTION('',(1.,0.,1.224646799147E-16));
#5291 = ADVANCED_FACE('',(#5292),#5317,.F.);
#5292 = FACE_BOUND('',#5293,.T.);
#5293 = EDGE_LOOP('',(#5294,#5302,#5310,#5316));
#5294 = ORIENTED_EDGE('',*,*,#5295,.T.);
#5295 = EDGE_CURVE('',#2895,#5296,#5298,.T.);
#5296 = VERTEX_POINT('',#5297);
#5297 = CARTESIAN_POINT('',(53.4,-60.2,-14.));
#5298 = LINE('',#5299,#5300);
#5299 = CARTESIAN_POINT('',(53.4,-60.2,-10.));
#5300 = VECTOR('',#5301,1.);
#5301 = DIRECTION('',(1.224646799147E-16,0.,-1.));
#5302 = ORIENTED_EDGE('',*,*,#5303,.T.);
#5303 = EDGE_CURVE('',#5296,#5304,#5306,.T.);
#5304 = VERTEX_POINT('',#5305);
#5305 = CARTESIAN_POINT('',(16.6,-60.2,-14.));
#5306 = LINE('',#5307,#5308);
#5307 = CARTESIAN_POINT('',(53.4,-60.2,-14.));
#5308 = VECTOR('',#5309,1.);
#5309 = DIRECTION('',(-1.,0.,-1.224646799147E-16));
#5310 = ORIENTED_EDGE('',*,*,#5311,.F.);
#5311 = EDGE_CURVE('',#2897,#5304,#5312,.T.);
#5312 = LINE('',#5313,#5314);
#5313 = CARTESIAN_POINT('',(16.6,-60.2,-10.));
#5314 = VECTOR('',#5315,1.);
#5315 = DIRECTION('',(1.224646799147E-16,0.,-1.));
#5316 = ORIENTED_EDGE('',*,*,#2894,.F.);
#5317 = PLANE('',#5318);
#5318 = AXIS2_PLACEMENT_3D('',#5319,#5320,#5321);
#5319 = CARTESIAN_POINT('',(53.4,-60.2,-10.));
#5320 = DIRECTION('',(0.,-1.,0.));
#5321 = DIRECTION('',(1.,0.,1.224646799147E-16));
#5322 = ADVANCED_FACE('',(#5323),#5341,.F.);
#5323 = FACE_BOUND('',#5324,.T.);
#5324 = EDGE_LOOP('',(#5325,#5333,#5339,#5340));
#5325 = ORIENTED_EDGE('',*,*,#5326,.T.);
#5326 = EDGE_CURVE('',#2913,#5327,#5329,.T.);
#5327 = VERTEX_POINT('',#5328);
#5328 = CARTESIAN_POINT('',(53.4,-54.,-14.));
#5329 = LINE('',#5330,#5331);
#5330 = CARTESIAN_POINT('',(53.4,-54.,-10.));
#5331 = VECTOR('',#5332,1.);
#5332 = DIRECTION('',(1.224646799147E-16,0.,-1.));
#5333 = ORIENTED_EDGE('',*,*,#5334,.T.);
#5334 = EDGE_CURVE('',#5327,#5296,#5335,.T.);
#5335 = LINE('',#5336,#5337);
#5336 = CARTESIAN_POINT('',(53.4,-54.,-14.));
#5337 = VECTOR('',#5338,1.);
#5338 = DIRECTION('',(0.,-1.,0.));
#5339 = ORIENTED_EDGE('',*,*,#5295,.F.);
#5340 = ORIENTED_EDGE('',*,*,#2920,.F.);
#5341 = PLANE('',#5342);
#5342 = AXIS2_PLACEMENT_3D('',#5343,#5344,#5345);
#5343 = CARTESIAN_POINT('',(53.4,-54.,-10.));
#5344 = DIRECTION('',(1.,-0.,1.224646799147E-16));
#5345 = DIRECTION('',(0.,1.,0.));
#5346 = ADVANCED_FACE('',(#5347),#5365,.F.);
#5347 = FACE_BOUND('',#5348,.T.);
#5348 = EDGE_LOOP('',(#5349,#5357,#5363,#5364));
#5349 = ORIENTED_EDGE('',*,*,#5350,.T.);
#5350 = EDGE_CURVE('',#2905,#5351,#5353,.T.);
#5351 = VERTEX_POINT('',#5352);
#5352 = CARTESIAN_POINT('',(16.6,-54.,-14.));
#5353 = LINE('',#5354,#5355);
#5354 = CARTESIAN_POINT('',(16.6,-54.,-10.));
#5355 = VECTOR('',#5356,1.);
#5356 = DIRECTION('',(1.224646799147E-16,0.,-1.));
#5357 = ORIENTED_EDGE('',*,*,#5358,.T.);
#5358 = EDGE_CURVE('',#5351,#5327,#5359,.T.);
#5359 = LINE('',#5360,#5361);
#5360 = CARTESIAN_POINT('',(16.6,-54.,-14.));
#5361 = VECTOR('',#5362,1.);
#5362 = DIRECTION('',(1.,0.,1.224646799147E-16));
#5363 = ORIENTED_EDGE('',*,*,#5326,.F.);
#5364 = ORIENTED_EDGE('',*,*,#2912,.F.);
#5365 = PLANE('',#5366);
#5366 = AXIS2_PLACEMENT_3D('',#5367,#5368,#5369);
#5367 = CARTESIAN_POINT('',(16.6,-54.,-10.));
#5368 = DIRECTION('',(0.,1.,0.));
#5369 = DIRECTION('',(-1.,0.,-1.224646799147E-16));
#5370 = ADVANCED_FACE('',(#5371),#5382,.F.);
#5371 = FACE_BOUND('',#5372,.T.);
#5372 = EDGE_LOOP('',(#5373,#5374,#5380,#5381));
#5373 = ORIENTED_EDGE('',*,*,#5311,.T.);
#5374 = ORIENTED_EDGE('',*,*,#5375,.T.);
#5375 = EDGE_CURVE('',#5304,#5351,#5376,.T.);
#5376 = LINE('',#5377,#5378);
#5377 = CARTESIAN_POINT('',(16.6,-60.2,-14.));
#5378 = VECTOR('',#5379,1.);
#5379 = DIRECTION('',(0.,1.,0.));
#5380 = ORIENTED_EDGE('',*,*,#5350,.F.);
#5381 = ORIENTED_EDGE('',*,*,#2904,.F.);
#5382 = PLANE('',#5383);
#5383 = AXIS2_PLACEMENT_3D('',#5384,#5385,#5386);
#5384 = CARTESIAN_POINT('',(16.6,-60.2,-10.));
#5385 = DIRECTION('',(-1.,0.,-1.224646799147E-16));
#5386 = DIRECTION('',(-0.,-1.,0.));
#5387 = ADVANCED_FACE('',(#5388),#5413,.F.);
#5388 = FACE_BOUND('',#5389,.T.);
#5389 = EDGE_LOOP('',(#5390,#5398,#5406,#5412));
#5390 = ORIENTED_EDGE('',*,*,#5391,.T.);
#5391 = EDGE_CURVE('',#2929,#5392,#5394,.T.);
#5392 = VERTEX_POINT('',#5393);
#5393 = CARTESIAN_POINT('',(53.4,-52.2,-14.));
#5394 = LINE('',#5395,#5396);
#5395 = CARTESIAN_POINT('',(53.4,-52.2,-10.));
#5396 = VECTOR('',#5397,1.);
#5397 = DIRECTION('',(1.224646799147E-16,0.,-1.));
#5398 = ORIENTED_EDGE('',*,*,#5399,.T.);
#5399 = EDGE_CURVE('',#5392,#5400,#5402,.T.);
#5400 = VERTEX_POINT('',#5401);
#5401 = CARTESIAN_POINT('',(16.6,-52.2,-14.));
#5402 = LINE('',#5403,#5404);
#5403 = CARTESIAN_POINT('',(53.4,-52.2,-14.));
#5404 = VECTOR('',#5405,1.);
#5405 = DIRECTION('',(-1.,0.,-1.224646799147E-16));
#5406 = ORIENTED_EDGE('',*,*,#5407,.F.);
#5407 = EDGE_CURVE('',#2931,#5400,#5408,.T.);
#5408 = LINE('',#5409,#5410);
#5409 = CARTESIAN_POINT('',(16.6,-52.2,-10.));
#5410 = VECTOR('',#5411,1.);
#5411 = DIRECTION('',(1.224646799147E-16,0.,-1.));
#5412 = ORIENTED_EDGE('',*,*,#2928,.F.);
#5413 = PLANE('',#5414);
#5414 = AXIS2_PLACEMENT_3D('',#5415,#5416,#5417);
#5415 = CARTESIAN_POINT('',(53.4,-52.2,-10.));
#5416 = DIRECTION('',(0.,-1.,0.));
#5417 = DIRECTION('',(1.,0.,1.224646799147E-16));
#5418 = ADVANCED_FACE('',(#5419),#5437,.F.);
#5419 = FACE_BOUND('',#5420,.T.);
#5420 = EDGE_LOOP('',(#5421,#5429,#5435,#5436));
#5421 = ORIENTED_EDGE('',*,*,#5422,.T.);
#5422 = EDGE_CURVE('',#2947,#5423,#5425,.T.);
#5423 = VERTEX_POINT('',#5424);
#5424 = CARTESIAN_POINT('',(53.4,-49.1,-14.));
#5425 = LINE('',#5426,#5427);
#5426 = CARTESIAN_POINT('',(53.4,-49.1,-10.));
#5427 = VECTOR('',#5428,1.);
#5428 = DIRECTION('',(1.224646799147E-16,0.,-1.));
#5429 = ORIENTED_EDGE('',*,*,#5430,.T.);
#5430 = EDGE_CURVE('',#5423,#5392,#5431,.T.);
#5431 = LINE('',#5432,#5433);
#5432 = CARTESIAN_POINT('',(53.4,-49.1,-14.));
#5433 = VECTOR('',#5434,1.);
#5434 = DIRECTION('',(0.,-1.,0.));
#5435 = ORIENTED_EDGE('',*,*,#5391,.F.);
#5436 = ORIENTED_EDGE('',*,*,#2954,.F.);
#5437 = PLANE('',#5438);
#5438 = AXIS2_PLACEMENT_3D('',#5439,#5440,#5441);
#5439 = CARTESIAN_POINT('',(53.4,-49.1,-10.));
#5440 = DIRECTION('',(1.,-0.,1.224646799147E-16));
#5441 = DIRECTION('',(0.,1.,0.));
#5442 = ADVANCED_FACE('',(#5443),#5461,.F.);
#5443 = FACE_BOUND('',#5444,.T.);
#5444 = EDGE_LOOP('',(#5445,#5453,#5459,#5460));
#5445 = ORIENTED_EDGE('',*,*,#5446,.T.);
#5446 = EDGE_CURVE('',#2939,#5447,#5449,.T.);
#5447 = VERTEX_POINT('',#5448);
#5448 = CARTESIAN_POINT('',(16.6,-49.1,-14.));
#5449 = LINE('',#5450,#5451);
#5450 = CARTESIAN_POINT('',(16.6,-49.1,-10.));
#5451 = VECTOR('',#5452,1.);
#5452 = DIRECTION('',(1.224646799147E-16,0.,-1.));
#5453 = ORIENTED_EDGE('',*,*,#5454,.T.);
#5454 = EDGE_CURVE('',#5447,#5423,#5455,.T.);
#5455 = LINE('',#5456,#5457);
#5456 = CARTESIAN_POINT('',(16.6,-49.1,-14.));
#5457 = VECTOR('',#5458,1.);
#5458 = DIRECTION('',(1.,0.,1.224646799147E-16));
#5459 = ORIENTED_EDGE('',*,*,#5422,.F.);
#5460 = ORIENTED_EDGE('',*,*,#2946,.F.);
#5461 = PLANE('',#5462);
#5462 = AXIS2_PLACEMENT_3D('',#5463,#5464,#5465);
#5463 = CARTESIAN_POINT('',(16.6,-49.1,-10.));
#5464 = DIRECTION('',(0.,1.,0.));
#5465 = DIRECTION('',(-1.,0.,-1.224646799147E-16));
#5466 = ADVANCED_FACE('',(#5467),#5478,.F.);
#5467 = FACE_BOUND('',#5468,.T.);
#5468 = EDGE_LOOP('',(#5469,#5470,#5476,#5477));
#5469 = ORIENTED_EDGE('',*,*,#5407,.T.);
#5470 = ORIENTED_EDGE('',*,*,#5471,.T.);
#5471 = EDGE_CURVE('',#5400,#5447,#5472,.T.);
#5472 = LINE('',#5473,#5474);
#5473 = CARTESIAN_POINT('',(16.6,-52.2,-14.));
#5474 = VECTOR('',#5475,1.);
#5475 = DIRECTION('',(0.,1.,0.));
#5476 = ORIENTED_EDGE('',*,*,#5446,.F.);
#5477 = ORIENTED_EDGE('',*,*,#2938,.F.);
#5478 = PLANE('',#5479);
#5479 = AXIS2_PLACEMENT_3D('',#5480,#5481,#5482);
#5480 = CARTESIAN_POINT('',(16.6,-52.2,-10.));
#5481 = DIRECTION('',(-1.,0.,-1.224646799147E-16));
#5482 = DIRECTION('',(-0.,-1.,0.));
#5483 = ADVANCED_FACE('',(#5484),#5575,.F.);
#5484 = FACE_BOUND('',#5485,.T.);
#5485 = EDGE_LOOP('',(#5486,#5487,#5495,#5504,#5510,#5511,#5512,#5521,
    #5527,#5528,#5536,#5545,#5551,#5552,#5560,#5569));
#5486 = ORIENTED_EDGE('',*,*,#4202,.F.);
#5487 = ORIENTED_EDGE('',*,*,#5488,.F.);
#5488 = EDGE_CURVE('',#5489,#4203,#5491,.T.);
#5489 = VERTEX_POINT('',#5490);
#5490 = CARTESIAN_POINT('',(61.247212200068,-56.90126030212,-4.25));
#5491 = LINE('',#5492,#5493);
#5492 = CARTESIAN_POINT('',(61.247212200067,-56.90126030212,-15.));
#5493 = VECTOR('',#5494,1.);
#5494 = DIRECTION('',(1.224646799147E-16,0.,-1.));
#5495 = ORIENTED_EDGE('',*,*,#5496,.F.);
#5496 = EDGE_CURVE('',#5497,#5489,#5499,.T.);
#5497 = VERTEX_POINT('',#5498);
#5498 = CARTESIAN_POINT('',(61.25,-56.99999999999,-4.25));
#5499 = CIRCLE('',#5500,1.75);
#5500 = AXIS2_PLACEMENT_3D('',#5501,#5502,#5503);
#5501 = CARTESIAN_POINT('',(59.5,-56.99999999999,-4.25));
#5502 = DIRECTION('',(-1.224646799147E-16,0.,1.));
#5503 = DIRECTION('',(1.,-0.,1.224646799147E-16));
#5504 = ORIENTED_EDGE('',*,*,#5505,.T.);
#5505 = EDGE_CURVE('',#5497,#3038,#5506,.T.);
#5506 = LINE('',#5507,#5508);
#5507 = CARTESIAN_POINT('',(61.25,-56.99999999999,-15.));
#5508 = VECTOR('',#5509,1.);
#5509 = DIRECTION('',(-1.224646799147E-16,0.,1.));
#5510 = ORIENTED_EDGE('',*,*,#3037,.T.);
#5511 = ORIENTED_EDGE('',*,*,#5505,.F.);
#5512 = ORIENTED_EDGE('',*,*,#5513,.F.);
#5513 = EDGE_CURVE('',#5514,#5497,#5516,.T.);
#5514 = VERTEX_POINT('',#5515);
#5515 = CARTESIAN_POINT('',(60.288095013294,-58.5625,-4.25));
#5516 = CIRCLE('',#5517,1.75);
#5517 = AXIS2_PLACEMENT_3D('',#5518,#5519,#5520);
#5518 = CARTESIAN_POINT('',(59.5,-56.99999999999,-4.25));
#5519 = DIRECTION('',(-1.224646799147E-16,0.,1.));
#5520 = DIRECTION('',(1.,-0.,1.224646799147E-16));
#5521 = ORIENTED_EDGE('',*,*,#5522,.T.);
#5522 = EDGE_CURVE('',#5514,#4227,#5523,.T.);
#5523 = LINE('',#5524,#5525);
#5524 = CARTESIAN_POINT('',(60.288095013295,-58.5625,-15.));
#5525 = VECTOR('',#5526,1.);
#5526 = DIRECTION('',(1.224646799147E-16,0.,-1.));
#5527 = ORIENTED_EDGE('',*,*,#4234,.F.);
#5528 = ORIENTED_EDGE('',*,*,#5529,.F.);
#5529 = EDGE_CURVE('',#5530,#4235,#5532,.T.);
#5530 = VERTEX_POINT('',#5531);
#5531 = CARTESIAN_POINT('',(58.711904986706,-58.5625,-4.25));
#5532 = LINE('',#5533,#5534);
#5533 = CARTESIAN_POINT('',(58.711904986705,-58.5625,-15.));
#5534 = VECTOR('',#5535,1.);
#5535 = DIRECTION('',(1.224646799147E-16,0.,-1.));
#5536 = ORIENTED_EDGE('',*,*,#5537,.F.);
#5537 = EDGE_CURVE('',#5538,#5530,#5540,.T.);
#5538 = VERTEX_POINT('',#5539);
#5539 = CARTESIAN_POINT('',(57.752787799932,-56.90126030212,-4.25));
#5540 = CIRCLE('',#5541,1.75);
#5541 = AXIS2_PLACEMENT_3D('',#5542,#5543,#5544);
#5542 = CARTESIAN_POINT('',(59.5,-56.99999999999,-4.25));
#5543 = DIRECTION('',(-1.224646799147E-16,0.,1.));
#5544 = DIRECTION('',(1.,-0.,1.224646799147E-16));
#5545 = ORIENTED_EDGE('',*,*,#5546,.T.);
#5546 = EDGE_CURVE('',#5538,#4267,#5547,.T.);
#5547 = LINE('',#5548,#5549);
#5548 = CARTESIAN_POINT('',(57.752787799933,-56.90126030212,-15.));
#5549 = VECTOR('',#5550,1.);
#5550 = DIRECTION('',(1.224646799147E-16,0.,-1.));
#5551 = ORIENTED_EDGE('',*,*,#4274,.F.);
#5552 = ORIENTED_EDGE('',*,*,#5553,.F.);
#5553 = EDGE_CURVE('',#5554,#4258,#5556,.T.);
#5554 = VERTEX_POINT('',#5555);
#5555 = CARTESIAN_POINT('',(58.540882813247,-55.53623969786,-4.25));
#5556 = LINE('',#5557,#5558);
#5557 = CARTESIAN_POINT('',(58.540882813246,-55.53623969787,-15.));
#5558 = VECTOR('',#5559,1.);
#5559 = DIRECTION('',(1.224646799147E-16,0.,-1.));
#5560 = ORIENTED_EDGE('',*,*,#5561,.F.);
#5561 = EDGE_CURVE('',#5562,#5554,#5564,.T.);
#5562 = VERTEX_POINT('',#5563);
#5563 = CARTESIAN_POINT('',(60.459117186753,-55.53623969786,-4.25));
#5564 = CIRCLE('',#5565,1.75);
#5565 = AXIS2_PLACEMENT_3D('',#5566,#5567,#5568);
#5566 = CARTESIAN_POINT('',(59.5,-56.99999999999,-4.25));
#5567 = DIRECTION('',(-1.224646799147E-16,0.,1.));
#5568 = DIRECTION('',(1.,-0.,1.224646799147E-16));
#5569 = ORIENTED_EDGE('',*,*,#5570,.T.);
#5570 = EDGE_CURVE('',#5562,#4195,#5571,.T.);
#5571 = LINE('',#5572,#5573);
#5572 = CARTESIAN_POINT('',(60.459117186754,-55.53623969787,-15.));
#5573 = VECTOR('',#5574,1.);
#5574 = DIRECTION('',(1.224646799147E-16,0.,-1.));
#5575 = CYLINDRICAL_SURFACE('',#5576,1.75);
#5576 = AXIS2_PLACEMENT_3D('',#5577,#5578,#5579);
#5577 = CARTESIAN_POINT('',(59.5,-56.99999999999,-15.));
#5578 = DIRECTION('',(1.224646799147E-16,0.,-1.));
#5579 = DIRECTION('',(1.,0.,1.224646799147E-16));
#5580 = ADVANCED_FACE('',(#5581,#5642,#5653),#5664,.T.);
#5581 = FACE_BOUND('',#5582,.T.);
#5582 = EDGE_LOOP('',(#5583,#5593,#5602,#5610,#5617,#5618,#5627,#5635));
#5583 = ORIENTED_EDGE('',*,*,#5584,.T.);
#5584 = EDGE_CURVE('',#5585,#5587,#5589,.T.);
#5585 = VERTEX_POINT('',#5586);
#5586 = CARTESIAN_POINT('',(47.5,-139.,12.5));
#5587 = VERTEX_POINT('',#5588);
#5588 = CARTESIAN_POINT('',(-47.5,-139.,12.5));
#5589 = LINE('',#5590,#5591);
#5590 = CARTESIAN_POINT('',(-7.808084989342E-16,-139.,12.5));
#5591 = VECTOR('',#5592,1.);
#5592 = DIRECTION('',(-1.,0.,-1.224646799147E-16));
#5593 = ORIENTED_EDGE('',*,*,#5594,.T.);
#5594 = EDGE_CURVE('',#5587,#5595,#5597,.T.);
#5595 = VERTEX_POINT('',#5596);
#5596 = CARTESIAN_POINT('',(-55.,-139.,5.));
#5597 = CIRCLE('',#5598,7.5);
#5598 = AXIS2_PLACEMENT_3D('',#5599,#5600,#5601);
#5599 = CARTESIAN_POINT('',(-47.5,-139.,5.));
#5600 = DIRECTION('',(0.,-1.,-0.));
#5601 = DIRECTION('',(-1.,0.,-1.224646799147E-16));
#5602 = ORIENTED_EDGE('',*,*,#5603,.T.);
#5603 = EDGE_CURVE('',#5595,#5604,#5606,.T.);
#5604 = VERTEX_POINT('',#5605);
#5605 = CARTESIAN_POINT('',(-54.99999999999,-139.,-7.500000000002));
#5606 = LINE('',#5607,#5608);
#5607 = CARTESIAN_POINT('',(-55.,-139.,12.5));
#5608 = VECTOR('',#5609,1.);
#5609 = DIRECTION('',(1.224646799147E-16,0.,-1.));
#5610 = ORIENTED_EDGE('',*,*,#5611,.T.);
#5611 = EDGE_CURVE('',#5604,#3116,#5612,.T.);
#5612 = CIRCLE('',#5613,7.5);
#5613 = AXIS2_PLACEMENT_3D('',#5614,#5615,#5616);
#5614 = CARTESIAN_POINT('',(-47.49999999999,-139.,-7.5));
#5615 = DIRECTION('',(0.,-1.,-0.));
#5616 = DIRECTION('',(-1.,0.,-1.224646799147E-16));
#5617 = ORIENTED_EDGE('',*,*,#3113,.F.);
#5618 = ORIENTED_EDGE('',*,*,#5619,.F.);
#5619 = EDGE_CURVE('',#5620,#3114,#5622,.T.);
#5620 = VERTEX_POINT('',#5621);
#5621 = CARTESIAN_POINT('',(54.999999999995,-139.,-7.500000000002));
#5622 = CIRCLE('',#5623,7.5);
#5623 = AXIS2_PLACEMENT_3D('',#5624,#5625,#5626);
#5624 = CARTESIAN_POINT('',(47.499999999995,-139.,-7.5));
#5625 = DIRECTION('',(-0.,1.,0.));
#5626 = DIRECTION('',(1.,0.,1.224646799147E-16));
#5627 = ORIENTED_EDGE('',*,*,#5628,.F.);
#5628 = EDGE_CURVE('',#5629,#5620,#5631,.T.);
#5629 = VERTEX_POINT('',#5630);
#5630 = CARTESIAN_POINT('',(55.,-139.,5.));
#5631 = LINE('',#5632,#5633);
#5632 = CARTESIAN_POINT('',(55.,-139.,12.5));
#5633 = VECTOR('',#5634,1.);
#5634 = DIRECTION('',(1.224646799147E-16,0.,-1.));
#5635 = ORIENTED_EDGE('',*,*,#5636,.F.);
#5636 = EDGE_CURVE('',#5585,#5629,#5637,.T.);
#5637 = CIRCLE('',#5638,7.5);
#5638 = AXIS2_PLACEMENT_3D('',#5639,#5640,#5641);
#5639 = CARTESIAN_POINT('',(47.5,-139.,5.));
#5640 = DIRECTION('',(-0.,1.,0.));
#5641 = DIRECTION('',(1.,0.,1.224646799147E-16));
#5642 = FACE_BOUND('',#5643,.T.);
#5643 = EDGE_LOOP('',(#5644));
#5644 = ORIENTED_EDGE('',*,*,#5645,.F.);
#5645 = EDGE_CURVE('',#5646,#5646,#5648,.T.);
#5646 = VERTEX_POINT('',#5647);
#5647 = CARTESIAN_POINT('',(43.25,-139.,4.296597406312E-15));
#5648 = CIRCLE('',#5649,1.75);
#5649 = AXIS2_PLACEMENT_3D('',#5650,#5651,#5652);
#5650 = CARTESIAN_POINT('',(45.,-139.,4.530910596163E-15));
#5651 = DIRECTION('',(2.694222958124E-32,-1.,-2.2E-16));
#5652 = DIRECTION('',(-1.,0.,-1.224646799147E-16));
#5653 = FACE_BOUND('',#5654,.T.);
#5654 = EDGE_LOOP('',(#5655));
#5655 = ORIENTED_EDGE('',*,*,#5656,.T.);
#5656 = EDGE_CURVE('',#5657,#5657,#5659,.T.);
#5657 = VERTEX_POINT('',#5658);
#5658 = CARTESIAN_POINT('',(-43.25,-139.,-6.296597406312E-15));
#5659 = CIRCLE('',#5660,1.75);
#5660 = AXIS2_PLACEMENT_3D('',#5661,#5662,#5663);
#5661 = CARTESIAN_POINT('',(-45.,-139.,-6.490910596163E-15));
#5662 = DIRECTION('',(-2.694222958124E-32,1.,2.2E-16));
#5663 = DIRECTION('',(1.,0.,1.224646799147E-16));
#5664 = PLANE('',#5665);
#5665 = AXIS2_PLACEMENT_3D('',#5666,#5667,#5668);
#5666 = CARTESIAN_POINT('',(-2.269191501066E-16,-139.,-1.25));
#5667 = DIRECTION('',(0.,-1.,0.));
#5668 = DIRECTION('',(-1.224646799147E-16,0.,1.));
#5669 = ADVANCED_FACE('',(#5670),#5689,.T.);
#5670 = FACE_BOUND('',#5671,.F.);
#5671 = EDGE_LOOP('',(#5672,#5673,#5681,#5688));
#5672 = ORIENTED_EDGE('',*,*,#5619,.F.);
#5673 = ORIENTED_EDGE('',*,*,#5674,.T.);
#5674 = EDGE_CURVE('',#5620,#5675,#5677,.T.);
#5675 = VERTEX_POINT('',#5676);
#5676 = CARTESIAN_POINT('',(54.999999999995,-134.6,-7.500000000002));
#5677 = LINE('',#5678,#5679);
#5678 = CARTESIAN_POINT('',(54.999999999995,-139.,-7.500000000002));
#5679 = VECTOR('',#5680,1.);
#5680 = DIRECTION('',(-2.694222958124E-32,1.,2.2E-16));
#5681 = ORIENTED_EDGE('',*,*,#5682,.T.);
#5682 = EDGE_CURVE('',#5675,#3191,#5683,.T.);
#5683 = CIRCLE('',#5684,7.5);
#5684 = AXIS2_PLACEMENT_3D('',#5685,#5686,#5687);
#5685 = CARTESIAN_POINT('',(47.499999999995,-134.6,-7.5));
#5686 = DIRECTION('',(-2.694222958124E-32,1.,2.2E-16));
#5687 = DIRECTION('',(1.,0.,1.224646799147E-16));
#5688 = ORIENTED_EDGE('',*,*,#3198,.F.);
#5689 = CYLINDRICAL_SURFACE('',#5690,7.5);
#5690 = AXIS2_PLACEMENT_3D('',#5691,#5692,#5693);
#5691 = CARTESIAN_POINT('',(47.499999999995,-139.,-7.5));
#5692 = DIRECTION('',(2.694222958124E-32,-1.,-2.2E-16));
#5693 = DIRECTION('',(1.,0.,1.224646799147E-16));
#5694 = ADVANCED_FACE('',(#5695),#5714,.T.);
#5695 = FACE_BOUND('',#5696,.T.);
#5696 = EDGE_LOOP('',(#5697,#5698,#5706,#5713));
#5697 = ORIENTED_EDGE('',*,*,#5611,.F.);
#5698 = ORIENTED_EDGE('',*,*,#5699,.T.);
#5699 = EDGE_CURVE('',#5604,#5700,#5702,.T.);
#5700 = VERTEX_POINT('',#5701);
#5701 = CARTESIAN_POINT('',(-54.99999999999,-134.6,-7.500000000002));
#5702 = LINE('',#5703,#5704);
#5703 = CARTESIAN_POINT('',(-54.99999999999,-139.,-7.500000000002));
#5704 = VECTOR('',#5705,1.);
#5705 = DIRECTION('',(-2.694222958124E-32,1.,2.2E-16));
#5706 = ORIENTED_EDGE('',*,*,#5707,.T.);
#5707 = EDGE_CURVE('',#5700,#3124,#5708,.T.);
#5708 = CIRCLE('',#5709,7.5);
#5709 = AXIS2_PLACEMENT_3D('',#5710,#5711,#5712);
#5710 = CARTESIAN_POINT('',(-47.49999999999,-134.6,-7.5));
#5711 = DIRECTION('',(2.694222958124E-32,-1.,-2.2E-16));
#5712 = DIRECTION('',(-1.,0.,-1.224646799147E-16));
#5713 = ORIENTED_EDGE('',*,*,#3123,.F.);
#5714 = CYLINDRICAL_SURFACE('',#5715,7.5);
#5715 = AXIS2_PLACEMENT_3D('',#5716,#5717,#5718);
#5716 = CARTESIAN_POINT('',(-47.49999999999,-139.,-7.5));
#5717 = DIRECTION('',(2.694222958124E-32,-1.,-2.2E-16));
#5718 = DIRECTION('',(-1.,0.,-1.224646799147E-16));
#5719 = ADVANCED_FACE('',(#5720,#5756),#5806,.T.);
#5720 = FACE_BOUND('',#5721,.F.);
#5721 = EDGE_LOOP('',(#5722,#5723,#5724,#5732,#5741,#5749,#5755));
#5722 = ORIENTED_EDGE('',*,*,#3190,.T.);
#5723 = ORIENTED_EDGE('',*,*,#5682,.F.);
#5724 = ORIENTED_EDGE('',*,*,#5725,.T.);
#5725 = EDGE_CURVE('',#5675,#5726,#5728,.T.);
#5726 = VERTEX_POINT('',#5727);
#5727 = CARTESIAN_POINT('',(55.,-134.6,9.73555739531E-15));
#5728 = LINE('',#5729,#5730);
#5729 = CARTESIAN_POINT('',(55.,-134.6,-15.));
#5730 = VECTOR('',#5731,1.);
#5731 = DIRECTION('',(-1.224646799147E-16,0.,1.));
#5732 = ORIENTED_EDGE('',*,*,#5733,.F.);
#5733 = EDGE_CURVE('',#5734,#5726,#5736,.T.);
#5734 = VERTEX_POINT('',#5735);
#5735 = CARTESIAN_POINT('',(35.,-134.6,3.286263797016E-15));
#5736 = CIRCLE('',#5737,10.);
#5737 = AXIS2_PLACEMENT_3D('',#5738,#5739,#5740);
#5738 = CARTESIAN_POINT('',(45.,-134.6,5.510910596163E-15));
#5739 = DIRECTION('',(-0.,1.,0.));
#5740 = DIRECTION('',(1.,0.,1.224646799147E-16));
#5741 = ORIENTED_EDGE('',*,*,#5742,.F.);
#5742 = EDGE_CURVE('',#5743,#5734,#5745,.T.);
#5743 = VERTEX_POINT('',#5744);
#5744 = CARTESIAN_POINT('',(35.,-134.6,-13.5));
#5745 = LINE('',#5746,#5747);
#5746 = CARTESIAN_POINT('',(35.,-134.6,-15.));
#5747 = VECTOR('',#5748,1.);
#5748 = DIRECTION('',(-1.224646799147E-16,0.,1.));
#5749 = ORIENTED_EDGE('',*,*,#5750,.T.);
#5750 = EDGE_CURVE('',#5743,#4086,#5751,.T.);
#5751 = LINE('',#5752,#5753);
#5752 = CARTESIAN_POINT('',(35.,-134.6,-13.5));
#5753 = VECTOR('',#5754,1.);
#5754 = DIRECTION('',(-1.,0.,-1.224646799147E-16));
#5755 = ORIENTED_EDGE('',*,*,#4085,.F.);
#5756 = FACE_BOUND('',#5757,.F.);
#5757 = EDGE_LOOP('',(#5758,#5768,#5776,#5784,#5792,#5800));
#5758 = ORIENTED_EDGE('',*,*,#5759,.F.);
#5759 = EDGE_CURVE('',#5760,#5762,#5764,.T.);
#5760 = VERTEX_POINT('',#5761);
#5761 = CARTESIAN_POINT('',(42.249999999999,-134.6,1.587713240273));
#5762 = VERTEX_POINT('',#5763);
#5763 = CARTESIAN_POINT('',(42.249999999999,-134.6,-1.587713240269));
#5764 = LINE('',#5765,#5766);
#5765 = CARTESIAN_POINT('',(42.249999999999,-134.6,1.587713240273));
#5766 = VECTOR('',#5767,1.);
#5767 = DIRECTION('',(-4.015753532009E-14,0.,-1.));
#5768 = ORIENTED_EDGE('',*,*,#5769,.F.);
#5769 = EDGE_CURVE('',#5770,#5760,#5772,.T.);
#5770 = VERTEX_POINT('',#5771);
#5771 = CARTESIAN_POINT('',(45.000000000001,-134.6,3.175426480542));
#5772 = LINE('',#5773,#5774);
#5773 = CARTESIAN_POINT('',(45.000000000001,-134.6,3.175426480542));
#5774 = VECTOR('',#5775,1.);
#5775 = DIRECTION('',(-0.866025403785,0.,-0.499999999999));
#5776 = ORIENTED_EDGE('',*,*,#5777,.F.);
#5777 = EDGE_CURVE('',#5778,#5770,#5780,.T.);
#5778 = VERTEX_POINT('',#5779);
#5779 = CARTESIAN_POINT('',(47.749999999999,-134.6,1.58771324027));
#5780 = LINE('',#5781,#5782);
#5781 = CARTESIAN_POINT('',(47.749999999999,-134.6,1.58771324027));
#5782 = VECTOR('',#5783,1.);
#5783 = DIRECTION('',(-0.866025403784,-0.,0.5));
#5784 = ORIENTED_EDGE('',*,*,#5785,.F.);
#5785 = EDGE_CURVE('',#5786,#5778,#5788,.T.);
#5786 = VERTEX_POINT('',#5787);
#5787 = CARTESIAN_POINT('',(47.749999999999,-134.6,-1.58771324027));
#5788 = LINE('',#5789,#5790);
#5789 = CARTESIAN_POINT('',(47.749999999999,-134.6,-1.58771324027));
#5790 = VECTOR('',#5791,1.);
#5791 = DIRECTION('',(-1.224646799147E-16,-0.,1.));
#5792 = ORIENTED_EDGE('',*,*,#5793,.F.);
#5793 = EDGE_CURVE('',#5794,#5786,#5796,.T.);
#5794 = VERTEX_POINT('',#5795);
#5795 = CARTESIAN_POINT('',(45.000000000001,-134.6,-3.175426480542));
#5796 = LINE('',#5797,#5798);
#5797 = CARTESIAN_POINT('',(45.000000000001,-134.6,-3.175426480542));
#5798 = VECTOR('',#5799,1.);
#5799 = DIRECTION('',(0.866025403784,0.,0.5));
#5800 = ORIENTED_EDGE('',*,*,#5801,.F.);
#5801 = EDGE_CURVE('',#5762,#5794,#5802,.T.);
#5802 = LINE('',#5803,#5804);
#5803 = CARTESIAN_POINT('',(42.249999999999,-134.6,-1.587713240269));
#5804 = VECTOR('',#5805,1.);
#5805 = DIRECTION('',(0.866025403784,0.,-0.5));
#5806 = PLANE('',#5807);
#5807 = AXIS2_PLACEMENT_3D('',#5808,#5809,#5810);
#5808 = CARTESIAN_POINT('',(42.368690783193,-134.6,-5.476747466028));
#5809 = DIRECTION('',(0.,1.,0.));
#5810 = DIRECTION('',(-1.224646799147E-16,0.,1.));
#5811 = ADVANCED_FACE('',(#5812,#5848),#5898,.T.);
#5812 = FACE_BOUND('',#5813,.T.);
#5813 = EDGE_LOOP('',(#5814,#5815,#5816,#5824,#5833,#5841,#5847));
#5814 = ORIENTED_EDGE('',*,*,#3131,.T.);
#5815 = ORIENTED_EDGE('',*,*,#5707,.F.);
#5816 = ORIENTED_EDGE('',*,*,#5817,.T.);
#5817 = EDGE_CURVE('',#5700,#5818,#5820,.T.);
#5818 = VERTEX_POINT('',#5819);
#5819 = CARTESIAN_POINT('',(-55.,-134.6,-3.73555739531E-15));
#5820 = LINE('',#5821,#5822);
#5821 = CARTESIAN_POINT('',(-55.,-134.6,-15.));
#5822 = VECTOR('',#5823,1.);
#5823 = DIRECTION('',(-1.224646799147E-16,0.,1.));
#5824 = ORIENTED_EDGE('',*,*,#5825,.F.);
#5825 = EDGE_CURVE('',#5826,#5818,#5828,.T.);
#5826 = VERTEX_POINT('',#5827);
#5827 = CARTESIAN_POINT('',(-35.,-134.6,-5.286263797016E-15));
#5828 = CIRCLE('',#5829,10.);
#5829 = AXIS2_PLACEMENT_3D('',#5830,#5831,#5832);
#5830 = CARTESIAN_POINT('',(-45.,-134.6,-5.510910596163E-15));
#5831 = DIRECTION('',(0.,-1.,-0.));
#5832 = DIRECTION('',(-1.,0.,-1.224646799147E-16));
#5833 = ORIENTED_EDGE('',*,*,#5834,.F.);
#5834 = EDGE_CURVE('',#5835,#5826,#5837,.T.);
#5835 = VERTEX_POINT('',#5836);
#5836 = CARTESIAN_POINT('',(-35.,-134.6,-13.5));
#5837 = LINE('',#5838,#5839);
#5838 = CARTESIAN_POINT('',(-35.,-134.6,-15.));
#5839 = VECTOR('',#5840,1.);
#5840 = DIRECTION('',(-1.224646799147E-16,0.,1.));
#5841 = ORIENTED_EDGE('',*,*,#5842,.T.);
#5842 = EDGE_CURVE('',#5835,#3828,#5843,.T.);
#5843 = LINE('',#5844,#5845);
#5844 = CARTESIAN_POINT('',(-35.,-134.6,-13.5));
#5845 = VECTOR('',#5846,1.);
#5846 = DIRECTION('',(1.,0.,1.224646799147E-16));
#5847 = ORIENTED_EDGE('',*,*,#3827,.F.);
#5848 = FACE_BOUND('',#5849,.T.);
#5849 = EDGE_LOOP('',(#5850,#5860,#5868,#5876,#5884,#5892));
#5850 = ORIENTED_EDGE('',*,*,#5851,.F.);
#5851 = EDGE_CURVE('',#5852,#5854,#5856,.T.);
#5852 = VERTEX_POINT('',#5853);
#5853 = CARTESIAN_POINT('',(-42.24999999999,-134.6,1.587713240273));
#5854 = VERTEX_POINT('',#5855);
#5855 = CARTESIAN_POINT('',(-42.24999999999,-134.6,-1.587713240269));
#5856 = LINE('',#5857,#5858);
#5857 = CARTESIAN_POINT('',(-42.24999999999,-134.6,1.587713240273));
#5858 = VECTOR('',#5859,1.);
#5859 = DIRECTION('',(4.040246467991E-14,0.,-1.));
#5860 = ORIENTED_EDGE('',*,*,#5861,.F.);
#5861 = EDGE_CURVE('',#5862,#5852,#5864,.T.);
#5862 = VERTEX_POINT('',#5863);
#5863 = CARTESIAN_POINT('',(-45.,-134.6,3.175426480542));
#5864 = LINE('',#5865,#5866);
#5865 = CARTESIAN_POINT('',(-45.,-134.6,3.175426480542));
#5866 = VECTOR('',#5867,1.);
#5867 = DIRECTION('',(0.866025403785,0.,-0.499999999999));
#5868 = ORIENTED_EDGE('',*,*,#5869,.F.);
#5869 = EDGE_CURVE('',#5870,#5862,#5872,.T.);
#5870 = VERTEX_POINT('',#5871);
#5871 = CARTESIAN_POINT('',(-47.74999999999,-134.6,1.58771324027));
#5872 = LINE('',#5873,#5874);
#5873 = CARTESIAN_POINT('',(-47.74999999999,-134.6,1.58771324027));
#5874 = VECTOR('',#5875,1.);
#5875 = DIRECTION('',(0.866025403784,0.,0.5));
#5876 = ORIENTED_EDGE('',*,*,#5877,.F.);
#5877 = EDGE_CURVE('',#5878,#5870,#5880,.T.);
#5878 = VERTEX_POINT('',#5879);
#5879 = CARTESIAN_POINT('',(-47.74999999999,-134.6,-1.58771324027));
#5880 = LINE('',#5881,#5882);
#5881 = CARTESIAN_POINT('',(-47.74999999999,-134.6,-1.58771324027));
#5882 = VECTOR('',#5883,1.);
#5883 = DIRECTION('',(-1.224646799147E-16,0.,1.));
#5884 = ORIENTED_EDGE('',*,*,#5885,.F.);
#5885 = EDGE_CURVE('',#5886,#5878,#5888,.T.);
#5886 = VERTEX_POINT('',#5887);
#5887 = CARTESIAN_POINT('',(-45.,-134.6,-3.175426480542));
#5888 = LINE('',#5889,#5890);
#5889 = CARTESIAN_POINT('',(-45.,-134.6,-3.175426480542));
#5890 = VECTOR('',#5891,1.);
#5891 = DIRECTION('',(-0.866025403784,0.,0.5));
#5892 = ORIENTED_EDGE('',*,*,#5893,.F.);
#5893 = EDGE_CURVE('',#5854,#5886,#5894,.T.);
#5894 = LINE('',#5895,#5896);
#5895 = CARTESIAN_POINT('',(-42.24999999999,-134.6,-1.587713240269));
#5896 = VECTOR('',#5897,1.);
#5897 = DIRECTION('',(-0.866025403784,0.,-0.5));
#5898 = PLANE('',#5899);
#5899 = AXIS2_PLACEMENT_3D('',#5900,#5901,#5902);
#5900 = CARTESIAN_POINT('',(-42.36869078319,-134.6,-5.476747466028));
#5901 = DIRECTION('',(0.,1.,0.));
#5902 = DIRECTION('',(1.224646799147E-16,0.,-1.));
#5903 = ADVANCED_FACE('',(#5904),#5910,.T.);
#5904 = FACE_BOUND('',#5905,.T.);
#5905 = EDGE_LOOP('',(#5906,#5907,#5908,#5909));
#5906 = ORIENTED_EDGE('',*,*,#3457,.F.);
#5907 = ORIENTED_EDGE('',*,*,#3964,.T.);
#5908 = ORIENTED_EDGE('',*,*,#3158,.T.);
#5909 = ORIENTED_EDGE('',*,*,#3265,.F.);
#5910 = PLANE('',#5911);
#5911 = AXIS2_PLACEMENT_3D('',#5912,#5913,#5914);
#5912 = CARTESIAN_POINT('',(4.592425496803E-16,-93.2,-3.75));
#5913 = DIRECTION('',(6.123233995737E-32,1.,-5.E-16));
#5914 = DIRECTION('',(1.224646799147E-16,-5.E-16,-1.));
#5915 = ADVANCED_FACE('',(#5916),#5943,.F.);
#5916 = FACE_BOUND('',#5917,.T.);
#5917 = EDGE_LOOP('',(#5918,#5919,#5928,#5936));
#5918 = ORIENTED_EDGE('',*,*,#3281,.T.);
#5919 = ORIENTED_EDGE('',*,*,#5920,.F.);
#5920 = EDGE_CURVE('',#5921,#3284,#5923,.T.);
#5921 = VERTEX_POINT('',#5922);
#5922 = CARTESIAN_POINT('',(-0.9,-122.3301270189,10.));
#5923 = CIRCLE('',#5924,5.);
#5924 = AXIS2_PLACEMENT_3D('',#5925,#5926,#5927);
#5925 = CARTESIAN_POINT('',(-0.9,-118.,12.5));
#5926 = DIRECTION('',(1.,-0.,1.224646799147E-16));
#5927 = DIRECTION('',(0.,1.,0.));
#5928 = ORIENTED_EDGE('',*,*,#5929,.T.);
#5929 = EDGE_CURVE('',#5921,#5930,#5932,.T.);
#5930 = VERTEX_POINT('',#5931);
#5931 = CARTESIAN_POINT('',(0.9,-122.3301270189,10.));
#5932 = LINE('',#5933,#5934);
#5933 = CARTESIAN_POINT('',(-1.224646799147E-15,-122.3301270189,10.));
#5934 = VECTOR('',#5935,1.);
#5935 = DIRECTION('',(1.,-0.,1.224646799147E-16));
#5936 = ORIENTED_EDGE('',*,*,#5937,.T.);
#5937 = EDGE_CURVE('',#5930,#3282,#5938,.T.);
#5938 = CIRCLE('',#5939,5.);
#5939 = AXIS2_PLACEMENT_3D('',#5940,#5941,#5942);
#5940 = CARTESIAN_POINT('',(0.9,-118.,12.5));
#5941 = DIRECTION('',(1.,-0.,1.224646799147E-16));
#5942 = DIRECTION('',(0.,1.,0.));
#5943 = CYLINDRICAL_SURFACE('',#5944,5.);
#5944 = AXIS2_PLACEMENT_3D('',#5945,#5946,#5947);
#5945 = CARTESIAN_POINT('',(-1.530808498934E-15,-118.,12.5));
#5946 = DIRECTION('',(1.,-0.,1.224646799147E-16));
#5947 = DIRECTION('',(0.,1.,0.));
#5948 = ADVANCED_FACE('',(#5949),#6008,.T.);
#5949 = FACE_BOUND('',#5950,.F.);
#5950 = EDGE_LOOP('',(#5951,#5952,#5953,#5961,#5969,#5977,#5985,#5993,
    #6001));
#5951 = ORIENTED_EDGE('',*,*,#5937,.T.);
#5952 = ORIENTED_EDGE('',*,*,#3291,.T.);
#5953 = ORIENTED_EDGE('',*,*,#5954,.T.);
#5954 = EDGE_CURVE('',#3292,#5955,#5957,.T.);
#5955 = VERTEX_POINT('',#5956);
#5956 = CARTESIAN_POINT('',(0.9,-117.,-14.));
#5957 = LINE('',#5958,#5959);
#5958 = CARTESIAN_POINT('',(0.9,-117.,12.5));
#5959 = VECTOR('',#5960,1.);
#5960 = DIRECTION('',(1.224646799147E-16,0.,-1.));
#5961 = ORIENTED_EDGE('',*,*,#5962,.T.);
#5962 = EDGE_CURVE('',#5955,#5963,#5965,.T.);
#5963 = VERTEX_POINT('',#5964);
#5964 = CARTESIAN_POINT('',(0.9,-127.,-14.));
#5965 = LINE('',#5966,#5967);
#5966 = CARTESIAN_POINT('',(0.9,-117.,-14.));
#5967 = VECTOR('',#5968,1.);
#5968 = DIRECTION('',(0.,-1.,0.));
#5969 = ORIENTED_EDGE('',*,*,#5970,.T.);
#5970 = EDGE_CURVE('',#5963,#5971,#5973,.T.);
#5971 = VERTEX_POINT('',#5972);
#5972 = CARTESIAN_POINT('',(0.9,-127.,-13.));
#5973 = LINE('',#5974,#5975);
#5974 = CARTESIAN_POINT('',(0.9,-127.,-0.75));
#5975 = VECTOR('',#5976,1.);
#5976 = DIRECTION('',(-1.224646799147E-16,0.,1.));
#5977 = ORIENTED_EDGE('',*,*,#5978,.F.);
#5978 = EDGE_CURVE('',#5979,#5971,#5981,.T.);
#5979 = VERTEX_POINT('',#5980);
#5980 = CARTESIAN_POINT('',(0.9,-137.2,-13.));
#5981 = LINE('',#5982,#5983);
#5982 = CARTESIAN_POINT('',(0.9,-118.8420373803,-13.));
#5983 = VECTOR('',#5984,1.);
#5984 = DIRECTION('',(0.,1.,0.));
#5985 = ORIENTED_EDGE('',*,*,#5986,.F.);
#5986 = EDGE_CURVE('',#5987,#5979,#5989,.T.);
#5987 = VERTEX_POINT('',#5988);
#5988 = CARTESIAN_POINT('',(0.9,-137.2,12.5));
#5989 = LINE('',#5990,#5991);
#5990 = CARTESIAN_POINT('',(0.9,-137.2,12.5));
#5991 = VECTOR('',#5992,1.);
#5992 = DIRECTION('',(1.224646799147E-16,0.,-1.));
#5993 = ORIENTED_EDGE('',*,*,#5994,.F.);
#5994 = EDGE_CURVE('',#5995,#5987,#5997,.T.);
#5995 = VERTEX_POINT('',#5996);
#5996 = CARTESIAN_POINT('',(0.9,-126.6602540378,12.5));
#5997 = LINE('',#5998,#5999);
#5998 = CARTESIAN_POINT('',(0.9,-117.,12.5));
#5999 = VECTOR('',#6000,1.);
#6000 = DIRECTION('',(0.,-1.,0.));
#6001 = ORIENTED_EDGE('',*,*,#6002,.F.);
#6002 = EDGE_CURVE('',#5930,#5995,#6003,.T.);
#6003 = CIRCLE('',#6004,5.);
#6004 = AXIS2_PLACEMENT_3D('',#6005,#6006,#6007);
#6005 = CARTESIAN_POINT('',(0.9,-126.6602540378,7.5));
#6006 = DIRECTION('',(1.,-0.,1.224646799147E-16));
#6007 = DIRECTION('',(0.,1.,0.));
#6008 = PLANE('',#6009);
#6009 = AXIS2_PLACEMENT_3D('',#6010,#6011,#6012);
#6010 = CARTESIAN_POINT('',(0.9,-117.,12.5));
#6011 = DIRECTION('',(1.,-0.,1.224646799147E-16));
#6012 = DIRECTION('',(0.,1.,0.));
#6013 = ADVANCED_FACE('',(#6014),#6032,.T.);
#6014 = FACE_BOUND('',#6015,.F.);
#6015 = EDGE_LOOP('',(#6016,#6017,#6025,#6031));
#6016 = ORIENTED_EDGE('',*,*,#3299,.T.);
#6017 = ORIENTED_EDGE('',*,*,#6018,.T.);
#6018 = EDGE_CURVE('',#3300,#6019,#6021,.T.);
#6019 = VERTEX_POINT('',#6020);
#6020 = CARTESIAN_POINT('',(11.165004207967,-117.,-14.));
#6021 = LINE('',#6022,#6023);
#6022 = CARTESIAN_POINT('',(11.165004207967,-117.,12.5));
#6023 = VECTOR('',#6024,1.);
#6024 = DIRECTION('',(1.224646799147E-16,0.,-1.));
#6025 = ORIENTED_EDGE('',*,*,#6026,.T.);
#6026 = EDGE_CURVE('',#6019,#5955,#6027,.T.);
#6027 = LINE('',#6028,#6029);
#6028 = CARTESIAN_POINT('',(11.165004207967,-117.,-14.));
#6029 = VECTOR('',#6030,1.);
#6030 = DIRECTION('',(-1.,0.,-1.224646799147E-16));
#6031 = ORIENTED_EDGE('',*,*,#5954,.F.);
#6032 = PLANE('',#6033);
#6033 = AXIS2_PLACEMENT_3D('',#6034,#6035,#6036);
#6034 = CARTESIAN_POINT('',(11.165004207967,-117.,12.5));
#6035 = DIRECTION('',(0.,-1.,0.));
#6036 = DIRECTION('',(1.,0.,1.224646799147E-16));
#6037 = ADVANCED_FACE('',(#6038),#6172,.T.);
#6038 = FACE_BOUND('',#6039,.T.);
#6039 = EDGE_LOOP('',(#6040,#6059,#6060,#6061,#6070,#6078,#6087,#6095,
    #6104,#6112,#6121,#6130,#6138,#6147));
#6040 = ORIENTED_EDGE('',*,*,#6041,.F.);
#6041 = EDGE_CURVE('',#3308,#6042,#6044,.T.);
#6042 = VERTEX_POINT('',#6043);
#6043 = CARTESIAN_POINT('',(12.952290250705,-122.3301270189,10.));
#6044 = B_SPLINE_CURVE_WITH_KNOTS('',7,(#6045,#6046,#6047,#6048,#6049,
    #6050,#6051,#6052,#6053,#6054,#6055,#6056,#6057,#6058),
  .UNSPECIFIED.,.F.,.F.,(8,6,8),(0.,0.377565164607,1.),.UNSPECIFIED.);
#6045 = CARTESIAN_POINT('',(11.409246896323,-118.,7.5));
#6046 = CARTESIAN_POINT('',(11.493740312184,-118.3197563169,7.5));
#6047 = CARTESIAN_POINT('',(11.582124920692,-118.6360084129,
    7.523856819075));
#6048 = CARTESIAN_POINT('',(11.673600676953,-118.9462009603,
    7.570629985389));
#6049 = CARTESIAN_POINT('',(11.767173519158,-119.2479128896,
    7.638965218289));
#6050 = CARTESIAN_POINT('',(11.861699335949,-119.5389296417,
    7.72710674071));
#6051 = CARTESIAN_POINT('',(11.955954237722,-119.8173037796,
    7.83290495109));
#6052 = CARTESIAN_POINT('',(12.2016784275,-120.5167861641,8.153152990394
    ));
#6053 = CARTESIAN_POINT('',(12.351199890793,-120.9150589045,
    8.394338287566));
#6054 = CARTESIAN_POINT('',(12.494112263565,-121.2748765708,
    8.669542297459));
#6055 = CARTESIAN_POINT('',(12.627664206551,-121.5959802544,
    8.972447089789));
#6056 = CARTESIAN_POINT('',(12.749646992437,-121.8786096151,
    9.29788222617));
#6057 = CARTESIAN_POINT('',(12.85831021132,-122.1231931742,
    9.641580067199));
#6058 = CARTESIAN_POINT('',(12.952290250705,-122.3301270189,10.));
#6059 = ORIENTED_EDGE('',*,*,#3307,.T.);
#6060 = ORIENTED_EDGE('',*,*,#6018,.T.);
#6061 = ORIENTED_EDGE('',*,*,#6062,.T.);
#6062 = EDGE_CURVE('',#6019,#6063,#6065,.T.);
#6063 = VERTEX_POINT('',#6064);
#6064 = CARTESIAN_POINT('',(15.65679879154,-127.,-14.));
#6065 = CIRCLE('',#6066,27.4);
#6066 = AXIS2_PLACEMENT_3D('',#6067,#6068,#6069);
#6067 = CARTESIAN_POINT('',(37.9,-111.,-14.));
#6068 = DIRECTION('',(-1.224646799147E-16,0.,1.));
#6069 = DIRECTION('',(1.,-0.,1.224646799147E-16));
#6070 = ORIENTED_EDGE('',*,*,#6071,.T.);
#6071 = EDGE_CURVE('',#6063,#6072,#6074,.T.);
#6072 = VERTEX_POINT('',#6073);
#6073 = CARTESIAN_POINT('',(15.656798791541,-127.,-13.));
#6074 = LINE('',#6075,#6076);
#6075 = CARTESIAN_POINT('',(15.656798791541,-127.,12.5));
#6076 = VECTOR('',#6077,1.);
#6077 = DIRECTION('',(-1.224646799147E-16,0.,1.));
#6078 = ORIENTED_EDGE('',*,*,#6079,.T.);
#6079 = EDGE_CURVE('',#6072,#6080,#6082,.T.);
#6080 = VERTEX_POINT('',#6081);
#6081 = CARTESIAN_POINT('',(16.354409671277,-127.9277150669,-13.));
#6082 = CIRCLE('',#6083,27.4);
#6083 = AXIS2_PLACEMENT_3D('',#6084,#6085,#6086);
#6084 = CARTESIAN_POINT('',(37.9,-111.,-13.));
#6085 = DIRECTION('',(-1.224646799147E-16,0.,1.));
#6086 = DIRECTION('',(1.,-0.,1.224646799147E-16));
#6087 = ORIENTED_EDGE('',*,*,#6088,.T.);
#6088 = EDGE_CURVE('',#6080,#6089,#6091,.T.);
#6089 = VERTEX_POINT('',#6090);
#6090 = CARTESIAN_POINT('',(16.354409671277,-127.9277150669,-10.5));
#6091 = LINE('',#6092,#6093);
#6092 = CARTESIAN_POINT('',(16.354409671277,-127.9277150669,12.5));
#6093 = VECTOR('',#6094,1.);
#6094 = DIRECTION('',(-1.224646799147E-16,0.,1.));
#6095 = ORIENTED_EDGE('',*,*,#6096,.T.);
#6096 = EDGE_CURVE('',#6089,#6097,#6099,.T.);
#6097 = VERTEX_POINT('',#6098);
#6098 = CARTESIAN_POINT('',(20.122485887078,-131.8499398551,-10.5));
#6099 = CIRCLE('',#6100,27.4);
#6100 = AXIS2_PLACEMENT_3D('',#6101,#6102,#6103);
#6101 = CARTESIAN_POINT('',(37.9,-111.,-10.5));
#6102 = DIRECTION('',(-1.224646799147E-16,0.,1.));
#6103 = DIRECTION('',(1.,-0.,1.224646799147E-16));
#6104 = ORIENTED_EDGE('',*,*,#6105,.F.);
#6105 = EDGE_CURVE('',#6106,#6097,#6108,.T.);
#6106 = VERTEX_POINT('',#6107);
#6107 = CARTESIAN_POINT('',(20.122485887078,-131.8499398551,-13.));
#6108 = LINE('',#6109,#6110);
#6109 = CARTESIAN_POINT('',(20.122485887078,-131.8499398551,12.5));
#6110 = VECTOR('',#6111,1.);
#6111 = DIRECTION('',(-1.224646799147E-16,0.,1.));
#6112 = ORIENTED_EDGE('',*,*,#6113,.T.);
#6113 = EDGE_CURVE('',#6106,#6114,#6116,.T.);
#6114 = VERTEX_POINT('',#6115);
#6115 = CARTESIAN_POINT('',(21.,-132.5673364141,-13.));
#6116 = CIRCLE('',#6117,27.4);
#6117 = AXIS2_PLACEMENT_3D('',#6118,#6119,#6120);
#6118 = CARTESIAN_POINT('',(37.9,-111.,-13.));
#6119 = DIRECTION('',(-1.224646799147E-16,0.,1.));
#6120 = DIRECTION('',(1.,-0.,1.224646799147E-16));
#6121 = ORIENTED_EDGE('',*,*,#6122,.T.);
#6122 = EDGE_CURVE('',#6114,#6123,#6125,.T.);
#6123 = VERTEX_POINT('',#6124);
#6124 = CARTESIAN_POINT('',(27.142676912912,-136.2,-13.));
#6125 = CIRCLE('',#6126,27.4);
#6126 = AXIS2_PLACEMENT_3D('',#6127,#6128,#6129);
#6127 = CARTESIAN_POINT('',(37.9,-111.,-13.));
#6128 = DIRECTION('',(-1.224646799147E-16,0.,1.));
#6129 = DIRECTION('',(1.,-0.,1.224646799147E-16));
#6130 = ORIENTED_EDGE('',*,*,#6131,.F.);
#6131 = EDGE_CURVE('',#6132,#6123,#6134,.T.);
#6132 = VERTEX_POINT('',#6133);
#6133 = CARTESIAN_POINT('',(27.142676912912,-136.2,12.5));
#6134 = LINE('',#6135,#6136);
#6135 = CARTESIAN_POINT('',(27.142676912912,-136.2,12.5));
#6136 = VECTOR('',#6137,1.);
#6137 = DIRECTION('',(1.224646799147E-16,0.,-1.));
#6138 = ORIENTED_EDGE('',*,*,#6139,.F.);
#6139 = EDGE_CURVE('',#6140,#6132,#6142,.T.);
#6140 = VERTEX_POINT('',#6141);
#6141 = CARTESIAN_POINT('',(15.416307165633,-126.6602540378,12.5));
#6142 = CIRCLE('',#6143,27.4);
#6143 = AXIS2_PLACEMENT_3D('',#6144,#6145,#6146);
#6144 = CARTESIAN_POINT('',(37.9,-111.,12.5));
#6145 = DIRECTION('',(-1.224646799147E-16,0.,1.));
#6146 = DIRECTION('',(1.,-0.,1.224646799147E-16));
#6147 = ORIENTED_EDGE('',*,*,#6148,.T.);
#6148 = EDGE_CURVE('',#6140,#6042,#6149,.T.);
#6149 = B_SPLINE_CURVE_WITH_KNOTS('',5,(#6150,#6151,#6152,#6153,#6154,
    #6155,#6156,#6157,#6158,#6159,#6160,#6161,#6162,#6163,#6164,#6165,
    #6166,#6167,#6168,#6169,#6170,#6171),.UNSPECIFIED.,.F.,.F.,(6,4,4,4,
    4,6),(0.,0.150186465581,0.429296463125,0.664581442154,0.778316397368
    ,1.),.UNSPECIFIED.);
#6150 = CARTESIAN_POINT('',(15.416307165633,-126.6602540378,12.5));
#6151 = CARTESIAN_POINT('',(15.312297036162,-126.5109249275,12.5));
#6152 = CARTESIAN_POINT('',(15.209218556487,-126.3602899875,
    12.494425190194));
#6153 = CARTESIAN_POINT('',(15.107325107111,-126.2086816413,
    12.483080660467));
#6154 = CARTESIAN_POINT('',(15.006847780976,-126.0564474147,
    12.465804827354));
#6155 = CARTESIAN_POINT('',(14.724285804027,-125.6205450998,
    12.399102399975));
#6156 = CARTESIAN_POINT('',(14.546065029689,-125.3360419865,
    12.33477814989));
#6157 = CARTESIAN_POINT('',(14.375245740915,-125.0536176881,
    12.248749782595));
#6158 = CARTESIAN_POINT('',(14.21322149954,-124.7765008952,
    12.141138561752));
#6159 = CARTESIAN_POINT('',(13.932519109402,-124.2811027534,
    11.904845769185));
#6160 = CARTESIAN_POINT('',(13.811141520009,-124.0606123246,
    11.782219468788));
#6161 = CARTESIAN_POINT('',(13.697330534101,-123.8480439268,
    11.645707435671));
#6162 = CARTESIAN_POINT('',(13.591376143931,-123.6450499631,
    11.496399536555));
#6163 = CARTESIAN_POINT('',(13.44602325056,-123.3601732423,
    11.258205625971));
#6164 = CARTESIAN_POINT('',(13.40050994671,-123.2698813525,
    11.177938251198));
#6165 = CARTESIAN_POINT('',(13.356845083889,-123.1822526756,
    11.095165332969));
#6166 = CARTESIAN_POINT('',(13.315018600121,-123.0973968928,
    11.010041743627));
#6167 = CARTESIAN_POINT('',(13.197042121243,-122.8556099841,
    10.752564837514));
#6168 = CARTESIAN_POINT('',(13.126020706528,-122.706765912,
    10.574160282198));
#6169 = CARTESIAN_POINT('',(13.061717859871,-122.5693568385,
    10.388542548404));
#6170 = CARTESIAN_POINT('',(13.003887845013,-122.4437393203,
    10.19678227851));
#6171 = CARTESIAN_POINT('',(12.952290250705,-122.3301270189,10.));
#6172 = CYLINDRICAL_SURFACE('',#6173,27.4);
#6173 = AXIS2_PLACEMENT_3D('',#6174,#6175,#6176);
#6174 = CARTESIAN_POINT('',(37.9,-111.,12.5));
#6175 = DIRECTION('',(-1.224646799147E-16,0.,1.));
#6176 = DIRECTION('',(1.,-0.,1.224646799147E-16));
#6177 = ADVANCED_FACE('',(#6178),#6189,.F.);
#6178 = FACE_BOUND('',#6179,.F.);
#6179 = EDGE_LOOP('',(#6180,#6181,#6182,#6183));
#6180 = ORIENTED_EDGE('',*,*,#6041,.F.);
#6181 = ORIENTED_EDGE('',*,*,#3316,.T.);
#6182 = ORIENTED_EDGE('',*,*,#4065,.T.);
#6183 = ORIENTED_EDGE('',*,*,#6184,.F.);
#6184 = EDGE_CURVE('',#6042,#4035,#6185,.T.);
#6185 = LINE('',#6186,#6187);
#6186 = CARTESIAN_POINT('',(-1.224646799147E-15,-122.3301270189,10.));
#6187 = VECTOR('',#6188,1.);
#6188 = DIRECTION('',(1.,-0.,1.224646799147E-16));
#6189 = CYLINDRICAL_SURFACE('',#6190,5.);
#6190 = AXIS2_PLACEMENT_3D('',#6191,#6192,#6193);
#6191 = CARTESIAN_POINT('',(-1.530808498934E-15,-118.,12.5));
#6192 = DIRECTION('',(-1.,0.,-1.224646799147E-16));
#6193 = DIRECTION('',(0.,1.,0.));
#6194 = ADVANCED_FACE('',(#6195),#6223,.T.);
#6195 = FACE_BOUND('',#6196,.F.);
#6196 = EDGE_LOOP('',(#6197,#6198,#6199,#6207,#6215,#6221,#6222));
#6197 = ORIENTED_EDGE('',*,*,#4005,.F.);
#6198 = ORIENTED_EDGE('',*,*,#3340,.T.);
#6199 = ORIENTED_EDGE('',*,*,#6200,.T.);
#6200 = EDGE_CURVE('',#3341,#6201,#6203,.T.);
#6201 = VERTEX_POINT('',#6202);
#6202 = CARTESIAN_POINT('',(10.5,-77.4,-13.));
#6203 = LINE('',#6204,#6205);
#6204 = CARTESIAN_POINT('',(10.5,-77.4,12.5));
#6205 = VECTOR('',#6206,1.);
#6206 = DIRECTION('',(1.224646799147E-16,0.,-1.));
#6207 = ORIENTED_EDGE('',*,*,#6208,.T.);
#6208 = EDGE_CURVE('',#6201,#6209,#6211,.T.);
#6209 = VERTEX_POINT('',#6210);
#6210 = CARTESIAN_POINT('',(10.5,-63.4,-13.));
#6211 = LINE('',#6212,#6213);
#6212 = CARTESIAN_POINT('',(10.5,-77.4,-13.));
#6213 = VECTOR('',#6214,1.);
#6214 = DIRECTION('',(0.,1.,0.));
#6215 = ORIENTED_EDGE('',*,*,#6216,.F.);
#6216 = EDGE_CURVE('',#3609,#6209,#6217,.T.);
#6217 = LINE('',#6218,#6219);
#6218 = CARTESIAN_POINT('',(10.5,-63.4,12.5));
#6219 = VECTOR('',#6220,1.);
#6220 = DIRECTION('',(1.224646799147E-16,0.,-1.));
#6221 = ORIENTED_EDGE('',*,*,#3616,.F.);
#6222 = ORIENTED_EDGE('',*,*,#3980,.T.);
#6223 = PLANE('',#6224);
#6224 = AXIS2_PLACEMENT_3D('',#6225,#6226,#6227);
#6225 = CARTESIAN_POINT('',(10.5,-77.4,12.5));
#6226 = DIRECTION('',(-1.,0.,-1.224646799147E-16));
#6227 = DIRECTION('',(-0.,-1.,0.));
#6228 = ADVANCED_FACE('',(#6229),#6247,.T.);
#6229 = FACE_BOUND('',#6230,.F.);
#6230 = EDGE_LOOP('',(#6231,#6232,#6233,#6241));
#6231 = ORIENTED_EDGE('',*,*,#6200,.F.);
#6232 = ORIENTED_EDGE('',*,*,#3348,.T.);
#6233 = ORIENTED_EDGE('',*,*,#6234,.T.);
#6234 = EDGE_CURVE('',#3349,#6235,#6237,.T.);
#6235 = VERTEX_POINT('',#6236);
#6236 = CARTESIAN_POINT('',(0.9,-77.4,-13.));
#6237 = LINE('',#6238,#6239);
#6238 = CARTESIAN_POINT('',(0.9,-77.4,12.5));
#6239 = VECTOR('',#6240,1.);
#6240 = DIRECTION('',(1.224646799147E-16,0.,-1.));
#6241 = ORIENTED_EDGE('',*,*,#6242,.T.);
#6242 = EDGE_CURVE('',#6235,#6201,#6243,.T.);
#6243 = LINE('',#6244,#6245);
#6244 = CARTESIAN_POINT('',(0.9,-77.4,-13.));
#6245 = VECTOR('',#6246,1.);
#6246 = DIRECTION('',(1.,-0.,1.224646799147E-16));
#6247 = PLANE('',#6248);
#6248 = AXIS2_PLACEMENT_3D('',#6249,#6250,#6251);
#6249 = CARTESIAN_POINT('',(0.9,-77.4,12.5));
#6250 = DIRECTION('',(0.,1.,0.));
#6251 = DIRECTION('',(-1.,0.,-1.224646799147E-16));
#6252 = ADVANCED_FACE('',(#6253),#6288,.T.);
#6253 = FACE_BOUND('',#6254,.F.);
#6254 = EDGE_LOOP('',(#6255,#6256,#6264,#6270,#6271,#6272,#6281));
#6255 = ORIENTED_EDGE('',*,*,#3600,.F.);
#6256 = ORIENTED_EDGE('',*,*,#6257,.T.);
#6257 = EDGE_CURVE('',#3601,#6258,#6260,.T.);
#6258 = VERTEX_POINT('',#6259);
#6259 = CARTESIAN_POINT('',(0.9,-63.4,-13.));
#6260 = LINE('',#6261,#6262);
#6261 = CARTESIAN_POINT('',(0.9,-63.4,12.5));
#6262 = VECTOR('',#6263,1.);
#6263 = DIRECTION('',(1.224646799147E-16,0.,-1.));
#6264 = ORIENTED_EDGE('',*,*,#6265,.T.);
#6265 = EDGE_CURVE('',#6258,#6235,#6266,.T.);
#6266 = LINE('',#6267,#6268);
#6267 = CARTESIAN_POINT('',(0.9,-63.4,-13.));
#6268 = VECTOR('',#6269,1.);
#6269 = DIRECTION('',(0.,-1.,0.));
#6270 = ORIENTED_EDGE('',*,*,#6234,.F.);
#6271 = ORIENTED_EDGE('',*,*,#3356,.T.);
#6272 = ORIENTED_EDGE('',*,*,#6273,.T.);
#6273 = EDGE_CURVE('',#3357,#6274,#6276,.T.);
#6274 = VERTEX_POINT('',#6275);
#6275 = CARTESIAN_POINT('',(0.9,-71.66987298107,10.));
#6276 = CIRCLE('',#6277,5.);
#6277 = AXIS2_PLACEMENT_3D('',#6278,#6279,#6280);
#6278 = CARTESIAN_POINT('',(0.9,-76.,12.5));
#6279 = DIRECTION('',(1.,-0.,1.224646799147E-16));
#6280 = DIRECTION('',(0.,1.,0.));
#6281 = ORIENTED_EDGE('',*,*,#6282,.F.);
#6282 = EDGE_CURVE('',#3593,#6274,#6283,.T.);
#6283 = CIRCLE('',#6284,5.);
#6284 = AXIS2_PLACEMENT_3D('',#6285,#6286,#6287);
#6285 = CARTESIAN_POINT('',(0.9,-67.33974596215,7.5));
#6286 = DIRECTION('',(1.,-0.,1.224646799147E-16));
#6287 = DIRECTION('',(0.,1.,0.));
#6288 = PLANE('',#6289);
#6289 = AXIS2_PLACEMENT_3D('',#6290,#6291,#6292);
#6290 = CARTESIAN_POINT('',(0.9,-63.4,12.5));
#6291 = DIRECTION('',(1.,-0.,1.224646799147E-16));
#6292 = DIRECTION('',(0.,1.,0.));
#6293 = ADVANCED_FACE('',(#6294),#6313,.F.);
#6294 = FACE_BOUND('',#6295,.T.);
#6295 = EDGE_LOOP('',(#6296,#6304,#6311,#6312));
#6296 = ORIENTED_EDGE('',*,*,#6297,.F.);
#6297 = EDGE_CURVE('',#6298,#6274,#6300,.T.);
#6298 = VERTEX_POINT('',#6299);
#6299 = CARTESIAN_POINT('',(-0.9,-71.66987298107,10.));
#6300 = LINE('',#6301,#6302);
#6301 = CARTESIAN_POINT('',(-1.224646799147E-15,-71.66987298107,10.));
#6302 = VECTOR('',#6303,1.);
#6303 = DIRECTION('',(1.,-0.,1.224646799147E-16));
#6304 = ORIENTED_EDGE('',*,*,#6305,.F.);
#6305 = EDGE_CURVE('',#3365,#6298,#6306,.T.);
#6306 = CIRCLE('',#6307,5.);
#6307 = AXIS2_PLACEMENT_3D('',#6308,#6309,#6310);
#6308 = CARTESIAN_POINT('',(-0.9,-76.,12.5));
#6309 = DIRECTION('',(1.,-0.,1.224646799147E-16));
#6310 = DIRECTION('',(0.,1.,0.));
#6311 = ORIENTED_EDGE('',*,*,#3364,.T.);
#6312 = ORIENTED_EDGE('',*,*,#6273,.T.);
#6313 = CYLINDRICAL_SURFACE('',#6314,5.);
#6314 = AXIS2_PLACEMENT_3D('',#6315,#6316,#6317);
#6315 = CARTESIAN_POINT('',(-1.530808498934E-15,-76.,12.5));
#6316 = DIRECTION('',(1.,-0.,1.224646799147E-16));
#6317 = DIRECTION('',(0.,1.,0.));
#6318 = ADVANCED_FACE('',(#6319),#6353,.T.);
#6319 = FACE_BOUND('',#6320,.T.);
#6320 = EDGE_LOOP('',(#6321,#6322,#6330,#6338,#6344,#6345,#6346));
#6321 = ORIENTED_EDGE('',*,*,#3584,.F.);
#6322 = ORIENTED_EDGE('',*,*,#6323,.T.);
#6323 = EDGE_CURVE('',#3577,#6324,#6326,.T.);
#6324 = VERTEX_POINT('',#6325);
#6325 = CARTESIAN_POINT('',(-0.9,-63.4,-13.));
#6326 = LINE('',#6327,#6328);
#6327 = CARTESIAN_POINT('',(-0.9,-63.4,12.5));
#6328 = VECTOR('',#6329,1.);
#6329 = DIRECTION('',(1.224646799147E-16,0.,-1.));
#6330 = ORIENTED_EDGE('',*,*,#6331,.T.);
#6331 = EDGE_CURVE('',#6324,#6332,#6334,.T.);
#6332 = VERTEX_POINT('',#6333);
#6333 = CARTESIAN_POINT('',(-0.9,-77.4,-13.));
#6334 = LINE('',#6335,#6336);
#6335 = CARTESIAN_POINT('',(-0.9,-63.4,-13.));
#6336 = VECTOR('',#6337,1.);
#6337 = DIRECTION('',(0.,-1.,-0.));
#6338 = ORIENTED_EDGE('',*,*,#6339,.F.);
#6339 = EDGE_CURVE('',#3373,#6332,#6340,.T.);
#6340 = LINE('',#6341,#6342);
#6341 = CARTESIAN_POINT('',(-0.9,-77.4,12.5));
#6342 = VECTOR('',#6343,1.);
#6343 = DIRECTION('',(1.224646799147E-16,0.,-1.));
#6344 = ORIENTED_EDGE('',*,*,#3372,.T.);
#6345 = ORIENTED_EDGE('',*,*,#6305,.T.);
#6346 = ORIENTED_EDGE('',*,*,#6347,.F.);
#6347 = EDGE_CURVE('',#3585,#6298,#6348,.T.);
#6348 = CIRCLE('',#6349,5.);
#6349 = AXIS2_PLACEMENT_3D('',#6350,#6351,#6352);
#6350 = CARTESIAN_POINT('',(-0.9,-67.33974596215,7.5));
#6351 = DIRECTION('',(1.,-0.,1.224646799147E-16));
#6352 = DIRECTION('',(0.,1.,0.));
#6353 = PLANE('',#6354);
#6354 = AXIS2_PLACEMENT_3D('',#6355,#6356,#6357);
#6355 = CARTESIAN_POINT('',(-0.9,-63.4,12.5));
#6356 = DIRECTION('',(-1.,0.,-1.224646799147E-16));
#6357 = DIRECTION('',(0.,-1.,-0.));
#6358 = ADVANCED_FACE('',(#6359),#6377,.T.);
#6359 = FACE_BOUND('',#6360,.T.);
#6360 = EDGE_LOOP('',(#6361,#6369,#6370,#6371));
#6361 = ORIENTED_EDGE('',*,*,#6362,.F.);
#6362 = EDGE_CURVE('',#3381,#6363,#6365,.T.);
#6363 = VERTEX_POINT('',#6364);
#6364 = CARTESIAN_POINT('',(-10.5,-77.4,-13.));
#6365 = LINE('',#6366,#6367);
#6366 = CARTESIAN_POINT('',(-10.5,-77.4,12.5));
#6367 = VECTOR('',#6368,1.);
#6368 = DIRECTION('',(1.224646799147E-16,0.,-1.));
#6369 = ORIENTED_EDGE('',*,*,#3380,.T.);
#6370 = ORIENTED_EDGE('',*,*,#6339,.T.);
#6371 = ORIENTED_EDGE('',*,*,#6372,.T.);
#6372 = EDGE_CURVE('',#6332,#6363,#6373,.T.);
#6373 = LINE('',#6374,#6375);
#6374 = CARTESIAN_POINT('',(-0.9,-77.4,-13.));
#6375 = VECTOR('',#6376,1.);
#6376 = DIRECTION('',(-1.,0.,-1.224646799147E-16));
#6377 = PLANE('',#6378);
#6378 = AXIS2_PLACEMENT_3D('',#6379,#6380,#6381);
#6379 = CARTESIAN_POINT('',(-0.9,-77.4,12.5));
#6380 = DIRECTION('',(0.,1.,0.));
#6381 = DIRECTION('',(-1.,0.,-1.224646799147E-16));
#6382 = ADVANCED_FACE('',(#6383),#6404,.T.);
#6383 = FACE_BOUND('',#6384,.T.);
#6384 = EDGE_LOOP('',(#6385,#6386,#6387,#6388,#6396,#6402,#6403));
#6385 = ORIENTED_EDGE('',*,*,#3747,.F.);
#6386 = ORIENTED_EDGE('',*,*,#3388,.T.);
#6387 = ORIENTED_EDGE('',*,*,#6362,.T.);
#6388 = ORIENTED_EDGE('',*,*,#6389,.T.);
#6389 = EDGE_CURVE('',#6363,#6390,#6392,.T.);
#6390 = VERTEX_POINT('',#6391);
#6391 = CARTESIAN_POINT('',(-10.5,-63.4,-13.));
#6392 = LINE('',#6393,#6394);
#6393 = CARTESIAN_POINT('',(-10.5,-77.4,-13.));
#6394 = VECTOR('',#6395,1.);
#6395 = DIRECTION('',(0.,1.,0.));
#6396 = ORIENTED_EDGE('',*,*,#6397,.F.);
#6397 = EDGE_CURVE('',#3569,#6390,#6398,.T.);
#6398 = LINE('',#6399,#6400);
#6399 = CARTESIAN_POINT('',(-10.5,-63.4,12.5));
#6400 = VECTOR('',#6401,1.);
#6401 = DIRECTION('',(1.224646799147E-16,0.,-1.));
#6402 = ORIENTED_EDGE('',*,*,#3568,.F.);
#6403 = ORIENTED_EDGE('',*,*,#3722,.T.);
#6404 = PLANE('',#6405);
#6405 = AXIS2_PLACEMENT_3D('',#6406,#6407,#6408);
#6406 = CARTESIAN_POINT('',(-10.5,-77.4,12.5));
#6407 = DIRECTION('',(1.,0.,1.224646799147E-16));
#6408 = DIRECTION('',(0.,1.,0.));
#6409 = ADVANCED_FACE('',(#6410),#6439,.F.);
#6410 = FACE_BOUND('',#6411,.T.);
#6411 = EDGE_LOOP('',(#6412,#6431,#6432,#6433));
#6412 = ORIENTED_EDGE('',*,*,#6413,.F.);
#6413 = EDGE_CURVE('',#3413,#6414,#6416,.T.);
#6414 = VERTEX_POINT('',#6415);
#6415 = CARTESIAN_POINT('',(-12.9522902507,-122.3301270189,10.));
#6416 = B_SPLINE_CURVE_WITH_KNOTS('',7,(#6417,#6418,#6419,#6420,#6421,
    #6422,#6423,#6424,#6425,#6426,#6427,#6428,#6429,#6430),
  .UNSPECIFIED.,.F.,.F.,(8,6,8),(0.,0.377565164607,1.),.UNSPECIFIED.);
#6417 = CARTESIAN_POINT('',(-11.40924689632,-118.,7.5));
#6418 = CARTESIAN_POINT('',(-11.49374031218,-118.3197563169,7.5));
#6419 = CARTESIAN_POINT('',(-11.58212492069,-118.6360084129,
    7.523856819075));
#6420 = CARTESIAN_POINT('',(-11.67360067695,-118.9462009603,
    7.570629985389));
#6421 = CARTESIAN_POINT('',(-11.76717351915,-119.2479128896,
    7.638965218289));
#6422 = CARTESIAN_POINT('',(-11.86169933594,-119.5389296417,
    7.72710674071));
#6423 = CARTESIAN_POINT('',(-11.95595423772,-119.8173037796,
    7.83290495109));
#6424 = CARTESIAN_POINT('',(-12.2016784275,-120.5167861641,
    8.153152990394));
#6425 = CARTESIAN_POINT('',(-12.35119989079,-120.9150589045,
    8.394338287566));
#6426 = CARTESIAN_POINT('',(-12.49411226356,-121.2748765708,
    8.669542297459));
#6427 = CARTESIAN_POINT('',(-12.62766420655,-121.5959802544,
    8.972447089789));
#6428 = CARTESIAN_POINT('',(-12.74964699243,-121.8786096151,
    9.29788222617));
#6429 = CARTESIAN_POINT('',(-12.85831021132,-122.1231931742,
    9.641580067199));
#6430 = CARTESIAN_POINT('',(-12.9522902507,-122.3301270189,10.));
#6431 = ORIENTED_EDGE('',*,*,#3412,.T.);
#6432 = ORIENTED_EDGE('',*,*,#3807,.T.);
#6433 = ORIENTED_EDGE('',*,*,#6434,.F.);
#6434 = EDGE_CURVE('',#6414,#3777,#6435,.T.);
#6435 = LINE('',#6436,#6437);
#6436 = CARTESIAN_POINT('',(-1.224646799147E-15,-122.3301270189,10.));
#6437 = VECTOR('',#6438,1.);
#6438 = DIRECTION('',(-1.,0.,-1.224646799147E-16));
#6439 = CYLINDRICAL_SURFACE('',#6440,5.);
#6440 = AXIS2_PLACEMENT_3D('',#6441,#6442,#6443);
#6441 = CARTESIAN_POINT('',(-1.530808498934E-15,-118.,12.5));
#6442 = DIRECTION('',(1.,-0.,1.224646799147E-16));
#6443 = DIRECTION('',(0.,1.,0.));
#6444 = ADVANCED_FACE('',(#6445),#6568,.T.);
#6445 = FACE_BOUND('',#6446,.F.);
#6446 = EDGE_LOOP('',(#6447,#6448,#6449,#6457,#6466,#6474,#6483,#6491,
    #6500,#6508,#6517,#6526,#6534,#6543));
#6447 = ORIENTED_EDGE('',*,*,#6413,.F.);
#6448 = ORIENTED_EDGE('',*,*,#3420,.T.);
#6449 = ORIENTED_EDGE('',*,*,#6450,.T.);
#6450 = EDGE_CURVE('',#3421,#6451,#6453,.T.);
#6451 = VERTEX_POINT('',#6452);
#6452 = CARTESIAN_POINT('',(-11.16500420796,-117.,-14.));
#6453 = LINE('',#6454,#6455);
#6454 = CARTESIAN_POINT('',(-11.16500420796,-117.,12.5));
#6455 = VECTOR('',#6456,1.);
#6456 = DIRECTION('',(1.224646799147E-16,0.,-1.));
#6457 = ORIENTED_EDGE('',*,*,#6458,.T.);
#6458 = EDGE_CURVE('',#6451,#6459,#6461,.T.);
#6459 = VERTEX_POINT('',#6460);
#6460 = CARTESIAN_POINT('',(-15.65679879154,-127.,-14.));
#6461 = CIRCLE('',#6462,27.4);
#6462 = AXIS2_PLACEMENT_3D('',#6463,#6464,#6465);
#6463 = CARTESIAN_POINT('',(-37.9,-111.,-14.));
#6464 = DIRECTION('',(1.224646799147E-16,0.,-1.));
#6465 = DIRECTION('',(-1.,0.,-1.224646799147E-16));
#6466 = ORIENTED_EDGE('',*,*,#6467,.T.);
#6467 = EDGE_CURVE('',#6459,#6468,#6470,.T.);
#6468 = VERTEX_POINT('',#6469);
#6469 = CARTESIAN_POINT('',(-15.65679879154,-127.,-13.));
#6470 = LINE('',#6471,#6472);
#6471 = CARTESIAN_POINT('',(-15.65679879154,-127.,12.5));
#6472 = VECTOR('',#6473,1.);
#6473 = DIRECTION('',(-1.224646799147E-16,-0.,1.));
#6474 = ORIENTED_EDGE('',*,*,#6475,.F.);
#6475 = EDGE_CURVE('',#6476,#6468,#6478,.T.);
#6476 = VERTEX_POINT('',#6477);
#6477 = CARTESIAN_POINT('',(-16.35440967127,-127.9277150669,-13.));
#6478 = CIRCLE('',#6479,27.4);
#6479 = AXIS2_PLACEMENT_3D('',#6480,#6481,#6482);
#6480 = CARTESIAN_POINT('',(-37.9,-111.,-13.));
#6481 = DIRECTION('',(-1.224646799147E-16,-0.,1.));
#6482 = DIRECTION('',(-1.,0.,-1.224646799147E-16));
#6483 = ORIENTED_EDGE('',*,*,#6484,.T.);
#6484 = EDGE_CURVE('',#6476,#6485,#6487,.T.);
#6485 = VERTEX_POINT('',#6486);
#6486 = CARTESIAN_POINT('',(-16.35440967127,-127.9277150669,-10.5));
#6487 = LINE('',#6488,#6489);
#6488 = CARTESIAN_POINT('',(-16.35440967127,-127.9277150669,12.5));
#6489 = VECTOR('',#6490,1.);
#6490 = DIRECTION('',(-1.224646799147E-16,-0.,1.));
#6491 = ORIENTED_EDGE('',*,*,#6492,.F.);
#6492 = EDGE_CURVE('',#6493,#6485,#6495,.T.);
#6493 = VERTEX_POINT('',#6494);
#6494 = CARTESIAN_POINT('',(-20.12248588707,-131.8499398551,-10.5));
#6495 = CIRCLE('',#6496,27.4);
#6496 = AXIS2_PLACEMENT_3D('',#6497,#6498,#6499);
#6497 = CARTESIAN_POINT('',(-37.9,-111.,-10.5));
#6498 = DIRECTION('',(-1.224646799147E-16,-0.,1.));
#6499 = DIRECTION('',(-1.,0.,-1.224646799147E-16));
#6500 = ORIENTED_EDGE('',*,*,#6501,.F.);
#6501 = EDGE_CURVE('',#6502,#6493,#6504,.T.);
#6502 = VERTEX_POINT('',#6503);
#6503 = CARTESIAN_POINT('',(-20.12248588707,-131.8499398551,-13.));
#6504 = LINE('',#6505,#6506);
#6505 = CARTESIAN_POINT('',(-20.12248588707,-131.8499398551,12.5));
#6506 = VECTOR('',#6507,1.);
#6507 = DIRECTION('',(-1.224646799147E-16,-0.,1.));
#6508 = ORIENTED_EDGE('',*,*,#6509,.F.);
#6509 = EDGE_CURVE('',#6510,#6502,#6512,.T.);
#6510 = VERTEX_POINT('',#6511);
#6511 = CARTESIAN_POINT('',(-21.,-132.5673364141,-13.));
#6512 = CIRCLE('',#6513,27.4);
#6513 = AXIS2_PLACEMENT_3D('',#6514,#6515,#6516);
#6514 = CARTESIAN_POINT('',(-37.9,-111.,-13.));
#6515 = DIRECTION('',(-1.224646799147E-16,-0.,1.));
#6516 = DIRECTION('',(-1.,0.,-1.224646799147E-16));
#6517 = ORIENTED_EDGE('',*,*,#6518,.T.);
#6518 = EDGE_CURVE('',#6510,#6519,#6521,.T.);
#6519 = VERTEX_POINT('',#6520);
#6520 = CARTESIAN_POINT('',(-27.14267691291,-136.2,-13.));
#6521 = CIRCLE('',#6522,27.4);
#6522 = AXIS2_PLACEMENT_3D('',#6523,#6524,#6525);
#6523 = CARTESIAN_POINT('',(-37.9,-111.,-13.));
#6524 = DIRECTION('',(1.224646799147E-16,0.,-1.));
#6525 = DIRECTION('',(-1.,0.,-1.224646799147E-16));
#6526 = ORIENTED_EDGE('',*,*,#6527,.F.);
#6527 = EDGE_CURVE('',#6528,#6519,#6530,.T.);
#6528 = VERTEX_POINT('',#6529);
#6529 = CARTESIAN_POINT('',(-27.14267691291,-136.2,12.5));
#6530 = LINE('',#6531,#6532);
#6531 = CARTESIAN_POINT('',(-27.14267691291,-136.2,12.5));
#6532 = VECTOR('',#6533,1.);
#6533 = DIRECTION('',(1.224646799147E-16,0.,-1.));
#6534 = ORIENTED_EDGE('',*,*,#6535,.F.);
#6535 = EDGE_CURVE('',#6536,#6528,#6538,.T.);
#6536 = VERTEX_POINT('',#6537);
#6537 = CARTESIAN_POINT('',(-15.41630716563,-126.6602540378,12.5));
#6538 = CIRCLE('',#6539,27.4);
#6539 = AXIS2_PLACEMENT_3D('',#6540,#6541,#6542);
#6540 = CARTESIAN_POINT('',(-37.9,-111.,12.5));
#6541 = DIRECTION('',(1.224646799147E-16,0.,-1.));
#6542 = DIRECTION('',(-1.,0.,-1.224646799147E-16));
#6543 = ORIENTED_EDGE('',*,*,#6544,.T.);
#6544 = EDGE_CURVE('',#6536,#6414,#6545,.T.);
#6545 = B_SPLINE_CURVE_WITH_KNOTS('',5,(#6546,#6547,#6548,#6549,#6550,
    #6551,#6552,#6553,#6554,#6555,#6556,#6557,#6558,#6559,#6560,#6561,
    #6562,#6563,#6564,#6565,#6566,#6567),.UNSPECIFIED.,.F.,.F.,(6,4,4,4,
    4,6),(0.,0.150186465581,0.429296463125,0.664581442154,0.778316397368
    ,1.),.UNSPECIFIED.);
#6546 = CARTESIAN_POINT('',(-15.41630716563,-126.6602540378,12.5));
#6547 = CARTESIAN_POINT('',(-15.31229703616,-126.5109249275,12.5));
#6548 = CARTESIAN_POINT('',(-15.20921855648,-126.3602899875,
    12.494425190194));
#6549 = CARTESIAN_POINT('',(-15.10732510711,-126.2086816413,
    12.483080660467));
#6550 = CARTESIAN_POINT('',(-15.00684778097,-126.0564474147,
    12.465804827354));
#6551 = CARTESIAN_POINT('',(-14.72428580402,-125.6205450998,
    12.399102399975));
#6552 = CARTESIAN_POINT('',(-14.54606502968,-125.3360419865,
    12.33477814989));
#6553 = CARTESIAN_POINT('',(-14.37524574091,-125.0536176881,
    12.248749782595));
#6554 = CARTESIAN_POINT('',(-14.21322149954,-124.7765008952,
    12.141138561752));
#6555 = CARTESIAN_POINT('',(-13.9325191094,-124.2811027534,
    11.904845769185));
#6556 = CARTESIAN_POINT('',(-13.81114152,-124.0606123246,11.782219468788
    ));
#6557 = CARTESIAN_POINT('',(-13.6973305341,-123.8480439268,
    11.645707435671));
#6558 = CARTESIAN_POINT('',(-13.59137614393,-123.6450499631,
    11.496399536555));
#6559 = CARTESIAN_POINT('',(-13.44602325056,-123.3601732423,
    11.258205625971));
#6560 = CARTESIAN_POINT('',(-13.40050994671,-123.2698813525,
    11.177938251198));
#6561 = CARTESIAN_POINT('',(-13.35684508388,-123.1822526756,
    11.095165332969));
#6562 = CARTESIAN_POINT('',(-13.31501860012,-123.0973968928,
    11.010041743627));
#6563 = CARTESIAN_POINT('',(-13.19704212124,-122.8556099841,
    10.752564837514));
#6564 = CARTESIAN_POINT('',(-13.12602070652,-122.706765912,
    10.574160282198));
#6565 = CARTESIAN_POINT('',(-13.06171785987,-122.5693568385,
    10.388542548404));
#6566 = CARTESIAN_POINT('',(-13.00388784501,-122.4437393203,
    10.19678227851));
#6567 = CARTESIAN_POINT('',(-12.9522902507,-122.3301270189,10.));
#6568 = CYLINDRICAL_SURFACE('',#6569,27.4);
#6569 = AXIS2_PLACEMENT_3D('',#6570,#6571,#6572);
#6570 = CARTESIAN_POINT('',(-37.9,-111.,12.5));
#6571 = DIRECTION('',(-1.224646799147E-16,-0.,1.));
#6572 = DIRECTION('',(-1.,0.,-1.224646799147E-16));
#6573 = ADVANCED_FACE('',(#6574),#6592,.T.);
#6574 = FACE_BOUND('',#6575,.T.);
#6575 = EDGE_LOOP('',(#6576,#6577,#6578,#6586));
#6576 = ORIENTED_EDGE('',*,*,#3429,.T.);
#6577 = ORIENTED_EDGE('',*,*,#6450,.T.);
#6578 = ORIENTED_EDGE('',*,*,#6579,.T.);
#6579 = EDGE_CURVE('',#6451,#6580,#6582,.T.);
#6580 = VERTEX_POINT('',#6581);
#6581 = CARTESIAN_POINT('',(-0.9,-117.,-14.));
#6582 = LINE('',#6583,#6584);
#6583 = CARTESIAN_POINT('',(-11.16500420796,-117.,-14.));
#6584 = VECTOR('',#6585,1.);
#6585 = DIRECTION('',(1.,0.,1.224646799147E-16));
#6586 = ORIENTED_EDGE('',*,*,#6587,.F.);
#6587 = EDGE_CURVE('',#3430,#6580,#6588,.T.);
#6588 = LINE('',#6589,#6590);
#6589 = CARTESIAN_POINT('',(-0.9,-117.,12.5));
#6590 = VECTOR('',#6591,1.);
#6591 = DIRECTION('',(1.224646799147E-16,0.,-1.));
#6592 = PLANE('',#6593);
#6593 = AXIS2_PLACEMENT_3D('',#6594,#6595,#6596);
#6594 = CARTESIAN_POINT('',(-11.16500420796,-117.,12.5));
#6595 = DIRECTION('',(0.,-1.,-0.));
#6596 = DIRECTION('',(1.,0.,1.224646799147E-16));
#6597 = ADVANCED_FACE('',(#6598),#6650,.T.);
#6598 = FACE_BOUND('',#6599,.T.);
#6599 = EDGE_LOOP('',(#6600,#6601,#6602,#6603,#6611,#6619,#6627,#6635,
    #6643));
#6600 = ORIENTED_EDGE('',*,*,#5920,.T.);
#6601 = ORIENTED_EDGE('',*,*,#3437,.T.);
#6602 = ORIENTED_EDGE('',*,*,#6587,.T.);
#6603 = ORIENTED_EDGE('',*,*,#6604,.T.);
#6604 = EDGE_CURVE('',#6580,#6605,#6607,.T.);
#6605 = VERTEX_POINT('',#6606);
#6606 = CARTESIAN_POINT('',(-0.9,-127.,-14.));
#6607 = LINE('',#6608,#6609);
#6608 = CARTESIAN_POINT('',(-0.9,-117.,-14.));
#6609 = VECTOR('',#6610,1.);
#6610 = DIRECTION('',(0.,-1.,-0.));
#6611 = ORIENTED_EDGE('',*,*,#6612,.T.);
#6612 = EDGE_CURVE('',#6605,#6613,#6615,.T.);
#6613 = VERTEX_POINT('',#6614);
#6614 = CARTESIAN_POINT('',(-0.9,-127.,-13.));
#6615 = LINE('',#6616,#6617);
#6616 = CARTESIAN_POINT('',(-0.9,-127.,-0.75));
#6617 = VECTOR('',#6618,1.);
#6618 = DIRECTION('',(-1.224646799147E-16,0.,1.));
#6619 = ORIENTED_EDGE('',*,*,#6620,.F.);
#6620 = EDGE_CURVE('',#6621,#6613,#6623,.T.);
#6621 = VERTEX_POINT('',#6622);
#6622 = CARTESIAN_POINT('',(-0.9,-137.2,-13.));
#6623 = LINE('',#6624,#6625);
#6624 = CARTESIAN_POINT('',(-0.9,-118.8420373803,-13.));
#6625 = VECTOR('',#6626,1.);
#6626 = DIRECTION('',(0.,1.,0.));
#6627 = ORIENTED_EDGE('',*,*,#6628,.F.);
#6628 = EDGE_CURVE('',#6629,#6621,#6631,.T.);
#6629 = VERTEX_POINT('',#6630);
#6630 = CARTESIAN_POINT('',(-0.9,-137.2,12.5));
#6631 = LINE('',#6632,#6633);
#6632 = CARTESIAN_POINT('',(-0.9,-137.2,12.5));
#6633 = VECTOR('',#6634,1.);
#6634 = DIRECTION('',(1.224646799147E-16,0.,-1.));
#6635 = ORIENTED_EDGE('',*,*,#6636,.F.);
#6636 = EDGE_CURVE('',#6637,#6629,#6639,.T.);
#6637 = VERTEX_POINT('',#6638);
#6638 = CARTESIAN_POINT('',(-0.9,-126.6602540378,12.5));
#6639 = LINE('',#6640,#6641);
#6640 = CARTESIAN_POINT('',(-0.9,-117.,12.5));
#6641 = VECTOR('',#6642,1.);
#6642 = DIRECTION('',(0.,-1.,-0.));
#6643 = ORIENTED_EDGE('',*,*,#6644,.F.);
#6644 = EDGE_CURVE('',#5921,#6637,#6645,.T.);
#6645 = CIRCLE('',#6646,5.);
#6646 = AXIS2_PLACEMENT_3D('',#6647,#6648,#6649);
#6647 = CARTESIAN_POINT('',(-0.9,-126.6602540378,7.5));
#6648 = DIRECTION('',(1.,-0.,1.224646799147E-16));
#6649 = DIRECTION('',(0.,1.,0.));
#6650 = PLANE('',#6651);
#6651 = AXIS2_PLACEMENT_3D('',#6652,#6653,#6654);
#6652 = CARTESIAN_POINT('',(-0.9,-117.,12.5));
#6653 = DIRECTION('',(-1.,0.,-1.224646799147E-16));
#6654 = DIRECTION('',(0.,-1.,-0.));
#6655 = ADVANCED_FACE('',(#6656),#6681,.T.);
#6656 = FACE_BOUND('',#6657,.T.);
#6657 = EDGE_LOOP('',(#6658,#6666,#6667,#6675));
#6658 = ORIENTED_EDGE('',*,*,#6659,.F.);
#6659 = EDGE_CURVE('',#3469,#6660,#6662,.T.);
#6660 = VERTEX_POINT('',#6661);
#6661 = CARTESIAN_POINT('',(-0.9,-95.,-13.));
#6662 = LINE('',#6663,#6664);
#6663 = CARTESIAN_POINT('',(-0.9,-95.,12.5));
#6664 = VECTOR('',#6665,1.);
#6665 = DIRECTION('',(1.224646799147E-16,0.,-1.));
#6666 = ORIENTED_EDGE('',*,*,#3468,.T.);
#6667 = ORIENTED_EDGE('',*,*,#6668,.T.);
#6668 = EDGE_CURVE('',#3471,#6669,#6671,.T.);
#6669 = VERTEX_POINT('',#6670);
#6670 = CARTESIAN_POINT('',(-10.5,-95.,-13.));
#6671 = LINE('',#6672,#6673);
#6672 = CARTESIAN_POINT('',(-10.5,-95.,12.5));
#6673 = VECTOR('',#6674,1.);
#6674 = DIRECTION('',(1.224646799147E-16,0.,-1.));
#6675 = ORIENTED_EDGE('',*,*,#6676,.T.);
#6676 = EDGE_CURVE('',#6669,#6660,#6677,.T.);
#6677 = LINE('',#6678,#6679);
#6678 = CARTESIAN_POINT('',(-10.5,-95.,-13.));
#6679 = VECTOR('',#6680,1.);
#6680 = DIRECTION('',(1.,0.,1.224646799147E-16));
#6681 = PLANE('',#6682);
#6682 = AXIS2_PLACEMENT_3D('',#6683,#6684,#6685);
#6683 = CARTESIAN_POINT('',(-10.5,-95.,12.5));
#6684 = DIRECTION('',(0.,-1.,-0.));
#6685 = DIRECTION('',(1.,0.,1.224646799147E-16));
#6686 = ADVANCED_FACE('',(#6687),#6753,.T.);
#6687 = FACE_BOUND('',#6688,.T.);
#6688 = EDGE_LOOP('',(#6689,#6697,#6698,#6699,#6707,#6715,#6723,#6731,
    #6739,#6747));
#6689 = ORIENTED_EDGE('',*,*,#6690,.F.);
#6690 = EDGE_CURVE('',#3479,#6691,#6693,.T.);
#6691 = VERTEX_POINT('',#6692);
#6692 = CARTESIAN_POINT('',(-0.9,-115.2,-14.));
#6693 = LINE('',#6694,#6695);
#6694 = CARTESIAN_POINT('',(-0.9,-115.2,12.5));
#6695 = VECTOR('',#6696,1.);
#6696 = DIRECTION('',(1.224646799147E-16,0.,-1.));
#6697 = ORIENTED_EDGE('',*,*,#3478,.T.);
#6698 = ORIENTED_EDGE('',*,*,#6659,.T.);
#6699 = ORIENTED_EDGE('',*,*,#6700,.T.);
#6700 = EDGE_CURVE('',#6660,#6701,#6703,.T.);
#6701 = VERTEX_POINT('',#6702);
#6702 = CARTESIAN_POINT('',(-0.9,-101.7540064205,-13.));
#6703 = LINE('',#6704,#6705);
#6704 = CARTESIAN_POINT('',(-0.9,-95.,-13.));
#6705 = VECTOR('',#6706,1.);
#6706 = DIRECTION('',(0.,-1.,-0.));
#6707 = ORIENTED_EDGE('',*,*,#6708,.F.);
#6708 = EDGE_CURVE('',#6709,#6701,#6711,.T.);
#6709 = VERTEX_POINT('',#6710);
#6710 = CARTESIAN_POINT('',(-0.9,-101.7540064205,-10.5));
#6711 = LINE('',#6712,#6713);
#6712 = CARTESIAN_POINT('',(-0.9,-101.7540064205,-13.));
#6713 = VECTOR('',#6714,1.);
#6714 = DIRECTION('',(1.224646799147E-16,0.,-1.));
#6715 = ORIENTED_EDGE('',*,*,#6716,.T.);
#6716 = EDGE_CURVE('',#6709,#6717,#6719,.T.);
#6717 = VERTEX_POINT('',#6718);
#6718 = CARTESIAN_POINT('',(-0.9,-104.2459935794,-10.5));
#6719 = LINE('',#6720,#6721);
#6720 = CARTESIAN_POINT('',(-0.9,-106.5,-10.5));
#6721 = VECTOR('',#6722,1.);
#6722 = DIRECTION('',(0.,-1.,-0.));
#6723 = ORIENTED_EDGE('',*,*,#6724,.T.);
#6724 = EDGE_CURVE('',#6717,#6725,#6727,.T.);
#6725 = VERTEX_POINT('',#6726);
#6726 = CARTESIAN_POINT('',(-0.9,-104.2459935794,-13.));
#6727 = LINE('',#6728,#6729);
#6728 = CARTESIAN_POINT('',(-0.9,-104.2459935794,-13.));
#6729 = VECTOR('',#6730,1.);
#6730 = DIRECTION('',(1.224646799147E-16,0.,-1.));
#6731 = ORIENTED_EDGE('',*,*,#6732,.F.);
#6732 = EDGE_CURVE('',#6733,#6725,#6735,.T.);
#6733 = VERTEX_POINT('',#6734);
#6734 = CARTESIAN_POINT('',(-0.9,-108.5,-13.));
#6735 = LINE('',#6736,#6737);
#6736 = CARTESIAN_POINT('',(-0.9,-107.8420373803,-13.));
#6737 = VECTOR('',#6738,1.);
#6738 = DIRECTION('',(0.,1.,0.));
#6739 = ORIENTED_EDGE('',*,*,#6740,.F.);
#6740 = EDGE_CURVE('',#6741,#6733,#6743,.T.);
#6741 = VERTEX_POINT('',#6742);
#6742 = CARTESIAN_POINT('',(-0.9,-108.5,-14.));
#6743 = LINE('',#6744,#6745);
#6744 = CARTESIAN_POINT('',(-0.9,-108.5,-0.75));
#6745 = VECTOR('',#6746,1.);
#6746 = DIRECTION('',(-1.224646799147E-16,0.,1.));
#6747 = ORIENTED_EDGE('',*,*,#6748,.T.);
#6748 = EDGE_CURVE('',#6741,#6691,#6749,.T.);
#6749 = LINE('',#6750,#6751);
#6750 = CARTESIAN_POINT('',(-0.9,-95.,-14.));
#6751 = VECTOR('',#6752,1.);
#6752 = DIRECTION('',(0.,-1.,-0.));
#6753 = PLANE('',#6754);
#6754 = AXIS2_PLACEMENT_3D('',#6755,#6756,#6757);
#6755 = CARTESIAN_POINT('',(-0.9,-95.,12.5));
#6756 = DIRECTION('',(-1.,0.,-1.224646799147E-16));
#6757 = DIRECTION('',(0.,-1.,-0.));
#6758 = ADVANCED_FACE('',(#6759),#6777,.T.);
#6759 = FACE_BOUND('',#6760,.T.);
#6760 = EDGE_LOOP('',(#6761,#6762,#6763,#6771));
#6761 = ORIENTED_EDGE('',*,*,#3486,.T.);
#6762 = ORIENTED_EDGE('',*,*,#6690,.T.);
#6763 = ORIENTED_EDGE('',*,*,#6764,.T.);
#6764 = EDGE_CURVE('',#6691,#6765,#6767,.T.);
#6765 = VERTEX_POINT('',#6766);
#6766 = CARTESIAN_POINT('',(-10.82381119876,-115.2,-14.));
#6767 = LINE('',#6768,#6769);
#6768 = CARTESIAN_POINT('',(-0.9,-115.2,-14.));
#6769 = VECTOR('',#6770,1.);
#6770 = DIRECTION('',(-1.,0.,-1.224646799147E-16));
#6771 = ORIENTED_EDGE('',*,*,#6772,.F.);
#6772 = EDGE_CURVE('',#3487,#6765,#6773,.T.);
#6773 = LINE('',#6774,#6775);
#6774 = CARTESIAN_POINT('',(-10.82381119876,-115.2,12.5));
#6775 = VECTOR('',#6776,1.);
#6776 = DIRECTION('',(1.224646799147E-16,0.,-1.));
#6777 = PLANE('',#6778);
#6778 = AXIS2_PLACEMENT_3D('',#6779,#6780,#6781);
#6779 = CARTESIAN_POINT('',(-0.9,-115.2,12.5));
#6780 = DIRECTION('',(0.,1.,0.));
#6781 = DIRECTION('',(-1.,0.,-1.224646799147E-16));
#6782 = ADVANCED_FACE('',(#6783),#6802,.T.);
#6783 = FACE_BOUND('',#6784,.F.);
#6784 = EDGE_LOOP('',(#6785,#6786,#6794,#6801));
#6785 = ORIENTED_EDGE('',*,*,#3494,.T.);
#6786 = ORIENTED_EDGE('',*,*,#6787,.T.);
#6787 = EDGE_CURVE('',#3495,#6788,#6790,.T.);
#6788 = VERTEX_POINT('',#6789);
#6789 = CARTESIAN_POINT('',(-10.5,-111.,-14.));
#6790 = LINE('',#6791,#6792);
#6791 = CARTESIAN_POINT('',(-10.5,-111.,12.5));
#6792 = VECTOR('',#6793,1.);
#6793 = DIRECTION('',(1.224646799147E-16,0.,-1.));
#6794 = ORIENTED_EDGE('',*,*,#6795,.T.);
#6795 = EDGE_CURVE('',#6788,#6765,#6796,.T.);
#6796 = CIRCLE('',#6797,27.4);
#6797 = AXIS2_PLACEMENT_3D('',#6798,#6799,#6800);
#6798 = CARTESIAN_POINT('',(-37.9,-111.,-14.));
#6799 = DIRECTION('',(1.224646799147E-16,0.,-1.));
#6800 = DIRECTION('',(-1.,0.,-1.224646799147E-16));
#6801 = ORIENTED_EDGE('',*,*,#6772,.F.);
#6802 = CYLINDRICAL_SURFACE('',#6803,27.4);
#6803 = AXIS2_PLACEMENT_3D('',#6804,#6805,#6806);
#6804 = CARTESIAN_POINT('',(-37.9,-111.,12.5));
#6805 = DIRECTION('',(-1.224646799147E-16,-0.,1.));
#6806 = DIRECTION('',(-1.,0.,-1.224646799147E-16));
#6807 = ADVANCED_FACE('',(#6808),#6867,.F.);
#6808 = FACE_BOUND('',#6809,.F.);
#6809 = EDGE_LOOP('',(#6810,#6811,#6812,#6813,#6821,#6829,#6837,#6845,
    #6853,#6861));
#6810 = ORIENTED_EDGE('',*,*,#6787,.F.);
#6811 = ORIENTED_EDGE('',*,*,#3503,.T.);
#6812 = ORIENTED_EDGE('',*,*,#6668,.T.);
#6813 = ORIENTED_EDGE('',*,*,#6814,.F.);
#6814 = EDGE_CURVE('',#6815,#6669,#6817,.T.);
#6815 = VERTEX_POINT('',#6816);
#6816 = CARTESIAN_POINT('',(-10.5,-100.2958365434,-13.));
#6817 = LINE('',#6818,#6819);
#6818 = CARTESIAN_POINT('',(-10.5,-107.8420373803,-13.));
#6819 = VECTOR('',#6820,1.);
#6820 = DIRECTION('',(0.,1.,0.));
#6821 = ORIENTED_EDGE('',*,*,#6822,.F.);
#6822 = EDGE_CURVE('',#6823,#6815,#6825,.T.);
#6823 = VERTEX_POINT('',#6824);
#6824 = CARTESIAN_POINT('',(-10.5,-100.2958365434,-10.5));
#6825 = LINE('',#6826,#6827);
#6826 = CARTESIAN_POINT('',(-10.5,-100.2958365434,-13.));
#6827 = VECTOR('',#6828,1.);
#6828 = DIRECTION('',(1.224646799147E-16,0.,-1.));
#6829 = ORIENTED_EDGE('',*,*,#6830,.T.);
#6830 = EDGE_CURVE('',#6823,#6831,#6833,.T.);
#6831 = VERTEX_POINT('',#6832);
#6832 = CARTESIAN_POINT('',(-10.5,-105.7041634565,-10.5));
#6833 = LINE('',#6834,#6835);
#6834 = CARTESIAN_POINT('',(-10.5,-106.5,-10.5));
#6835 = VECTOR('',#6836,1.);
#6836 = DIRECTION('',(0.,-1.,-0.));
#6837 = ORIENTED_EDGE('',*,*,#6838,.T.);
#6838 = EDGE_CURVE('',#6831,#6839,#6841,.T.);
#6839 = VERTEX_POINT('',#6840);
#6840 = CARTESIAN_POINT('',(-10.5,-105.7041634565,-13.));
#6841 = LINE('',#6842,#6843);
#6842 = CARTESIAN_POINT('',(-10.5,-105.7041634565,-13.));
#6843 = VECTOR('',#6844,1.);
#6844 = DIRECTION('',(1.224646799147E-16,0.,-1.));
#6845 = ORIENTED_EDGE('',*,*,#6846,.F.);
#6846 = EDGE_CURVE('',#6847,#6839,#6849,.T.);
#6847 = VERTEX_POINT('',#6848);
#6848 = CARTESIAN_POINT('',(-10.5,-108.5,-13.));
#6849 = LINE('',#6850,#6851);
#6850 = CARTESIAN_POINT('',(-10.5,-107.8420373803,-13.));
#6851 = VECTOR('',#6852,1.);
#6852 = DIRECTION('',(0.,1.,0.));
#6853 = ORIENTED_EDGE('',*,*,#6854,.F.);
#6854 = EDGE_CURVE('',#6855,#6847,#6857,.T.);
#6855 = VERTEX_POINT('',#6856);
#6856 = CARTESIAN_POINT('',(-10.5,-108.5,-14.));
#6857 = LINE('',#6858,#6859);
#6858 = CARTESIAN_POINT('',(-10.5,-108.5,-0.75));
#6859 = VECTOR('',#6860,1.);
#6860 = DIRECTION('',(-1.224646799147E-16,0.,1.));
#6861 = ORIENTED_EDGE('',*,*,#6862,.T.);
#6862 = EDGE_CURVE('',#6855,#6788,#6863,.T.);
#6863 = LINE('',#6864,#6865);
#6864 = CARTESIAN_POINT('',(-10.5,-95.,-14.));
#6865 = VECTOR('',#6866,1.);
#6866 = DIRECTION('',(0.,-1.,-0.));
#6867 = PLANE('',#6868);
#6868 = AXIS2_PLACEMENT_3D('',#6869,#6870,#6871);
#6869 = CARTESIAN_POINT('',(-10.5,-95.,12.5));
#6870 = DIRECTION('',(-1.,0.,-1.224646799147E-16));
#6871 = DIRECTION('',(0.,-1.,-0.));
#6872 = ADVANCED_FACE('',(#6873),#6898,.T.);
#6873 = FACE_BOUND('',#6874,.F.);
#6874 = EDGE_LOOP('',(#6875,#6883,#6884,#6892));
#6875 = ORIENTED_EDGE('',*,*,#6876,.F.);
#6876 = EDGE_CURVE('',#3512,#6877,#6879,.T.);
#6877 = VERTEX_POINT('',#6878);
#6878 = CARTESIAN_POINT('',(0.9,-95.,-13.));
#6879 = LINE('',#6880,#6881);
#6880 = CARTESIAN_POINT('',(0.9,-95.,12.5));
#6881 = VECTOR('',#6882,1.);
#6882 = DIRECTION('',(1.224646799147E-16,0.,-1.));
#6883 = ORIENTED_EDGE('',*,*,#3511,.T.);
#6884 = ORIENTED_EDGE('',*,*,#6885,.T.);
#6885 = EDGE_CURVE('',#3514,#6886,#6888,.T.);
#6886 = VERTEX_POINT('',#6887);
#6887 = CARTESIAN_POINT('',(10.5,-95.,-13.));
#6888 = LINE('',#6889,#6890);
#6889 = CARTESIAN_POINT('',(10.5,-95.,12.5));
#6890 = VECTOR('',#6891,1.);
#6891 = DIRECTION('',(1.224646799147E-16,0.,-1.));
#6892 = ORIENTED_EDGE('',*,*,#6893,.T.);
#6893 = EDGE_CURVE('',#6886,#6877,#6894,.T.);
#6894 = LINE('',#6895,#6896);
#6895 = CARTESIAN_POINT('',(10.5,-95.,-13.));
#6896 = VECTOR('',#6897,1.);
#6897 = DIRECTION('',(-1.,0.,-1.224646799147E-16));
#6898 = PLANE('',#6899);
#6899 = AXIS2_PLACEMENT_3D('',#6900,#6901,#6902);
#6900 = CARTESIAN_POINT('',(10.5,-95.,12.5));
#6901 = DIRECTION('',(0.,-1.,0.));
#6902 = DIRECTION('',(1.,0.,1.224646799147E-16));
#6903 = ADVANCED_FACE('',(#6904),#6970,.F.);
#6904 = FACE_BOUND('',#6905,.T.);
#6905 = EDGE_LOOP('',(#6906,#6914,#6915,#6916,#6924,#6932,#6940,#6948,
    #6956,#6964));
#6906 = ORIENTED_EDGE('',*,*,#6907,.F.);
#6907 = EDGE_CURVE('',#3522,#6908,#6910,.T.);
#6908 = VERTEX_POINT('',#6909);
#6909 = CARTESIAN_POINT('',(10.5,-111.,-14.));
#6910 = LINE('',#6911,#6912);
#6911 = CARTESIAN_POINT('',(10.5,-111.,12.5));
#6912 = VECTOR('',#6913,1.);
#6913 = DIRECTION('',(1.224646799147E-16,0.,-1.));
#6914 = ORIENTED_EDGE('',*,*,#3521,.T.);
#6915 = ORIENTED_EDGE('',*,*,#6885,.T.);
#6916 = ORIENTED_EDGE('',*,*,#6917,.T.);
#6917 = EDGE_CURVE('',#6886,#6918,#6920,.T.);
#6918 = VERTEX_POINT('',#6919);
#6919 = CARTESIAN_POINT('',(10.5,-100.2958365434,-13.));
#6920 = LINE('',#6921,#6922);
#6921 = CARTESIAN_POINT('',(10.5,-95.,-13.));
#6922 = VECTOR('',#6923,1.);
#6923 = DIRECTION('',(0.,-1.,0.));
#6924 = ORIENTED_EDGE('',*,*,#6925,.F.);
#6925 = EDGE_CURVE('',#6926,#6918,#6928,.T.);
#6926 = VERTEX_POINT('',#6927);
#6927 = CARTESIAN_POINT('',(10.5,-100.2958365434,-10.5));
#6928 = LINE('',#6929,#6930);
#6929 = CARTESIAN_POINT('',(10.5,-100.2958365434,-13.));
#6930 = VECTOR('',#6931,1.);
#6931 = DIRECTION('',(1.224646799147E-16,0.,-1.));
#6932 = ORIENTED_EDGE('',*,*,#6933,.T.);
#6933 = EDGE_CURVE('',#6926,#6934,#6936,.T.);
#6934 = VERTEX_POINT('',#6935);
#6935 = CARTESIAN_POINT('',(10.5,-105.7041634565,-10.5));
#6936 = LINE('',#6937,#6938);
#6937 = CARTESIAN_POINT('',(10.5,-106.5,-10.5));
#6938 = VECTOR('',#6939,1.);
#6939 = DIRECTION('',(0.,-1.,-0.));
#6940 = ORIENTED_EDGE('',*,*,#6941,.T.);
#6941 = EDGE_CURVE('',#6934,#6942,#6944,.T.);
#6942 = VERTEX_POINT('',#6943);
#6943 = CARTESIAN_POINT('',(10.5,-105.7041634565,-13.));
#6944 = LINE('',#6945,#6946);
#6945 = CARTESIAN_POINT('',(10.5,-105.7041634565,-13.));
#6946 = VECTOR('',#6947,1.);
#6947 = DIRECTION('',(1.224646799147E-16,0.,-1.));
#6948 = ORIENTED_EDGE('',*,*,#6949,.F.);
#6949 = EDGE_CURVE('',#6950,#6942,#6952,.T.);
#6950 = VERTEX_POINT('',#6951);
#6951 = CARTESIAN_POINT('',(10.5,-108.5,-13.));
#6952 = LINE('',#6953,#6954);
#6953 = CARTESIAN_POINT('',(10.5,-107.8420373803,-13.));
#6954 = VECTOR('',#6955,1.);
#6955 = DIRECTION('',(0.,1.,0.));
#6956 = ORIENTED_EDGE('',*,*,#6957,.F.);
#6957 = EDGE_CURVE('',#6958,#6950,#6960,.T.);
#6958 = VERTEX_POINT('',#6959);
#6959 = CARTESIAN_POINT('',(10.5,-108.5,-14.));
#6960 = LINE('',#6961,#6962);
#6961 = CARTESIAN_POINT('',(10.5,-108.5,-0.75));
#6962 = VECTOR('',#6963,1.);
#6963 = DIRECTION('',(-1.224646799147E-16,0.,1.));
#6964 = ORIENTED_EDGE('',*,*,#6965,.T.);
#6965 = EDGE_CURVE('',#6958,#6908,#6966,.T.);
#6966 = LINE('',#6967,#6968);
#6967 = CARTESIAN_POINT('',(10.5,-95.,-14.));
#6968 = VECTOR('',#6969,1.);
#6969 = DIRECTION('',(0.,-1.,0.));
#6970 = PLANE('',#6971);
#6971 = AXIS2_PLACEMENT_3D('',#6972,#6973,#6974);
#6972 = CARTESIAN_POINT('',(10.5,-95.,12.5));
#6973 = DIRECTION('',(1.,-0.,1.224646799147E-16));
#6974 = DIRECTION('',(0.,1.,0.));
#6975 = ADVANCED_FACE('',(#6976),#6995,.T.);
#6976 = FACE_BOUND('',#6977,.T.);
#6977 = EDGE_LOOP('',(#6978,#6979,#6980,#6989));
#6978 = ORIENTED_EDGE('',*,*,#3529,.T.);
#6979 = ORIENTED_EDGE('',*,*,#6907,.T.);
#6980 = ORIENTED_EDGE('',*,*,#6981,.T.);
#6981 = EDGE_CURVE('',#6908,#6982,#6984,.T.);
#6982 = VERTEX_POINT('',#6983);
#6983 = CARTESIAN_POINT('',(10.823811198767,-115.2,-14.));
#6984 = CIRCLE('',#6985,27.4);
#6985 = AXIS2_PLACEMENT_3D('',#6986,#6987,#6988);
#6986 = CARTESIAN_POINT('',(37.9,-111.,-14.));
#6987 = DIRECTION('',(-1.224646799147E-16,0.,1.));
#6988 = DIRECTION('',(1.,-0.,1.224646799147E-16));
#6989 = ORIENTED_EDGE('',*,*,#6990,.F.);
#6990 = EDGE_CURVE('',#3530,#6982,#6991,.T.);
#6991 = LINE('',#6992,#6993);
#6992 = CARTESIAN_POINT('',(10.823811198767,-115.2,12.5));
#6993 = VECTOR('',#6994,1.);
#6994 = DIRECTION('',(1.224646799147E-16,0.,-1.));
#6995 = CYLINDRICAL_SURFACE('',#6996,27.4);
#6996 = AXIS2_PLACEMENT_3D('',#6997,#6998,#6999);
#6997 = CARTESIAN_POINT('',(37.9,-111.,12.5));
#6998 = DIRECTION('',(-1.224646799147E-16,0.,1.));
#6999 = DIRECTION('',(1.,-0.,1.224646799147E-16));
#7000 = ADVANCED_FACE('',(#7001),#7019,.T.);
#7001 = FACE_BOUND('',#7002,.F.);
#7002 = EDGE_LOOP('',(#7003,#7004,#7012,#7018));
#7003 = ORIENTED_EDGE('',*,*,#3538,.T.);
#7004 = ORIENTED_EDGE('',*,*,#7005,.T.);
#7005 = EDGE_CURVE('',#3539,#7006,#7008,.T.);
#7006 = VERTEX_POINT('',#7007);
#7007 = CARTESIAN_POINT('',(0.9,-115.2,-14.));
#7008 = LINE('',#7009,#7010);
#7009 = CARTESIAN_POINT('',(0.9,-115.2,12.5));
#7010 = VECTOR('',#7011,1.);
#7011 = DIRECTION('',(1.224646799147E-16,0.,-1.));
#7012 = ORIENTED_EDGE('',*,*,#7013,.T.);
#7013 = EDGE_CURVE('',#7006,#6982,#7014,.T.);
#7014 = LINE('',#7015,#7016);
#7015 = CARTESIAN_POINT('',(0.9,-115.2,-14.));
#7016 = VECTOR('',#7017,1.);
#7017 = DIRECTION('',(1.,-0.,1.224646799147E-16));
#7018 = ORIENTED_EDGE('',*,*,#6990,.F.);
#7019 = PLANE('',#7020);
#7020 = AXIS2_PLACEMENT_3D('',#7021,#7022,#7023);
#7021 = CARTESIAN_POINT('',(0.9,-115.2,12.5));
#7022 = DIRECTION('',(0.,1.,0.));
#7023 = DIRECTION('',(-1.,0.,-1.224646799147E-16));
#7024 = ADVANCED_FACE('',(#7025),#7084,.T.);
#7025 = FACE_BOUND('',#7026,.F.);
#7026 = EDGE_LOOP('',(#7027,#7028,#7029,#7030,#7038,#7046,#7054,#7062,
    #7070,#7078));
#7027 = ORIENTED_EDGE('',*,*,#7005,.F.);
#7028 = ORIENTED_EDGE('',*,*,#3546,.T.);
#7029 = ORIENTED_EDGE('',*,*,#6876,.T.);
#7030 = ORIENTED_EDGE('',*,*,#7031,.F.);
#7031 = EDGE_CURVE('',#7032,#6877,#7034,.T.);
#7032 = VERTEX_POINT('',#7033);
#7033 = CARTESIAN_POINT('',(0.9,-101.7540064205,-13.));
#7034 = LINE('',#7035,#7036);
#7035 = CARTESIAN_POINT('',(0.9,-107.8420373803,-13.));
#7036 = VECTOR('',#7037,1.);
#7037 = DIRECTION('',(0.,1.,0.));
#7038 = ORIENTED_EDGE('',*,*,#7039,.F.);
#7039 = EDGE_CURVE('',#7040,#7032,#7042,.T.);
#7040 = VERTEX_POINT('',#7041);
#7041 = CARTESIAN_POINT('',(0.9,-101.7540064205,-10.5));
#7042 = LINE('',#7043,#7044);
#7043 = CARTESIAN_POINT('',(0.9,-101.7540064205,-13.));
#7044 = VECTOR('',#7045,1.);
#7045 = DIRECTION('',(1.224646799147E-16,0.,-1.));
#7046 = ORIENTED_EDGE('',*,*,#7047,.T.);
#7047 = EDGE_CURVE('',#7040,#7048,#7050,.T.);
#7048 = VERTEX_POINT('',#7049);
#7049 = CARTESIAN_POINT('',(0.9,-104.2459935794,-10.5));
#7050 = LINE('',#7051,#7052);
#7051 = CARTESIAN_POINT('',(0.9,-106.5,-10.5));
#7052 = VECTOR('',#7053,1.);
#7053 = DIRECTION('',(0.,-1.,-0.));
#7054 = ORIENTED_EDGE('',*,*,#7055,.T.);
#7055 = EDGE_CURVE('',#7048,#7056,#7058,.T.);
#7056 = VERTEX_POINT('',#7057);
#7057 = CARTESIAN_POINT('',(0.9,-104.2459935794,-13.));
#7058 = LINE('',#7059,#7060);
#7059 = CARTESIAN_POINT('',(0.9,-104.2459935794,-13.));
#7060 = VECTOR('',#7061,1.);
#7061 = DIRECTION('',(1.224646799147E-16,0.,-1.));
#7062 = ORIENTED_EDGE('',*,*,#7063,.F.);
#7063 = EDGE_CURVE('',#7064,#7056,#7066,.T.);
#7064 = VERTEX_POINT('',#7065);
#7065 = CARTESIAN_POINT('',(0.9,-108.5,-13.));
#7066 = LINE('',#7067,#7068);
#7067 = CARTESIAN_POINT('',(0.9,-107.8420373803,-13.));
#7068 = VECTOR('',#7069,1.);
#7069 = DIRECTION('',(0.,1.,0.));
#7070 = ORIENTED_EDGE('',*,*,#7071,.F.);
#7071 = EDGE_CURVE('',#7072,#7064,#7074,.T.);
#7072 = VERTEX_POINT('',#7073);
#7073 = CARTESIAN_POINT('',(0.9,-108.5,-14.));
#7074 = LINE('',#7075,#7076);
#7075 = CARTESIAN_POINT('',(0.9,-108.5,-0.75));
#7076 = VECTOR('',#7077,1.);
#7077 = DIRECTION('',(-1.224646799147E-16,0.,1.));
#7078 = ORIENTED_EDGE('',*,*,#7079,.T.);
#7079 = EDGE_CURVE('',#7072,#7006,#7080,.T.);
#7080 = LINE('',#7081,#7082);
#7081 = CARTESIAN_POINT('',(0.9,-95.,-14.));
#7082 = VECTOR('',#7083,1.);
#7083 = DIRECTION('',(0.,-1.,0.));
#7084 = PLANE('',#7085);
#7085 = AXIS2_PLACEMENT_3D('',#7086,#7087,#7088);
#7086 = CARTESIAN_POINT('',(0.9,-95.,12.5));
#7087 = DIRECTION('',(1.,-0.,1.224646799147E-16));
#7088 = DIRECTION('',(0.,1.,0.));
#7089 = ADVANCED_FACE('',(#7090),#7101,.T.);
#7090 = FACE_BOUND('',#7091,.T.);
#7091 = EDGE_LOOP('',(#7092,#7093,#7094,#7100));
#7092 = ORIENTED_EDGE('',*,*,#3576,.F.);
#7093 = ORIENTED_EDGE('',*,*,#6397,.T.);
#7094 = ORIENTED_EDGE('',*,*,#7095,.T.);
#7095 = EDGE_CURVE('',#6390,#6324,#7096,.T.);
#7096 = LINE('',#7097,#7098);
#7097 = CARTESIAN_POINT('',(-10.5,-63.4,-13.));
#7098 = VECTOR('',#7099,1.);
#7099 = DIRECTION('',(1.,0.,1.224646799147E-16));
#7100 = ORIENTED_EDGE('',*,*,#6323,.F.);
#7101 = PLANE('',#7102);
#7102 = AXIS2_PLACEMENT_3D('',#7103,#7104,#7105);
#7103 = CARTESIAN_POINT('',(-10.5,-63.4,12.5));
#7104 = DIRECTION('',(0.,-1.,-0.));
#7105 = DIRECTION('',(1.,0.,1.224646799147E-16));
#7106 = ADVANCED_FACE('',(#7107),#7113,.T.);
#7107 = FACE_BOUND('',#7108,.F.);
#7108 = EDGE_LOOP('',(#7109,#7110,#7111,#7112));
#7109 = ORIENTED_EDGE('',*,*,#6347,.F.);
#7110 = ORIENTED_EDGE('',*,*,#3592,.F.);
#7111 = ORIENTED_EDGE('',*,*,#6282,.T.);
#7112 = ORIENTED_EDGE('',*,*,#6297,.F.);
#7113 = CYLINDRICAL_SURFACE('',#7114,5.);
#7114 = AXIS2_PLACEMENT_3D('',#7115,#7116,#7117);
#7115 = CARTESIAN_POINT('',(-9.184850993605E-16,-67.33974596215,7.5));
#7116 = DIRECTION('',(1.,-0.,1.224646799147E-16));
#7117 = DIRECTION('',(0.,1.,0.));
#7118 = ADVANCED_FACE('',(#7119),#7130,.T.);
#7119 = FACE_BOUND('',#7120,.F.);
#7120 = EDGE_LOOP('',(#7121,#7122,#7123,#7129));
#7121 = ORIENTED_EDGE('',*,*,#3608,.F.);
#7122 = ORIENTED_EDGE('',*,*,#6216,.T.);
#7123 = ORIENTED_EDGE('',*,*,#7124,.T.);
#7124 = EDGE_CURVE('',#6209,#6258,#7125,.T.);
#7125 = LINE('',#7126,#7127);
#7126 = CARTESIAN_POINT('',(10.5,-63.4,-13.));
#7127 = VECTOR('',#7128,1.);
#7128 = DIRECTION('',(-1.,0.,-1.224646799147E-16));
#7129 = ORIENTED_EDGE('',*,*,#6257,.F.);
#7130 = PLANE('',#7131);
#7131 = AXIS2_PLACEMENT_3D('',#7132,#7133,#7134);
#7132 = CARTESIAN_POINT('',(10.5,-63.4,12.5));
#7133 = DIRECTION('',(0.,-1.,0.));
#7134 = DIRECTION('',(1.,0.,1.224646799147E-16));
#7135 = ADVANCED_FACE('',(#7136),#7219,.T.);
#7136 = FACE_BOUND('',#7137,.T.);
#7137 = EDGE_LOOP('',(#7138,#7139,#7147,#7153,#7154,#7160,#7161,#7169,
    #7175,#7176,#7184,#7190,#7191,#7197,#7198,#7206,#7212,#7213));
#7138 = ORIENTED_EDGE('',*,*,#6636,.T.);
#7139 = ORIENTED_EDGE('',*,*,#7140,.F.);
#7140 = EDGE_CURVE('',#7141,#6629,#7143,.T.);
#7141 = VERTEX_POINT('',#7142);
#7142 = CARTESIAN_POINT('',(-27.14267691291,-137.2,12.5));
#7143 = LINE('',#7144,#7145);
#7144 = CARTESIAN_POINT('',(-27.14267691291,-137.2,12.5));
#7145 = VECTOR('',#7146,1.);
#7146 = DIRECTION('',(1.,0.,1.224646799147E-16));
#7147 = ORIENTED_EDGE('',*,*,#7148,.F.);
#7148 = EDGE_CURVE('',#6528,#7141,#7149,.T.);
#7149 = LINE('',#7150,#7151);
#7150 = CARTESIAN_POINT('',(-27.14267691291,-136.2,12.5));
#7151 = VECTOR('',#7152,1.);
#7152 = DIRECTION('',(0.,-1.,-0.));
#7153 = ORIENTED_EDGE('',*,*,#6535,.F.);
#7154 = ORIENTED_EDGE('',*,*,#7155,.T.);
#7155 = EDGE_CURVE('',#6536,#3766,#7156,.T.);
#7156 = LINE('',#7157,#7158);
#7157 = CARTESIAN_POINT('',(-1.530808498934E-15,-126.6602540378,12.5));
#7158 = VECTOR('',#7159,1.);
#7159 = DIRECTION('',(-1.,0.,-1.224646799147E-16));
#7160 = ORIENTED_EDGE('',*,*,#3765,.T.);
#7161 = ORIENTED_EDGE('',*,*,#7162,.F.);
#7162 = EDGE_CURVE('',#7163,#3768,#7165,.T.);
#7163 = VERTEX_POINT('',#7164);
#7164 = CARTESIAN_POINT('',(-47.5,-136.6,12.5));
#7165 = LINE('',#7166,#7167);
#7166 = CARTESIAN_POINT('',(-55.,-136.6,12.5));
#7167 = VECTOR('',#7168,1.);
#7168 = DIRECTION('',(1.,0.,1.224646799147E-16));
#7169 = ORIENTED_EDGE('',*,*,#7170,.F.);
#7170 = EDGE_CURVE('',#5587,#7163,#7171,.T.);
#7171 = LINE('',#7172,#7173);
#7172 = CARTESIAN_POINT('',(-47.5,-139.,12.5));
#7173 = VECTOR('',#7174,1.);
#7174 = DIRECTION('',(-2.694222958124E-32,1.,2.2E-16));
#7175 = ORIENTED_EDGE('',*,*,#5584,.F.);
#7176 = ORIENTED_EDGE('',*,*,#7177,.T.);
#7177 = EDGE_CURVE('',#5585,#7178,#7180,.T.);
#7178 = VERTEX_POINT('',#7179);
#7179 = CARTESIAN_POINT('',(47.5,-136.6,12.5));
#7180 = LINE('',#7181,#7182);
#7181 = CARTESIAN_POINT('',(47.5,-139.,12.5));
#7182 = VECTOR('',#7183,1.);
#7183 = DIRECTION('',(-2.694222958124E-32,1.,2.2E-16));
#7184 = ORIENTED_EDGE('',*,*,#7185,.T.);
#7185 = EDGE_CURVE('',#7178,#4026,#7186,.T.);
#7186 = LINE('',#7187,#7188);
#7187 = CARTESIAN_POINT('',(55.,-136.6,12.5));
#7188 = VECTOR('',#7189,1.);
#7189 = DIRECTION('',(-1.,0.,-1.224646799147E-16));
#7190 = ORIENTED_EDGE('',*,*,#4023,.F.);
#7191 = ORIENTED_EDGE('',*,*,#7192,.F.);
#7192 = EDGE_CURVE('',#6140,#4024,#7193,.T.);
#7193 = LINE('',#7194,#7195);
#7194 = CARTESIAN_POINT('',(-1.530808498934E-15,-126.6602540378,12.5));
#7195 = VECTOR('',#7196,1.);
#7196 = DIRECTION('',(1.,-0.,1.224646799147E-16));
#7197 = ORIENTED_EDGE('',*,*,#6139,.T.);
#7198 = ORIENTED_EDGE('',*,*,#7199,.T.);
#7199 = EDGE_CURVE('',#6132,#7200,#7202,.T.);
#7200 = VERTEX_POINT('',#7201);
#7201 = CARTESIAN_POINT('',(27.142676912912,-137.2,12.5));
#7202 = LINE('',#7203,#7204);
#7203 = CARTESIAN_POINT('',(27.142676912912,-136.2,12.5));
#7204 = VECTOR('',#7205,1.);
#7205 = DIRECTION('',(0.,-1.,0.));
#7206 = ORIENTED_EDGE('',*,*,#7207,.T.);
#7207 = EDGE_CURVE('',#7200,#5987,#7208,.T.);
#7208 = LINE('',#7209,#7210);
#7209 = CARTESIAN_POINT('',(27.142676912912,-137.2,12.5));
#7210 = VECTOR('',#7211,1.);
#7211 = DIRECTION('',(-1.,0.,-1.224646799147E-16));
#7212 = ORIENTED_EDGE('',*,*,#5994,.F.);
#7213 = ORIENTED_EDGE('',*,*,#7214,.F.);
#7214 = EDGE_CURVE('',#6637,#5995,#7215,.T.);
#7215 = LINE('',#7216,#7217);
#7216 = CARTESIAN_POINT('',(-1.530808498934E-15,-126.6602540378,12.5));
#7217 = VECTOR('',#7218,1.);
#7218 = DIRECTION('',(1.,-0.,1.224646799147E-16));
#7219 = PLANE('',#7220);
#7220 = AXIS2_PLACEMENT_3D('',#7221,#7222,#7223);
#7221 = CARTESIAN_POINT('',(-1.710808498934E-15,-135.8623243992,12.5));
#7222 = DIRECTION('',(-1.224646799147E-16,-0.,1.));
#7223 = DIRECTION('',(1.,0.,1.224646799147E-16));
#7224 = ADVANCED_FACE('',(#7225),#7253,.F.);
#7225 = FACE_BOUND('',#7226,.F.);
#7226 = EDGE_LOOP('',(#7227,#7228,#7237,#7245,#7252));
#7227 = ORIENTED_EDGE('',*,*,#7162,.F.);
#7228 = ORIENTED_EDGE('',*,*,#7229,.T.);
#7229 = EDGE_CURVE('',#7163,#7230,#7232,.T.);
#7230 = VERTEX_POINT('',#7231);
#7231 = CARTESIAN_POINT('',(-55.,-136.6,5.));
#7232 = CIRCLE('',#7233,7.5);
#7233 = AXIS2_PLACEMENT_3D('',#7234,#7235,#7236);
#7234 = CARTESIAN_POINT('',(-47.5,-136.6,5.));
#7235 = DIRECTION('',(2.694222958124E-32,-1.,-2.2E-16));
#7236 = DIRECTION('',(-1.,0.,-1.224646799147E-16));
#7237 = ORIENTED_EDGE('',*,*,#7238,.T.);
#7238 = EDGE_CURVE('',#7230,#7239,#7241,.T.);
#7239 = VERTEX_POINT('',#7240);
#7240 = CARTESIAN_POINT('',(-55.,-136.6,-4.73555739531E-15));
#7241 = LINE('',#7242,#7243);
#7242 = CARTESIAN_POINT('',(-55.,-136.6,12.5));
#7243 = VECTOR('',#7244,1.);
#7244 = DIRECTION('',(1.224646799147E-16,0.,-1.));
#7245 = ORIENTED_EDGE('',*,*,#7246,.F.);
#7246 = EDGE_CURVE('',#3853,#7239,#7247,.T.);
#7247 = CIRCLE('',#7248,10.);
#7248 = AXIS2_PLACEMENT_3D('',#7249,#7250,#7251);
#7249 = CARTESIAN_POINT('',(-45.,-136.6,-5.510910596163E-15));
#7250 = DIRECTION('',(0.,-1.,-0.));
#7251 = DIRECTION('',(-1.,0.,-1.224646799147E-16));
#7252 = ORIENTED_EDGE('',*,*,#3869,.F.);
#7253 = PLANE('',#7254);
#7254 = AXIS2_PLACEMENT_3D('',#7255,#7256,#7257);
#7255 = CARTESIAN_POINT('',(-55.,-136.6,12.5));
#7256 = DIRECTION('',(0.,-1.,-0.));
#7257 = DIRECTION('',(1.,0.,1.224646799147E-16));
#7258 = ADVANCED_FACE('',(#7259),#7276,.T.);
#7259 = FACE_BOUND('',#7260,.T.);
#7260 = EDGE_LOOP('',(#7261,#7262,#7268,#7269,#7275));
#7261 = ORIENTED_EDGE('',*,*,#3852,.F.);
#7262 = ORIENTED_EDGE('',*,*,#7263,.T.);
#7263 = EDGE_CURVE('',#3845,#5826,#7264,.T.);
#7264 = LINE('',#7265,#7266);
#7265 = CARTESIAN_POINT('',(-35.,-136.6,-5.786263797016E-15));
#7266 = VECTOR('',#7267,1.);
#7267 = DIRECTION('',(-2.694222958124E-32,1.,2.2E-16));
#7268 = ORIENTED_EDGE('',*,*,#5825,.T.);
#7269 = ORIENTED_EDGE('',*,*,#7270,.F.);
#7270 = EDGE_CURVE('',#7239,#5818,#7271,.T.);
#7271 = LINE('',#7272,#7273);
#7272 = CARTESIAN_POINT('',(-55.,-136.6,-4.62555739531E-15));
#7273 = VECTOR('',#7274,1.);
#7274 = DIRECTION('',(-2.694222958124E-32,1.,2.2E-16));
#7275 = ORIENTED_EDGE('',*,*,#7246,.F.);
#7276 = CYLINDRICAL_SURFACE('',#7277,10.);
#7277 = AXIS2_PLACEMENT_3D('',#7278,#7279,#7280);
#7278 = CARTESIAN_POINT('',(-45.,-136.6,-5.510910596163E-15));
#7279 = DIRECTION('',(2.694222958124E-32,-1.,-2.2E-16));
#7280 = DIRECTION('',(-1.,0.,-1.224646799147E-16));
#7281 = ADVANCED_FACE('',(#7282),#7293,.T.);
#7282 = FACE_BOUND('',#7283,.T.);
#7283 = EDGE_LOOP('',(#7284,#7285,#7291,#7292));
#7284 = ORIENTED_EDGE('',*,*,#3844,.F.);
#7285 = ORIENTED_EDGE('',*,*,#7286,.T.);
#7286 = EDGE_CURVE('',#3836,#5835,#7287,.T.);
#7287 = LINE('',#7288,#7289);
#7288 = CARTESIAN_POINT('',(-35.,-139.,-13.5));
#7289 = VECTOR('',#7290,1.);
#7290 = DIRECTION('',(0.,1.,0.));
#7291 = ORIENTED_EDGE('',*,*,#5834,.T.);
#7292 = ORIENTED_EDGE('',*,*,#7263,.F.);
#7293 = PLANE('',#7294);
#7294 = AXIS2_PLACEMENT_3D('',#7295,#7296,#7297);
#7295 = CARTESIAN_POINT('',(-35.,-136.6,-15.));
#7296 = DIRECTION('',(1.,0.,1.224646799147E-16));
#7297 = DIRECTION('',(-1.224646799147E-16,-2.2E-16,1.));
#7298 = ADVANCED_FACE('',(#7299),#7304,.F.);
#7299 = FACE_BOUND('',#7300,.F.);
#7300 = EDGE_LOOP('',(#7301,#7302,#7303));
#7301 = ORIENTED_EDGE('',*,*,#5842,.T.);
#7302 = ORIENTED_EDGE('',*,*,#3835,.F.);
#7303 = ORIENTED_EDGE('',*,*,#7286,.T.);
#7304 = PLANE('',#7305);
#7305 = AXIS2_PLACEMENT_3D('',#7306,#7307,#7308);
#7306 = CARTESIAN_POINT('',(-31.25,-136.8,-13.5));
#7307 = DIRECTION('',(1.224646799147E-16,0.,-1.));
#7308 = DIRECTION('',(-1.,0.,-1.224646799147E-16));
#7309 = ADVANCED_FACE('',(#7310),#7316,.T.);
#7310 = FACE_BOUND('',#7311,.F.);
#7311 = EDGE_LOOP('',(#7312,#7313,#7314,#7315));
#7312 = ORIENTED_EDGE('',*,*,#6544,.F.);
#7313 = ORIENTED_EDGE('',*,*,#7155,.T.);
#7314 = ORIENTED_EDGE('',*,*,#3776,.T.);
#7315 = ORIENTED_EDGE('',*,*,#6434,.F.);
#7316 = CYLINDRICAL_SURFACE('',#7317,5.);
#7317 = AXIS2_PLACEMENT_3D('',#7318,#7319,#7320);
#7318 = CARTESIAN_POINT('',(-9.184850993605E-16,-126.6602540378,7.5));
#7319 = DIRECTION('',(1.,-0.,1.224646799147E-16));
#7320 = DIRECTION('',(0.,1.,0.));
#7321 = ADVANCED_FACE('',(#7322),#7350,.F.);
#7322 = FACE_BOUND('',#7323,.T.);
#7323 = EDGE_LOOP('',(#7324,#7325,#7334,#7342,#7349));
#7324 = ORIENTED_EDGE('',*,*,#7185,.F.);
#7325 = ORIENTED_EDGE('',*,*,#7326,.T.);
#7326 = EDGE_CURVE('',#7178,#7327,#7329,.T.);
#7327 = VERTEX_POINT('',#7328);
#7328 = CARTESIAN_POINT('',(55.,-136.6,5.));
#7329 = CIRCLE('',#7330,7.5);
#7330 = AXIS2_PLACEMENT_3D('',#7331,#7332,#7333);
#7331 = CARTESIAN_POINT('',(47.5,-136.6,5.));
#7332 = DIRECTION('',(-2.694222958124E-32,1.,2.2E-16));
#7333 = DIRECTION('',(1.,0.,1.224646799147E-16));
#7334 = ORIENTED_EDGE('',*,*,#7335,.T.);
#7335 = EDGE_CURVE('',#7327,#7336,#7338,.T.);
#7336 = VERTEX_POINT('',#7337);
#7337 = CARTESIAN_POINT('',(55.,-136.6,8.73555739531E-15));
#7338 = LINE('',#7339,#7340);
#7339 = CARTESIAN_POINT('',(55.,-136.6,12.5));
#7340 = VECTOR('',#7341,1.);
#7341 = DIRECTION('',(1.224646799147E-16,0.,-1.));
#7342 = ORIENTED_EDGE('',*,*,#7343,.F.);
#7343 = EDGE_CURVE('',#4111,#7336,#7344,.T.);
#7344 = CIRCLE('',#7345,10.);
#7345 = AXIS2_PLACEMENT_3D('',#7346,#7347,#7348);
#7346 = CARTESIAN_POINT('',(45.,-136.6,5.510910596163E-15));
#7347 = DIRECTION('',(-0.,1.,0.));
#7348 = DIRECTION('',(1.,0.,1.224646799147E-16));
#7349 = ORIENTED_EDGE('',*,*,#4127,.F.);
#7350 = PLANE('',#7351);
#7351 = AXIS2_PLACEMENT_3D('',#7352,#7353,#7354);
#7352 = CARTESIAN_POINT('',(55.,-136.6,12.5));
#7353 = DIRECTION('',(0.,-1.,0.));
#7354 = DIRECTION('',(1.,0.,1.224646799147E-16));
#7355 = ADVANCED_FACE('',(#7356),#7373,.T.);
#7356 = FACE_BOUND('',#7357,.F.);
#7357 = EDGE_LOOP('',(#7358,#7359,#7365,#7366,#7372));
#7358 = ORIENTED_EDGE('',*,*,#4110,.F.);
#7359 = ORIENTED_EDGE('',*,*,#7360,.T.);
#7360 = EDGE_CURVE('',#4103,#5734,#7361,.T.);
#7361 = LINE('',#7362,#7363);
#7362 = CARTESIAN_POINT('',(35.,-136.6,2.786263797016E-15));
#7363 = VECTOR('',#7364,1.);
#7364 = DIRECTION('',(-2.694222958124E-32,1.,2.2E-16));
#7365 = ORIENTED_EDGE('',*,*,#5733,.T.);
#7366 = ORIENTED_EDGE('',*,*,#7367,.F.);
#7367 = EDGE_CURVE('',#7336,#5726,#7368,.T.);
#7368 = LINE('',#7369,#7370);
#7369 = CARTESIAN_POINT('',(55.,-136.6,8.84555739531E-15));
#7370 = VECTOR('',#7371,1.);
#7371 = DIRECTION('',(-2.694222958124E-32,1.,2.2E-16));
#7372 = ORIENTED_EDGE('',*,*,#7343,.F.);
#7373 = CYLINDRICAL_SURFACE('',#7374,10.);
#7374 = AXIS2_PLACEMENT_3D('',#7375,#7376,#7377);
#7375 = CARTESIAN_POINT('',(45.,-136.6,5.510910596163E-15));
#7376 = DIRECTION('',(2.694222958124E-32,-1.,-2.2E-16));
#7377 = DIRECTION('',(1.,0.,1.224646799147E-16));
#7378 = ADVANCED_FACE('',(#7379),#7390,.T.);
#7379 = FACE_BOUND('',#7380,.F.);
#7380 = EDGE_LOOP('',(#7381,#7382,#7388,#7389));
#7381 = ORIENTED_EDGE('',*,*,#4102,.F.);
#7382 = ORIENTED_EDGE('',*,*,#7383,.T.);
#7383 = EDGE_CURVE('',#4094,#5743,#7384,.T.);
#7384 = LINE('',#7385,#7386);
#7385 = CARTESIAN_POINT('',(35.,-139.,-13.5));
#7386 = VECTOR('',#7387,1.);
#7387 = DIRECTION('',(0.,1.,0.));
#7388 = ORIENTED_EDGE('',*,*,#5742,.T.);
#7389 = ORIENTED_EDGE('',*,*,#7360,.F.);
#7390 = PLANE('',#7391);
#7391 = AXIS2_PLACEMENT_3D('',#7392,#7393,#7394);
#7392 = CARTESIAN_POINT('',(35.,-136.6,-15.));
#7393 = DIRECTION('',(-1.,0.,-1.224646799147E-16));
#7394 = DIRECTION('',(1.224646799147E-16,2.2E-16,-1.));
#7395 = ADVANCED_FACE('',(#7396),#7401,.F.);
#7396 = FACE_BOUND('',#7397,.T.);
#7397 = EDGE_LOOP('',(#7398,#7399,#7400));
#7398 = ORIENTED_EDGE('',*,*,#5750,.T.);
#7399 = ORIENTED_EDGE('',*,*,#4093,.F.);
#7400 = ORIENTED_EDGE('',*,*,#7383,.T.);
#7401 = PLANE('',#7402);
#7402 = AXIS2_PLACEMENT_3D('',#7403,#7404,#7405);
#7403 = CARTESIAN_POINT('',(31.25,-136.8,-13.5));
#7404 = DIRECTION('',(1.224646799147E-16,0.,-1.));
#7405 = DIRECTION('',(-1.,0.,-1.224646799147E-16));
#7406 = ADVANCED_FACE('',(#7407),#7413,.T.);
#7407 = FACE_BOUND('',#7408,.T.);
#7408 = EDGE_LOOP('',(#7409,#7410,#7411,#7412));
#7409 = ORIENTED_EDGE('',*,*,#6148,.F.);
#7410 = ORIENTED_EDGE('',*,*,#7192,.T.);
#7411 = ORIENTED_EDGE('',*,*,#4034,.T.);
#7412 = ORIENTED_EDGE('',*,*,#6184,.F.);
#7413 = CYLINDRICAL_SURFACE('',#7414,5.);
#7414 = AXIS2_PLACEMENT_3D('',#7415,#7416,#7417);
#7415 = CARTESIAN_POINT('',(-9.184850993605E-16,-126.6602540378,7.5));
#7416 = DIRECTION('',(-1.,0.,-1.224646799147E-16));
#7417 = DIRECTION('',(0.,1.,0.));
#7418 = ADVANCED_FACE('',(#7419),#7437,.F.);
#7419 = FACE_BOUND('',#7420,.T.);
#7420 = EDGE_LOOP('',(#7421,#7422,#7430,#7436));
#7421 = ORIENTED_EDGE('',*,*,#4211,.F.);
#7422 = ORIENTED_EDGE('',*,*,#7423,.T.);
#7423 = EDGE_CURVE('',#1768,#7424,#7426,.T.);
#7424 = VERTEX_POINT('',#7425);
#7425 = CARTESIAN_POINT('',(62.206329386826,-58.5625,-4.25));
#7426 = LINE('',#7427,#7428);
#7427 = CARTESIAN_POINT('',(62.206329386826,-58.5625,-4.5));
#7428 = VECTOR('',#7429,1.);
#7429 = DIRECTION('',(-1.224646799147E-16,0.,1.));
#7430 = ORIENTED_EDGE('',*,*,#7431,.T.);
#7431 = EDGE_CURVE('',#7424,#5489,#7432,.T.);
#7432 = LINE('',#7433,#7434);
#7433 = CARTESIAN_POINT('',(62.206329386826,-58.5625,-4.25));
#7434 = VECTOR('',#7435,1.);
#7435 = DIRECTION('',(-0.5,0.866025403784,-6.123233995737E-17));
#7436 = ORIENTED_EDGE('',*,*,#5488,.T.);
#7437 = PLANE('',#7438);
#7438 = AXIS2_PLACEMENT_3D('',#7439,#7440,#7441);
#7439 = CARTESIAN_POINT('',(62.206329386826,-58.5625,-4.5));
#7440 = DIRECTION('',(0.866025403784,0.5,1.060575238725E-16));
#7441 = DIRECTION('',(0.5,-0.866025403784,6.123233995737E-17));
#7442 = ADVANCED_FACE('',(#7443),#7461,.F.);
#7443 = FACE_BOUND('',#7444,.T.);
#7444 = EDGE_LOOP('',(#7445,#7446,#7447,#7455));
#7445 = ORIENTED_EDGE('',*,*,#4194,.F.);
#7446 = ORIENTED_EDGE('',*,*,#5570,.F.);
#7447 = ORIENTED_EDGE('',*,*,#7448,.T.);
#7448 = EDGE_CURVE('',#5562,#7449,#7451,.T.);
#7449 = VERTEX_POINT('',#7450);
#7450 = CARTESIAN_POINT('',(59.5,-53.875,-4.25));
#7451 = LINE('',#7452,#7453);
#7452 = CARTESIAN_POINT('',(62.206329386826,-58.5625,-4.25));
#7453 = VECTOR('',#7454,1.);
#7454 = DIRECTION('',(-0.5,0.866025403784,-6.123233995737E-17));
#7455 = ORIENTED_EDGE('',*,*,#7456,.F.);
#7456 = EDGE_CURVE('',#1750,#7449,#7457,.T.);
#7457 = LINE('',#7458,#7459);
#7458 = CARTESIAN_POINT('',(59.5,-53.875,-4.5));
#7459 = VECTOR('',#7460,1.);
#7460 = DIRECTION('',(-1.224646799147E-16,0.,1.));
#7461 = PLANE('',#7462);
#7462 = AXIS2_PLACEMENT_3D('',#7463,#7464,#7465);
#7463 = CARTESIAN_POINT('',(62.206329386826,-58.5625,-4.5));
#7464 = DIRECTION('',(0.866025403784,0.5,1.060575238725E-16));
#7465 = DIRECTION('',(0.5,-0.866025403784,6.123233995737E-17));
#7466 = ADVANCED_FACE('',(#7467),#7485,.F.);
#7467 = FACE_BOUND('',#7468,.T.);
#7468 = EDGE_LOOP('',(#7469,#7470,#7478,#7484));
#7469 = ORIENTED_EDGE('',*,*,#4243,.F.);
#7470 = ORIENTED_EDGE('',*,*,#7471,.T.);
#7471 = EDGE_CURVE('',#1759,#7472,#7474,.T.);
#7472 = VERTEX_POINT('',#7473);
#7473 = CARTESIAN_POINT('',(56.793670613174,-58.5625,-4.25));
#7474 = LINE('',#7475,#7476);
#7475 = CARTESIAN_POINT('',(56.793670613174,-58.5625,-4.5));
#7476 = VECTOR('',#7477,1.);
#7477 = DIRECTION('',(-1.224646799147E-16,0.,1.));
#7478 = ORIENTED_EDGE('',*,*,#7479,.T.);
#7479 = EDGE_CURVE('',#7472,#5530,#7480,.T.);
#7480 = LINE('',#7481,#7482);
#7481 = CARTESIAN_POINT('',(56.793670613174,-58.5625,-4.25));
#7482 = VECTOR('',#7483,1.);
#7483 = DIRECTION('',(1.,-0.,1.224646799147E-16));
#7484 = ORIENTED_EDGE('',*,*,#5529,.T.);
#7485 = PLANE('',#7486);
#7486 = AXIS2_PLACEMENT_3D('',#7487,#7488,#7489);
#7487 = CARTESIAN_POINT('',(56.793670613174,-58.5625,-4.5));
#7488 = DIRECTION('',(0.,-1.,0.));
#7489 = DIRECTION('',(-1.,0.,-1.224646799147E-16));
#7490 = ADVANCED_FACE('',(#7491),#7502,.F.);
#7491 = FACE_BOUND('',#7492,.T.);
#7492 = EDGE_LOOP('',(#7493,#7494,#7495,#7501));
#7493 = ORIENTED_EDGE('',*,*,#4226,.F.);
#7494 = ORIENTED_EDGE('',*,*,#5522,.F.);
#7495 = ORIENTED_EDGE('',*,*,#7496,.T.);
#7496 = EDGE_CURVE('',#5514,#7424,#7497,.T.);
#7497 = LINE('',#7498,#7499);
#7498 = CARTESIAN_POINT('',(56.793670613174,-58.5625,-4.25));
#7499 = VECTOR('',#7500,1.);
#7500 = DIRECTION('',(1.,-0.,1.224646799147E-16));
#7501 = ORIENTED_EDGE('',*,*,#7423,.F.);
#7502 = PLANE('',#7503);
#7503 = AXIS2_PLACEMENT_3D('',#7504,#7505,#7506);
#7504 = CARTESIAN_POINT('',(56.793670613174,-58.5625,-4.5));
#7505 = DIRECTION('',(0.,-1.,0.));
#7506 = DIRECTION('',(-1.,0.,-1.224646799147E-16));
#7507 = ADVANCED_FACE('',(#7508),#7519,.F.);
#7508 = FACE_BOUND('',#7509,.T.);
#7509 = EDGE_LOOP('',(#7510,#7511,#7512,#7518));
#7510 = ORIENTED_EDGE('',*,*,#4257,.F.);
#7511 = ORIENTED_EDGE('',*,*,#7456,.T.);
#7512 = ORIENTED_EDGE('',*,*,#7513,.T.);
#7513 = EDGE_CURVE('',#7449,#5554,#7514,.T.);
#7514 = LINE('',#7515,#7516);
#7515 = CARTESIAN_POINT('',(59.5,-53.875,-4.25));
#7516 = VECTOR('',#7517,1.);
#7517 = DIRECTION('',(-0.5,-0.866025403784,-6.123233995737E-17));
#7518 = ORIENTED_EDGE('',*,*,#5553,.T.);
#7519 = PLANE('',#7520);
#7520 = AXIS2_PLACEMENT_3D('',#7521,#7522,#7523);
#7521 = CARTESIAN_POINT('',(59.5,-53.875,-4.5));
#7522 = DIRECTION('',(-0.866025403784,0.5,-1.060575238725E-16));
#7523 = DIRECTION('',(0.5,0.866025403784,6.123233995737E-17));
#7524 = ADVANCED_FACE('',(#7525),#7536,.F.);
#7525 = FACE_BOUND('',#7526,.T.);
#7526 = EDGE_LOOP('',(#7527,#7528,#7529,#7535));
#7527 = ORIENTED_EDGE('',*,*,#4266,.F.);
#7528 = ORIENTED_EDGE('',*,*,#5546,.F.);
#7529 = ORIENTED_EDGE('',*,*,#7530,.T.);
#7530 = EDGE_CURVE('',#5538,#7472,#7531,.T.);
#7531 = LINE('',#7532,#7533);
#7532 = CARTESIAN_POINT('',(59.5,-53.875,-4.25));
#7533 = VECTOR('',#7534,1.);
#7534 = DIRECTION('',(-0.5,-0.866025403784,-6.123233995737E-17));
#7535 = ORIENTED_EDGE('',*,*,#7471,.F.);
#7536 = PLANE('',#7537);
#7537 = AXIS2_PLACEMENT_3D('',#7538,#7539,#7540);
#7538 = CARTESIAN_POINT('',(59.5,-53.875,-4.5));
#7539 = DIRECTION('',(-0.866025403784,0.5,-1.060575238725E-16));
#7540 = DIRECTION('',(0.5,0.866025403784,6.123233995737E-17));
#7541 = ADVANCED_FACE('',(#7542),#7560,.F.);
#7542 = FACE_BOUND('',#7543,.F.);
#7543 = EDGE_LOOP('',(#7544,#7545,#7553,#7559));
#7544 = ORIENTED_EDGE('',*,*,#4289,.F.);
#7545 = ORIENTED_EDGE('',*,*,#7546,.T.);
#7546 = EDGE_CURVE('',#1870,#7547,#7549,.T.);
#7547 = VERTEX_POINT('',#7548);
#7548 = CARTESIAN_POINT('',(-2.70632938683,-54.5625,-4.25));
#7549 = LINE('',#7550,#7551);
#7550 = CARTESIAN_POINT('',(-2.70632938683,-54.5625,-4.5));
#7551 = VECTOR('',#7552,1.);
#7552 = DIRECTION('',(-1.224646799147E-16,-0.,1.));
#7553 = ORIENTED_EDGE('',*,*,#7554,.T.);
#7554 = EDGE_CURVE('',#7547,#5151,#7555,.T.);
#7555 = LINE('',#7556,#7557);
#7556 = CARTESIAN_POINT('',(-2.70632938683,-54.5625,-4.25));
#7557 = VECTOR('',#7558,1.);
#7558 = DIRECTION('',(0.5,0.866025403784,6.123233995737E-17));
#7559 = ORIENTED_EDGE('',*,*,#5150,.T.);
#7560 = PLANE('',#7561);
#7561 = AXIS2_PLACEMENT_3D('',#7562,#7563,#7564);
#7562 = CARTESIAN_POINT('',(-2.70632938683,-54.5625,-4.5));
#7563 = DIRECTION('',(-0.866025403784,0.5,-1.060575238725E-16));
#7564 = DIRECTION('',(0.5,0.866025403784,6.123233995737E-17));
#7565 = ADVANCED_FACE('',(#7566),#7584,.F.);
#7566 = FACE_BOUND('',#7567,.F.);
#7567 = EDGE_LOOP('',(#7568,#7569,#7570,#7578));
#7568 = ORIENTED_EDGE('',*,*,#4299,.F.);
#7569 = ORIENTED_EDGE('',*,*,#5143,.F.);
#7570 = ORIENTED_EDGE('',*,*,#7571,.T.);
#7571 = EDGE_CURVE('',#5133,#7572,#7574,.T.);
#7572 = VERTEX_POINT('',#7573);
#7573 = CARTESIAN_POINT('',(5.204748896376E-16,-49.875,-4.25));
#7574 = LINE('',#7575,#7576);
#7575 = CARTESIAN_POINT('',(-2.70632938683,-54.5625,-4.25));
#7576 = VECTOR('',#7577,1.);
#7577 = DIRECTION('',(0.5,0.866025403784,6.123233995737E-17));
#7578 = ORIENTED_EDGE('',*,*,#7579,.F.);
#7579 = EDGE_CURVE('',#1834,#7572,#7580,.T.);
#7580 = LINE('',#7581,#7582);
#7581 = CARTESIAN_POINT('',(-6.802389089404E-13,-49.875,-4.5));
#7582 = VECTOR('',#7583,1.);
#7583 = DIRECTION('',(-1.224646799147E-16,-0.,1.));
#7584 = PLANE('',#7585);
#7585 = AXIS2_PLACEMENT_3D('',#7586,#7587,#7588);
#7586 = CARTESIAN_POINT('',(-2.70632938683,-54.5625,-4.5));
#7587 = DIRECTION('',(-0.866025403784,0.5,-1.060575238725E-16));
#7588 = DIRECTION('',(0.5,0.866025403784,6.123233995737E-17));
#7589 = ADVANCED_FACE('',(#7590),#7608,.F.);
#7590 = FACE_BOUND('',#7591,.T.);
#7591 = EDGE_LOOP('',(#7592,#7593,#7601,#7607));
#7592 = ORIENTED_EDGE('',*,*,#4322,.F.);
#7593 = ORIENTED_EDGE('',*,*,#7594,.T.);
#7594 = EDGE_CURVE('',#1852,#7595,#7597,.T.);
#7595 = VERTEX_POINT('',#7596);
#7596 = CARTESIAN_POINT('',(2.70632938683,-54.5625,-4.25));
#7597 = LINE('',#7598,#7599);
#7598 = CARTESIAN_POINT('',(2.70632938683,-54.5625,-4.5));
#7599 = VECTOR('',#7600,1.);
#7600 = DIRECTION('',(-1.224646799147E-16,0.,1.));
#7601 = ORIENTED_EDGE('',*,*,#7602,.T.);
#7602 = EDGE_CURVE('',#7595,#5184,#7603,.T.);
#7603 = LINE('',#7604,#7605);
#7604 = CARTESIAN_POINT('',(2.70632938683,-54.5625,-4.25));
#7605 = VECTOR('',#7606,1.);
#7606 = DIRECTION('',(-0.5,0.866025403784,-6.123233995737E-17));
#7607 = ORIENTED_EDGE('',*,*,#5192,.T.);
#7608 = PLANE('',#7609);
#7609 = AXIS2_PLACEMENT_3D('',#7610,#7611,#7612);
#7610 = CARTESIAN_POINT('',(2.70632938683,-54.5625,-4.5));
#7611 = DIRECTION('',(0.866025403784,0.5,1.060575238725E-16));
#7612 = DIRECTION('',(0.5,-0.866025403784,6.123233995737E-17));
#7613 = ADVANCED_FACE('',(#7614),#7625,.F.);
#7614 = FACE_BOUND('',#7615,.T.);
#7615 = EDGE_LOOP('',(#7616,#7617,#7618,#7624));
#7616 = ORIENTED_EDGE('',*,*,#4332,.F.);
#7617 = ORIENTED_EDGE('',*,*,#5199,.F.);
#7618 = ORIENTED_EDGE('',*,*,#7619,.T.);
#7619 = EDGE_CURVE('',#5200,#7572,#7620,.T.);
#7620 = LINE('',#7621,#7622);
#7621 = CARTESIAN_POINT('',(2.70632938683,-54.5625,-4.25));
#7622 = VECTOR('',#7623,1.);
#7623 = DIRECTION('',(-0.5,0.866025403784,-6.123233995737E-17));
#7624 = ORIENTED_EDGE('',*,*,#7579,.F.);
#7625 = PLANE('',#7626);
#7626 = AXIS2_PLACEMENT_3D('',#7627,#7628,#7629);
#7627 = CARTESIAN_POINT('',(2.70632938683,-54.5625,-4.5));
#7628 = DIRECTION('',(0.866025403784,0.5,1.060575238725E-16));
#7629 = DIRECTION('',(0.5,-0.866025403784,6.123233995737E-17));
#7630 = ADVANCED_FACE('',(#7631),#7642,.F.);
#7631 = FACE_BOUND('',#7632,.T.);
#7632 = EDGE_LOOP('',(#7633,#7634,#7635,#7641));
#7633 = ORIENTED_EDGE('',*,*,#4375,.F.);
#7634 = ORIENTED_EDGE('',*,*,#5175,.F.);
#7635 = ORIENTED_EDGE('',*,*,#7636,.T.);
#7636 = EDGE_CURVE('',#5176,#7595,#7637,.T.);
#7637 = LINE('',#7638,#7639);
#7638 = CARTESIAN_POINT('',(-2.706329386828,-54.5625,-4.25));
#7639 = VECTOR('',#7640,1.);
#7640 = DIRECTION('',(1.,-0.,1.224646799147E-16));
#7641 = ORIENTED_EDGE('',*,*,#7594,.F.);
#7642 = PLANE('',#7643);
#7643 = AXIS2_PLACEMENT_3D('',#7644,#7645,#7646);
#7644 = CARTESIAN_POINT('',(-2.706329386828,-54.5625,-4.5));
#7645 = DIRECTION('',(0.,-1.,0.));
#7646 = DIRECTION('',(-1.,0.,-1.224646799147E-16));
#7647 = ADVANCED_FACE('',(#7648),#7659,.F.);
#7648 = FACE_BOUND('',#7649,.F.);
#7649 = EDGE_LOOP('',(#7650,#7651,#7652,#7658));
#7650 = ORIENTED_EDGE('',*,*,#4383,.F.);
#7651 = ORIENTED_EDGE('',*,*,#5167,.F.);
#7652 = ORIENTED_EDGE('',*,*,#7653,.T.);
#7653 = EDGE_CURVE('',#5159,#7547,#7654,.T.);
#7654 = LINE('',#7655,#7656);
#7655 = CARTESIAN_POINT('',(2.706329386828,-54.5625,-4.25));
#7656 = VECTOR('',#7657,1.);
#7657 = DIRECTION('',(-1.,0.,-1.224646799147E-16));
#7658 = ORIENTED_EDGE('',*,*,#7546,.F.);
#7659 = PLANE('',#7660);
#7660 = AXIS2_PLACEMENT_3D('',#7661,#7662,#7663);
#7661 = CARTESIAN_POINT('',(2.706329386828,-54.5625,-4.5));
#7662 = DIRECTION('',(0.,-1.,-0.));
#7663 = DIRECTION('',(-1.,0.,-1.224646799147E-16));
#7664 = ADVANCED_FACE('',(#7665),#7671,.T.);
#7665 = FACE_BOUND('',#7666,.T.);
#7666 = EDGE_LOOP('',(#7667,#7668,#7669,#7670));
#7667 = ORIENTED_EDGE('',*,*,#4424,.T.);
#7668 = ORIENTED_EDGE('',*,*,#4448,.F.);
#7669 = ORIENTED_EDGE('',*,*,#4465,.F.);
#7670 = ORIENTED_EDGE('',*,*,#4586,.T.);
#7671 = PLANE('',#7672);
#7672 = AXIS2_PLACEMENT_3D('',#7673,#7674,#7675);
#7673 = CARTESIAN_POINT('',(-29.74999999998,-55.,-4.25));
#7674 = DIRECTION('',(1.224646799147E-16,0.,-1.));
#7675 = DIRECTION('',(-1.,0.,-1.224646799147E-16));
#7676 = ADVANCED_FACE('',(#7677),#7682,.T.);
#7677 = FACE_BOUND('',#7678,.T.);
#7678 = EDGE_LOOP('',(#7679,#7680,#7681));
#7679 = ORIENTED_EDGE('',*,*,#4538,.T.);
#7680 = ORIENTED_EDGE('',*,*,#4603,.T.);
#7681 = ORIENTED_EDGE('',*,*,#4513,.F.);
#7682 = PLANE('',#7683);
#7683 = AXIS2_PLACEMENT_3D('',#7684,#7685,#7686);
#7684 = CARTESIAN_POINT('',(-29.74999999998,-55.,-4.25));
#7685 = DIRECTION('',(1.224646799147E-16,0.,-1.));
#7686 = DIRECTION('',(-1.,0.,-1.224646799147E-16));
#7687 = ADVANCED_FACE('',(#7688),#7693,.T.);
#7688 = FACE_BOUND('',#7689,.T.);
#7689 = EDGE_LOOP('',(#7690,#7691,#7692));
#7690 = ORIENTED_EDGE('',*,*,#4489,.F.);
#7691 = ORIENTED_EDGE('',*,*,#4620,.T.);
#7692 = ORIENTED_EDGE('',*,*,#4569,.T.);
#7693 = PLANE('',#7694);
#7694 = AXIS2_PLACEMENT_3D('',#7695,#7696,#7697);
#7695 = CARTESIAN_POINT('',(-29.74999999998,-55.,-4.25));
#7696 = DIRECTION('',(1.224646799147E-16,0.,-1.));
#7697 = DIRECTION('',(-1.,0.,-1.224646799147E-16));
#7698 = ADVANCED_FACE('',(#7699),#7705,.F.);
#7699 = FACE_BOUND('',#7700,.T.);
#7700 = EDGE_LOOP('',(#7701,#7702,#7703,#7704));
#7701 = ORIENTED_EDGE('',*,*,#4841,.T.);
#7702 = ORIENTED_EDGE('',*,*,#4824,.T.);
#7703 = ORIENTED_EDGE('',*,*,#4800,.T.);
#7704 = ORIENTED_EDGE('',*,*,#4769,.T.);
#7705 = PLANE('',#7706);
#7706 = AXIS2_PLACEMENT_3D('',#7707,#7708,#7709);
#7707 = CARTESIAN_POINT('',(-35.,-53.99559710494,-14.));
#7708 = DIRECTION('',(1.224646799147E-16,0.,-1.));
#7709 = DIRECTION('',(-1.,0.,-1.224646799147E-16));
#7710 = ADVANCED_FACE('',(#7711),#7717,.F.);
#7711 = FACE_BOUND('',#7712,.T.);
#7712 = EDGE_LOOP('',(#7713,#7714,#7715,#7716));
#7713 = ORIENTED_EDGE('',*,*,#4937,.T.);
#7714 = ORIENTED_EDGE('',*,*,#4920,.T.);
#7715 = ORIENTED_EDGE('',*,*,#4896,.T.);
#7716 = ORIENTED_EDGE('',*,*,#4865,.T.);
#7717 = PLANE('',#7718);
#7718 = AXIS2_PLACEMENT_3D('',#7719,#7720,#7721);
#7719 = CARTESIAN_POINT('',(-35.,-53.99559710494,-14.));
#7720 = DIRECTION('',(1.224646799147E-16,0.,-1.));
#7721 = DIRECTION('',(-1.,0.,-1.224646799147E-16));
#7722 = ADVANCED_FACE('',(#7723),#7729,.T.);
#7723 = FACE_BOUND('',#7724,.T.);
#7724 = EDGE_LOOP('',(#7725,#7726,#7727,#7728));
#7725 = ORIENTED_EDGE('',*,*,#7571,.T.);
#7726 = ORIENTED_EDGE('',*,*,#7619,.F.);
#7727 = ORIENTED_EDGE('',*,*,#5207,.T.);
#7728 = ORIENTED_EDGE('',*,*,#5132,.F.);
#7729 = PLANE('',#7730);
#7730 = AXIS2_PLACEMENT_3D('',#7731,#7732,#7733);
#7731 = CARTESIAN_POINT('',(5.204748896376E-16,-50.92895400607,-4.25));
#7732 = DIRECTION('',(1.224646799147E-16,4.7E-16,-1.));
#7733 = DIRECTION('',(-5.755839955993E-32,1.,4.7E-16));
#7734 = ADVANCED_FACE('',(#7735),#7740,.T.);
#7735 = FACE_BOUND('',#7736,.T.);
#7736 = EDGE_LOOP('',(#7737,#7738,#7739));
#7737 = ORIENTED_EDGE('',*,*,#5158,.F.);
#7738 = ORIENTED_EDGE('',*,*,#7653,.T.);
#7739 = ORIENTED_EDGE('',*,*,#7554,.T.);
#7740 = PLANE('',#7741);
#7741 = AXIS2_PLACEMENT_3D('',#7742,#7743,#7744);
#7742 = CARTESIAN_POINT('',(-29.74999999998,-55.,-4.25));
#7743 = DIRECTION('',(1.224646799147E-16,0.,-1.));
#7744 = DIRECTION('',(-1.,0.,-1.224646799147E-16));
#7745 = ADVANCED_FACE('',(#7746),#7751,.T.);
#7746 = FACE_BOUND('',#7747,.F.);
#7747 = EDGE_LOOP('',(#7748,#7749,#7750));
#7748 = ORIENTED_EDGE('',*,*,#5183,.F.);
#7749 = ORIENTED_EDGE('',*,*,#7636,.T.);
#7750 = ORIENTED_EDGE('',*,*,#7602,.T.);
#7751 = PLANE('',#7752);
#7752 = AXIS2_PLACEMENT_3D('',#7753,#7754,#7755);
#7753 = CARTESIAN_POINT('',(29.749999999987,-55.,-4.25));
#7754 = DIRECTION('',(1.224646799147E-16,0.,-1.));
#7755 = DIRECTION('',(-1.,0.,-1.224646799147E-16));
#7756 = ADVANCED_FACE('',(#7757),#7763,.F.);
#7757 = FACE_BOUND('',#7758,.F.);
#7758 = EDGE_LOOP('',(#7759,#7760,#7761,#7762));
#7759 = ORIENTED_EDGE('',*,*,#5375,.T.);
#7760 = ORIENTED_EDGE('',*,*,#5358,.T.);
#7761 = ORIENTED_EDGE('',*,*,#5334,.T.);
#7762 = ORIENTED_EDGE('',*,*,#5303,.T.);
#7763 = PLANE('',#7764);
#7764 = AXIS2_PLACEMENT_3D('',#7765,#7766,#7767);
#7765 = CARTESIAN_POINT('',(35.,-53.99559710494,-14.));
#7766 = DIRECTION('',(1.224646799147E-16,0.,-1.));
#7767 = DIRECTION('',(-1.,0.,-1.224646799147E-16));
#7768 = ADVANCED_FACE('',(#7769),#7775,.F.);
#7769 = FACE_BOUND('',#7770,.F.);
#7770 = EDGE_LOOP('',(#7771,#7772,#7773,#7774));
#7771 = ORIENTED_EDGE('',*,*,#5471,.T.);
#7772 = ORIENTED_EDGE('',*,*,#5454,.T.);
#7773 = ORIENTED_EDGE('',*,*,#5430,.T.);
#7774 = ORIENTED_EDGE('',*,*,#5399,.T.);
#7775 = PLANE('',#7776);
#7776 = AXIS2_PLACEMENT_3D('',#7777,#7778,#7779);
#7777 = CARTESIAN_POINT('',(35.,-53.99559710494,-14.));
#7778 = DIRECTION('',(1.224646799147E-16,0.,-1.));
#7779 = DIRECTION('',(-1.,0.,-1.224646799147E-16));
#7780 = ADVANCED_FACE('',(#7781),#7786,.T.);
#7781 = FACE_BOUND('',#7782,.F.);
#7782 = EDGE_LOOP('',(#7783,#7784,#7785));
#7783 = ORIENTED_EDGE('',*,*,#7448,.T.);
#7784 = ORIENTED_EDGE('',*,*,#7513,.T.);
#7785 = ORIENTED_EDGE('',*,*,#5561,.F.);
#7786 = PLANE('',#7787);
#7787 = AXIS2_PLACEMENT_3D('',#7788,#7789,#7790);
#7788 = CARTESIAN_POINT('',(29.749999999987,-55.,-4.25));
#7789 = DIRECTION('',(1.224646799147E-16,0.,-1.));
#7790 = DIRECTION('',(-1.,0.,-1.224646799147E-16));
#7791 = ADVANCED_FACE('',(#7792),#7797,.T.);
#7792 = FACE_BOUND('',#7793,.F.);
#7793 = EDGE_LOOP('',(#7794,#7795,#7796));
#7794 = ORIENTED_EDGE('',*,*,#5537,.F.);
#7795 = ORIENTED_EDGE('',*,*,#7530,.T.);
#7796 = ORIENTED_EDGE('',*,*,#7479,.T.);
#7797 = PLANE('',#7798);
#7798 = AXIS2_PLACEMENT_3D('',#7799,#7800,#7801);
#7799 = CARTESIAN_POINT('',(29.749999999987,-55.,-4.25));
#7800 = DIRECTION('',(1.224646799147E-16,0.,-1.));
#7801 = DIRECTION('',(-1.,0.,-1.224646799147E-16));
#7802 = ADVANCED_FACE('',(#7803),#7809,.T.);
#7803 = FACE_BOUND('',#7804,.F.);
#7804 = EDGE_LOOP('',(#7805,#7806,#7807,#7808));
#7805 = ORIENTED_EDGE('',*,*,#7431,.T.);
#7806 = ORIENTED_EDGE('',*,*,#5496,.F.);
#7807 = ORIENTED_EDGE('',*,*,#5513,.F.);
#7808 = ORIENTED_EDGE('',*,*,#7496,.T.);
#7809 = PLANE('',#7810);
#7810 = AXIS2_PLACEMENT_3D('',#7811,#7812,#7813);
#7811 = CARTESIAN_POINT('',(29.749999999987,-55.,-4.25));
#7812 = DIRECTION('',(1.224646799147E-16,0.,-1.));
#7813 = DIRECTION('',(-1.,0.,-1.224646799147E-16));
#7814 = ADVANCED_FACE('',(#7815),#7826,.T.);
#7815 = FACE_BOUND('',#7816,.T.);
#7816 = EDGE_LOOP('',(#7817,#7818,#7819,#7820));
#7817 = ORIENTED_EDGE('',*,*,#5594,.F.);
#7818 = ORIENTED_EDGE('',*,*,#7170,.T.);
#7819 = ORIENTED_EDGE('',*,*,#7229,.T.);
#7820 = ORIENTED_EDGE('',*,*,#7821,.F.);
#7821 = EDGE_CURVE('',#5595,#7230,#7822,.T.);
#7822 = LINE('',#7823,#7824);
#7823 = CARTESIAN_POINT('',(-55.,-139.,5.));
#7824 = VECTOR('',#7825,1.);
#7825 = DIRECTION('',(-2.694222958124E-32,1.,2.2E-16));
#7826 = CYLINDRICAL_SURFACE('',#7827,7.5);
#7827 = AXIS2_PLACEMENT_3D('',#7828,#7829,#7830);
#7828 = CARTESIAN_POINT('',(-47.5,-139.,5.));
#7829 = DIRECTION('',(2.694222958124E-32,-1.,-2.2E-16));
#7830 = DIRECTION('',(-1.,0.,-1.224646799147E-16));
#7831 = ADVANCED_FACE('',(#7832),#7840,.T.);
#7832 = FACE_BOUND('',#7833,.T.);
#7833 = EDGE_LOOP('',(#7834,#7835,#7836,#7837,#7838,#7839));
#7834 = ORIENTED_EDGE('',*,*,#5603,.F.);
#7835 = ORIENTED_EDGE('',*,*,#7821,.T.);
#7836 = ORIENTED_EDGE('',*,*,#7238,.T.);
#7837 = ORIENTED_EDGE('',*,*,#7270,.T.);
#7838 = ORIENTED_EDGE('',*,*,#5817,.F.);
#7839 = ORIENTED_EDGE('',*,*,#5699,.F.);
#7840 = PLANE('',#7841);
#7841 = AXIS2_PLACEMENT_3D('',#7842,#7843,#7844);
#7842 = CARTESIAN_POINT('',(-55.,-137.1918495297,-1.641849529781));
#7843 = DIRECTION('',(-1.,0.,-1.224646799147E-16));
#7844 = DIRECTION('',(1.224646799147E-16,0.,-1.));
#7845 = ADVANCED_FACE('',(#7846),#7859,.T.);
#7846 = FACE_BOUND('',#7847,.F.);
#7847 = EDGE_LOOP('',(#7848,#7849,#7855,#7856,#7857,#7858));
#7848 = ORIENTED_EDGE('',*,*,#5628,.F.);
#7849 = ORIENTED_EDGE('',*,*,#7850,.T.);
#7850 = EDGE_CURVE('',#5629,#7327,#7851,.T.);
#7851 = LINE('',#7852,#7853);
#7852 = CARTESIAN_POINT('',(55.,-139.,5.));
#7853 = VECTOR('',#7854,1.);
#7854 = DIRECTION('',(-2.694222958124E-32,1.,2.2E-16));
#7855 = ORIENTED_EDGE('',*,*,#7335,.T.);
#7856 = ORIENTED_EDGE('',*,*,#7367,.T.);
#7857 = ORIENTED_EDGE('',*,*,#5725,.F.);
#7858 = ORIENTED_EDGE('',*,*,#5674,.F.);
#7859 = PLANE('',#7860);
#7860 = AXIS2_PLACEMENT_3D('',#7861,#7862,#7863);
#7861 = CARTESIAN_POINT('',(55.,-137.1918495297,-1.641849529781));
#7862 = DIRECTION('',(1.,-0.,1.224646799147E-16));
#7863 = DIRECTION('',(-1.224646799147E-16,0.,1.));
#7864 = ADVANCED_FACE('',(#7865),#7871,.T.);
#7865 = FACE_BOUND('',#7866,.F.);
#7866 = EDGE_LOOP('',(#7867,#7868,#7869,#7870));
#7867 = ORIENTED_EDGE('',*,*,#5636,.F.);
#7868 = ORIENTED_EDGE('',*,*,#7177,.T.);
#7869 = ORIENTED_EDGE('',*,*,#7326,.T.);
#7870 = ORIENTED_EDGE('',*,*,#7850,.F.);
#7871 = CYLINDRICAL_SURFACE('',#7872,7.5);
#7872 = AXIS2_PLACEMENT_3D('',#7873,#7874,#7875);
#7873 = CARTESIAN_POINT('',(47.5,-139.,5.));
#7874 = DIRECTION('',(2.694222958124E-32,-1.,-2.2E-16));
#7875 = DIRECTION('',(1.,0.,1.224646799147E-16));
#7876 = ADVANCED_FACE('',(#7877),#7896,.F.);
#7877 = FACE_BOUND('',#7878,.T.);
#7878 = EDGE_LOOP('',(#7879,#7888,#7894,#7895));
#7879 = ORIENTED_EDGE('',*,*,#7880,.F.);
#7880 = EDGE_CURVE('',#7881,#7881,#7883,.T.);
#7881 = VERTEX_POINT('',#7882);
#7882 = CARTESIAN_POINT('',(43.25,-137.6,4.296597406312E-15));
#7883 = CIRCLE('',#7884,1.75);
#7884 = AXIS2_PLACEMENT_3D('',#7885,#7886,#7887);
#7885 = CARTESIAN_POINT('',(45.,-137.6,4.840910596163E-15));
#7886 = DIRECTION('',(2.694222958124E-32,-1.,-2.2E-16));
#7887 = DIRECTION('',(-1.,0.,-1.224646799147E-16));
#7888 = ORIENTED_EDGE('',*,*,#7889,.T.);
#7889 = EDGE_CURVE('',#7881,#5646,#7890,.T.);
#7890 = LINE('',#7891,#7892);
#7891 = CARTESIAN_POINT('',(43.25,-134.6,5.296597406312E-15));
#7892 = VECTOR('',#7893,1.);
#7893 = DIRECTION('',(2.694222958124E-32,-1.,-2.2E-16));
#7894 = ORIENTED_EDGE('',*,*,#5645,.T.);
#7895 = ORIENTED_EDGE('',*,*,#7889,.F.);
#7896 = CYLINDRICAL_SURFACE('',#7897,1.75);
#7897 = AXIS2_PLACEMENT_3D('',#7898,#7899,#7900);
#7898 = CARTESIAN_POINT('',(45.,-134.6,5.510910596163E-15));
#7899 = DIRECTION('',(-2.694222958124E-32,1.,2.2E-16));
#7900 = DIRECTION('',(-1.,0.,-1.224646799147E-16));
#7901 = ADVANCED_FACE('',(#7902),#7921,.F.);
#7902 = FACE_BOUND('',#7903,.F.);
#7903 = EDGE_LOOP('',(#7904,#7913,#7919,#7920));
#7904 = ORIENTED_EDGE('',*,*,#7905,.F.);
#7905 = EDGE_CURVE('',#7906,#7906,#7908,.T.);
#7906 = VERTEX_POINT('',#7907);
#7907 = CARTESIAN_POINT('',(-43.25,-137.6,-6.296597406312E-15));
#7908 = CIRCLE('',#7909,1.75);
#7909 = AXIS2_PLACEMENT_3D('',#7910,#7911,#7912);
#7910 = CARTESIAN_POINT('',(-45.,-137.6,-6.180910596163E-15));
#7911 = DIRECTION('',(-2.694222958124E-32,1.,2.2E-16));
#7912 = DIRECTION('',(1.,0.,1.224646799147E-16));
#7913 = ORIENTED_EDGE('',*,*,#7914,.T.);
#7914 = EDGE_CURVE('',#7906,#5657,#7915,.T.);
#7915 = LINE('',#7916,#7917);
#7916 = CARTESIAN_POINT('',(-43.25,-134.6,-5.296597406312E-15));
#7917 = VECTOR('',#7918,1.);
#7918 = DIRECTION('',(2.694222958124E-32,-1.,-2.2E-16));
#7919 = ORIENTED_EDGE('',*,*,#5656,.T.);
#7920 = ORIENTED_EDGE('',*,*,#7914,.F.);
#7921 = CYLINDRICAL_SURFACE('',#7922,1.75);
#7922 = AXIS2_PLACEMENT_3D('',#7923,#7924,#7925);
#7923 = CARTESIAN_POINT('',(-45.,-134.6,-5.510910596163E-15));
#7924 = DIRECTION('',(-2.694222958124E-32,1.,2.2E-16));
#7925 = DIRECTION('',(1.,0.,1.224646799147E-16));
#7926 = ADVANCED_FACE('',(#7927),#7952,.F.);
#7927 = FACE_BOUND('',#7928,.T.);
#7928 = EDGE_LOOP('',(#7929,#7937,#7945,#7951));
#7929 = ORIENTED_EDGE('',*,*,#7930,.T.);
#7930 = EDGE_CURVE('',#5760,#7931,#7933,.T.);
#7931 = VERTEX_POINT('',#7932);
#7932 = CARTESIAN_POINT('',(42.249999999999,-137.6,1.587713240273));
#7933 = LINE('',#7934,#7935);
#7934 = CARTESIAN_POINT('',(42.249999999999,-134.6,1.587713240273));
#7935 = VECTOR('',#7936,1.);
#7936 = DIRECTION('',(2.694222958124E-32,-1.,-2.2E-16));
#7937 = ORIENTED_EDGE('',*,*,#7938,.T.);
#7938 = EDGE_CURVE('',#7931,#7939,#7941,.T.);
#7939 = VERTEX_POINT('',#7940);
#7940 = CARTESIAN_POINT('',(42.249999999999,-137.6,-1.587713240269));
#7941 = LINE('',#7942,#7943);
#7942 = CARTESIAN_POINT('',(42.249999999999,-137.6,1.587713240273));
#7943 = VECTOR('',#7944,1.);
#7944 = DIRECTION('',(-4.015753532009E-14,0.,-1.));
#7945 = ORIENTED_EDGE('',*,*,#7946,.F.);
#7946 = EDGE_CURVE('',#5762,#7939,#7947,.T.);
#7947 = LINE('',#7948,#7949);
#7948 = CARTESIAN_POINT('',(42.249999999999,-134.6,-1.587713240269));
#7949 = VECTOR('',#7950,1.);
#7950 = DIRECTION('',(2.694222958124E-32,-1.,-2.2E-16));
#7951 = ORIENTED_EDGE('',*,*,#5759,.F.);
#7952 = PLANE('',#7953);
#7953 = AXIS2_PLACEMENT_3D('',#7954,#7955,#7956);
#7954 = CARTESIAN_POINT('',(42.249999999999,-134.6,1.587713240273));
#7955 = DIRECTION('',(-1.,0.,4.015753532009E-14));
#7956 = DIRECTION('',(4.015753532009E-14,-2.2E-16,1.));
#7957 = ADVANCED_FACE('',(#7958),#7976,.F.);
#7958 = FACE_BOUND('',#7959,.T.);
#7959 = EDGE_LOOP('',(#7960,#7968,#7974,#7975));
#7960 = ORIENTED_EDGE('',*,*,#7961,.T.);
#7961 = EDGE_CURVE('',#5770,#7962,#7964,.T.);
#7962 = VERTEX_POINT('',#7963);
#7963 = CARTESIAN_POINT('',(45.000000000001,-137.6,3.175426480542));
#7964 = LINE('',#7965,#7966);
#7965 = CARTESIAN_POINT('',(45.000000000001,-134.6,3.175426480542));
#7966 = VECTOR('',#7967,1.);
#7967 = DIRECTION('',(2.694222958124E-32,-1.,-2.2E-16));
#7968 = ORIENTED_EDGE('',*,*,#7969,.T.);
#7969 = EDGE_CURVE('',#7962,#7931,#7970,.T.);
#7970 = LINE('',#7971,#7972);
#7971 = CARTESIAN_POINT('',(45.000000000001,-137.6,3.175426480542));
#7972 = VECTOR('',#7973,1.);
#7973 = DIRECTION('',(-0.866025403785,0.,-0.499999999999));
#7974 = ORIENTED_EDGE('',*,*,#7930,.F.);
#7975 = ORIENTED_EDGE('',*,*,#5769,.F.);
#7976 = PLANE('',#7977);
#7977 = AXIS2_PLACEMENT_3D('',#7978,#7979,#7980);
#7978 = CARTESIAN_POINT('',(45.000000000001,-134.6,3.175426480542));
#7979 = DIRECTION('',(-0.499999999999,-1.9E-16,0.866025403785));
#7980 = DIRECTION('',(0.866025403785,-1.1E-16,0.499999999999));
#7981 = ADVANCED_FACE('',(#7982),#8000,.F.);
#7982 = FACE_BOUND('',#7983,.T.);
#7983 = EDGE_LOOP('',(#7984,#7992,#7998,#7999));
#7984 = ORIENTED_EDGE('',*,*,#7985,.T.);
#7985 = EDGE_CURVE('',#5778,#7986,#7988,.T.);
#7986 = VERTEX_POINT('',#7987);
#7987 = CARTESIAN_POINT('',(47.749999999999,-137.6,1.58771324027));
#7988 = LINE('',#7989,#7990);
#7989 = CARTESIAN_POINT('',(47.749999999999,-134.6,1.58771324027));
#7990 = VECTOR('',#7991,1.);
#7991 = DIRECTION('',(2.694222958124E-32,-1.,-2.2E-16));
#7992 = ORIENTED_EDGE('',*,*,#7993,.T.);
#7993 = EDGE_CURVE('',#7986,#7962,#7994,.T.);
#7994 = LINE('',#7995,#7996);
#7995 = CARTESIAN_POINT('',(47.749999999999,-137.6,1.58771324027));
#7996 = VECTOR('',#7997,1.);
#7997 = DIRECTION('',(-0.866025403784,-0.,0.5));
#7998 = ORIENTED_EDGE('',*,*,#7961,.F.);
#7999 = ORIENTED_EDGE('',*,*,#5777,.F.);
#8000 = PLANE('',#8001);
#8001 = AXIS2_PLACEMENT_3D('',#8002,#8003,#8004);
#8002 = CARTESIAN_POINT('',(47.749999999999,-134.6,1.58771324027));
#8003 = DIRECTION('',(0.5,-1.9E-16,0.866025403784));
#8004 = DIRECTION('',(0.866025403784,1.1E-16,-0.5));
#8005 = ADVANCED_FACE('',(#8006),#8024,.F.);
#8006 = FACE_BOUND('',#8007,.T.);
#8007 = EDGE_LOOP('',(#8008,#8016,#8022,#8023));
#8008 = ORIENTED_EDGE('',*,*,#8009,.T.);
#8009 = EDGE_CURVE('',#5786,#8010,#8012,.T.);
#8010 = VERTEX_POINT('',#8011);
#8011 = CARTESIAN_POINT('',(47.749999999999,-137.6,-1.58771324027));
#8012 = LINE('',#8013,#8014);
#8013 = CARTESIAN_POINT('',(47.749999999999,-134.6,-1.58771324027));
#8014 = VECTOR('',#8015,1.);
#8015 = DIRECTION('',(2.694222958124E-32,-1.,-2.2E-16));
#8016 = ORIENTED_EDGE('',*,*,#8017,.T.);
#8017 = EDGE_CURVE('',#8010,#7986,#8018,.T.);
#8018 = LINE('',#8019,#8020);
#8019 = CARTESIAN_POINT('',(47.749999999999,-137.6,-1.58771324027));
#8020 = VECTOR('',#8021,1.);
#8021 = DIRECTION('',(-1.224646799147E-16,-0.,1.));
#8022 = ORIENTED_EDGE('',*,*,#7985,.F.);
#8023 = ORIENTED_EDGE('',*,*,#5785,.F.);
#8024 = PLANE('',#8025);
#8025 = AXIS2_PLACEMENT_3D('',#8026,#8027,#8028);
#8026 = CARTESIAN_POINT('',(47.749999999999,-134.6,-1.58771324027));
#8027 = DIRECTION('',(1.,-0.,1.224646799147E-16));
#8028 = DIRECTION('',(1.224646799147E-16,2.2E-16,-1.));
#8029 = ADVANCED_FACE('',(#8030),#8048,.F.);
#8030 = FACE_BOUND('',#8031,.T.);
#8031 = EDGE_LOOP('',(#8032,#8040,#8046,#8047));
#8032 = ORIENTED_EDGE('',*,*,#8033,.T.);
#8033 = EDGE_CURVE('',#5794,#8034,#8036,.T.);
#8034 = VERTEX_POINT('',#8035);
#8035 = CARTESIAN_POINT('',(45.000000000001,-137.6,-3.175426480542));
#8036 = LINE('',#8037,#8038);
#8037 = CARTESIAN_POINT('',(45.000000000001,-134.6,-3.175426480542));
#8038 = VECTOR('',#8039,1.);
#8039 = DIRECTION('',(2.694222958124E-32,-1.,-2.2E-16));
#8040 = ORIENTED_EDGE('',*,*,#8041,.T.);
#8041 = EDGE_CURVE('',#8034,#8010,#8042,.T.);
#8042 = LINE('',#8043,#8044);
#8043 = CARTESIAN_POINT('',(45.000000000001,-137.6,-3.175426480542));
#8044 = VECTOR('',#8045,1.);
#8045 = DIRECTION('',(0.866025403784,0.,0.5));
#8046 = ORIENTED_EDGE('',*,*,#8009,.F.);
#8047 = ORIENTED_EDGE('',*,*,#5793,.F.);
#8048 = PLANE('',#8049);
#8049 = AXIS2_PLACEMENT_3D('',#8050,#8051,#8052);
#8050 = CARTESIAN_POINT('',(45.000000000001,-134.6,-3.175426480542));
#8051 = DIRECTION('',(0.5,1.9E-16,-0.866025403784));
#8052 = DIRECTION('',(-0.866025403784,1.1E-16,-0.5));
#8053 = ADVANCED_FACE('',(#8054),#8065,.F.);
#8054 = FACE_BOUND('',#8055,.T.);
#8055 = EDGE_LOOP('',(#8056,#8057,#8063,#8064));
#8056 = ORIENTED_EDGE('',*,*,#7946,.T.);
#8057 = ORIENTED_EDGE('',*,*,#8058,.T.);
#8058 = EDGE_CURVE('',#7939,#8034,#8059,.T.);
#8059 = LINE('',#8060,#8061);
#8060 = CARTESIAN_POINT('',(42.249999999999,-137.6,-1.587713240269));
#8061 = VECTOR('',#8062,1.);
#8062 = DIRECTION('',(0.866025403784,0.,-0.5));
#8063 = ORIENTED_EDGE('',*,*,#8033,.F.);
#8064 = ORIENTED_EDGE('',*,*,#5801,.F.);
#8065 = PLANE('',#8066);
#8066 = AXIS2_PLACEMENT_3D('',#8067,#8068,#8069);
#8067 = CARTESIAN_POINT('',(42.249999999999,-134.6,-1.587713240269));
#8068 = DIRECTION('',(-0.5,1.9E-16,-0.866025403784));
#8069 = DIRECTION('',(-0.866025403784,-1.1E-16,0.5));
#8070 = ADVANCED_FACE('',(#8071),#8096,.F.);
#8071 = FACE_BOUND('',#8072,.F.);
#8072 = EDGE_LOOP('',(#8073,#8081,#8089,#8095));
#8073 = ORIENTED_EDGE('',*,*,#8074,.T.);
#8074 = EDGE_CURVE('',#5852,#8075,#8077,.T.);
#8075 = VERTEX_POINT('',#8076);
#8076 = CARTESIAN_POINT('',(-42.24999999999,-137.6,1.587713240273));
#8077 = LINE('',#8078,#8079);
#8078 = CARTESIAN_POINT('',(-42.24999999999,-134.6,1.587713240273));
#8079 = VECTOR('',#8080,1.);
#8080 = DIRECTION('',(2.694222958124E-32,-1.,-2.2E-16));
#8081 = ORIENTED_EDGE('',*,*,#8082,.T.);
#8082 = EDGE_CURVE('',#8075,#8083,#8085,.T.);
#8083 = VERTEX_POINT('',#8084);
#8084 = CARTESIAN_POINT('',(-42.24999999999,-137.6,-1.587713240269));
#8085 = LINE('',#8086,#8087);
#8086 = CARTESIAN_POINT('',(-42.24999999999,-137.6,1.587713240273));
#8087 = VECTOR('',#8088,1.);
#8088 = DIRECTION('',(4.040246467991E-14,0.,-1.));
#8089 = ORIENTED_EDGE('',*,*,#8090,.F.);
#8090 = EDGE_CURVE('',#5854,#8083,#8091,.T.);
#8091 = LINE('',#8092,#8093);
#8092 = CARTESIAN_POINT('',(-42.24999999999,-134.6,-1.587713240269));
#8093 = VECTOR('',#8094,1.);
#8094 = DIRECTION('',(2.694222958124E-32,-1.,-2.2E-16));
#8095 = ORIENTED_EDGE('',*,*,#5851,.F.);
#8096 = PLANE('',#8097);
#8097 = AXIS2_PLACEMENT_3D('',#8098,#8099,#8100);
#8098 = CARTESIAN_POINT('',(-42.24999999999,-134.6,1.587713240273));
#8099 = DIRECTION('',(1.,-0.,4.040246467991E-14));
#8100 = DIRECTION('',(4.040246467991E-14,2.2E-16,-1.));
#8101 = ADVANCED_FACE('',(#8102),#8120,.F.);
#8102 = FACE_BOUND('',#8103,.F.);
#8103 = EDGE_LOOP('',(#8104,#8112,#8118,#8119));
#8104 = ORIENTED_EDGE('',*,*,#8105,.T.);
#8105 = EDGE_CURVE('',#5862,#8106,#8108,.T.);
#8106 = VERTEX_POINT('',#8107);
#8107 = CARTESIAN_POINT('',(-45.,-137.6,3.175426480542));
#8108 = LINE('',#8109,#8110);
#8109 = CARTESIAN_POINT('',(-45.,-134.6,3.175426480542));
#8110 = VECTOR('',#8111,1.);
#8111 = DIRECTION('',(2.694222958124E-32,-1.,-2.2E-16));
#8112 = ORIENTED_EDGE('',*,*,#8113,.T.);
#8113 = EDGE_CURVE('',#8106,#8075,#8114,.T.);
#8114 = LINE('',#8115,#8116);
#8115 = CARTESIAN_POINT('',(-45.,-137.6,3.175426480542));
#8116 = VECTOR('',#8117,1.);
#8117 = DIRECTION('',(0.866025403785,0.,-0.499999999999));
#8118 = ORIENTED_EDGE('',*,*,#8074,.F.);
#8119 = ORIENTED_EDGE('',*,*,#5861,.F.);
#8120 = PLANE('',#8121);
#8121 = AXIS2_PLACEMENT_3D('',#8122,#8123,#8124);
#8122 = CARTESIAN_POINT('',(-45.,-134.6,3.175426480542));
#8123 = DIRECTION('',(0.499999999999,-1.9E-16,0.866025403785));
#8124 = DIRECTION('',(0.866025403785,1.1E-16,-0.499999999999));
#8125 = ADVANCED_FACE('',(#8126),#8144,.F.);
#8126 = FACE_BOUND('',#8127,.F.);
#8127 = EDGE_LOOP('',(#8128,#8136,#8142,#8143));
#8128 = ORIENTED_EDGE('',*,*,#8129,.T.);
#8129 = EDGE_CURVE('',#5870,#8130,#8132,.T.);
#8130 = VERTEX_POINT('',#8131);
#8131 = CARTESIAN_POINT('',(-47.74999999999,-137.6,1.58771324027));
#8132 = LINE('',#8133,#8134);
#8133 = CARTESIAN_POINT('',(-47.74999999999,-134.6,1.58771324027));
#8134 = VECTOR('',#8135,1.);
#8135 = DIRECTION('',(2.694222958124E-32,-1.,-2.2E-16));
#8136 = ORIENTED_EDGE('',*,*,#8137,.T.);
#8137 = EDGE_CURVE('',#8130,#8106,#8138,.T.);
#8138 = LINE('',#8139,#8140);
#8139 = CARTESIAN_POINT('',(-47.74999999999,-137.6,1.58771324027));
#8140 = VECTOR('',#8141,1.);
#8141 = DIRECTION('',(0.866025403784,0.,0.5));
#8142 = ORIENTED_EDGE('',*,*,#8105,.F.);
#8143 = ORIENTED_EDGE('',*,*,#5869,.F.);
#8144 = PLANE('',#8145);
#8145 = AXIS2_PLACEMENT_3D('',#8146,#8147,#8148);
#8146 = CARTESIAN_POINT('',(-47.74999999999,-134.6,1.58771324027));
#8147 = DIRECTION('',(-0.5,-1.9E-16,0.866025403784));
#8148 = DIRECTION('',(0.866025403784,-1.1E-16,0.5));
#8149 = ADVANCED_FACE('',(#8150),#8168,.F.);
#8150 = FACE_BOUND('',#8151,.F.);
#8151 = EDGE_LOOP('',(#8152,#8160,#8166,#8167));
#8152 = ORIENTED_EDGE('',*,*,#8153,.T.);
#8153 = EDGE_CURVE('',#5878,#8154,#8156,.T.);
#8154 = VERTEX_POINT('',#8155);
#8155 = CARTESIAN_POINT('',(-47.74999999999,-137.6,-1.58771324027));
#8156 = LINE('',#8157,#8158);
#8157 = CARTESIAN_POINT('',(-47.74999999999,-134.6,-1.58771324027));
#8158 = VECTOR('',#8159,1.);
#8159 = DIRECTION('',(2.694222958124E-32,-1.,-2.2E-16));
#8160 = ORIENTED_EDGE('',*,*,#8161,.T.);
#8161 = EDGE_CURVE('',#8154,#8130,#8162,.T.);
#8162 = LINE('',#8163,#8164);
#8163 = CARTESIAN_POINT('',(-47.74999999999,-137.6,-1.58771324027));
#8164 = VECTOR('',#8165,1.);
#8165 = DIRECTION('',(-1.224646799147E-16,0.,1.));
#8166 = ORIENTED_EDGE('',*,*,#8129,.F.);
#8167 = ORIENTED_EDGE('',*,*,#5877,.F.);
#8168 = PLANE('',#8169);
#8169 = AXIS2_PLACEMENT_3D('',#8170,#8171,#8172);
#8170 = CARTESIAN_POINT('',(-47.74999999999,-134.6,-1.58771324027));
#8171 = DIRECTION('',(-1.,0.,-1.224646799147E-16));
#8172 = DIRECTION('',(-1.224646799147E-16,-2.2E-16,1.));
#8173 = ADVANCED_FACE('',(#8174),#8192,.F.);
#8174 = FACE_BOUND('',#8175,.F.);
#8175 = EDGE_LOOP('',(#8176,#8184,#8190,#8191));
#8176 = ORIENTED_EDGE('',*,*,#8177,.T.);
#8177 = EDGE_CURVE('',#5886,#8178,#8180,.T.);
#8178 = VERTEX_POINT('',#8179);
#8179 = CARTESIAN_POINT('',(-45.,-137.6,-3.175426480542));
#8180 = LINE('',#8181,#8182);
#8181 = CARTESIAN_POINT('',(-45.,-134.6,-3.175426480542));
#8182 = VECTOR('',#8183,1.);
#8183 = DIRECTION('',(2.694222958124E-32,-1.,-2.2E-16));
#8184 = ORIENTED_EDGE('',*,*,#8185,.T.);
#8185 = EDGE_CURVE('',#8178,#8154,#8186,.T.);
#8186 = LINE('',#8187,#8188);
#8187 = CARTESIAN_POINT('',(-45.,-137.6,-3.175426480542));
#8188 = VECTOR('',#8189,1.);
#8189 = DIRECTION('',(-0.866025403784,0.,0.5));
#8190 = ORIENTED_EDGE('',*,*,#8153,.F.);
#8191 = ORIENTED_EDGE('',*,*,#5885,.F.);
#8192 = PLANE('',#8193);
#8193 = AXIS2_PLACEMENT_3D('',#8194,#8195,#8196);
#8194 = CARTESIAN_POINT('',(-45.,-134.6,-3.175426480542));
#8195 = DIRECTION('',(-0.5,1.9E-16,-0.866025403784));
#8196 = DIRECTION('',(-0.866025403784,-1.1E-16,0.5));
#8197 = ADVANCED_FACE('',(#8198),#8209,.F.);
#8198 = FACE_BOUND('',#8199,.F.);
#8199 = EDGE_LOOP('',(#8200,#8201,#8207,#8208));
#8200 = ORIENTED_EDGE('',*,*,#8090,.T.);
#8201 = ORIENTED_EDGE('',*,*,#8202,.T.);
#8202 = EDGE_CURVE('',#8083,#8178,#8203,.T.);
#8203 = LINE('',#8204,#8205);
#8204 = CARTESIAN_POINT('',(-42.24999999999,-137.6,-1.587713240269));
#8205 = VECTOR('',#8206,1.);
#8206 = DIRECTION('',(-0.866025403784,0.,-0.5));
#8207 = ORIENTED_EDGE('',*,*,#8177,.F.);
#8208 = ORIENTED_EDGE('',*,*,#5893,.F.);
#8209 = PLANE('',#8210);
#8210 = AXIS2_PLACEMENT_3D('',#8211,#8212,#8213);
#8211 = CARTESIAN_POINT('',(-42.24999999999,-134.6,-1.587713240269));
#8212 = DIRECTION('',(0.5,1.9E-16,-0.866025403784));
#8213 = DIRECTION('',(-0.866025403784,1.1E-16,-0.5));
#8214 = ADVANCED_FACE('',(#8215),#8221,.T.);
#8215 = FACE_BOUND('',#8216,.F.);
#8216 = EDGE_LOOP('',(#8217,#8218,#8219,#8220));
#8217 = ORIENTED_EDGE('',*,*,#6644,.F.);
#8218 = ORIENTED_EDGE('',*,*,#5929,.T.);
#8219 = ORIENTED_EDGE('',*,*,#6002,.T.);
#8220 = ORIENTED_EDGE('',*,*,#7214,.F.);
#8221 = CYLINDRICAL_SURFACE('',#8222,5.);
#8222 = AXIS2_PLACEMENT_3D('',#8223,#8224,#8225);
#8223 = CARTESIAN_POINT('',(-9.184850993605E-16,-126.6602540378,7.5));
#8224 = DIRECTION('',(1.,-0.,1.224646799147E-16));
#8225 = DIRECTION('',(0.,1.,0.));
#8226 = ADVANCED_FACE('',(#8227),#8277,.F.);
#8227 = FACE_BOUND('',#8228,.T.);
#8228 = EDGE_LOOP('',(#8229,#8230,#8238,#8246,#8254,#8262,#8270,#8276));
#8229 = ORIENTED_EDGE('',*,*,#7207,.F.);
#8230 = ORIENTED_EDGE('',*,*,#8231,.T.);
#8231 = EDGE_CURVE('',#7200,#8232,#8234,.T.);
#8232 = VERTEX_POINT('',#8233);
#8233 = CARTESIAN_POINT('',(27.142676912912,-137.2,-13.));
#8234 = LINE('',#8235,#8236);
#8235 = CARTESIAN_POINT('',(27.142676912912,-137.2,12.5));
#8236 = VECTOR('',#8237,1.);
#8237 = DIRECTION('',(1.224646799147E-16,0.,-1.));
#8238 = ORIENTED_EDGE('',*,*,#8239,.T.);
#8239 = EDGE_CURVE('',#8232,#8240,#8242,.T.);
#8240 = VERTEX_POINT('',#8241);
#8241 = CARTESIAN_POINT('',(18.15,-137.2,-13.));
#8242 = LINE('',#8243,#8244);
#8243 = CARTESIAN_POINT('',(27.142676912912,-137.2,-13.));
#8244 = VECTOR('',#8245,1.);
#8245 = DIRECTION('',(-1.,0.,-1.224646799147E-16));
#8246 = ORIENTED_EDGE('',*,*,#8247,.F.);
#8247 = EDGE_CURVE('',#8248,#8240,#8250,.T.);
#8248 = VERTEX_POINT('',#8249);
#8249 = CARTESIAN_POINT('',(18.15,-137.2,-10.5));
#8250 = LINE('',#8251,#8252);
#8251 = CARTESIAN_POINT('',(18.15,-137.2,-13.));
#8252 = VECTOR('',#8253,1.);
#8253 = DIRECTION('',(1.224646799147E-16,0.,-1.));
#8254 = ORIENTED_EDGE('',*,*,#8255,.T.);
#8255 = EDGE_CURVE('',#8248,#8256,#8258,.T.);
#8256 = VERTEX_POINT('',#8257);
#8257 = CARTESIAN_POINT('',(11.85,-137.2,-10.5));
#8258 = LINE('',#8259,#8260);
#8259 = CARTESIAN_POINT('',(13.571338456456,-137.2,-10.5));
#8260 = VECTOR('',#8261,1.);
#8261 = DIRECTION('',(-1.,0.,-1.224646799147E-16));
#8262 = ORIENTED_EDGE('',*,*,#8263,.T.);
#8263 = EDGE_CURVE('',#8256,#8264,#8266,.T.);
#8264 = VERTEX_POINT('',#8265);
#8265 = CARTESIAN_POINT('',(11.85,-137.2,-13.));
#8266 = LINE('',#8267,#8268);
#8267 = CARTESIAN_POINT('',(11.85,-137.2,-13.));
#8268 = VECTOR('',#8269,1.);
#8269 = DIRECTION('',(1.224646799147E-16,0.,-1.));
#8270 = ORIENTED_EDGE('',*,*,#8271,.F.);
#8271 = EDGE_CURVE('',#5979,#8264,#8272,.T.);
#8272 = LINE('',#8273,#8274);
#8273 = CARTESIAN_POINT('',(13.571338456456,-137.2,-13.));
#8274 = VECTOR('',#8275,1.);
#8275 = DIRECTION('',(1.,0.,1.224646799147E-16));
#8276 = ORIENTED_EDGE('',*,*,#5986,.F.);
#8277 = PLANE('',#8278);
#8278 = AXIS2_PLACEMENT_3D('',#8279,#8280,#8281);
#8279 = CARTESIAN_POINT('',(27.142676912912,-137.2,12.5));
#8280 = DIRECTION('',(0.,-1.,0.));
#8281 = DIRECTION('',(1.,0.,1.224646799147E-16));
#8282 = ADVANCED_FACE('',(#8283),#8310,.T.);
#8283 = FACE_BOUND('',#8284,.T.);
#8284 = EDGE_LOOP('',(#8285,#8286,#8295,#8302,#8303,#8309));
#8285 = ORIENTED_EDGE('',*,*,#8271,.T.);
#8286 = ORIENTED_EDGE('',*,*,#8287,.T.);
#8287 = EDGE_CURVE('',#8264,#8288,#8290,.T.);
#8288 = VERTEX_POINT('',#8289);
#8289 = CARTESIAN_POINT('',(9.75,-133.,-13.));
#8290 = CIRCLE('',#8291,5.25);
#8291 = AXIS2_PLACEMENT_3D('',#8292,#8293,#8294);
#8292 = CARTESIAN_POINT('',(15.,-133.,-13.));
#8293 = DIRECTION('',(1.224646799147E-16,0.,-1.));
#8294 = DIRECTION('',(-1.,0.,-1.224646799147E-16));
#8295 = ORIENTED_EDGE('',*,*,#8296,.T.);
#8296 = EDGE_CURVE('',#8288,#6080,#8297,.T.);
#8297 = CIRCLE('',#8298,5.25);
#8298 = AXIS2_PLACEMENT_3D('',#8299,#8300,#8301);
#8299 = CARTESIAN_POINT('',(15.,-133.,-13.));
#8300 = DIRECTION('',(1.224646799147E-16,0.,-1.));
#8301 = DIRECTION('',(-1.,0.,-1.224646799147E-16));
#8302 = ORIENTED_EDGE('',*,*,#6079,.F.);
#8303 = ORIENTED_EDGE('',*,*,#8304,.T.);
#8304 = EDGE_CURVE('',#6072,#5971,#8305,.T.);
#8305 = LINE('',#8306,#8307);
#8306 = CARTESIAN_POINT('',(16.5,-127.,-13.));
#8307 = VECTOR('',#8308,1.);
#8308 = DIRECTION('',(-1.,0.,-1.224646799147E-16));
#8309 = ORIENTED_EDGE('',*,*,#5978,.F.);
#8310 = PLANE('',#8311);
#8311 = AXIS2_PLACEMENT_3D('',#8312,#8313,#8314);
#8312 = CARTESIAN_POINT('',(1.592040838892E-15,-120.6840747607,-13.));
#8313 = DIRECTION('',(-1.224646799147E-16,-0.,1.));
#8314 = DIRECTION('',(1.,0.,1.224646799147E-16));
#8315 = ADVANCED_FACE('',(#8316),#8327,.F.);
#8316 = FACE_BOUND('',#8317,.F.);
#8317 = EDGE_LOOP('',(#8318,#8324,#8325,#8326));
#8318 = ORIENTED_EDGE('',*,*,#8319,.F.);
#8319 = EDGE_CURVE('',#6063,#5963,#8320,.T.);
#8320 = LINE('',#8321,#8322);
#8321 = CARTESIAN_POINT('',(16.5,-127.,-14.));
#8322 = VECTOR('',#8323,1.);
#8323 = DIRECTION('',(-1.,0.,-1.224646799147E-16));
#8324 = ORIENTED_EDGE('',*,*,#6071,.T.);
#8325 = ORIENTED_EDGE('',*,*,#8304,.T.);
#8326 = ORIENTED_EDGE('',*,*,#5970,.F.);
#8327 = PLANE('',#8328);
#8328 = AXIS2_PLACEMENT_3D('',#8329,#8330,#8331);
#8329 = CARTESIAN_POINT('',(16.5,-127.,-14.));
#8330 = DIRECTION('',(0.,-1.,-0.));
#8331 = DIRECTION('',(-1.,0.,-1.224646799147E-16));
#8332 = ADVANCED_FACE('',(#8333),#8339,.F.);
#8333 = FACE_BOUND('',#8334,.T.);
#8334 = EDGE_LOOP('',(#8335,#8336,#8337,#8338));
#8335 = ORIENTED_EDGE('',*,*,#6062,.F.);
#8336 = ORIENTED_EDGE('',*,*,#6026,.T.);
#8337 = ORIENTED_EDGE('',*,*,#5962,.T.);
#8338 = ORIENTED_EDGE('',*,*,#8319,.F.);
#8339 = PLANE('',#8340);
#8340 = AXIS2_PLACEMENT_3D('',#8341,#8342,#8343);
#8341 = CARTESIAN_POINT('',(7.421983365805,-103.2479168377,-14.));
#8342 = DIRECTION('',(1.224646799147E-16,0.,-1.));
#8343 = DIRECTION('',(-1.,0.,-1.224646799147E-16));
#8344 = ADVANCED_FACE('',(#8345),#8356,.F.);
#8345 = FACE_BOUND('',#8346,.T.);
#8346 = EDGE_LOOP('',(#8347,#8348,#8349,#8355));
#8347 = ORIENTED_EDGE('',*,*,#7199,.F.);
#8348 = ORIENTED_EDGE('',*,*,#6131,.T.);
#8349 = ORIENTED_EDGE('',*,*,#8350,.T.);
#8350 = EDGE_CURVE('',#6123,#8232,#8351,.T.);
#8351 = LINE('',#8352,#8353);
#8352 = CARTESIAN_POINT('',(27.142676912912,-136.2,-13.));
#8353 = VECTOR('',#8354,1.);
#8354 = DIRECTION('',(0.,-1.,0.));
#8355 = ORIENTED_EDGE('',*,*,#8231,.F.);
#8356 = PLANE('',#8357);
#8357 = AXIS2_PLACEMENT_3D('',#8358,#8359,#8360);
#8358 = CARTESIAN_POINT('',(27.142676912912,-136.2,12.5));
#8359 = DIRECTION('',(1.,-0.,1.224646799147E-16));
#8360 = DIRECTION('',(0.,1.,0.));
#8361 = ADVANCED_FACE('',(#8362),#8375,.T.);
#8362 = FACE_BOUND('',#8363,.T.);
#8363 = EDGE_LOOP('',(#8364,#8365,#8366,#8373,#8374));
#8364 = ORIENTED_EDGE('',*,*,#6122,.F.);
#8365 = ORIENTED_EDGE('',*,*,#6113,.F.);
#8366 = ORIENTED_EDGE('',*,*,#8367,.T.);
#8367 = EDGE_CURVE('',#6106,#8240,#8368,.T.);
#8368 = CIRCLE('',#8369,5.25);
#8369 = AXIS2_PLACEMENT_3D('',#8370,#8371,#8372);
#8370 = CARTESIAN_POINT('',(15.,-133.,-13.));
#8371 = DIRECTION('',(1.224646799147E-16,0.,-1.));
#8372 = DIRECTION('',(-1.,0.,-1.224646799147E-16));
#8373 = ORIENTED_EDGE('',*,*,#8239,.F.);
#8374 = ORIENTED_EDGE('',*,*,#8350,.F.);
#8375 = PLANE('',#8376);
#8376 = AXIS2_PLACEMENT_3D('',#8377,#8378,#8379);
#8377 = CARTESIAN_POINT('',(22.382147754743,-135.5335078223,-13.));
#8378 = DIRECTION('',(-1.224646799147E-16,-0.,1.));
#8379 = DIRECTION('',(1.,0.,1.224646799147E-16));
#8380 = ADVANCED_FACE('',(#8381),#8393,.T.);
#8381 = FACE_BOUND('',#8382,.T.);
#8382 = EDGE_LOOP('',(#8383,#8384,#8385,#8392));
#8383 = ORIENTED_EDGE('',*,*,#8367,.F.);
#8384 = ORIENTED_EDGE('',*,*,#6105,.T.);
#8385 = ORIENTED_EDGE('',*,*,#8386,.T.);
#8386 = EDGE_CURVE('',#6097,#8248,#8387,.T.);
#8387 = CIRCLE('',#8388,5.25);
#8388 = AXIS2_PLACEMENT_3D('',#8389,#8390,#8391);
#8389 = CARTESIAN_POINT('',(15.,-133.,-10.5));
#8390 = DIRECTION('',(1.224646799147E-16,0.,-1.));
#8391 = DIRECTION('',(-1.,0.,-1.224646799147E-16));
#8392 = ORIENTED_EDGE('',*,*,#8247,.T.);
#8393 = CYLINDRICAL_SURFACE('',#8394,5.25);
#8394 = AXIS2_PLACEMENT_3D('',#8395,#8396,#8397);
#8395 = CARTESIAN_POINT('',(15.,-133.,-13.));
#8396 = DIRECTION('',(1.224646799147E-16,0.,-1.));
#8397 = DIRECTION('',(-1.,0.,-1.224646799147E-16));
#8398 = ADVANCED_FACE('',(#8399,#8420),#8461,.F.);
#8399 = FACE_BOUND('',#8400,.F.);
#8400 = EDGE_LOOP('',(#8401,#8410,#8417,#8418,#8419));
#8401 = ORIENTED_EDGE('',*,*,#8402,.T.);
#8402 = EDGE_CURVE('',#8256,#8403,#8405,.T.);
#8403 = VERTEX_POINT('',#8404);
#8404 = CARTESIAN_POINT('',(9.75,-133.,-10.5));
#8405 = CIRCLE('',#8406,5.25);
#8406 = AXIS2_PLACEMENT_3D('',#8407,#8408,#8409);
#8407 = CARTESIAN_POINT('',(15.,-133.,-10.5));
#8408 = DIRECTION('',(1.224646799147E-16,0.,-1.));
#8409 = DIRECTION('',(-1.,0.,-1.224646799147E-16));
#8410 = ORIENTED_EDGE('',*,*,#8411,.T.);
#8411 = EDGE_CURVE('',#8403,#6089,#8412,.T.);
#8412 = CIRCLE('',#8413,5.25);
#8413 = AXIS2_PLACEMENT_3D('',#8414,#8415,#8416);
#8414 = CARTESIAN_POINT('',(15.,-133.,-10.5));
#8415 = DIRECTION('',(1.224646799147E-16,0.,-1.));
#8416 = DIRECTION('',(-1.,0.,-1.224646799147E-16));
#8417 = ORIENTED_EDGE('',*,*,#6096,.T.);
#8418 = ORIENTED_EDGE('',*,*,#8386,.T.);
#8419 = ORIENTED_EDGE('',*,*,#8255,.T.);
#8420 = FACE_BOUND('',#8421,.F.);
#8421 = EDGE_LOOP('',(#8422,#8423,#8431,#8439,#8447,#8455));
#8422 = ORIENTED_EDGE('',*,*,#390,.F.);
#8423 = ORIENTED_EDGE('',*,*,#8424,.F.);
#8424 = EDGE_CURVE('',#8425,#383,#8427,.T.);
#8425 = VERTEX_POINT('',#8426);
#8426 = CARTESIAN_POINT('',(12.199999999998,-134.6165807537,-10.5));
#8427 = LINE('',#8428,#8429);
#8428 = CARTESIAN_POINT('',(12.199999999998,-134.6165807537,-10.5));
#8429 = VECTOR('',#8430,1.);
#8430 = DIRECTION('',(7.5105E-13,1.,9.197709784996E-29));
#8431 = ORIENTED_EDGE('',*,*,#8432,.F.);
#8432 = EDGE_CURVE('',#8433,#8425,#8435,.T.);
#8433 = VERTEX_POINT('',#8434);
#8434 = CARTESIAN_POINT('',(15.,-136.2331615074,-10.5));
#8435 = LINE('',#8436,#8437);
#8436 = CARTESIAN_POINT('',(15.,-136.2331615074,-10.5));
#8437 = VECTOR('',#8438,1.);
#8438 = DIRECTION('',(-0.866025403784,0.5,-1.060575238725E-16));
#8439 = ORIENTED_EDGE('',*,*,#8440,.F.);
#8440 = EDGE_CURVE('',#8441,#8433,#8443,.T.);
#8441 = VERTEX_POINT('',#8442);
#8442 = CARTESIAN_POINT('',(17.800000000001,-134.6165807537,-10.5));
#8443 = LINE('',#8444,#8445);
#8444 = CARTESIAN_POINT('',(17.800000000001,-134.6165807537,-10.5));
#8445 = VECTOR('',#8446,1.);
#8446 = DIRECTION('',(-0.866025403784,-0.5,-1.060575238725E-16));
#8447 = ORIENTED_EDGE('',*,*,#8448,.F.);
#8448 = EDGE_CURVE('',#8449,#8441,#8451,.T.);
#8449 = VERTEX_POINT('',#8450);
#8450 = CARTESIAN_POINT('',(17.800000000001,-131.3834192462,-10.5));
#8451 = LINE('',#8452,#8453);
#8452 = CARTESIAN_POINT('',(17.800000000001,-131.3834192462,-10.5));
#8453 = VECTOR('',#8454,1.);
#8454 = DIRECTION('',(0.,-1.,-0.));
#8455 = ORIENTED_EDGE('',*,*,#8456,.F.);
#8456 = EDGE_CURVE('',#391,#8449,#8457,.T.);
#8457 = LINE('',#8458,#8459);
#8458 = CARTESIAN_POINT('',(15.000000000001,-129.7668384925,-10.5));
#8459 = VECTOR('',#8460,1.);
#8460 = DIRECTION('',(0.866025403784,-0.500000000001,1.060575238724E-16)
  );
#8461 = PLANE('',#8462);
#8462 = AXIS2_PLACEMENT_3D('',#8463,#8464,#8465);
#8463 = CARTESIAN_POINT('',(5.185158791391E-13,-118.,-10.5));
#8464 = DIRECTION('',(1.224646799147E-16,0.,-1.));
#8465 = DIRECTION('',(-1.,0.,-1.224646799147E-16));
#8466 = ADVANCED_FACE('',(#8467),#8475,.T.);
#8467 = FACE_BOUND('',#8468,.T.);
#8468 = EDGE_LOOP('',(#8469,#8470,#8471,#8472,#8473,#8474));
#8469 = ORIENTED_EDGE('',*,*,#8287,.F.);
#8470 = ORIENTED_EDGE('',*,*,#8263,.F.);
#8471 = ORIENTED_EDGE('',*,*,#8402,.T.);
#8472 = ORIENTED_EDGE('',*,*,#8411,.T.);
#8473 = ORIENTED_EDGE('',*,*,#6088,.F.);
#8474 = ORIENTED_EDGE('',*,*,#8296,.F.);
#8475 = CYLINDRICAL_SURFACE('',#8476,5.25);
#8476 = AXIS2_PLACEMENT_3D('',#8477,#8478,#8479);
#8477 = CARTESIAN_POINT('',(15.,-133.,-13.));
#8478 = DIRECTION('',(1.224646799147E-16,0.,-1.));
#8479 = DIRECTION('',(-1.,0.,-1.224646799147E-16));
#8480 = ADVANCED_FACE('',(#8481),#8487,.F.);
#8481 = FACE_BOUND('',#8482,.T.);
#8482 = EDGE_LOOP('',(#8483,#8484,#8485,#8486));
#8483 = ORIENTED_EDGE('',*,*,#6208,.T.);
#8484 = ORIENTED_EDGE('',*,*,#7124,.T.);
#8485 = ORIENTED_EDGE('',*,*,#6265,.T.);
#8486 = ORIENTED_EDGE('',*,*,#6242,.T.);
#8487 = PLANE('',#8488);
#8488 = AXIS2_PLACEMENT_3D('',#8489,#8490,#8491);
#8489 = CARTESIAN_POINT('',(7.421983365805,-103.2479168377,-13.));
#8490 = DIRECTION('',(1.224646799147E-16,0.,-1.));
#8491 = DIRECTION('',(-1.,0.,-1.224646799147E-16));
#8492 = ADVANCED_FACE('',(#8493),#8499,.F.);
#8493 = FACE_BOUND('',#8494,.F.);
#8494 = EDGE_LOOP('',(#8495,#8496,#8497,#8498));
#8495 = ORIENTED_EDGE('',*,*,#6389,.T.);
#8496 = ORIENTED_EDGE('',*,*,#7095,.T.);
#8497 = ORIENTED_EDGE('',*,*,#6331,.T.);
#8498 = ORIENTED_EDGE('',*,*,#6372,.T.);
#8499 = PLANE('',#8500);
#8500 = AXIS2_PLACEMENT_3D('',#8501,#8502,#8503);
#8501 = CARTESIAN_POINT('',(-7.421983365805,-103.2479168377,-13.));
#8502 = DIRECTION('',(1.224646799147E-16,0.,-1.));
#8503 = DIRECTION('',(-1.,0.,-1.224646799147E-16));
#8504 = ADVANCED_FACE('',(#8505),#8523,.F.);
#8505 = FACE_BOUND('',#8506,.F.);
#8506 = EDGE_LOOP('',(#8507,#8508,#8509,#8517));
#8507 = ORIENTED_EDGE('',*,*,#7148,.F.);
#8508 = ORIENTED_EDGE('',*,*,#6527,.T.);
#8509 = ORIENTED_EDGE('',*,*,#8510,.T.);
#8510 = EDGE_CURVE('',#6519,#8511,#8513,.T.);
#8511 = VERTEX_POINT('',#8512);
#8512 = CARTESIAN_POINT('',(-27.14267691291,-137.2,-13.));
#8513 = LINE('',#8514,#8515);
#8514 = CARTESIAN_POINT('',(-27.14267691291,-136.2,-13.));
#8515 = VECTOR('',#8516,1.);
#8516 = DIRECTION('',(0.,-1.,-0.));
#8517 = ORIENTED_EDGE('',*,*,#8518,.F.);
#8518 = EDGE_CURVE('',#7141,#8511,#8519,.T.);
#8519 = LINE('',#8520,#8521);
#8520 = CARTESIAN_POINT('',(-27.14267691291,-137.2,12.5));
#8521 = VECTOR('',#8522,1.);
#8522 = DIRECTION('',(1.224646799147E-16,0.,-1.));
#8523 = PLANE('',#8524);
#8524 = AXIS2_PLACEMENT_3D('',#8525,#8526,#8527);
#8525 = CARTESIAN_POINT('',(-27.14267691291,-136.2,12.5));
#8526 = DIRECTION('',(-1.,0.,-1.224646799147E-16));
#8527 = DIRECTION('',(0.,-1.,-0.));
#8528 = ADVANCED_FACE('',(#8529),#8558,.T.);
#8529 = FACE_BOUND('',#8530,.T.);
#8530 = EDGE_LOOP('',(#8531,#8532,#8533,#8541,#8550,#8557));
#8531 = ORIENTED_EDGE('',*,*,#6518,.T.);
#8532 = ORIENTED_EDGE('',*,*,#8510,.T.);
#8533 = ORIENTED_EDGE('',*,*,#8534,.F.);
#8534 = EDGE_CURVE('',#8535,#8511,#8537,.T.);
#8535 = VERTEX_POINT('',#8536);
#8536 = CARTESIAN_POINT('',(-18.15,-137.2,-13.));
#8537 = LINE('',#8538,#8539);
#8538 = CARTESIAN_POINT('',(-13.57133845645,-137.2,-13.));
#8539 = VECTOR('',#8540,1.);
#8540 = DIRECTION('',(-1.,0.,-1.224646799147E-16));
#8541 = ORIENTED_EDGE('',*,*,#8542,.T.);
#8542 = EDGE_CURVE('',#8535,#8543,#8545,.T.);
#8543 = VERTEX_POINT('',#8544);
#8544 = CARTESIAN_POINT('',(-20.25,-133.,-13.));
#8545 = CIRCLE('',#8546,5.25);
#8546 = AXIS2_PLACEMENT_3D('',#8547,#8548,#8549);
#8547 = CARTESIAN_POINT('',(-15.,-133.,-13.));
#8548 = DIRECTION('',(1.224646799147E-16,0.,-1.));
#8549 = DIRECTION('',(-1.,0.,-1.224646799147E-16));
#8550 = ORIENTED_EDGE('',*,*,#8551,.T.);
#8551 = EDGE_CURVE('',#8543,#6502,#8552,.T.);
#8552 = CIRCLE('',#8553,5.25);
#8553 = AXIS2_PLACEMENT_3D('',#8554,#8555,#8556);
#8554 = CARTESIAN_POINT('',(-15.,-133.,-13.));
#8555 = DIRECTION('',(1.224646799147E-16,0.,-1.));
#8556 = DIRECTION('',(-1.,0.,-1.224646799147E-16));
#8557 = ORIENTED_EDGE('',*,*,#6509,.F.);
#8558 = PLANE('',#8559);
#8559 = AXIS2_PLACEMENT_3D('',#8560,#8561,#8562);
#8560 = CARTESIAN_POINT('',(-22.3870695119,-135.5341147618,-13.));
#8561 = DIRECTION('',(-1.224646799147E-16,-0.,1.));
#8562 = DIRECTION('',(1.,0.,1.224646799147E-16));
#8563 = ADVANCED_FACE('',(#8564),#8593,.T.);
#8564 = FACE_BOUND('',#8565,.T.);
#8565 = EDGE_LOOP('',(#8566,#8567,#8575,#8584,#8591,#8592));
#8566 = ORIENTED_EDGE('',*,*,#8542,.F.);
#8567 = ORIENTED_EDGE('',*,*,#8568,.F.);
#8568 = EDGE_CURVE('',#8569,#8535,#8571,.T.);
#8569 = VERTEX_POINT('',#8570);
#8570 = CARTESIAN_POINT('',(-18.15,-137.2,-10.5));
#8571 = LINE('',#8572,#8573);
#8572 = CARTESIAN_POINT('',(-18.15,-137.2,-13.));
#8573 = VECTOR('',#8574,1.);
#8574 = DIRECTION('',(1.224646799147E-16,0.,-1.));
#8575 = ORIENTED_EDGE('',*,*,#8576,.T.);
#8576 = EDGE_CURVE('',#8569,#8577,#8579,.T.);
#8577 = VERTEX_POINT('',#8578);
#8578 = CARTESIAN_POINT('',(-20.25,-133.,-10.5));
#8579 = CIRCLE('',#8580,5.25);
#8580 = AXIS2_PLACEMENT_3D('',#8581,#8582,#8583);
#8581 = CARTESIAN_POINT('',(-15.,-133.,-10.5));
#8582 = DIRECTION('',(1.224646799147E-16,0.,-1.));
#8583 = DIRECTION('',(-1.,0.,-1.224646799147E-16));
#8584 = ORIENTED_EDGE('',*,*,#8585,.T.);
#8585 = EDGE_CURVE('',#8577,#6493,#8586,.T.);
#8586 = CIRCLE('',#8587,5.25);
#8587 = AXIS2_PLACEMENT_3D('',#8588,#8589,#8590);
#8588 = CARTESIAN_POINT('',(-15.,-133.,-10.5));
#8589 = DIRECTION('',(1.224646799147E-16,0.,-1.));
#8590 = DIRECTION('',(-1.,0.,-1.224646799147E-16));
#8591 = ORIENTED_EDGE('',*,*,#6501,.F.);
#8592 = ORIENTED_EDGE('',*,*,#8551,.F.);
#8593 = CYLINDRICAL_SURFACE('',#8594,5.25);
#8594 = AXIS2_PLACEMENT_3D('',#8595,#8596,#8597);
#8595 = CARTESIAN_POINT('',(-15.,-133.,-13.));
#8596 = DIRECTION('',(1.224646799147E-16,0.,-1.));
#8597 = DIRECTION('',(-1.,0.,-1.224646799147E-16));
#8598 = ADVANCED_FACE('',(#8599,#8619),#8660,.F.);
#8599 = FACE_BOUND('',#8600,.F.);
#8600 = EDGE_LOOP('',(#8601,#8602,#8603,#8604,#8613));
#8601 = ORIENTED_EDGE('',*,*,#8576,.T.);
#8602 = ORIENTED_EDGE('',*,*,#8585,.T.);
#8603 = ORIENTED_EDGE('',*,*,#6492,.T.);
#8604 = ORIENTED_EDGE('',*,*,#8605,.T.);
#8605 = EDGE_CURVE('',#6485,#8606,#8608,.T.);
#8606 = VERTEX_POINT('',#8607);
#8607 = CARTESIAN_POINT('',(-11.85,-137.2,-10.5));
#8608 = CIRCLE('',#8609,5.25);
#8609 = AXIS2_PLACEMENT_3D('',#8610,#8611,#8612);
#8610 = CARTESIAN_POINT('',(-15.,-133.,-10.5));
#8611 = DIRECTION('',(1.224646799147E-16,0.,-1.));
#8612 = DIRECTION('',(-1.,0.,-1.224646799147E-16));
#8613 = ORIENTED_EDGE('',*,*,#8614,.F.);
#8614 = EDGE_CURVE('',#8569,#8606,#8615,.T.);
#8615 = LINE('',#8616,#8617);
#8616 = CARTESIAN_POINT('',(-13.57133845645,-137.2,-10.5));
#8617 = VECTOR('',#8618,1.);
#8618 = DIRECTION('',(1.,0.,1.224646799147E-16));
#8619 = FACE_BOUND('',#8620,.F.);
#8620 = EDGE_LOOP('',(#8621,#8622,#8630,#8638,#8646,#8654));
#8621 = ORIENTED_EDGE('',*,*,#292,.F.);
#8622 = ORIENTED_EDGE('',*,*,#8623,.F.);
#8623 = EDGE_CURVE('',#8624,#285,#8626,.T.);
#8624 = VERTEX_POINT('',#8625);
#8625 = CARTESIAN_POINT('',(-17.8,-134.6165807537,-10.5));
#8626 = LINE('',#8627,#8628);
#8627 = CARTESIAN_POINT('',(-17.8,-134.6165807537,-10.5));
#8628 = VECTOR('',#8629,1.);
#8629 = DIRECTION('',(5.5601E-13,1.,6.809158667939E-29));
#8630 = ORIENTED_EDGE('',*,*,#8631,.F.);
#8631 = EDGE_CURVE('',#8632,#8624,#8634,.T.);
#8632 = VERTEX_POINT('',#8633);
#8633 = CARTESIAN_POINT('',(-15.,-136.2331615074,-10.5));
#8634 = LINE('',#8635,#8636);
#8635 = CARTESIAN_POINT('',(-15.,-136.2331615074,-10.5));
#8636 = VECTOR('',#8637,1.);
#8637 = DIRECTION('',(-0.866025403785,0.499999999999,-1.060575238726E-16
    ));
#8638 = ORIENTED_EDGE('',*,*,#8639,.F.);
#8639 = EDGE_CURVE('',#8640,#8632,#8642,.T.);
#8640 = VERTEX_POINT('',#8641);
#8641 = CARTESIAN_POINT('',(-12.2,-134.6165807537,-10.5));
#8642 = LINE('',#8643,#8644);
#8643 = CARTESIAN_POINT('',(-12.2,-134.6165807537,-10.5));
#8644 = VECTOR('',#8645,1.);
#8645 = DIRECTION('',(-0.866025403784,-0.500000000001,
    -1.060575238724E-16));
#8646 = ORIENTED_EDGE('',*,*,#8647,.F.);
#8647 = EDGE_CURVE('',#8648,#8640,#8650,.T.);
#8648 = VERTEX_POINT('',#8649);
#8649 = CARTESIAN_POINT('',(-12.2,-131.3834192462,-10.5));
#8650 = LINE('',#8651,#8652);
#8651 = CARTESIAN_POINT('',(-12.2,-131.3834192462,-10.5));
#8652 = VECTOR('',#8653,1.);
#8653 = DIRECTION('',(0.,-1.,-0.));
#8654 = ORIENTED_EDGE('',*,*,#8655,.F.);
#8655 = EDGE_CURVE('',#293,#8648,#8656,.T.);
#8656 = LINE('',#8657,#8658);
#8657 = CARTESIAN_POINT('',(-15.,-129.7668384925,-10.5));
#8658 = VECTOR('',#8659,1.);
#8659 = DIRECTION('',(0.866025403785,-0.499999999999,1.060575238725E-16)
  );
#8660 = PLANE('',#8661);
#8661 = AXIS2_PLACEMENT_3D('',#8662,#8663,#8664);
#8662 = CARTESIAN_POINT('',(5.185158791391E-13,-118.,-10.5));
#8663 = DIRECTION('',(1.224646799147E-16,0.,-1.));
#8664 = DIRECTION('',(-1.,0.,-1.224646799147E-16));
#8665 = ADVANCED_FACE('',(#8666),#8685,.T.);
#8666 = FACE_BOUND('',#8667,.T.);
#8667 = EDGE_LOOP('',(#8668,#8677,#8678,#8679));
#8668 = ORIENTED_EDGE('',*,*,#8669,.F.);
#8669 = EDGE_CURVE('',#6476,#8670,#8672,.T.);
#8670 = VERTEX_POINT('',#8671);
#8671 = CARTESIAN_POINT('',(-11.85,-137.2,-13.));
#8672 = CIRCLE('',#8673,5.25);
#8673 = AXIS2_PLACEMENT_3D('',#8674,#8675,#8676);
#8674 = CARTESIAN_POINT('',(-15.,-133.,-13.));
#8675 = DIRECTION('',(1.224646799147E-16,0.,-1.));
#8676 = DIRECTION('',(-1.,0.,-1.224646799147E-16));
#8677 = ORIENTED_EDGE('',*,*,#6484,.T.);
#8678 = ORIENTED_EDGE('',*,*,#8605,.T.);
#8679 = ORIENTED_EDGE('',*,*,#8680,.T.);
#8680 = EDGE_CURVE('',#8606,#8670,#8681,.T.);
#8681 = LINE('',#8682,#8683);
#8682 = CARTESIAN_POINT('',(-11.85,-137.2,-13.));
#8683 = VECTOR('',#8684,1.);
#8684 = DIRECTION('',(1.224646799147E-16,0.,-1.));
#8685 = CYLINDRICAL_SURFACE('',#8686,5.25);
#8686 = AXIS2_PLACEMENT_3D('',#8687,#8688,#8689);
#8687 = CARTESIAN_POINT('',(-15.,-133.,-13.));
#8688 = DIRECTION('',(1.224646799147E-16,0.,-1.));
#8689 = DIRECTION('',(-1.,0.,-1.224646799147E-16));
#8690 = ADVANCED_FACE('',(#8691),#8708,.T.);
#8691 = FACE_BOUND('',#8692,.T.);
#8692 = EDGE_LOOP('',(#8693,#8694,#8700,#8701,#8707));
#8693 = ORIENTED_EDGE('',*,*,#8669,.T.);
#8694 = ORIENTED_EDGE('',*,*,#8695,.F.);
#8695 = EDGE_CURVE('',#6621,#8670,#8696,.T.);
#8696 = LINE('',#8697,#8698);
#8697 = CARTESIAN_POINT('',(-13.57133845645,-137.2,-13.));
#8698 = VECTOR('',#8699,1.);
#8699 = DIRECTION('',(-1.,0.,-1.224646799147E-16));
#8700 = ORIENTED_EDGE('',*,*,#6620,.T.);
#8701 = ORIENTED_EDGE('',*,*,#8702,.T.);
#8702 = EDGE_CURVE('',#6613,#6468,#8703,.T.);
#8703 = LINE('',#8704,#8705);
#8704 = CARTESIAN_POINT('',(16.5,-127.,-13.));
#8705 = VECTOR('',#8706,1.);
#8706 = DIRECTION('',(-1.,0.,-1.224646799147E-16));
#8707 = ORIENTED_EDGE('',*,*,#6475,.F.);
#8708 = PLANE('',#8709);
#8709 = AXIS2_PLACEMENT_3D('',#8710,#8711,#8712);
#8710 = CARTESIAN_POINT('',(1.592040838892E-15,-120.6840747607,-13.));
#8711 = DIRECTION('',(-1.224646799147E-16,-0.,1.));
#8712 = DIRECTION('',(1.,0.,1.224646799147E-16));
#8713 = ADVANCED_FACE('',(#8714),#8725,.F.);
#8714 = FACE_BOUND('',#8715,.F.);
#8715 = EDGE_LOOP('',(#8716,#8722,#8723,#8724));
#8716 = ORIENTED_EDGE('',*,*,#8717,.F.);
#8717 = EDGE_CURVE('',#6605,#6459,#8718,.T.);
#8718 = LINE('',#8719,#8720);
#8719 = CARTESIAN_POINT('',(16.5,-127.,-14.));
#8720 = VECTOR('',#8721,1.);
#8721 = DIRECTION('',(-1.,0.,-1.224646799147E-16));
#8722 = ORIENTED_EDGE('',*,*,#6612,.T.);
#8723 = ORIENTED_EDGE('',*,*,#8702,.T.);
#8724 = ORIENTED_EDGE('',*,*,#6467,.F.);
#8725 = PLANE('',#8726);
#8726 = AXIS2_PLACEMENT_3D('',#8727,#8728,#8729);
#8727 = CARTESIAN_POINT('',(16.5,-127.,-14.));
#8728 = DIRECTION('',(0.,-1.,-0.));
#8729 = DIRECTION('',(-1.,0.,-1.224646799147E-16));
#8730 = ADVANCED_FACE('',(#8731),#8737,.F.);
#8731 = FACE_BOUND('',#8732,.F.);
#8732 = EDGE_LOOP('',(#8733,#8734,#8735,#8736));
#8733 = ORIENTED_EDGE('',*,*,#6458,.F.);
#8734 = ORIENTED_EDGE('',*,*,#6579,.T.);
#8735 = ORIENTED_EDGE('',*,*,#6604,.T.);
#8736 = ORIENTED_EDGE('',*,*,#8717,.T.);
#8737 = PLANE('',#8738);
#8738 = AXIS2_PLACEMENT_3D('',#8739,#8740,#8741);
#8739 = CARTESIAN_POINT('',(-7.421983365805,-103.2479168377,-14.));
#8740 = DIRECTION('',(1.224646799147E-16,0.,-1.));
#8741 = DIRECTION('',(-1.,0.,-1.224646799147E-16));
#8742 = ADVANCED_FACE('',(#8743),#8753,.F.);
#8743 = FACE_BOUND('',#8744,.F.);
#8744 = EDGE_LOOP('',(#8745,#8746,#8747,#8748,#8749,#8750,#8751,#8752));
#8745 = ORIENTED_EDGE('',*,*,#7140,.F.);
#8746 = ORIENTED_EDGE('',*,*,#8518,.T.);
#8747 = ORIENTED_EDGE('',*,*,#8534,.F.);
#8748 = ORIENTED_EDGE('',*,*,#8568,.F.);
#8749 = ORIENTED_EDGE('',*,*,#8614,.T.);
#8750 = ORIENTED_EDGE('',*,*,#8680,.T.);
#8751 = ORIENTED_EDGE('',*,*,#8695,.F.);
#8752 = ORIENTED_EDGE('',*,*,#6628,.F.);
#8753 = PLANE('',#8754);
#8754 = AXIS2_PLACEMENT_3D('',#8755,#8756,#8757);
#8755 = CARTESIAN_POINT('',(-27.14267691291,-137.2,12.5));
#8756 = DIRECTION('',(0.,-1.,-0.));
#8757 = DIRECTION('',(1.,0.,1.224646799147E-16));
#8758 = ADVANCED_FACE('',(#8759),#8771,.T.);
#8759 = FACE_BOUND('',#8760,.T.);
#8760 = EDGE_LOOP('',(#8761,#8762,#8769,#8770));
#8761 = ORIENTED_EDGE('',*,*,#6814,.F.);
#8762 = ORIENTED_EDGE('',*,*,#8763,.T.);
#8763 = EDGE_CURVE('',#6815,#6701,#8764,.T.);
#8764 = CIRCLE('',#8765,5.25);
#8765 = AXIS2_PLACEMENT_3D('',#8766,#8767,#8768);
#8766 = CARTESIAN_POINT('',(-6.,-103.,-13.));
#8767 = DIRECTION('',(1.224646799147E-16,0.,-1.));
#8768 = DIRECTION('',(-1.,0.,-1.224646799147E-16));
#8769 = ORIENTED_EDGE('',*,*,#6700,.F.);
#8770 = ORIENTED_EDGE('',*,*,#6676,.F.);
#8771 = PLANE('',#8772);
#8772 = AXIS2_PLACEMENT_3D('',#8773,#8774,#8775);
#8773 = CARTESIAN_POINT('',(-5.390265966616,-97.57658243852,-13.));
#8774 = DIRECTION('',(-1.224646799147E-16,-0.,1.));
#8775 = DIRECTION('',(1.,0.,1.224646799147E-16));
#8776 = ADVANCED_FACE('',(#8777),#8789,.F.);
#8777 = FACE_BOUND('',#8778,.F.);
#8778 = EDGE_LOOP('',(#8779,#8780,#8786,#8787,#8788));
#8779 = ORIENTED_EDGE('',*,*,#6862,.F.);
#8780 = ORIENTED_EDGE('',*,*,#8781,.F.);
#8781 = EDGE_CURVE('',#6741,#6855,#8782,.T.);
#8782 = LINE('',#8783,#8784);
#8783 = CARTESIAN_POINT('',(11.5,-108.5,-14.));
#8784 = VECTOR('',#8785,1.);
#8785 = DIRECTION('',(-1.,0.,-1.224646799147E-16));
#8786 = ORIENTED_EDGE('',*,*,#6748,.T.);
#8787 = ORIENTED_EDGE('',*,*,#6764,.T.);
#8788 = ORIENTED_EDGE('',*,*,#6795,.F.);
#8789 = PLANE('',#8790);
#8790 = AXIS2_PLACEMENT_3D('',#8791,#8792,#8793);
#8791 = CARTESIAN_POINT('',(-7.421983365805,-103.2479168377,-14.));
#8792 = DIRECTION('',(1.224646799147E-16,0.,-1.));
#8793 = DIRECTION('',(-1.,0.,-1.224646799147E-16));
#8794 = ADVANCED_FACE('',(#8795),#8806,.T.);
#8795 = FACE_BOUND('',#8796,.T.);
#8796 = EDGE_LOOP('',(#8797,#8798,#8799,#8805));
#8797 = ORIENTED_EDGE('',*,*,#8781,.F.);
#8798 = ORIENTED_EDGE('',*,*,#6740,.T.);
#8799 = ORIENTED_EDGE('',*,*,#8800,.T.);
#8800 = EDGE_CURVE('',#6733,#6847,#8801,.T.);
#8801 = LINE('',#8802,#8803);
#8802 = CARTESIAN_POINT('',(11.5,-108.5,-13.));
#8803 = VECTOR('',#8804,1.);
#8804 = DIRECTION('',(-1.,0.,-1.224646799147E-16));
#8805 = ORIENTED_EDGE('',*,*,#6854,.F.);
#8806 = PLANE('',#8807);
#8807 = AXIS2_PLACEMENT_3D('',#8808,#8809,#8810);
#8808 = CARTESIAN_POINT('',(11.5,-108.5,-14.));
#8809 = DIRECTION('',(0.,-1.,-0.));
#8810 = DIRECTION('',(-1.,0.,-1.224646799147E-16));
#8811 = ADVANCED_FACE('',(#8812),#8824,.T.);
#8812 = FACE_BOUND('',#8813,.T.);
#8813 = EDGE_LOOP('',(#8814,#8815,#8816,#8823));
#8814 = ORIENTED_EDGE('',*,*,#8800,.F.);
#8815 = ORIENTED_EDGE('',*,*,#6732,.T.);
#8816 = ORIENTED_EDGE('',*,*,#8817,.T.);
#8817 = EDGE_CURVE('',#6725,#6839,#8818,.T.);
#8818 = CIRCLE('',#8819,5.25);
#8819 = AXIS2_PLACEMENT_3D('',#8820,#8821,#8822);
#8820 = CARTESIAN_POINT('',(-6.,-103.,-13.));
#8821 = DIRECTION('',(1.224646799147E-16,0.,-1.));
#8822 = DIRECTION('',(-1.,0.,-1.224646799147E-16));
#8823 = ORIENTED_EDGE('',*,*,#6846,.F.);
#8824 = PLANE('',#8825);
#8825 = AXIS2_PLACEMENT_3D('',#8826,#8827,#8828);
#8826 = CARTESIAN_POINT('',(1.592040838892E-15,-120.6840747607,-13.));
#8827 = DIRECTION('',(-1.224646799147E-16,-0.,1.));
#8828 = DIRECTION('',(1.,0.,1.224646799147E-16));
#8829 = ADVANCED_FACE('',(#8830),#8842,.T.);
#8830 = FACE_BOUND('',#8831,.T.);
#8831 = EDGE_LOOP('',(#8832,#8833,#8834,#8835));
#8832 = ORIENTED_EDGE('',*,*,#6838,.T.);
#8833 = ORIENTED_EDGE('',*,*,#8817,.F.);
#8834 = ORIENTED_EDGE('',*,*,#6724,.F.);
#8835 = ORIENTED_EDGE('',*,*,#8836,.T.);
#8836 = EDGE_CURVE('',#6717,#6831,#8837,.T.);
#8837 = CIRCLE('',#8838,5.25);
#8838 = AXIS2_PLACEMENT_3D('',#8839,#8840,#8841);
#8839 = CARTESIAN_POINT('',(-6.,-103.,-10.5));
#8840 = DIRECTION('',(1.224646799147E-16,0.,-1.));
#8841 = DIRECTION('',(-1.,0.,-1.224646799147E-16));
#8842 = CYLINDRICAL_SURFACE('',#8843,5.25);
#8843 = AXIS2_PLACEMENT_3D('',#8844,#8845,#8846);
#8844 = CARTESIAN_POINT('',(-6.,-103.,-13.));
#8845 = DIRECTION('',(1.224646799147E-16,0.,-1.));
#8846 = DIRECTION('',(-1.,0.,-1.224646799147E-16));
#8847 = ADVANCED_FACE('',(#8848,#8860),#8901,.F.);
#8848 = FACE_BOUND('',#8849,.F.);
#8849 = EDGE_LOOP('',(#8850,#8851,#8858,#8859));
#8850 = ORIENTED_EDGE('',*,*,#6830,.F.);
#8851 = ORIENTED_EDGE('',*,*,#8852,.T.);
#8852 = EDGE_CURVE('',#6823,#6709,#8853,.T.);
#8853 = CIRCLE('',#8854,5.25);
#8854 = AXIS2_PLACEMENT_3D('',#8855,#8856,#8857);
#8855 = CARTESIAN_POINT('',(-6.,-103.,-10.5));
#8856 = DIRECTION('',(1.224646799147E-16,0.,-1.));
#8857 = DIRECTION('',(-1.,0.,-1.224646799147E-16));
#8858 = ORIENTED_EDGE('',*,*,#6716,.T.);
#8859 = ORIENTED_EDGE('',*,*,#8836,.T.);
#8860 = FACE_BOUND('',#8861,.F.);
#8861 = EDGE_LOOP('',(#8862,#8863,#8871,#8879,#8887,#8895));
#8862 = ORIENTED_EDGE('',*,*,#194,.F.);
#8863 = ORIENTED_EDGE('',*,*,#8864,.F.);
#8864 = EDGE_CURVE('',#8865,#187,#8867,.T.);
#8865 = VERTEX_POINT('',#8866);
#8866 = CARTESIAN_POINT('',(-8.8,-104.6165807537,-10.5));
#8867 = LINE('',#8868,#8869);
#8868 = CARTESIAN_POINT('',(-8.8,-104.6165807537,-10.5));
#8869 = VECTOR('',#8870,1.);
#8870 = DIRECTION('',(0.,1.,0.));
#8871 = ORIENTED_EDGE('',*,*,#8872,.F.);
#8872 = EDGE_CURVE('',#8873,#8865,#8875,.T.);
#8873 = VERTEX_POINT('',#8874);
#8874 = CARTESIAN_POINT('',(-6.,-106.2331615074,-10.5));
#8875 = LINE('',#8876,#8877);
#8876 = CARTESIAN_POINT('',(-6.,-106.2331615074,-10.5));
#8877 = VECTOR('',#8878,1.);
#8878 = DIRECTION('',(-0.866025403784,0.5,-1.060575238725E-16));
#8879 = ORIENTED_EDGE('',*,*,#8880,.F.);
#8880 = EDGE_CURVE('',#8881,#8873,#8883,.T.);
#8881 = VERTEX_POINT('',#8882);
#8882 = CARTESIAN_POINT('',(-3.2,-104.6165807537,-10.5));
#8883 = LINE('',#8884,#8885);
#8884 = CARTESIAN_POINT('',(-3.2,-104.6165807537,-10.5));
#8885 = VECTOR('',#8886,1.);
#8886 = DIRECTION('',(-0.866025403784,-0.5,-1.060575238725E-16));
#8887 = ORIENTED_EDGE('',*,*,#8888,.F.);
#8888 = EDGE_CURVE('',#8889,#8881,#8891,.T.);
#8889 = VERTEX_POINT('',#8890);
#8890 = CARTESIAN_POINT('',(-3.2,-101.3834192462,-10.5));
#8891 = LINE('',#8892,#8893);
#8892 = CARTESIAN_POINT('',(-3.2,-101.3834192462,-10.5));
#8893 = VECTOR('',#8894,1.);
#8894 = DIRECTION('',(0.,-1.,-0.));
#8895 = ORIENTED_EDGE('',*,*,#8896,.F.);
#8896 = EDGE_CURVE('',#195,#8889,#8897,.T.);
#8897 = LINE('',#8898,#8899);
#8898 = CARTESIAN_POINT('',(-6.,-99.76683849253,-10.5));
#8899 = VECTOR('',#8900,1.);
#8900 = DIRECTION('',(0.866025403784,-0.5,1.060575238725E-16));
#8901 = PLANE('',#8902);
#8902 = AXIS2_PLACEMENT_3D('',#8903,#8904,#8905);
#8903 = CARTESIAN_POINT('',(5.185158791391E-13,-118.,-10.5));
#8904 = DIRECTION('',(1.224646799147E-16,0.,-1.));
#8905 = DIRECTION('',(-1.,0.,-1.224646799147E-16));
#8906 = ADVANCED_FACE('',(#8907),#8913,.T.);
#8907 = FACE_BOUND('',#8908,.T.);
#8908 = EDGE_LOOP('',(#8909,#8910,#8911,#8912));
#8909 = ORIENTED_EDGE('',*,*,#8763,.F.);
#8910 = ORIENTED_EDGE('',*,*,#6822,.F.);
#8911 = ORIENTED_EDGE('',*,*,#8852,.T.);
#8912 = ORIENTED_EDGE('',*,*,#6708,.T.);
#8913 = CYLINDRICAL_SURFACE('',#8914,5.25);
#8914 = AXIS2_PLACEMENT_3D('',#8915,#8916,#8917);
#8915 = CARTESIAN_POINT('',(-6.,-103.,-13.));
#8916 = DIRECTION('',(1.224646799147E-16,0.,-1.));
#8917 = DIRECTION('',(-1.,0.,-1.224646799147E-16));
#8918 = ADVANCED_FACE('',(#8919),#8931,.T.);
#8919 = FACE_BOUND('',#8920,.T.);
#8920 = EDGE_LOOP('',(#8921,#8922,#8923,#8924));
#8921 = ORIENTED_EDGE('',*,*,#6917,.F.);
#8922 = ORIENTED_EDGE('',*,*,#6893,.T.);
#8923 = ORIENTED_EDGE('',*,*,#7031,.F.);
#8924 = ORIENTED_EDGE('',*,*,#8925,.T.);
#8925 = EDGE_CURVE('',#7032,#6918,#8926,.T.);
#8926 = CIRCLE('',#8927,5.25);
#8927 = AXIS2_PLACEMENT_3D('',#8928,#8929,#8930);
#8928 = CARTESIAN_POINT('',(6.,-103.,-13.));
#8929 = DIRECTION('',(1.224646799147E-16,0.,-1.));
#8930 = DIRECTION('',(-1.,0.,-1.224646799147E-16));
#8931 = PLANE('',#8932);
#8932 = AXIS2_PLACEMENT_3D('',#8933,#8934,#8935);
#8933 = CARTESIAN_POINT('',(5.390265966616,-97.57658243852,-13.));
#8934 = DIRECTION('',(-1.224646799147E-16,-0.,1.));
#8935 = DIRECTION('',(1.,0.,1.224646799147E-16));
#8936 = ADVANCED_FACE('',(#8937),#8949,.F.);
#8937 = FACE_BOUND('',#8938,.T.);
#8938 = EDGE_LOOP('',(#8939,#8940,#8946,#8947,#8948));
#8939 = ORIENTED_EDGE('',*,*,#6965,.F.);
#8940 = ORIENTED_EDGE('',*,*,#8941,.T.);
#8941 = EDGE_CURVE('',#6958,#7072,#8942,.T.);
#8942 = LINE('',#8943,#8944);
#8943 = CARTESIAN_POINT('',(11.5,-108.5,-14.));
#8944 = VECTOR('',#8945,1.);
#8945 = DIRECTION('',(-1.,0.,-1.224646799147E-16));
#8946 = ORIENTED_EDGE('',*,*,#7079,.T.);
#8947 = ORIENTED_EDGE('',*,*,#7013,.T.);
#8948 = ORIENTED_EDGE('',*,*,#6981,.F.);
#8949 = PLANE('',#8950);
#8950 = AXIS2_PLACEMENT_3D('',#8951,#8952,#8953);
#8951 = CARTESIAN_POINT('',(7.421983365805,-103.2479168377,-14.));
#8952 = DIRECTION('',(1.224646799147E-16,0.,-1.));
#8953 = DIRECTION('',(-1.,0.,-1.224646799147E-16));
#8954 = ADVANCED_FACE('',(#8955),#8966,.T.);
#8955 = FACE_BOUND('',#8956,.T.);
#8956 = EDGE_LOOP('',(#8957,#8958,#8959,#8965));
#8957 = ORIENTED_EDGE('',*,*,#8941,.F.);
#8958 = ORIENTED_EDGE('',*,*,#6957,.T.);
#8959 = ORIENTED_EDGE('',*,*,#8960,.T.);
#8960 = EDGE_CURVE('',#6950,#7064,#8961,.T.);
#8961 = LINE('',#8962,#8963);
#8962 = CARTESIAN_POINT('',(11.5,-108.5,-13.));
#8963 = VECTOR('',#8964,1.);
#8964 = DIRECTION('',(-1.,0.,-1.224646799147E-16));
#8965 = ORIENTED_EDGE('',*,*,#7071,.F.);
#8966 = PLANE('',#8967);
#8967 = AXIS2_PLACEMENT_3D('',#8968,#8969,#8970);
#8968 = CARTESIAN_POINT('',(11.5,-108.5,-14.));
#8969 = DIRECTION('',(0.,-1.,-0.));
#8970 = DIRECTION('',(-1.,0.,-1.224646799147E-16));
#8971 = ADVANCED_FACE('',(#8972),#8984,.T.);
#8972 = FACE_BOUND('',#8973,.T.);
#8973 = EDGE_LOOP('',(#8974,#8975,#8976,#8977));
#8974 = ORIENTED_EDGE('',*,*,#7063,.F.);
#8975 = ORIENTED_EDGE('',*,*,#8960,.F.);
#8976 = ORIENTED_EDGE('',*,*,#6949,.T.);
#8977 = ORIENTED_EDGE('',*,*,#8978,.T.);
#8978 = EDGE_CURVE('',#6942,#7056,#8979,.T.);
#8979 = CIRCLE('',#8980,5.25);
#8980 = AXIS2_PLACEMENT_3D('',#8981,#8982,#8983);
#8981 = CARTESIAN_POINT('',(6.,-103.,-13.));
#8982 = DIRECTION('',(1.224646799147E-16,0.,-1.));
#8983 = DIRECTION('',(-1.,0.,-1.224646799147E-16));
#8984 = PLANE('',#8985);
#8985 = AXIS2_PLACEMENT_3D('',#8986,#8987,#8988);
#8986 = CARTESIAN_POINT('',(1.592040838892E-15,-120.6840747607,-13.));
#8987 = DIRECTION('',(-1.224646799147E-16,-0.,1.));
#8988 = DIRECTION('',(1.,0.,1.224646799147E-16));
#8989 = ADVANCED_FACE('',(#8990),#9002,.T.);
#8990 = FACE_BOUND('',#8991,.T.);
#8991 = EDGE_LOOP('',(#8992,#8993,#8994,#8995));
#8992 = ORIENTED_EDGE('',*,*,#7055,.T.);
#8993 = ORIENTED_EDGE('',*,*,#8978,.F.);
#8994 = ORIENTED_EDGE('',*,*,#6941,.F.);
#8995 = ORIENTED_EDGE('',*,*,#8996,.T.);
#8996 = EDGE_CURVE('',#6934,#7048,#8997,.T.);
#8997 = CIRCLE('',#8998,5.25);
#8998 = AXIS2_PLACEMENT_3D('',#8999,#9000,#9001);
#8999 = CARTESIAN_POINT('',(6.,-103.,-10.5));
#9000 = DIRECTION('',(1.224646799147E-16,0.,-1.));
#9001 = DIRECTION('',(-1.,0.,-1.224646799147E-16));
#9002 = CYLINDRICAL_SURFACE('',#9003,5.25);
#9003 = AXIS2_PLACEMENT_3D('',#9004,#9005,#9006);
#9004 = CARTESIAN_POINT('',(6.,-103.,-13.));
#9005 = DIRECTION('',(1.224646799147E-16,0.,-1.));
#9006 = DIRECTION('',(-1.,0.,-1.224646799147E-16));
#9007 = ADVANCED_FACE('',(#9008,#9020),#9061,.F.);
#9008 = FACE_BOUND('',#9009,.F.);
#9009 = EDGE_LOOP('',(#9010,#9011,#9018,#9019));
#9010 = ORIENTED_EDGE('',*,*,#7047,.F.);
#9011 = ORIENTED_EDGE('',*,*,#9012,.T.);
#9012 = EDGE_CURVE('',#7040,#6926,#9013,.T.);
#9013 = CIRCLE('',#9014,5.25);
#9014 = AXIS2_PLACEMENT_3D('',#9015,#9016,#9017);
#9015 = CARTESIAN_POINT('',(6.,-103.,-10.5));
#9016 = DIRECTION('',(1.224646799147E-16,0.,-1.));
#9017 = DIRECTION('',(-1.,0.,-1.224646799147E-16));
#9018 = ORIENTED_EDGE('',*,*,#6933,.T.);
#9019 = ORIENTED_EDGE('',*,*,#8996,.T.);
#9020 = FACE_BOUND('',#9021,.F.);
#9021 = EDGE_LOOP('',(#9022,#9023,#9031,#9039,#9047,#9055));
#9022 = ORIENTED_EDGE('',*,*,#96,.F.);
#9023 = ORIENTED_EDGE('',*,*,#9024,.F.);
#9024 = EDGE_CURVE('',#9025,#89,#9027,.T.);
#9025 = VERTEX_POINT('',#9026);
#9026 = CARTESIAN_POINT('',(3.2,-104.6165807537,-10.5));
#9027 = LINE('',#9028,#9029);
#9028 = CARTESIAN_POINT('',(3.2,-104.6165807537,-10.5));
#9029 = VECTOR('',#9030,1.);
#9030 = DIRECTION('',(0.,1.,0.));
#9031 = ORIENTED_EDGE('',*,*,#9032,.F.);
#9032 = EDGE_CURVE('',#9033,#9025,#9035,.T.);
#9033 = VERTEX_POINT('',#9034);
#9034 = CARTESIAN_POINT('',(6.,-106.2331615074,-10.5));
#9035 = LINE('',#9036,#9037);
#9036 = CARTESIAN_POINT('',(6.,-106.2331615074,-10.5));
#9037 = VECTOR('',#9038,1.);
#9038 = DIRECTION('',(-0.866025403784,0.5,-1.060575238725E-16));
#9039 = ORIENTED_EDGE('',*,*,#9040,.F.);
#9040 = EDGE_CURVE('',#9041,#9033,#9043,.T.);
#9041 = VERTEX_POINT('',#9042);
#9042 = CARTESIAN_POINT('',(8.8,-104.6165807537,-10.5));
#9043 = LINE('',#9044,#9045);
#9044 = CARTESIAN_POINT('',(8.8,-104.6165807537,-10.5));
#9045 = VECTOR('',#9046,1.);
#9046 = DIRECTION('',(-0.866025403784,-0.5,-1.060575238725E-16));
#9047 = ORIENTED_EDGE('',*,*,#9048,.F.);
#9048 = EDGE_CURVE('',#9049,#9041,#9051,.T.);
#9049 = VERTEX_POINT('',#9050);
#9050 = CARTESIAN_POINT('',(8.8,-101.3834192462,-10.5));
#9051 = LINE('',#9052,#9053);
#9052 = CARTESIAN_POINT('',(8.8,-101.3834192462,-10.5));
#9053 = VECTOR('',#9054,1.);
#9054 = DIRECTION('',(0.,-1.,-0.));
#9055 = ORIENTED_EDGE('',*,*,#9056,.F.);
#9056 = EDGE_CURVE('',#97,#9049,#9057,.T.);
#9057 = LINE('',#9058,#9059);
#9058 = CARTESIAN_POINT('',(6.,-99.76683849253,-10.5));
#9059 = VECTOR('',#9060,1.);
#9060 = DIRECTION('',(0.866025403784,-0.5,1.060575238725E-16));
#9061 = PLANE('',#9062);
#9062 = AXIS2_PLACEMENT_3D('',#9063,#9064,#9065);
#9063 = CARTESIAN_POINT('',(5.185158791391E-13,-118.,-10.5));
#9064 = DIRECTION('',(1.224646799147E-16,0.,-1.));
#9065 = DIRECTION('',(-1.,0.,-1.224646799147E-16));
#9066 = ADVANCED_FACE('',(#9067),#9073,.T.);
#9067 = FACE_BOUND('',#9068,.T.);
#9068 = EDGE_LOOP('',(#9069,#9070,#9071,#9072));
#9069 = ORIENTED_EDGE('',*,*,#8925,.F.);
#9070 = ORIENTED_EDGE('',*,*,#7039,.F.);
#9071 = ORIENTED_EDGE('',*,*,#9012,.T.);
#9072 = ORIENTED_EDGE('',*,*,#6925,.T.);
#9073 = CYLINDRICAL_SURFACE('',#9074,5.25);
#9074 = AXIS2_PLACEMENT_3D('',#9075,#9076,#9077);
#9075 = CARTESIAN_POINT('',(6.,-103.,-13.));
#9076 = DIRECTION('',(1.224646799147E-16,0.,-1.));
#9077 = DIRECTION('',(-1.,0.,-1.224646799147E-16));
#9078 = ADVANCED_FACE('',(#9079,#9087),#9090,.T.);
#9079 = FACE_BOUND('',#9080,.F.);
#9080 = EDGE_LOOP('',(#9081,#9082,#9083,#9084,#9085,#9086));
#9081 = ORIENTED_EDGE('',*,*,#7938,.T.);
#9082 = ORIENTED_EDGE('',*,*,#8058,.T.);
#9083 = ORIENTED_EDGE('',*,*,#8041,.T.);
#9084 = ORIENTED_EDGE('',*,*,#8017,.T.);
#9085 = ORIENTED_EDGE('',*,*,#7993,.T.);
#9086 = ORIENTED_EDGE('',*,*,#7969,.T.);
#9087 = FACE_BOUND('',#9088,.F.);
#9088 = EDGE_LOOP('',(#9089));
#9089 = ORIENTED_EDGE('',*,*,#7880,.F.);
#9090 = PLANE('',#9091);
#9091 = AXIS2_PLACEMENT_3D('',#9092,#9093,#9094);
#9092 = CARTESIAN_POINT('',(44.999999999999,-137.6,4.512909105962E-13));
#9093 = DIRECTION('',(0.,1.,0.));
#9094 = DIRECTION('',(-1.224646799147E-16,0.,1.));
#9095 = ADVANCED_FACE('',(#9096,#9104),#9107,.T.);
#9096 = FACE_BOUND('',#9097,.T.);
#9097 = EDGE_LOOP('',(#9098,#9099,#9100,#9101,#9102,#9103));
#9098 = ORIENTED_EDGE('',*,*,#8082,.T.);
#9099 = ORIENTED_EDGE('',*,*,#8202,.T.);
#9100 = ORIENTED_EDGE('',*,*,#8185,.T.);
#9101 = ORIENTED_EDGE('',*,*,#8161,.T.);
#9102 = ORIENTED_EDGE('',*,*,#8137,.T.);
#9103 = ORIENTED_EDGE('',*,*,#8113,.T.);
#9104 = FACE_BOUND('',#9105,.T.);
#9105 = EDGE_LOOP('',(#9106));
#9106 = ORIENTED_EDGE('',*,*,#7905,.F.);
#9107 = PLANE('',#9108);
#9108 = AXIS2_PLACEMENT_3D('',#9109,#9110,#9111);
#9109 = CARTESIAN_POINT('',(-44.99999999999,-137.6,4.402690894038E-13));
#9110 = DIRECTION('',(0.,1.,0.));
#9111 = DIRECTION('',(1.224646799147E-16,0.,-1.));
#9112 = ADVANCED_FACE('',(#9113),#9124,.F.);
#9113 = FACE_BOUND('',#9114,.F.);
#9114 = EDGE_LOOP('',(#9115,#9121,#9122,#9123));
#9115 = ORIENTED_EDGE('',*,*,#9116,.T.);
#9116 = EDGE_CURVE('',#326,#8425,#9117,.T.);
#9117 = LINE('',#9118,#9119);
#9118 = CARTESIAN_POINT('',(12.199999999998,-134.6165807537,-13.));
#9119 = VECTOR('',#9120,1.);
#9120 = DIRECTION('',(-1.224646799147E-16,-0.,1.));
#9121 = ORIENTED_EDGE('',*,*,#8424,.T.);
#9122 = ORIENTED_EDGE('',*,*,#382,.F.);
#9123 = ORIENTED_EDGE('',*,*,#325,.F.);
#9124 = PLANE('',#9125);
#9125 = AXIS2_PLACEMENT_3D('',#9126,#9127,#9128);
#9126 = CARTESIAN_POINT('',(12.199999999998,-134.6165807537,-13.));
#9127 = DIRECTION('',(-1.,7.5105E-13,-1.224646799147E-16));
#9128 = DIRECTION('',(7.5105E-13,1.,9.197709784996E-29));
#9129 = ADVANCED_FACE('',(#9130),#9141,.F.);
#9130 = FACE_BOUND('',#9131,.F.);
#9131 = EDGE_LOOP('',(#9132,#9133,#9134,#9140));
#9132 = ORIENTED_EDGE('',*,*,#398,.T.);
#9133 = ORIENTED_EDGE('',*,*,#8456,.T.);
#9134 = ORIENTED_EDGE('',*,*,#9135,.F.);
#9135 = EDGE_CURVE('',#350,#8449,#9136,.T.);
#9136 = LINE('',#9137,#9138);
#9137 = CARTESIAN_POINT('',(17.800000000001,-131.3834192462,-13.));
#9138 = VECTOR('',#9139,1.);
#9139 = DIRECTION('',(-1.224646799147E-16,-0.,1.));
#9140 = ORIENTED_EDGE('',*,*,#357,.F.);
#9141 = PLANE('',#9142);
#9142 = AXIS2_PLACEMENT_3D('',#9143,#9144,#9145);
#9143 = CARTESIAN_POINT('',(15.000000000001,-129.7668384925,-13.));
#9144 = DIRECTION('',(0.500000000001,0.866025403784,6.123233995748E-17)
  );
#9145 = DIRECTION('',(0.866025403784,-0.500000000001,1.060575238724E-16)
  );
#9146 = ADVANCED_FACE('',(#9147),#9158,.F.);
#9147 = FACE_BOUND('',#9148,.F.);
#9148 = EDGE_LOOP('',(#9149,#9155,#9156,#9157));
#9149 = ORIENTED_EDGE('',*,*,#9150,.T.);
#9150 = EDGE_CURVE('',#334,#8433,#9151,.T.);
#9151 = LINE('',#9152,#9153);
#9152 = CARTESIAN_POINT('',(15.,-136.2331615074,-13.));
#9153 = VECTOR('',#9154,1.);
#9154 = DIRECTION('',(-1.224646799147E-16,-0.,1.));
#9155 = ORIENTED_EDGE('',*,*,#8432,.T.);
#9156 = ORIENTED_EDGE('',*,*,#9116,.F.);
#9157 = ORIENTED_EDGE('',*,*,#333,.F.);
#9158 = PLANE('',#9159);
#9159 = AXIS2_PLACEMENT_3D('',#9160,#9161,#9162);
#9160 = CARTESIAN_POINT('',(15.,-136.2331615074,-13.));
#9161 = DIRECTION('',(-0.5,-0.866025403784,-6.123233995741E-17));
#9162 = DIRECTION('',(-0.866025403784,0.5,-1.060575238725E-16));
#9163 = ADVANCED_FACE('',(#9164),#9175,.F.);
#9164 = FACE_BOUND('',#9165,.F.);
#9165 = EDGE_LOOP('',(#9166,#9167,#9168,#9174));
#9166 = ORIENTED_EDGE('',*,*,#9135,.T.);
#9167 = ORIENTED_EDGE('',*,*,#8448,.T.);
#9168 = ORIENTED_EDGE('',*,*,#9169,.F.);
#9169 = EDGE_CURVE('',#342,#8441,#9170,.T.);
#9170 = LINE('',#9171,#9172);
#9171 = CARTESIAN_POINT('',(17.800000000001,-134.6165807537,-13.));
#9172 = VECTOR('',#9173,1.);
#9173 = DIRECTION('',(-1.224646799147E-16,-0.,1.));
#9174 = ORIENTED_EDGE('',*,*,#349,.F.);
#9175 = PLANE('',#9176);
#9176 = AXIS2_PLACEMENT_3D('',#9177,#9178,#9179);
#9177 = CARTESIAN_POINT('',(17.800000000001,-131.3834192462,-13.));
#9178 = DIRECTION('',(1.,0.,1.224646799147E-16));
#9179 = DIRECTION('',(0.,-1.,-0.));
#9180 = ADVANCED_FACE('',(#9181),#9187,.F.);
#9181 = FACE_BOUND('',#9182,.F.);
#9182 = EDGE_LOOP('',(#9183,#9184,#9185,#9186));
#9183 = ORIENTED_EDGE('',*,*,#9169,.T.);
#9184 = ORIENTED_EDGE('',*,*,#8440,.T.);
#9185 = ORIENTED_EDGE('',*,*,#9150,.F.);
#9186 = ORIENTED_EDGE('',*,*,#341,.F.);
#9187 = PLANE('',#9188);
#9188 = AXIS2_PLACEMENT_3D('',#9189,#9190,#9191);
#9189 = CARTESIAN_POINT('',(17.800000000001,-134.6165807537,-13.));
#9190 = DIRECTION('',(0.5,-0.866025403784,6.123233995739E-17));
#9191 = DIRECTION('',(-0.866025403784,-0.5,-1.060575238725E-16));
#9192 = ADVANCED_FACE('',(#9193),#9204,.F.);
#9193 = FACE_BOUND('',#9194,.F.);
#9194 = EDGE_LOOP('',(#9195,#9201,#9202,#9203));
#9195 = ORIENTED_EDGE('',*,*,#9196,.T.);
#9196 = EDGE_CURVE('',#228,#8624,#9197,.T.);
#9197 = LINE('',#9198,#9199);
#9198 = CARTESIAN_POINT('',(-17.8,-134.6165807537,-13.));
#9199 = VECTOR('',#9200,1.);
#9200 = DIRECTION('',(-1.224646799147E-16,-0.,1.));
#9201 = ORIENTED_EDGE('',*,*,#8623,.T.);
#9202 = ORIENTED_EDGE('',*,*,#284,.F.);
#9203 = ORIENTED_EDGE('',*,*,#227,.F.);
#9204 = PLANE('',#9205);
#9205 = AXIS2_PLACEMENT_3D('',#9206,#9207,#9208);
#9206 = CARTESIAN_POINT('',(-17.8,-134.6165807537,-13.));
#9207 = DIRECTION('',(-1.,5.5601E-13,-1.224646799147E-16));
#9208 = DIRECTION('',(5.5601E-13,1.,6.809158667939E-29));
#9209 = ADVANCED_FACE('',(#9210),#9221,.F.);
#9210 = FACE_BOUND('',#9211,.F.);
#9211 = EDGE_LOOP('',(#9212,#9213,#9214,#9220));
#9212 = ORIENTED_EDGE('',*,*,#300,.T.);
#9213 = ORIENTED_EDGE('',*,*,#8655,.T.);
#9214 = ORIENTED_EDGE('',*,*,#9215,.F.);
#9215 = EDGE_CURVE('',#252,#8648,#9216,.T.);
#9216 = LINE('',#9217,#9218);
#9217 = CARTESIAN_POINT('',(-12.2,-131.3834192462,-13.));
#9218 = VECTOR('',#9219,1.);
#9219 = DIRECTION('',(-1.224646799147E-16,-0.,1.));
#9220 = ORIENTED_EDGE('',*,*,#259,.F.);
#9221 = PLANE('',#9222);
#9222 = AXIS2_PLACEMENT_3D('',#9223,#9224,#9225);
#9223 = CARTESIAN_POINT('',(-15.,-129.7668384925,-13.));
#9224 = DIRECTION('',(0.499999999999,0.866025403785,6.123233995727E-17)
  );
#9225 = DIRECTION('',(0.866025403785,-0.499999999999,1.060575238725E-16)
  );
#9226 = ADVANCED_FACE('',(#9227),#9238,.F.);
#9227 = FACE_BOUND('',#9228,.F.);
#9228 = EDGE_LOOP('',(#9229,#9235,#9236,#9237));
#9229 = ORIENTED_EDGE('',*,*,#9230,.T.);
#9230 = EDGE_CURVE('',#236,#8632,#9231,.T.);
#9231 = LINE('',#9232,#9233);
#9232 = CARTESIAN_POINT('',(-15.,-136.2331615074,-13.));
#9233 = VECTOR('',#9234,1.);
#9234 = DIRECTION('',(-1.224646799147E-16,-0.,1.));
#9235 = ORIENTED_EDGE('',*,*,#8631,.T.);
#9236 = ORIENTED_EDGE('',*,*,#9196,.F.);
#9237 = ORIENTED_EDGE('',*,*,#235,.F.);
#9238 = PLANE('',#9239);
#9239 = AXIS2_PLACEMENT_3D('',#9240,#9241,#9242);
#9240 = CARTESIAN_POINT('',(-15.,-136.2331615074,-13.));
#9241 = DIRECTION('',(-0.499999999999,-0.866025403785,
    -6.123233995719E-17));
#9242 = DIRECTION('',(-0.866025403785,0.499999999999,-1.060575238726E-16
    ));
#9243 = ADVANCED_FACE('',(#9244),#9255,.F.);
#9244 = FACE_BOUND('',#9245,.F.);
#9245 = EDGE_LOOP('',(#9246,#9247,#9248,#9254));
#9246 = ORIENTED_EDGE('',*,*,#9215,.T.);
#9247 = ORIENTED_EDGE('',*,*,#8647,.T.);
#9248 = ORIENTED_EDGE('',*,*,#9249,.F.);
#9249 = EDGE_CURVE('',#244,#8640,#9250,.T.);
#9250 = LINE('',#9251,#9252);
#9251 = CARTESIAN_POINT('',(-12.2,-134.6165807537,-13.));
#9252 = VECTOR('',#9253,1.);
#9253 = DIRECTION('',(-1.224646799147E-16,-0.,1.));
#9254 = ORIENTED_EDGE('',*,*,#251,.F.);
#9255 = PLANE('',#9256);
#9256 = AXIS2_PLACEMENT_3D('',#9257,#9258,#9259);
#9257 = CARTESIAN_POINT('',(-12.2,-131.3834192462,-13.));
#9258 = DIRECTION('',(1.,0.,1.224646799147E-16));
#9259 = DIRECTION('',(0.,-1.,-0.));
#9260 = ADVANCED_FACE('',(#9261),#9267,.F.);
#9261 = FACE_BOUND('',#9262,.F.);
#9262 = EDGE_LOOP('',(#9263,#9264,#9265,#9266));
#9263 = ORIENTED_EDGE('',*,*,#9249,.T.);
#9264 = ORIENTED_EDGE('',*,*,#8639,.T.);
#9265 = ORIENTED_EDGE('',*,*,#9230,.F.);
#9266 = ORIENTED_EDGE('',*,*,#243,.F.);
#9267 = PLANE('',#9268);
#9268 = AXIS2_PLACEMENT_3D('',#9269,#9270,#9271);
#9269 = CARTESIAN_POINT('',(-12.2,-134.6165807537,-13.));
#9270 = DIRECTION('',(0.500000000001,-0.866025403784,6.123233995744E-17)
  );
#9271 = DIRECTION('',(-0.866025403784,-0.500000000001,
    -1.060575238724E-16));
#9272 = ADVANCED_FACE('',(#9273),#9284,.F.);
#9273 = FACE_BOUND('',#9274,.F.);
#9274 = EDGE_LOOP('',(#9275,#9281,#9282,#9283));
#9275 = ORIENTED_EDGE('',*,*,#9276,.T.);
#9276 = EDGE_CURVE('',#130,#8865,#9277,.T.);
#9277 = LINE('',#9278,#9279);
#9278 = CARTESIAN_POINT('',(-8.8,-104.6165807537,-13.));
#9279 = VECTOR('',#9280,1.);
#9280 = DIRECTION('',(-1.224646799147E-16,-0.,1.));
#9281 = ORIENTED_EDGE('',*,*,#8864,.T.);
#9282 = ORIENTED_EDGE('',*,*,#186,.F.);
#9283 = ORIENTED_EDGE('',*,*,#129,.F.);
#9284 = PLANE('',#9285);
#9285 = AXIS2_PLACEMENT_3D('',#9286,#9287,#9288);
#9286 = CARTESIAN_POINT('',(-8.8,-104.6165807537,-13.));
#9287 = DIRECTION('',(-1.,0.,-1.224646799147E-16));
#9288 = DIRECTION('',(0.,1.,0.));
#9289 = ADVANCED_FACE('',(#9290),#9301,.F.);
#9290 = FACE_BOUND('',#9291,.F.);
#9291 = EDGE_LOOP('',(#9292,#9293,#9294,#9300));
#9292 = ORIENTED_EDGE('',*,*,#202,.T.);
#9293 = ORIENTED_EDGE('',*,*,#8896,.T.);
#9294 = ORIENTED_EDGE('',*,*,#9295,.F.);
#9295 = EDGE_CURVE('',#154,#8889,#9296,.T.);
#9296 = LINE('',#9297,#9298);
#9297 = CARTESIAN_POINT('',(-3.2,-101.3834192462,-13.));
#9298 = VECTOR('',#9299,1.);
#9299 = DIRECTION('',(-1.224646799147E-16,-0.,1.));
#9300 = ORIENTED_EDGE('',*,*,#161,.F.);
#9301 = PLANE('',#9302);
#9302 = AXIS2_PLACEMENT_3D('',#9303,#9304,#9305);
#9303 = CARTESIAN_POINT('',(-6.,-99.76683849253,-13.));
#9304 = DIRECTION('',(0.5,0.866025403784,6.123233995737E-17));
#9305 = DIRECTION('',(0.866025403784,-0.5,1.060575238725E-16));
#9306 = ADVANCED_FACE('',(#9307),#9318,.F.);
#9307 = FACE_BOUND('',#9308,.F.);
#9308 = EDGE_LOOP('',(#9309,#9315,#9316,#9317));
#9309 = ORIENTED_EDGE('',*,*,#9310,.T.);
#9310 = EDGE_CURVE('',#138,#8873,#9311,.T.);
#9311 = LINE('',#9312,#9313);
#9312 = CARTESIAN_POINT('',(-6.,-106.2331615074,-13.));
#9313 = VECTOR('',#9314,1.);
#9314 = DIRECTION('',(-1.224646799147E-16,-0.,1.));
#9315 = ORIENTED_EDGE('',*,*,#8872,.T.);
#9316 = ORIENTED_EDGE('',*,*,#9276,.F.);
#9317 = ORIENTED_EDGE('',*,*,#137,.F.);
#9318 = PLANE('',#9319);
#9319 = AXIS2_PLACEMENT_3D('',#9320,#9321,#9322);
#9320 = CARTESIAN_POINT('',(-6.,-106.2331615074,-13.));
#9321 = DIRECTION('',(-0.5,-0.866025403784,-6.123233995737E-17));
#9322 = DIRECTION('',(-0.866025403784,0.5,-1.060575238725E-16));
#9323 = ADVANCED_FACE('',(#9324),#9335,.F.);
#9324 = FACE_BOUND('',#9325,.F.);
#9325 = EDGE_LOOP('',(#9326,#9327,#9328,#9334));
#9326 = ORIENTED_EDGE('',*,*,#9295,.T.);
#9327 = ORIENTED_EDGE('',*,*,#8888,.T.);
#9328 = ORIENTED_EDGE('',*,*,#9329,.F.);
#9329 = EDGE_CURVE('',#146,#8881,#9330,.T.);
#9330 = LINE('',#9331,#9332);
#9331 = CARTESIAN_POINT('',(-3.2,-104.6165807537,-13.));
#9332 = VECTOR('',#9333,1.);
#9333 = DIRECTION('',(-1.224646799147E-16,-0.,1.));
#9334 = ORIENTED_EDGE('',*,*,#153,.F.);
#9335 = PLANE('',#9336);
#9336 = AXIS2_PLACEMENT_3D('',#9337,#9338,#9339);
#9337 = CARTESIAN_POINT('',(-3.2,-101.3834192462,-13.));
#9338 = DIRECTION('',(1.,0.,1.224646799147E-16));
#9339 = DIRECTION('',(0.,-1.,-0.));
#9340 = ADVANCED_FACE('',(#9341),#9347,.F.);
#9341 = FACE_BOUND('',#9342,.F.);
#9342 = EDGE_LOOP('',(#9343,#9344,#9345,#9346));
#9343 = ORIENTED_EDGE('',*,*,#9329,.T.);
#9344 = ORIENTED_EDGE('',*,*,#8880,.T.);
#9345 = ORIENTED_EDGE('',*,*,#9310,.F.);
#9346 = ORIENTED_EDGE('',*,*,#145,.F.);
#9347 = PLANE('',#9348);
#9348 = AXIS2_PLACEMENT_3D('',#9349,#9350,#9351);
#9349 = CARTESIAN_POINT('',(-3.2,-104.6165807537,-13.));
#9350 = DIRECTION('',(0.5,-0.866025403784,6.123233995737E-17));
#9351 = DIRECTION('',(-0.866025403784,-0.5,-1.060575238725E-16));
#9352 = ADVANCED_FACE('',(#9353),#9364,.F.);
#9353 = FACE_BOUND('',#9354,.F.);
#9354 = EDGE_LOOP('',(#9355,#9361,#9362,#9363));
#9355 = ORIENTED_EDGE('',*,*,#9356,.T.);
#9356 = EDGE_CURVE('',#32,#9025,#9357,.T.);
#9357 = LINE('',#9358,#9359);
#9358 = CARTESIAN_POINT('',(3.2,-104.6165807537,-13.));
#9359 = VECTOR('',#9360,1.);
#9360 = DIRECTION('',(-1.224646799147E-16,-0.,1.));
#9361 = ORIENTED_EDGE('',*,*,#9024,.T.);
#9362 = ORIENTED_EDGE('',*,*,#88,.F.);
#9363 = ORIENTED_EDGE('',*,*,#31,.F.);
#9364 = PLANE('',#9365);
#9365 = AXIS2_PLACEMENT_3D('',#9366,#9367,#9368);
#9366 = CARTESIAN_POINT('',(3.2,-104.6165807537,-13.));
#9367 = DIRECTION('',(-1.,0.,-1.224646799147E-16));
#9368 = DIRECTION('',(0.,1.,0.));
#9369 = ADVANCED_FACE('',(#9370),#9381,.F.);
#9370 = FACE_BOUND('',#9371,.F.);
#9371 = EDGE_LOOP('',(#9372,#9373,#9374,#9380));
#9372 = ORIENTED_EDGE('',*,*,#104,.T.);
#9373 = ORIENTED_EDGE('',*,*,#9056,.T.);
#9374 = ORIENTED_EDGE('',*,*,#9375,.F.);
#9375 = EDGE_CURVE('',#56,#9049,#9376,.T.);
#9376 = LINE('',#9377,#9378);
#9377 = CARTESIAN_POINT('',(8.8,-101.3834192462,-13.));
#9378 = VECTOR('',#9379,1.);
#9379 = DIRECTION('',(-1.224646799147E-16,-0.,1.));
#9380 = ORIENTED_EDGE('',*,*,#63,.F.);
#9381 = PLANE('',#9382);
#9382 = AXIS2_PLACEMENT_3D('',#9383,#9384,#9385);
#9383 = CARTESIAN_POINT('',(6.,-99.76683849253,-13.));
#9384 = DIRECTION('',(0.5,0.866025403784,6.123233995737E-17));
#9385 = DIRECTION('',(0.866025403784,-0.5,1.060575238725E-16));
#9386 = ADVANCED_FACE('',(#9387),#9398,.F.);
#9387 = FACE_BOUND('',#9388,.F.);
#9388 = EDGE_LOOP('',(#9389,#9395,#9396,#9397));
#9389 = ORIENTED_EDGE('',*,*,#9390,.T.);
#9390 = EDGE_CURVE('',#40,#9033,#9391,.T.);
#9391 = LINE('',#9392,#9393);
#9392 = CARTESIAN_POINT('',(6.,-106.2331615074,-13.));
#9393 = VECTOR('',#9394,1.);
#9394 = DIRECTION('',(-1.224646799147E-16,-0.,1.));
#9395 = ORIENTED_EDGE('',*,*,#9032,.T.);
#9396 = ORIENTED_EDGE('',*,*,#9356,.F.);
#9397 = ORIENTED_EDGE('',*,*,#39,.F.);
#9398 = PLANE('',#9399);
#9399 = AXIS2_PLACEMENT_3D('',#9400,#9401,#9402);
#9400 = CARTESIAN_POINT('',(6.,-106.2331615074,-13.));
#9401 = DIRECTION('',(-0.5,-0.866025403784,-6.123233995737E-17));
#9402 = DIRECTION('',(-0.866025403784,0.5,-1.060575238725E-16));
#9403 = ADVANCED_FACE('',(#9404),#9415,.F.);
#9404 = FACE_BOUND('',#9405,.F.);
#9405 = EDGE_LOOP('',(#9406,#9407,#9408,#9414));
#9406 = ORIENTED_EDGE('',*,*,#9375,.T.);
#9407 = ORIENTED_EDGE('',*,*,#9048,.T.);
#9408 = ORIENTED_EDGE('',*,*,#9409,.F.);
#9409 = EDGE_CURVE('',#48,#9041,#9410,.T.);
#9410 = LINE('',#9411,#9412);
#9411 = CARTESIAN_POINT('',(8.8,-104.6165807537,-13.));
#9412 = VECTOR('',#9413,1.);
#9413 = DIRECTION('',(-1.224646799147E-16,-0.,1.));
#9414 = ORIENTED_EDGE('',*,*,#55,.F.);
#9415 = PLANE('',#9416);
#9416 = AXIS2_PLACEMENT_3D('',#9417,#9418,#9419);
#9417 = CARTESIAN_POINT('',(8.8,-101.3834192462,-13.));
#9418 = DIRECTION('',(1.,0.,1.224646799147E-16));
#9419 = DIRECTION('',(0.,-1.,-0.));
#9420 = ADVANCED_FACE('',(#9421),#9427,.F.);
#9421 = FACE_BOUND('',#9422,.F.);
#9422 = EDGE_LOOP('',(#9423,#9424,#9425,#9426));
#9423 = ORIENTED_EDGE('',*,*,#9409,.T.);
#9424 = ORIENTED_EDGE('',*,*,#9040,.T.);
#9425 = ORIENTED_EDGE('',*,*,#9390,.F.);
#9426 = ORIENTED_EDGE('',*,*,#47,.F.);
#9427 = PLANE('',#9428);
#9428 = AXIS2_PLACEMENT_3D('',#9429,#9430,#9431);
#9429 = CARTESIAN_POINT('',(8.8,-104.6165807537,-13.));
#9430 = DIRECTION('',(0.5,-0.866025403784,6.123233995737E-17));
#9431 = DIRECTION('',(-0.866025403784,-0.5,-1.060575238725E-16));
#9432 = ADVANCED_FACE('',(#9433),#9443,.F.);
#9433 = FACE_BOUND('',#9434,.T.);
#9434 = EDGE_LOOP('',(#9435,#9436,#9441,#9442));
#9435 = ORIENTED_EDGE('',*,*,#365,.F.);
#9436 = ORIENTED_EDGE('',*,*,#9437,.F.);
#9437 = EDGE_CURVE('',#3207,#366,#9438,.T.);
#9438 = B_SPLINE_CURVE_WITH_KNOTS('',1,(#9439,#9440),.UNSPECIFIED.,.F.,
  .F.,(2,2),(-1.,1.),.PIECEWISE_BEZIER_KNOTS.);
#9439 = CARTESIAN_POINT('',(13.125,-133.,-15.));
#9440 = CARTESIAN_POINT('',(13.125,-133.,-13.));
#9441 = ORIENTED_EDGE('',*,*,#3206,.F.);
#9442 = ORIENTED_EDGE('',*,*,#9437,.T.);
#9443 = CYLINDRICAL_SURFACE('',#9444,1.875);
#9444 = AXIS2_PLACEMENT_3D('',#9445,#9446,#9447);
#9445 = CARTESIAN_POINT('',(15.,-133.,-14.));
#9446 = DIRECTION('',(-1.224646799147E-16,-0.,1.));
#9447 = DIRECTION('',(-1.,0.,-1.224646799147E-16));
#9448 = ADVANCED_FACE('',(#9449),#9459,.F.);
#9449 = FACE_BOUND('',#9450,.T.);
#9450 = EDGE_LOOP('',(#9451,#9452,#9457,#9458));
#9451 = ORIENTED_EDGE('',*,*,#267,.F.);
#9452 = ORIENTED_EDGE('',*,*,#9453,.F.);
#9453 = EDGE_CURVE('',#3218,#268,#9454,.T.);
#9454 = B_SPLINE_CURVE_WITH_KNOTS('',1,(#9455,#9456),.UNSPECIFIED.,.F.,
  .F.,(2,2),(-1.,1.),.PIECEWISE_BEZIER_KNOTS.);
#9455 = CARTESIAN_POINT('',(-16.875,-133.,-15.));
#9456 = CARTESIAN_POINT('',(-16.875,-133.,-13.));
#9457 = ORIENTED_EDGE('',*,*,#3217,.F.);
#9458 = ORIENTED_EDGE('',*,*,#9453,.T.);
#9459 = CYLINDRICAL_SURFACE('',#9460,1.875);
#9460 = AXIS2_PLACEMENT_3D('',#9461,#9462,#9463);
#9461 = CARTESIAN_POINT('',(-15.,-133.,-14.));
#9462 = DIRECTION('',(-1.224646799147E-16,-0.,1.));
#9463 = DIRECTION('',(-1.,0.,-1.224646799147E-16));
#9464 = ADVANCED_FACE('',(#9465),#9475,.F.);
#9465 = FACE_BOUND('',#9466,.T.);
#9466 = EDGE_LOOP('',(#9467,#9468,#9473,#9474));
#9467 = ORIENTED_EDGE('',*,*,#71,.F.);
#9468 = ORIENTED_EDGE('',*,*,#9469,.F.);
#9469 = EDGE_CURVE('',#3229,#72,#9470,.T.);
#9470 = B_SPLINE_CURVE_WITH_KNOTS('',1,(#9471,#9472),.UNSPECIFIED.,.F.,
  .F.,(2,2),(-1.,1.),.PIECEWISE_BEZIER_KNOTS.);
#9471 = CARTESIAN_POINT('',(4.125,-103.,-15.));
#9472 = CARTESIAN_POINT('',(4.125,-103.,-13.));
#9473 = ORIENTED_EDGE('',*,*,#3228,.F.);
#9474 = ORIENTED_EDGE('',*,*,#9469,.T.);
#9475 = CYLINDRICAL_SURFACE('',#9476,1.875);
#9476 = AXIS2_PLACEMENT_3D('',#9477,#9478,#9479);
#9477 = CARTESIAN_POINT('',(6.,-103.,-14.));
#9478 = DIRECTION('',(-1.224646799147E-16,-0.,1.));
#9479 = DIRECTION('',(-1.,0.,-1.224646799147E-16));
#9480 = ADVANCED_FACE('',(#9481),#9491,.F.);
#9481 = FACE_BOUND('',#9482,.T.);
#9482 = EDGE_LOOP('',(#9483,#9484,#9489,#9490));
#9483 = ORIENTED_EDGE('',*,*,#169,.F.);
#9484 = ORIENTED_EDGE('',*,*,#9485,.F.);
#9485 = EDGE_CURVE('',#3240,#170,#9486,.T.);
#9486 = B_SPLINE_CURVE_WITH_KNOTS('',1,(#9487,#9488),.UNSPECIFIED.,.F.,
  .F.,(2,2),(-1.,1.),.PIECEWISE_BEZIER_KNOTS.);
#9487 = CARTESIAN_POINT('',(-7.875,-103.,-15.));
#9488 = CARTESIAN_POINT('',(-7.875,-103.,-13.));
#9489 = ORIENTED_EDGE('',*,*,#3239,.F.);
#9490 = ORIENTED_EDGE('',*,*,#9485,.T.);
#9491 = CYLINDRICAL_SURFACE('',#9492,1.875);
#9492 = AXIS2_PLACEMENT_3D('',#9493,#9494,#9495);
#9493 = CARTESIAN_POINT('',(-6.,-103.,-14.));
#9494 = DIRECTION('',(-1.224646799147E-16,-0.,1.));
#9495 = DIRECTION('',(-1.,0.,-1.224646799147E-16));
#9496 = ( GEOMETRIC_REPRESENTATION_CONTEXT(3) 
GLOBAL_UNCERTAINTY_ASSIGNED_CONTEXT((#9500)) 
GLOBAL_UNIT_ASSIGNED_CONTEXT((#9497,#9498,#9499)) REPRESENTATION_CONTEXT
('Context #1','3D Context with UNIT and UNCERTAINTY') );
#9497 = ( LENGTH_UNIT() NAMED_UNIT(*) SI_UNIT(.MILLI.,.METRE.) );
#9498 = ( NAMED_UNIT(*) PLANE_ANGLE_UNIT() SI_UNIT($,.RADIAN.) );
#9499 = ( NAMED_UNIT(*) SI_UNIT($,.STERADIAN.) SOLID_ANGLE_UNIT() );
#9500 = UNCERTAINTY_MEASURE_WITH_UNIT(LENGTH_MEASURE(5.E-05),#9497,
  'distance_accuracy_value','confusion accuracy');
#9501 = PRODUCT_RELATED_PRODUCT_CATEGORY('part',$,(#7));
ENDSEC;
END-ISO-10303-21;
