ISO-10303-21;
HEADER;
FILE_DESCRIPTION(('FreeCAD Model'),'2;1');
FILE_NAME('Open CASCADE Shape Model','2025-09-25T17:21:39',('FreeCAD'),(
    'FreeCAD'),'Open CASCADE STEP processor 7.8','FreeCAD','Unknown');
FILE_SCHEMA(('AUTOMOTIVE_DESIGN { 1 0 10303 214 1 1 1 1 }'));
ENDSEC;
DATA;
#1 = APPLICATION_PROTOCOL_DEFINITION('international standard',
  'automotive_design',2000,#2);
#2 = APPLICATION_CONTEXT(
  'core data for automotive mechanical design processes');
#3 = SHAPE_DEFINITION_REPRESENTATION(#4,#10);
#4 = PRODUCT_DEFINITION_SHAPE('','',#5);
#5 = PRODUCT_DEFINITION('design','',#6,#9);
#6 = PRODUCT_DEFINITION_FORMATION('','',#7);
#7 = PRODUCT('Open CASCADE STEP translator 7.8 13',
  'Open CASCADE STEP translator 7.8 13','',(#8));
#8 = PRODUCT_CONTEXT('',#2,'mechanical');
#9 = PRODUCT_DEFINITION_CONTEXT('part definition',#2,'design');
#10 = ADVANCED_BREP_SHAPE_REPRESENTATION('',(#11,#15),#10980);
#11 = AXIS2_PLACEMENT_3D('',#12,#13,#14);
#12 = CARTESIAN_POINT('',(0.,0.,0.));
#13 = DIRECTION('',(0.,0.,1.));
#14 = DIRECTION('',(1.,0.,-0.));
#15 = BREP_WITH_VOIDS('',#16,(#10474,#10727));
#16 = CLOSED_SHELL('',(#17,#84,#115,#182,#213,#280,#311,#378,#409,#449,
    #570,#594,#635,#668,#811,#835,#1085,#1141,#1575,#1713,#1878,#1903,
    #1981,#2015,#2118,#2130,#2171,#2198,#2260,#2277,#2294,#2311,#2328,
    #2347,#2364,#2381,#2393,#2424,#2448,#2472,#2496,#2520,#2537,#2586,
    #2610,#2634,#2658,#2682,#2706,#2730,#2871,#3009,#3139,#3163,#3238,
    #3255,#3393,#3418,#3518,#3535,#3560,#3641,#3665,#3690,#3759,#3851,
    #3868,#3892,#3989,#4001,#4025,#4094,#4111,#4128,#4159,#4183,#4207,
    #4233,#4259,#4285,#4311,#4337,#4363,#4389,#4415,#4441,#4467,#4493,
    #4512,#4639,#4673,#4696,#4713,#4724,#4753,#4928,#4968,#4990,#5077,
    #5101,#5189,#5207,#5296,#5320,#5400,#5431,#5456,#5481,#5505,#5529,
    #5554,#5579,#5596,#5613,#5626,#5648,#5665,#5682,#5694,#5711,#5728,
    #5740,#5870,#5894,#5956,#5968,#5985,#6002,#6014,#6027,#6051,#6073,
    #6091,#6115,#6131,#6148,#6167,#6191,#6207,#6224,#6242,#6254,#6271,
    #6288,#6305,#6317,#6348,#6372,#6396,#6413,#6444,#6468,#6492,#6509,
    #6636,#6670,#6693,#6710,#6721,#6761,#6780,#6811,#6835,#6859,#6883,
    #6907,#6924,#6941,#6955,#6967,#6992,#7017,#7050,#7082,#7114,#7145,
    #7169,#7193,#7217,#7241,#7258,#7281,#7303,#7325,#7496,#7520,#7569,
    #7633,#7657,#7744,#7838,#7862,#7926,#7968,#7994,#8020,#8037,#8054,
    #8071,#8088,#8106,#8123,#8141,#8159,#8218,#8236,#8253,#8265,#8283,
    #8300,#8318,#8336,#8395,#8413,#8430,#8442,#8458,#8475,#8492,#8509,
    #8521,#8552,#8576,#8600,#8617,#8648,#8672,#8696,#8713,#8810,#8822,
    #8834,#8858,#8874,#8886,#8910,#8926,#8938,#8962,#8979,#8991,#9008,
    #9025,#9049,#9073,#9097,#9114,#9131,#9148,#9179,#9203,#9229,#9255,
    #9281,#9307,#9333,#9359,#9376,#9407,#9431,#9457,#9483,#9509,#9535,
    #9561,#9587,#9604,#9637,#9654,#9666,#9694,#9754,#9772,#9789,#9801,
    #9818,#9845,#9873,#9933,#9951,#9969,#9986,#9998,#10015,#10032,#10049
    ,#10066,#10078,#10095,#10112,#10129,#10146,#10158,#10170,#10182,
    #10193,#10204,#10216,#10233,#10250,#10267,#10284,#10301,#10318,
    #10330,#10347,#10364,#10381,#10398,#10410,#10426,#10442,#10458));
#17 = ADVANCED_FACE('',(#18,#68),#79,.T.);
#18 = FACE_BOUND('',#19,.T.);
#19 = EDGE_LOOP('',(#20,#30,#38,#46,#54,#62));
#20 = ORIENTED_EDGE('',*,*,#21,.F.);
#21 = EDGE_CURVE('',#22,#24,#26,.T.);
#22 = VERTEX_POINT('',#23);
#23 = CARTESIAN_POINT('',(-12.19998825182,134.38343557161,
    -13.00000190734));
#24 = VERTEX_POINT('',#25);
#25 = CARTESIAN_POINT('',(-14.99998839315,132.76685506266,
    -13.00000190734));
#26 = LINE('',#27,#28);
#27 = CARTESIAN_POINT('',(-12.19998825182,134.38343557161,
    -13.00000190734));
#28 = VECTOR('',#29,1.);
#29 = DIRECTION('',(-0.866025447496,-0.49999992429,-1.060575292256E-16)
  );
#30 = ORIENTED_EDGE('',*,*,#31,.F.);
#31 = EDGE_CURVE('',#32,#22,#34,.T.);
#32 = VERTEX_POINT('',#33);
#33 = CARTESIAN_POINT('',(-12.19998796917,137.61659707907,
    -13.00000190734));
#34 = LINE('',#35,#36);
#35 = CARTESIAN_POINT('',(-12.19998796917,137.61659707907,
    -13.00000190734));
#36 = VECTOR('',#37,1.);
#37 = DIRECTION('',(-8.742352005E-08,-1.,-1.070629339994E-23));
#38 = ORIENTED_EDGE('',*,*,#39,.F.);
#39 = EDGE_CURVE('',#40,#32,#42,.T.);
#40 = VERTEX_POINT('',#41);
#41 = CARTESIAN_POINT('',(-14.99998782785,139.23317807759,
    -13.00000190734));
#42 = LINE('',#43,#44);
#43 = CARTESIAN_POINT('',(-14.99998782785,139.23317807759,
    -13.00000190734));
#44 = VECTOR('',#45,1.);
#45 = DIRECTION('',(0.866025360073,-0.500000075711,1.060575185194E-16));
#46 = ORIENTED_EDGE('',*,*,#47,.F.);
#47 = EDGE_CURVE('',#48,#40,#50,.T.);
#48 = VERTEX_POINT('',#49);
#49 = CARTESIAN_POINT('',(-17.79998796917,137.61659756864,
    -13.00000190734));
#50 = LINE('',#51,#52);
#51 = CARTESIAN_POINT('',(-17.79998796917,137.61659756864,
    -13.00000190734));
#52 = VECTOR('',#53,1.);
#53 = DIRECTION('',(0.866025447496,0.49999992429,1.060575292256E-16));
#54 = ORIENTED_EDGE('',*,*,#55,.F.);
#55 = EDGE_CURVE('',#56,#48,#58,.T.);
#56 = VERTEX_POINT('',#57);
#57 = CARTESIAN_POINT('',(-17.79998825182,134.38343606118,
    -13.00000190734));
#58 = LINE('',#59,#60);
#59 = CARTESIAN_POINT('',(-17.79998825182,134.38343606118,
    -13.00000190734));
#60 = VECTOR('',#61,1.);
#61 = DIRECTION('',(8.7422769E-08,1.,1.070620142284E-23));
#62 = ORIENTED_EDGE('',*,*,#63,.F.);
#63 = EDGE_CURVE('',#24,#56,#64,.T.);
#64 = LINE('',#65,#66);
#65 = CARTESIAN_POINT('',(-14.99998839315,132.76685506266,
    -13.00000190734));
#66 = VECTOR('',#67,1.);
#67 = DIRECTION('',(-0.866025360073,0.500000075711,-1.060575185193E-16)
  );
#68 = FACE_BOUND('',#69,.T.);
#69 = EDGE_LOOP('',(#70));
#70 = ORIENTED_EDGE('',*,*,#71,.T.);
#71 = EDGE_CURVE('',#72,#72,#74,.T.);
#72 = VERTEX_POINT('',#73);
#73 = CARTESIAN_POINT('',(-13.1249881105,136.00001640621,-13.00000190734
    ));
#74 = CIRCLE('',#75,1.875);
#75 = AXIS2_PLACEMENT_3D('',#76,#77,#78);
#76 = CARTESIAN_POINT('',(-14.9999881105,136.00001657013,-13.00000190734
    ));
#77 = DIRECTION('',(1.224646799147E-16,0.,-1.));
#78 = DIRECTION('',(1.,-8.742276947E-08,1.224646799147E-16));
#79 = PLANE('',#80);
#80 = AXIS2_PLACEMENT_3D('',#81,#82,#83);
#81 = CARTESIAN_POINT('',(1.081280534538E-05,123.68409001955,
    -13.00000190734));
#82 = DIRECTION('',(-1.224646799147E-16,0.,1.));
#83 = DIRECTION('',(-1.,8.7422769E-08,-1.224646799147E-16));
#84 = ADVANCED_FACE('',(#85),#110,.F.);
#85 = FACE_BOUND('',#86,.F.);
#86 = EDGE_LOOP('',(#87,#95,#103,#109));
#87 = ORIENTED_EDGE('',*,*,#88,.T.);
#88 = EDGE_CURVE('',#22,#89,#91,.T.);
#89 = VERTEX_POINT('',#90);
#90 = CARTESIAN_POINT('',(-12.19998825182,134.38343557161,
    -10.50000190734));
#91 = LINE('',#92,#93);
#92 = CARTESIAN_POINT('',(-12.19998825182,134.38343557161,
    -13.00000190734));
#93 = VECTOR('',#94,1.);
#94 = DIRECTION('',(-1.224646799147E-16,0.,1.));
#95 = ORIENTED_EDGE('',*,*,#96,.T.);
#96 = EDGE_CURVE('',#89,#97,#99,.T.);
#97 = VERTEX_POINT('',#98);
#98 = CARTESIAN_POINT('',(-14.99998839315,132.76685506266,
    -10.50000190734));
#99 = LINE('',#100,#101);
#100 = CARTESIAN_POINT('',(-12.19998825182,134.38343557161,
    -10.50000190734));
#101 = VECTOR('',#102,1.);
#102 = DIRECTION('',(-0.866025447496,-0.49999992429,-1.060575292256E-16)
  );
#103 = ORIENTED_EDGE('',*,*,#104,.F.);
#104 = EDGE_CURVE('',#24,#97,#105,.T.);
#105 = LINE('',#106,#107);
#106 = CARTESIAN_POINT('',(-14.99998839315,132.76685506266,
    -13.00000190734));
#107 = VECTOR('',#108,1.);
#108 = DIRECTION('',(-1.224646799147E-16,0.,1.));
#109 = ORIENTED_EDGE('',*,*,#21,.F.);
#110 = PLANE('',#111);
#111 = AXIS2_PLACEMENT_3D('',#112,#113,#114);
#112 = CARTESIAN_POINT('',(-12.19998825182,134.38343557161,
    -13.00000190734));
#113 = DIRECTION('',(0.49999992429,-0.866025447496,6.123233068558E-17));
#114 = DIRECTION('',(-0.866025447496,-0.49999992429,-1.060575292256E-16)
  );
#115 = ADVANCED_FACE('',(#116,#166),#177,.T.);
#116 = FACE_BOUND('',#117,.T.);
#117 = EDGE_LOOP('',(#118,#128,#136,#144,#152,#160));
#118 = ORIENTED_EDGE('',*,*,#119,.F.);
#119 = EDGE_CURVE('',#120,#122,#124,.T.);
#120 = VERTEX_POINT('',#121);
#121 = CARTESIAN_POINT('',(17.800011748172,134.38343294893,
    -13.00000190734));
#122 = VERTEX_POINT('',#123);
#123 = CARTESIAN_POINT('',(15.000011606848,132.76685243998,
    -13.00000190734));
#124 = LINE('',#125,#126);
#125 = CARTESIAN_POINT('',(17.800011748172,134.38343294893,
    -13.00000190734));
#126 = VECTOR('',#127,1.);
#127 = DIRECTION('',(-0.866025447495,-0.49999992429,-1.060575292256E-16)
  );
#128 = ORIENTED_EDGE('',*,*,#129,.F.);
#129 = EDGE_CURVE('',#130,#120,#132,.T.);
#130 = VERTEX_POINT('',#131);
#131 = CARTESIAN_POINT('',(17.800012030826,137.6165944564,
    -13.00000190734));
#132 = LINE('',#133,#134);
#133 = CARTESIAN_POINT('',(17.800012030826,137.6165944564,
    -13.00000190734));
#134 = VECTOR('',#135,1.);
#135 = DIRECTION('',(-8.742332501E-08,-1.,-1.070626951443E-23));
#136 = ORIENTED_EDGE('',*,*,#137,.F.);
#137 = EDGE_CURVE('',#138,#130,#140,.T.);
#138 = VERTEX_POINT('',#139);
#139 = CARTESIAN_POINT('',(15.000012172149,139.23317545491,
    -13.00000190734));
#140 = LINE('',#141,#142);
#141 = CARTESIAN_POINT('',(15.000012172149,139.23317545491,
    -13.00000190734));
#142 = VECTOR('',#143,1.);
#143 = DIRECTION('',(0.866025360074,-0.500000075709,1.060575185195E-16)
  );
#144 = ORIENTED_EDGE('',*,*,#145,.F.);
#145 = EDGE_CURVE('',#146,#138,#148,.T.);
#146 = VERTEX_POINT('',#147);
#147 = CARTESIAN_POINT('',(12.200012030824,137.61659494596,
    -13.00000190734));
#148 = LINE('',#149,#150);
#149 = CARTESIAN_POINT('',(12.200012030824,137.61659494596,
    -13.00000190734));
#150 = VECTOR('',#151,1.);
#151 = DIRECTION('',(0.866025447495,0.49999992429,1.060575292255E-16));
#152 = ORIENTED_EDGE('',*,*,#153,.F.);
#153 = EDGE_CURVE('',#154,#146,#156,.T.);
#154 = VERTEX_POINT('',#155);
#155 = CARTESIAN_POINT('',(12.200011748172,134.38343343849,
    -13.00000190734));
#156 = LINE('',#157,#158);
#157 = CARTESIAN_POINT('',(12.200011748172,134.38343343849,
    -13.00000190734));
#158 = VECTOR('',#159,1.);
#159 = DIRECTION('',(8.7422769E-08,1.,1.070620142284E-23));
#160 = ORIENTED_EDGE('',*,*,#161,.F.);
#161 = EDGE_CURVE('',#122,#154,#162,.T.);
#162 = LINE('',#163,#164);
#163 = CARTESIAN_POINT('',(15.000011606848,132.76685243998,
    -13.00000190734));
#164 = VECTOR('',#165,1.);
#165 = DIRECTION('',(-0.866025360074,0.50000007571,-1.060575185194E-16)
  );
#166 = FACE_BOUND('',#167,.T.);
#167 = EDGE_LOOP('',(#168));
#168 = ORIENTED_EDGE('',*,*,#169,.T.);
#169 = EDGE_CURVE('',#170,#170,#172,.T.);
#170 = VERTEX_POINT('',#171);
#171 = CARTESIAN_POINT('',(16.875011889498,136.00001378353,
    -13.00000190734));
#172 = CIRCLE('',#173,1.875);
#173 = AXIS2_PLACEMENT_3D('',#174,#175,#176);
#174 = CARTESIAN_POINT('',(15.000011889498,136.00001394744,
    -13.00000190734));
#175 = DIRECTION('',(1.224646799147E-16,0.,-1.));
#176 = DIRECTION('',(1.,-8.742276947E-08,1.224646799147E-16));
#177 = PLANE('',#178);
#178 = AXIS2_PLACEMENT_3D('',#179,#180,#181);
#179 = CARTESIAN_POINT('',(1.081280534538E-05,123.68409001955,
    -13.00000190734));
#180 = DIRECTION('',(-1.224646799147E-16,0.,1.));
#181 = DIRECTION('',(-1.,8.7422769E-08,-1.224646799147E-16));
#182 = ADVANCED_FACE('',(#183),#208,.F.);
#183 = FACE_BOUND('',#184,.F.);
#184 = EDGE_LOOP('',(#185,#193,#201,#207));
#185 = ORIENTED_EDGE('',*,*,#186,.T.);
#186 = EDGE_CURVE('',#120,#187,#189,.T.);
#187 = VERTEX_POINT('',#188);
#188 = CARTESIAN_POINT('',(17.800011748172,134.38343294893,
    -10.50000190734));
#189 = LINE('',#190,#191);
#190 = CARTESIAN_POINT('',(17.800011748172,134.38343294893,
    -13.00000190734));
#191 = VECTOR('',#192,1.);
#192 = DIRECTION('',(-1.224646799147E-16,0.,1.));
#193 = ORIENTED_EDGE('',*,*,#194,.T.);
#194 = EDGE_CURVE('',#187,#195,#197,.T.);
#195 = VERTEX_POINT('',#196);
#196 = CARTESIAN_POINT('',(15.000011606848,132.76685243998,
    -10.50000190734));
#197 = LINE('',#198,#199);
#198 = CARTESIAN_POINT('',(17.800011748172,134.38343294893,
    -10.50000190734));
#199 = VECTOR('',#200,1.);
#200 = DIRECTION('',(-0.866025447495,-0.49999992429,-1.060575292256E-16)
  );
#201 = ORIENTED_EDGE('',*,*,#202,.F.);
#202 = EDGE_CURVE('',#122,#195,#203,.T.);
#203 = LINE('',#204,#205);
#204 = CARTESIAN_POINT('',(15.000011606848,132.76685243998,
    -13.00000190734));
#205 = VECTOR('',#206,1.);
#206 = DIRECTION('',(-1.224646799147E-16,0.,1.));
#207 = ORIENTED_EDGE('',*,*,#119,.F.);
#208 = PLANE('',#209);
#209 = AXIS2_PLACEMENT_3D('',#210,#211,#212);
#210 = CARTESIAN_POINT('',(17.800011748172,134.38343294893,
    -13.00000190734));
#211 = DIRECTION('',(0.49999992429,-0.866025447495,6.123233068559E-17));
#212 = DIRECTION('',(-0.866025447495,-0.49999992429,-1.060575292256E-16)
  );
#213 = ADVANCED_FACE('',(#214,#264),#275,.T.);
#214 = FACE_BOUND('',#215,.T.);
#215 = EDGE_LOOP('',(#216,#226,#234,#242,#250,#258));
#216 = ORIENTED_EDGE('',*,*,#217,.F.);
#217 = EDGE_CURVE('',#218,#220,#222,.T.);
#218 = VERTEX_POINT('',#219);
#219 = CARTESIAN_POINT('',(8.800009125489,104.38343373573,
    -13.00000190734));
#220 = VERTEX_POINT('',#221);
#221 = CARTESIAN_POINT('',(6.000008984163,102.76685322679,
    -13.00000190734));
#222 = LINE('',#223,#224);
#223 = CARTESIAN_POINT('',(8.800009125489,104.38343373573,
    -13.00000190734));
#224 = VECTOR('',#225,1.);
#225 = DIRECTION('',(-0.866025447496,-0.49999992429,-1.060575292256E-16)
  );
#226 = ORIENTED_EDGE('',*,*,#227,.F.);
#227 = EDGE_CURVE('',#228,#218,#230,.T.);
#228 = VERTEX_POINT('',#229);
#229 = CARTESIAN_POINT('',(8.80000940814,107.6165952432,-13.00000190734)
  );
#230 = LINE('',#231,#232);
#231 = CARTESIAN_POINT('',(8.80000940814,107.6165952432,-13.00000190734)
  );
#232 = VECTOR('',#233,1.);
#233 = DIRECTION('',(-8.7422769E-08,-1.,-1.070620142284E-23));
#234 = ORIENTED_EDGE('',*,*,#235,.F.);
#235 = EDGE_CURVE('',#236,#228,#238,.T.);
#236 = VERTEX_POINT('',#237);
#237 = CARTESIAN_POINT('',(6.000009549466,109.23317624171,
    -13.00000190734));
#238 = LINE('',#239,#240);
#239 = CARTESIAN_POINT('',(6.000009549466,109.23317624171,
    -13.00000190734));
#240 = VECTOR('',#241,1.);
#241 = DIRECTION('',(0.866025360073,-0.50000007571,1.060575185194E-16));
#242 = ORIENTED_EDGE('',*,*,#243,.F.);
#243 = EDGE_CURVE('',#244,#236,#246,.T.);
#244 = VERTEX_POINT('',#245);
#245 = CARTESIAN_POINT('',(3.200009408141,107.61659573276,
    -13.00000190734));
#246 = LINE('',#247,#248);
#247 = CARTESIAN_POINT('',(3.200009408141,107.61659573276,
    -13.00000190734));
#248 = VECTOR('',#249,1.);
#249 = DIRECTION('',(0.866025447496,0.49999992429,1.060575292256E-16));
#250 = ORIENTED_EDGE('',*,*,#251,.F.);
#251 = EDGE_CURVE('',#252,#244,#254,.T.);
#252 = VERTEX_POINT('',#253);
#253 = CARTESIAN_POINT('',(3.200009125489,104.3834342253,-13.00000190734
    ));
#254 = LINE('',#255,#256);
#255 = CARTESIAN_POINT('',(3.200009125489,104.3834342253,-13.00000190734
    ));
#256 = VECTOR('',#257,1.);
#257 = DIRECTION('',(8.7422769E-08,1.,1.070620142284E-23));
#258 = ORIENTED_EDGE('',*,*,#259,.F.);
#259 = EDGE_CURVE('',#220,#252,#260,.T.);
#260 = LINE('',#261,#262);
#261 = CARTESIAN_POINT('',(6.000008984163,102.76685322679,
    -13.00000190734));
#262 = VECTOR('',#263,1.);
#263 = DIRECTION('',(-0.866025360073,0.50000007571,-1.060575185194E-16)
  );
#264 = FACE_BOUND('',#265,.T.);
#265 = EDGE_LOOP('',(#266));
#266 = ORIENTED_EDGE('',*,*,#267,.T.);
#267 = EDGE_CURVE('',#268,#268,#270,.T.);
#268 = VERTEX_POINT('',#269);
#269 = CARTESIAN_POINT('',(7.875009266815,106.00001457033,
    -13.00000190734));
#270 = CIRCLE('',#271,1.875);
#271 = AXIS2_PLACEMENT_3D('',#272,#273,#274);
#272 = CARTESIAN_POINT('',(6.000009266815,106.00001473425,
    -13.00000190734));
#273 = DIRECTION('',(1.224646799147E-16,0.,-1.));
#274 = DIRECTION('',(1.,-8.742276947E-08,1.224646799147E-16));
#275 = PLANE('',#276);
#276 = AXIS2_PLACEMENT_3D('',#277,#278,#279);
#277 = CARTESIAN_POINT('',(1.081280534538E-05,123.68409001955,
    -13.00000190734));
#278 = DIRECTION('',(-1.224646799147E-16,0.,1.));
#279 = DIRECTION('',(-1.,8.7422769E-08,-1.224646799147E-16));
#280 = ADVANCED_FACE('',(#281),#306,.F.);
#281 = FACE_BOUND('',#282,.F.);
#282 = EDGE_LOOP('',(#283,#291,#299,#305));
#283 = ORIENTED_EDGE('',*,*,#284,.T.);
#284 = EDGE_CURVE('',#218,#285,#287,.T.);
#285 = VERTEX_POINT('',#286);
#286 = CARTESIAN_POINT('',(8.800009125489,104.38343373573,
    -10.50000190734));
#287 = LINE('',#288,#289);
#288 = CARTESIAN_POINT('',(8.800009125489,104.38343373573,
    -13.00000190734));
#289 = VECTOR('',#290,1.);
#290 = DIRECTION('',(-1.224646799147E-16,0.,1.));
#291 = ORIENTED_EDGE('',*,*,#292,.T.);
#292 = EDGE_CURVE('',#285,#293,#295,.T.);
#293 = VERTEX_POINT('',#294);
#294 = CARTESIAN_POINT('',(6.000008984163,102.76685322679,
    -10.50000190734));
#295 = LINE('',#296,#297);
#296 = CARTESIAN_POINT('',(8.800009125489,104.38343373573,
    -10.50000190734));
#297 = VECTOR('',#298,1.);
#298 = DIRECTION('',(-0.866025447496,-0.49999992429,-1.060575292256E-16)
  );
#299 = ORIENTED_EDGE('',*,*,#300,.F.);
#300 = EDGE_CURVE('',#220,#293,#301,.T.);
#301 = LINE('',#302,#303);
#302 = CARTESIAN_POINT('',(6.000008984163,102.76685322679,
    -13.00000190734));
#303 = VECTOR('',#304,1.);
#304 = DIRECTION('',(-1.224646799147E-16,0.,1.));
#305 = ORIENTED_EDGE('',*,*,#217,.F.);
#306 = PLANE('',#307);
#307 = AXIS2_PLACEMENT_3D('',#308,#309,#310);
#308 = CARTESIAN_POINT('',(8.800009125489,104.38343373573,
    -13.00000190734));
#309 = DIRECTION('',(0.49999992429,-0.866025447496,6.123233068552E-17));
#310 = DIRECTION('',(-0.866025447496,-0.49999992429,-1.060575292256E-16)
  );
#311 = ADVANCED_FACE('',(#312,#362),#373,.T.);
#312 = FACE_BOUND('',#313,.T.);
#313 = EDGE_LOOP('',(#314,#324,#332,#340,#348,#356));
#314 = ORIENTED_EDGE('',*,*,#315,.F.);
#315 = EDGE_CURVE('',#316,#318,#320,.T.);
#316 = VERTEX_POINT('',#317);
#317 = CARTESIAN_POINT('',(-3.199990874511,104.38343478481,
    -13.00000190734));
#318 = VERTEX_POINT('',#319);
#319 = CARTESIAN_POINT('',(-5.999991015837,102.76685427586,
    -13.00000190734));
#320 = LINE('',#321,#322);
#321 = CARTESIAN_POINT('',(-3.199990874511,104.38343478481,
    -13.00000190734));
#322 = VECTOR('',#323,1.);
#323 = DIRECTION('',(-0.866025447496,-0.49999992429,-1.060575292256E-16)
  );
#324 = ORIENTED_EDGE('',*,*,#325,.F.);
#325 = EDGE_CURVE('',#326,#316,#328,.T.);
#326 = VERTEX_POINT('',#327);
#327 = CARTESIAN_POINT('',(-3.199990591859,107.61659629227,
    -13.00000190734));
#328 = LINE('',#329,#330);
#329 = CARTESIAN_POINT('',(-3.199990591859,107.61659629227,
    -13.00000190734));
#330 = VECTOR('',#331,1.);
#331 = DIRECTION('',(-8.7422769E-08,-1.,-1.070620142284E-23));
#332 = ORIENTED_EDGE('',*,*,#333,.F.);
#333 = EDGE_CURVE('',#334,#326,#336,.T.);
#334 = VERTEX_POINT('',#335);
#335 = CARTESIAN_POINT('',(-5.999990450534,109.23317729078,
    -13.00000190734));
#336 = LINE('',#337,#338);
#337 = CARTESIAN_POINT('',(-5.999990450533,109.23317729078,
    -13.00000190734));
#338 = VECTOR('',#339,1.);
#339 = DIRECTION('',(0.866025360073,-0.50000007571,1.060575185194E-16));
#340 = ORIENTED_EDGE('',*,*,#341,.F.);
#341 = EDGE_CURVE('',#342,#334,#344,.T.);
#342 = VERTEX_POINT('',#343);
#343 = CARTESIAN_POINT('',(-8.799990591859,107.61659678184,
    -13.00000190734));
#344 = LINE('',#345,#346);
#345 = CARTESIAN_POINT('',(-8.799990591859,107.61659678184,
    -13.00000190734));
#346 = VECTOR('',#347,1.);
#347 = DIRECTION('',(0.866025447496,0.49999992429,1.060575292256E-16));
#348 = ORIENTED_EDGE('',*,*,#349,.F.);
#349 = EDGE_CURVE('',#350,#342,#352,.T.);
#350 = VERTEX_POINT('',#351);
#351 = CARTESIAN_POINT('',(-8.799990874511,104.38343527437,
    -13.00000190734));
#352 = LINE('',#353,#354);
#353 = CARTESIAN_POINT('',(-8.799990874511,104.38343527437,
    -13.00000190734));
#354 = VECTOR('',#355,1.);
#355 = DIRECTION('',(8.7422769E-08,1.,1.070620142284E-23));
#356 = ORIENTED_EDGE('',*,*,#357,.F.);
#357 = EDGE_CURVE('',#318,#350,#358,.T.);
#358 = LINE('',#359,#360);
#359 = CARTESIAN_POINT('',(-5.999991015837,102.76685427586,
    -13.00000190734));
#360 = VECTOR('',#361,1.);
#361 = DIRECTION('',(-0.866025360073,0.50000007571,-1.060575185194E-16)
  );
#362 = FACE_BOUND('',#363,.T.);
#363 = EDGE_LOOP('',(#364));
#364 = ORIENTED_EDGE('',*,*,#365,.T.);
#365 = EDGE_CURVE('',#366,#366,#368,.T.);
#366 = VERTEX_POINT('',#367);
#367 = CARTESIAN_POINT('',(-4.124990733185,106.0000156194,
    -13.00000190734));
#368 = CIRCLE('',#369,1.875);
#369 = AXIS2_PLACEMENT_3D('',#370,#371,#372);
#370 = CARTESIAN_POINT('',(-5.999990733185,106.00001578332,
    -13.00000190734));
#371 = DIRECTION('',(1.224646799147E-16,0.,-1.));
#372 = DIRECTION('',(1.,-8.742276947E-08,1.224646799147E-16));
#373 = PLANE('',#374);
#374 = AXIS2_PLACEMENT_3D('',#375,#376,#377);
#375 = CARTESIAN_POINT('',(1.081280534538E-05,123.68409001955,
    -13.00000190734));
#376 = DIRECTION('',(-1.224646799147E-16,0.,1.));
#377 = DIRECTION('',(-1.,8.7422769E-08,-1.224646799147E-16));
#378 = ADVANCED_FACE('',(#379),#404,.F.);
#379 = FACE_BOUND('',#380,.F.);
#380 = EDGE_LOOP('',(#381,#389,#397,#403));
#381 = ORIENTED_EDGE('',*,*,#382,.T.);
#382 = EDGE_CURVE('',#316,#383,#385,.T.);
#383 = VERTEX_POINT('',#384);
#384 = CARTESIAN_POINT('',(-3.199990874511,104.38343478481,
    -10.50000190734));
#385 = LINE('',#386,#387);
#386 = CARTESIAN_POINT('',(-3.199990874511,104.38343478481,
    -13.00000190734));
#387 = VECTOR('',#388,1.);
#388 = DIRECTION('',(-1.224646799147E-16,0.,1.));
#389 = ORIENTED_EDGE('',*,*,#390,.T.);
#390 = EDGE_CURVE('',#383,#391,#393,.T.);
#391 = VERTEX_POINT('',#392);
#392 = CARTESIAN_POINT('',(-5.999991015837,102.76685427586,
    -10.50000190734));
#393 = LINE('',#394,#395);
#394 = CARTESIAN_POINT('',(-3.199990874511,104.38343478481,
    -10.50000190734));
#395 = VECTOR('',#396,1.);
#396 = DIRECTION('',(-0.866025447496,-0.49999992429,-1.060575292256E-16)
  );
#397 = ORIENTED_EDGE('',*,*,#398,.F.);
#398 = EDGE_CURVE('',#318,#391,#399,.T.);
#399 = LINE('',#400,#401);
#400 = CARTESIAN_POINT('',(-5.999991015837,102.76685427586,
    -13.00000190734));
#401 = VECTOR('',#402,1.);
#402 = DIRECTION('',(-1.224646799147E-16,0.,1.));
#403 = ORIENTED_EDGE('',*,*,#315,.F.);
#404 = PLANE('',#405);
#405 = AXIS2_PLACEMENT_3D('',#406,#407,#408);
#406 = CARTESIAN_POINT('',(-3.199990874511,104.38343478481,
    -13.00000190734));
#407 = DIRECTION('',(0.49999992429,-0.866025447496,6.123233068552E-17));
#408 = DIRECTION('',(-0.866025447496,-0.49999992429,-1.060575292256E-16)
  );
#409 = ADVANCED_FACE('',(#410),#444,.T.);
#410 = FACE_BOUND('',#411,.T.);
#411 = EDGE_LOOP('',(#412,#422,#430,#438));
#412 = ORIENTED_EDGE('',*,*,#413,.F.);
#413 = EDGE_CURVE('',#414,#416,#418,.T.);
#414 = VERTEX_POINT('',#415);
#415 = CARTESIAN_POINT('',(12.3,70.3,22.));
#416 = VERTEX_POINT('',#417);
#417 = CARTESIAN_POINT('',(12.3,70.3,17.5));
#418 = LINE('',#419,#420);
#419 = CARTESIAN_POINT('',(12.3,70.3,35.));
#420 = VECTOR('',#421,1.);
#421 = DIRECTION('',(1.224646799147E-16,0.,-1.));
#422 = ORIENTED_EDGE('',*,*,#423,.T.);
#423 = EDGE_CURVE('',#414,#424,#426,.T.);
#424 = VERTEX_POINT('',#425);
#425 = CARTESIAN_POINT('',(8.7,70.3,22.));
#426 = LINE('',#427,#428);
#427 = CARTESIAN_POINT('',(12.3,70.3,22.));
#428 = VECTOR('',#429,1.);
#429 = DIRECTION('',(-1.,0.,-1.224646799147E-16));
#430 = ORIENTED_EDGE('',*,*,#431,.F.);
#431 = EDGE_CURVE('',#432,#424,#434,.T.);
#432 = VERTEX_POINT('',#433);
#433 = CARTESIAN_POINT('',(8.7,70.3,17.5));
#434 = LINE('',#435,#436);
#435 = CARTESIAN_POINT('',(8.7,70.3,23.75));
#436 = VECTOR('',#437,1.);
#437 = DIRECTION('',(-1.224646799147E-16,-0.,1.));
#438 = ORIENTED_EDGE('',*,*,#439,.F.);
#439 = EDGE_CURVE('',#416,#432,#440,.T.);
#440 = LINE('',#441,#442);
#441 = CARTESIAN_POINT('',(12.3,70.3,17.5));
#442 = VECTOR('',#443,1.);
#443 = DIRECTION('',(-1.,0.,-1.224646799147E-16));
#444 = PLANE('',#445);
#445 = AXIS2_PLACEMENT_3D('',#446,#447,#448);
#446 = CARTESIAN_POINT('',(12.3,70.3,35.));
#447 = DIRECTION('',(0.,-1.,-0.));
#448 = DIRECTION('',(1.224646799147E-16,0.,-1.));
#449 = ADVANCED_FACE('',(#450),#565,.T.);
#450 = FACE_BOUND('',#451,.T.);
#451 = EDGE_LOOP('',(#452,#453,#462,#470,#478,#486,#494,#502,#510,#518,
    #527,#535,#543,#551,#559));
#452 = ORIENTED_EDGE('',*,*,#413,.T.);
#453 = ORIENTED_EDGE('',*,*,#454,.F.);
#454 = EDGE_CURVE('',#455,#416,#457,.T.);
#455 = VERTEX_POINT('',#456);
#456 = CARTESIAN_POINT('',(12.3,65.339745962156,12.5));
#457 = CIRCLE('',#458,5.);
#458 = AXIS2_PLACEMENT_3D('',#459,#460,#461);
#459 = CARTESIAN_POINT('',(12.3,65.3,17.5));
#460 = DIRECTION('',(1.,0.,1.224646799147E-16));
#461 = DIRECTION('',(0.,-1.,0.));
#462 = ORIENTED_EDGE('',*,*,#463,.F.);
#463 = EDGE_CURVE('',#464,#455,#466,.T.);
#464 = VERTEX_POINT('',#465);
#465 = CARTESIAN_POINT('',(12.3,59.,12.5));
#466 = LINE('',#467,#468);
#467 = CARTESIAN_POINT('',(12.3,59.,12.5));
#468 = VECTOR('',#469,1.);
#469 = DIRECTION('',(0.,1.,0.));
#470 = ORIENTED_EDGE('',*,*,#471,.T.);
#471 = EDGE_CURVE('',#464,#472,#474,.T.);
#472 = VERTEX_POINT('',#473);
#473 = CARTESIAN_POINT('',(12.3,59.,-2.5));
#474 = LINE('',#475,#476);
#475 = CARTESIAN_POINT('',(12.3,59.,12.5));
#476 = VECTOR('',#477,1.);
#477 = DIRECTION('',(1.224646799147E-16,0.,-1.));
#478 = ORIENTED_EDGE('',*,*,#479,.T.);
#479 = EDGE_CURVE('',#472,#480,#482,.T.);
#480 = VERTEX_POINT('',#481);
#481 = CARTESIAN_POINT('',(12.3,60.,-2.5));
#482 = LINE('',#483,#484);
#483 = CARTESIAN_POINT('',(12.3,68.229742664922,-2.5));
#484 = VECTOR('',#485,1.);
#485 = DIRECTION('',(0.,1.,0.));
#486 = ORIENTED_EDGE('',*,*,#487,.T.);
#487 = EDGE_CURVE('',#480,#488,#490,.T.);
#488 = VERTEX_POINT('',#489);
#489 = CARTESIAN_POINT('',(12.3,60.,-15.));
#490 = LINE('',#491,#492);
#491 = CARTESIAN_POINT('',(12.3,60.,-8.125));
#492 = VECTOR('',#493,1.);
#493 = DIRECTION('',(1.224646799147E-16,0.,-1.));
#494 = ORIENTED_EDGE('',*,*,#495,.T.);
#495 = EDGE_CURVE('',#488,#496,#498,.T.);
#496 = VERTEX_POINT('',#497);
#497 = CARTESIAN_POINT('',(12.3,114.,-15.));
#498 = LINE('',#499,#500);
#499 = CARTESIAN_POINT('',(12.3,76.,-15.));
#500 = VECTOR('',#501,1.);
#501 = DIRECTION('',(-1.2E-16,1.,-1.469576158977E-32));
#502 = ORIENTED_EDGE('',*,*,#503,.F.);
#503 = EDGE_CURVE('',#504,#496,#506,.T.);
#504 = VERTEX_POINT('',#505);
#505 = CARTESIAN_POINT('',(12.3,114.,7.5));
#506 = LINE('',#507,#508);
#507 = CARTESIAN_POINT('',(12.3,114.,12.5));
#508 = VECTOR('',#509,1.);
#509 = DIRECTION('',(1.224646799147E-16,0.,-1.));
#510 = ORIENTED_EDGE('',*,*,#511,.F.);
#511 = EDGE_CURVE('',#512,#504,#514,.T.);
#512 = VERTEX_POINT('',#513);
#513 = CARTESIAN_POINT('',(12.3,78.9,7.5));
#514 = LINE('',#515,#516);
#515 = CARTESIAN_POINT('',(12.3,74.5,7.5));
#516 = VECTOR('',#517,1.);
#517 = DIRECTION('',(-1.2E-16,1.,-1.469576158977E-32));
#518 = ORIENTED_EDGE('',*,*,#519,.F.);
#519 = EDGE_CURVE('',#520,#512,#522,.T.);
#520 = VERTEX_POINT('',#521);
#521 = CARTESIAN_POINT('',(12.3,73.9,12.5));
#522 = CIRCLE('',#523,5.);
#523 = AXIS2_PLACEMENT_3D('',#524,#525,#526);
#524 = CARTESIAN_POINT('',(12.3,78.9,12.5));
#525 = DIRECTION('',(1.,0.,1.224646799147E-16));
#526 = DIRECTION('',(0.,-1.,0.));
#527 = ORIENTED_EDGE('',*,*,#528,.F.);
#528 = EDGE_CURVE('',#529,#520,#531,.T.);
#529 = VERTEX_POINT('',#530);
#530 = CARTESIAN_POINT('',(12.3,73.9,25.));
#531 = LINE('',#532,#533);
#532 = CARTESIAN_POINT('',(12.3,73.9,35.));
#533 = VECTOR('',#534,1.);
#534 = DIRECTION('',(1.224646799147E-16,0.,-1.));
#535 = ORIENTED_EDGE('',*,*,#536,.T.);
#536 = EDGE_CURVE('',#529,#537,#539,.T.);
#537 = VERTEX_POINT('',#538);
#538 = CARTESIAN_POINT('',(12.3,71.5,25.));
#539 = LINE('',#540,#541);
#540 = CARTESIAN_POINT('',(12.3,76.,25.));
#541 = VECTOR('',#542,1.);
#542 = DIRECTION('',(9.E-17,-1.,-2.2E-16));
#543 = ORIENTED_EDGE('',*,*,#544,.F.);
#544 = EDGE_CURVE('',#545,#537,#547,.T.);
#545 = VERTEX_POINT('',#546);
#546 = CARTESIAN_POINT('',(12.3,71.5,23.));
#547 = LINE('',#548,#549);
#548 = CARTESIAN_POINT('',(12.3,71.5,23.));
#549 = VECTOR('',#550,1.);
#550 = DIRECTION('',(-1.224646799147E-16,0.,1.));
#551 = ORIENTED_EDGE('',*,*,#552,.T.);
#552 = EDGE_CURVE('',#545,#553,#555,.T.);
#553 = VERTEX_POINT('',#554);
#554 = CARTESIAN_POINT('',(12.3,71.3,23.));
#555 = LINE('',#556,#557);
#556 = CARTESIAN_POINT('',(12.3,71.5,23.));
#557 = VECTOR('',#558,1.);
#558 = DIRECTION('',(2.694222958124E-32,-1.,-2.2E-16));
#559 = ORIENTED_EDGE('',*,*,#560,.F.);
#560 = EDGE_CURVE('',#414,#553,#561,.T.);
#561 = LINE('',#562,#563);
#562 = CARTESIAN_POINT('',(12.3,69.023976085873,20.723976085873));
#563 = VECTOR('',#564,1.);
#564 = DIRECTION('',(-8.659560562355E-17,0.707106781187,0.707106781187)
  );
#565 = PLANE('',#566);
#566 = AXIS2_PLACEMENT_3D('',#567,#568,#569);
#567 = CARTESIAN_POINT('',(12.3,83.950357849115,0.341015382575));
#568 = DIRECTION('',(1.,-0.,1.224646799147E-16));
#569 = DIRECTION('',(-1.224646799147E-16,0.,1.));
#570 = ADVANCED_FACE('',(#571),#589,.T.);
#571 = FACE_BOUND('',#572,.F.);
#572 = EDGE_LOOP('',(#573,#574,#575,#583));
#573 = ORIENTED_EDGE('',*,*,#560,.F.);
#574 = ORIENTED_EDGE('',*,*,#423,.T.);
#575 = ORIENTED_EDGE('',*,*,#576,.T.);
#576 = EDGE_CURVE('',#424,#577,#579,.T.);
#577 = VERTEX_POINT('',#578);
#578 = CARTESIAN_POINT('',(8.7,71.3,23.));
#579 = LINE('',#580,#581);
#580 = CARTESIAN_POINT('',(8.7,65.5,17.2));
#581 = VECTOR('',#582,1.);
#582 = DIRECTION('',(-8.659560562355E-17,0.707106781187,0.707106781187)
  );
#583 = ORIENTED_EDGE('',*,*,#584,.F.);
#584 = EDGE_CURVE('',#553,#577,#585,.T.);
#585 = LINE('',#586,#587);
#586 = CARTESIAN_POINT('',(12.3,71.3,23.));
#587 = VECTOR('',#588,1.);
#588 = DIRECTION('',(-1.,0.,-1.224646799147E-16));
#589 = PLANE('',#590);
#590 = AXIS2_PLACEMENT_3D('',#591,#592,#593);
#591 = CARTESIAN_POINT('',(12.3,70.8,22.5));
#592 = DIRECTION('',(-8.659560562355E-17,-0.707106781187,0.707106781187)
  );
#593 = DIRECTION('',(1.,-0.,1.224646799147E-16));
#594 = ADVANCED_FACE('',(#595),#630,.F.);
#595 = FACE_BOUND('',#596,.F.);
#596 = EDGE_LOOP('',(#597,#598,#606,#614,#622,#629));
#597 = ORIENTED_EDGE('',*,*,#454,.F.);
#598 = ORIENTED_EDGE('',*,*,#599,.F.);
#599 = EDGE_CURVE('',#600,#455,#602,.T.);
#600 = VERTEX_POINT('',#601);
#601 = CARTESIAN_POINT('',(10.5,65.339745962156,12.5));
#602 = LINE('',#603,#604);
#603 = CARTESIAN_POINT('',(-1.530808498934E-15,65.339745962156,12.5));
#604 = VECTOR('',#605,1.);
#605 = DIRECTION('',(1.,0.,1.224646799147E-16));
#606 = ORIENTED_EDGE('',*,*,#607,.T.);
#607 = EDGE_CURVE('',#600,#608,#610,.T.);
#608 = VERTEX_POINT('',#609);
#609 = CARTESIAN_POINT('',(10.5,65.3,12.5));
#610 = LINE('',#611,#612);
#611 = CARTESIAN_POINT('',(10.5,75.4,12.5));
#612 = VECTOR('',#613,1.);
#613 = DIRECTION('',(0.,-1.,0.));
#614 = ORIENTED_EDGE('',*,*,#615,.T.);
#615 = EDGE_CURVE('',#608,#616,#618,.T.);
#616 = VERTEX_POINT('',#617);
#617 = CARTESIAN_POINT('',(8.7,65.3,12.5));
#618 = LINE('',#619,#620);
#619 = CARTESIAN_POINT('',(12.3,65.3,12.5));
#620 = VECTOR('',#621,1.);
#621 = DIRECTION('',(-1.,0.,-1.224646799147E-16));
#622 = ORIENTED_EDGE('',*,*,#623,.T.);
#623 = EDGE_CURVE('',#616,#432,#624,.T.);
#624 = CIRCLE('',#625,5.);
#625 = AXIS2_PLACEMENT_3D('',#626,#627,#628);
#626 = CARTESIAN_POINT('',(8.7,65.3,17.5));
#627 = DIRECTION('',(1.,0.,1.224646799147E-16));
#628 = DIRECTION('',(0.,-1.,-0.));
#629 = ORIENTED_EDGE('',*,*,#439,.F.);
#630 = CYLINDRICAL_SURFACE('',#631,5.);
#631 = AXIS2_PLACEMENT_3D('',#632,#633,#634);
#632 = CARTESIAN_POINT('',(12.3,65.3,17.5));
#633 = DIRECTION('',(1.,0.,1.224646799147E-16));
#634 = DIRECTION('',(0.,-1.,-0.));
#635 = ADVANCED_FACE('',(#636),#663,.F.);
#636 = FACE_BOUND('',#637,.F.);
#637 = EDGE_LOOP('',(#638,#639,#640,#648,#656,#662));
#638 = ORIENTED_EDGE('',*,*,#431,.F.);
#639 = ORIENTED_EDGE('',*,*,#623,.F.);
#640 = ORIENTED_EDGE('',*,*,#641,.T.);
#641 = EDGE_CURVE('',#616,#642,#644,.T.);
#642 = VERTEX_POINT('',#643);
#643 = CARTESIAN_POINT('',(8.7,71.5,12.5));
#644 = LINE('',#645,#646);
#645 = CARTESIAN_POINT('',(8.7,59.6,12.5));
#646 = VECTOR('',#647,1.);
#647 = DIRECTION('',(0.,1.,0.));
#648 = ORIENTED_EDGE('',*,*,#649,.T.);
#649 = EDGE_CURVE('',#642,#650,#652,.T.);
#650 = VERTEX_POINT('',#651);
#651 = CARTESIAN_POINT('',(8.7,71.5,23.));
#652 = LINE('',#653,#654);
#653 = CARTESIAN_POINT('',(8.7,71.5,12.5));
#654 = VECTOR('',#655,1.);
#655 = DIRECTION('',(-1.224646799147E-16,0.,1.));
#656 = ORIENTED_EDGE('',*,*,#657,.T.);
#657 = EDGE_CURVE('',#650,#577,#658,.T.);
#658 = LINE('',#659,#660);
#659 = CARTESIAN_POINT('',(8.7,65.55,23.));
#660 = VECTOR('',#661,1.);
#661 = DIRECTION('',(2.694222958124E-32,-1.,-2.2E-16));
#662 = ORIENTED_EDGE('',*,*,#576,.F.);
#663 = PLANE('',#664);
#664 = AXIS2_PLACEMENT_3D('',#665,#666,#667);
#665 = CARTESIAN_POINT('',(8.7,59.6,12.5));
#666 = DIRECTION('',(1.,0.,1.224646799147E-16));
#667 = DIRECTION('',(-1.224646799147E-16,2.2E-16,1.));
#668 = ADVANCED_FACE('',(#669),#806,.T.);
#669 = FACE_BOUND('',#670,.T.);
#670 = EDGE_LOOP('',(#671,#679,#680,#681,#682,#683,#684,#692,#700,#708,
    #716,#724,#732,#740,#749,#757,#765,#774,#783,#791,#799));
#671 = ORIENTED_EDGE('',*,*,#672,.T.);
#672 = EDGE_CURVE('',#673,#464,#675,.T.);
#673 = VERTEX_POINT('',#674);
#674 = CARTESIAN_POINT('',(10.238477631085,56.938477631085,12.5));
#675 = LINE('',#676,#677);
#676 = CARTESIAN_POINT('',(10.238477631085,56.938477631085,12.5));
#677 = VECTOR('',#678,1.);
#678 = DIRECTION('',(0.707106781187,0.707106781187,8.659560562355E-17));
#679 = ORIENTED_EDGE('',*,*,#463,.T.);
#680 = ORIENTED_EDGE('',*,*,#599,.F.);
#681 = ORIENTED_EDGE('',*,*,#607,.T.);
#682 = ORIENTED_EDGE('',*,*,#615,.T.);
#683 = ORIENTED_EDGE('',*,*,#641,.T.);
#684 = ORIENTED_EDGE('',*,*,#685,.F.);
#685 = EDGE_CURVE('',#686,#642,#688,.T.);
#686 = VERTEX_POINT('',#687);
#687 = CARTESIAN_POINT('',(-8.7,71.5,12.5));
#688 = LINE('',#689,#690);
#689 = CARTESIAN_POINT('',(-8.7,71.5,12.5));
#690 = VECTOR('',#691,1.);
#691 = DIRECTION('',(1.,0.,1.224646799147E-16));
#692 = ORIENTED_EDGE('',*,*,#693,.F.);
#693 = EDGE_CURVE('',#694,#686,#696,.T.);
#694 = VERTEX_POINT('',#695);
#695 = CARTESIAN_POINT('',(-8.7,65.3,12.5));
#696 = LINE('',#697,#698);
#697 = CARTESIAN_POINT('',(-8.7,59.6,12.5));
#698 = VECTOR('',#699,1.);
#699 = DIRECTION('',(0.,1.,0.));
#700 = ORIENTED_EDGE('',*,*,#701,.T.);
#701 = EDGE_CURVE('',#694,#702,#704,.T.);
#702 = VERTEX_POINT('',#703);
#703 = CARTESIAN_POINT('',(-10.5,65.3,12.5));
#704 = LINE('',#705,#706);
#705 = CARTESIAN_POINT('',(12.3,65.3,12.5));
#706 = VECTOR('',#707,1.);
#707 = DIRECTION('',(-1.,0.,-1.224646799147E-16));
#708 = ORIENTED_EDGE('',*,*,#709,.F.);
#709 = EDGE_CURVE('',#710,#702,#712,.T.);
#710 = VERTEX_POINT('',#711);
#711 = CARTESIAN_POINT('',(-10.5,65.339745962156,12.5));
#712 = LINE('',#713,#714);
#713 = CARTESIAN_POINT('',(-10.5,75.4,12.5));
#714 = VECTOR('',#715,1.);
#715 = DIRECTION('',(0.,-1.,0.));
#716 = ORIENTED_EDGE('',*,*,#717,.T.);
#717 = EDGE_CURVE('',#710,#718,#720,.T.);
#718 = VERTEX_POINT('',#719);
#719 = CARTESIAN_POINT('',(-12.3,65.339745962156,12.5));
#720 = LINE('',#721,#722);
#721 = CARTESIAN_POINT('',(-1.530808498934E-15,65.339745962156,12.5));
#722 = VECTOR('',#723,1.);
#723 = DIRECTION('',(-1.,0.,-1.224646799147E-16));
#724 = ORIENTED_EDGE('',*,*,#725,.F.);
#725 = EDGE_CURVE('',#726,#718,#728,.T.);
#726 = VERTEX_POINT('',#727);
#727 = CARTESIAN_POINT('',(-12.3,59.,12.5));
#728 = LINE('',#729,#730);
#729 = CARTESIAN_POINT('',(-12.3,59.,12.5));
#730 = VECTOR('',#731,1.);
#731 = DIRECTION('',(0.,1.,0.));
#732 = ORIENTED_EDGE('',*,*,#733,.F.);
#733 = EDGE_CURVE('',#734,#726,#736,.T.);
#734 = VERTEX_POINT('',#735);
#735 = CARTESIAN_POINT('',(-10.23847763108,56.938477631085,12.5));
#736 = LINE('',#737,#738);
#737 = CARTESIAN_POINT('',(-10.23847763108,56.938477631085,12.5));
#738 = VECTOR('',#739,1.);
#739 = DIRECTION('',(-0.707106781187,0.707106781187,-8.659560562355E-17)
  );
#740 = ORIENTED_EDGE('',*,*,#741,.F.);
#741 = EDGE_CURVE('',#742,#734,#744,.T.);
#742 = VERTEX_POINT('',#743);
#743 = CARTESIAN_POINT('',(-6.561522368915,53.261522368915,12.5));
#744 = CIRCLE('',#745,2.6);
#745 = AXIS2_PLACEMENT_3D('',#746,#747,#748);
#746 = CARTESIAN_POINT('',(-8.4,55.1,12.5));
#747 = DIRECTION('',(-1.224646799147E-16,0.,1.));
#748 = DIRECTION('',(-1.,0.,-1.224646799147E-16));
#749 = ORIENTED_EDGE('',*,*,#750,.F.);
#750 = EDGE_CURVE('',#751,#742,#753,.T.);
#751 = VERTEX_POINT('',#752);
#752 = CARTESIAN_POINT('',(-4.5,51.2,12.5));
#753 = LINE('',#754,#755);
#754 = CARTESIAN_POINT('',(-4.5,51.2,12.5));
#755 = VECTOR('',#756,1.);
#756 = DIRECTION('',(-0.707106781187,0.707106781187,-8.659560562355E-17)
  );
#757 = ORIENTED_EDGE('',*,*,#758,.F.);
#758 = EDGE_CURVE('',#759,#751,#761,.T.);
#759 = VERTEX_POINT('',#760);
#760 = CARTESIAN_POINT('',(-4.095119045889,51.2,12.5));
#761 = LINE('',#762,#763);
#762 = CARTESIAN_POINT('',(-4.095119045889,51.2,12.5));
#763 = VECTOR('',#764,1.);
#764 = DIRECTION('',(-1.,0.,-1.224646799147E-16));
#765 = ORIENTED_EDGE('',*,*,#766,.F.);
#766 = EDGE_CURVE('',#767,#759,#769,.T.);
#767 = VERTEX_POINT('',#768);
#768 = CARTESIAN_POINT('',(-1.530808498934E-15,55.1,12.5));
#769 = CIRCLE('',#770,4.1);
#770 = AXIS2_PLACEMENT_3D('',#771,#772,#773);
#771 = CARTESIAN_POINT('',(-1.530808498934E-15,51.,12.5));
#772 = DIRECTION('',(-1.224646799147E-16,0.,1.));
#773 = DIRECTION('',(-1.,0.,-1.224646799147E-16));
#774 = ORIENTED_EDGE('',*,*,#775,.T.);
#775 = EDGE_CURVE('',#767,#776,#778,.T.);
#776 = VERTEX_POINT('',#777);
#777 = CARTESIAN_POINT('',(4.095119045889,51.2,12.5));
#778 = CIRCLE('',#779,4.1);
#779 = AXIS2_PLACEMENT_3D('',#780,#781,#782);
#780 = CARTESIAN_POINT('',(-1.530808498934E-15,51.,12.5));
#781 = DIRECTION('',(1.224646799147E-16,0.,-1.));
#782 = DIRECTION('',(1.,0.,1.224646799147E-16));
#783 = ORIENTED_EDGE('',*,*,#784,.T.);
#784 = EDGE_CURVE('',#776,#785,#787,.T.);
#785 = VERTEX_POINT('',#786);
#786 = CARTESIAN_POINT('',(4.5,51.2,12.5));
#787 = LINE('',#788,#789);
#788 = CARTESIAN_POINT('',(4.095119045889,51.2,12.5));
#789 = VECTOR('',#790,1.);
#790 = DIRECTION('',(1.,0.,1.224646799147E-16));
#791 = ORIENTED_EDGE('',*,*,#792,.T.);
#792 = EDGE_CURVE('',#785,#793,#795,.T.);
#793 = VERTEX_POINT('',#794);
#794 = CARTESIAN_POINT('',(6.561522368915,53.261522368915,12.5));
#795 = LINE('',#796,#797);
#796 = CARTESIAN_POINT('',(4.5,51.2,12.5));
#797 = VECTOR('',#798,1.);
#798 = DIRECTION('',(0.707106781187,0.707106781187,8.659560562355E-17));
#799 = ORIENTED_EDGE('',*,*,#800,.T.);
#800 = EDGE_CURVE('',#793,#673,#801,.T.);
#801 = CIRCLE('',#802,2.6);
#802 = AXIS2_PLACEMENT_3D('',#803,#804,#805);
#803 = CARTESIAN_POINT('',(8.4,55.1,12.5));
#804 = DIRECTION('',(1.224646799147E-16,0.,-1.));
#805 = DIRECTION('',(1.,0.,1.224646799147E-16));
#806 = PLANE('',#807);
#807 = AXIS2_PLACEMENT_3D('',#808,#809,#810);
#808 = CARTESIAN_POINT('',(-2.140808498934E-15,61.860019591758,12.5));
#809 = DIRECTION('',(-1.224646799147E-16,-0.,1.));
#810 = DIRECTION('',(1.,0.,1.224646799147E-16));
#811 = ADVANCED_FACE('',(#812),#830,.T.);
#812 = FACE_BOUND('',#813,.T.);
#813 = EDGE_LOOP('',(#814,#815,#823,#829));
#814 = ORIENTED_EDGE('',*,*,#672,.F.);
#815 = ORIENTED_EDGE('',*,*,#816,.T.);
#816 = EDGE_CURVE('',#673,#817,#819,.T.);
#817 = VERTEX_POINT('',#818);
#818 = CARTESIAN_POINT('',(10.238477631085,56.938477631085,-2.5));
#819 = LINE('',#820,#821);
#820 = CARTESIAN_POINT('',(10.238477631085,56.938477631085,12.5));
#821 = VECTOR('',#822,1.);
#822 = DIRECTION('',(1.224646799147E-16,0.,-1.));
#823 = ORIENTED_EDGE('',*,*,#824,.T.);
#824 = EDGE_CURVE('',#817,#472,#825,.T.);
#825 = LINE('',#826,#827);
#826 = CARTESIAN_POINT('',(14.439355629992,61.139355629992,-2.5));
#827 = VECTOR('',#828,1.);
#828 = DIRECTION('',(0.707106781187,0.707106781187,8.659560562355E-17));
#829 = ORIENTED_EDGE('',*,*,#471,.F.);
#830 = PLANE('',#831);
#831 = AXIS2_PLACEMENT_3D('',#832,#833,#834);
#832 = CARTESIAN_POINT('',(10.238477631085,56.938477631085,12.5));
#833 = DIRECTION('',(0.707106781187,-0.707106781187,8.659560562355E-17)
  );
#834 = DIRECTION('',(0.707106781187,0.707106781187,8.659560562355E-17));
#835 = ADVANCED_FACE('',(#836,#1042),#1080,.T.);
#836 = FACE_BOUND('',#837,.T.);
#837 = EDGE_LOOP('',(#838,#848,#856,#864,#872,#880,#888,#894,#895,#896,
    #905,#913,#921,#930,#939,#947,#955,#964,#972,#980,#988,#996,#1004,
    #1012,#1020,#1028,#1036));
#838 = ORIENTED_EDGE('',*,*,#839,.F.);
#839 = EDGE_CURVE('',#840,#842,#844,.T.);
#840 = VERTEX_POINT('',#841);
#841 = CARTESIAN_POINT('',(14.8,47.3,-2.5));
#842 = VERTEX_POINT('',#843);
#843 = CARTESIAN_POINT('',(14.8,45.3,-2.5));
#844 = LINE('',#845,#846);
#845 = CARTESIAN_POINT('',(14.8,47.3,-2.5));
#846 = VECTOR('',#847,1.);
#847 = DIRECTION('',(0.,-1.,0.));
#848 = ORIENTED_EDGE('',*,*,#849,.F.);
#849 = EDGE_CURVE('',#850,#840,#852,.T.);
#850 = VERTEX_POINT('',#851);
#851 = CARTESIAN_POINT('',(7.3,47.3,-2.5));
#852 = LINE('',#853,#854);
#853 = CARTESIAN_POINT('',(7.3,47.3,-2.5));
#854 = VECTOR('',#855,1.);
#855 = DIRECTION('',(1.,0.,1.224646799147E-16));
#856 = ORIENTED_EDGE('',*,*,#857,.F.);
#857 = EDGE_CURVE('',#858,#850,#860,.T.);
#858 = VERTEX_POINT('',#859);
#859 = CARTESIAN_POINT('',(7.3,50.7,-2.5));
#860 = LINE('',#861,#862);
#861 = CARTESIAN_POINT('',(7.3,50.7,-2.5));
#862 = VECTOR('',#863,1.);
#863 = DIRECTION('',(0.,-1.,0.));
#864 = ORIENTED_EDGE('',*,*,#865,.F.);
#865 = EDGE_CURVE('',#866,#858,#868,.T.);
#866 = VERTEX_POINT('',#867);
#867 = CARTESIAN_POINT('',(13.3,50.7,-2.5));
#868 = LINE('',#869,#870);
#869 = CARTESIAN_POINT('',(13.3,50.7,-2.5));
#870 = VECTOR('',#871,1.);
#871 = DIRECTION('',(-1.,0.,-1.224646799147E-16));
#872 = ORIENTED_EDGE('',*,*,#873,.F.);
#873 = EDGE_CURVE('',#874,#866,#876,.T.);
#874 = VERTEX_POINT('',#875);
#875 = CARTESIAN_POINT('',(14.8,52.,-2.5));
#876 = LINE('',#877,#878);
#877 = CARTESIAN_POINT('',(14.8,52.,-2.5));
#878 = VECTOR('',#879,1.);
#879 = DIRECTION('',(-0.75568908279,-0.654930538418,-9.254522163891E-17)
  );
#880 = ORIENTED_EDGE('',*,*,#881,.F.);
#881 = EDGE_CURVE('',#882,#874,#884,.T.);
#882 = VERTEX_POINT('',#883);
#883 = CARTESIAN_POINT('',(14.8,60.,-2.5));
#884 = LINE('',#885,#886);
#885 = CARTESIAN_POINT('',(14.8,60.,-2.5));
#886 = VECTOR('',#887,1.);
#887 = DIRECTION('',(0.,-1.,0.));
#888 = ORIENTED_EDGE('',*,*,#889,.T.);
#889 = EDGE_CURVE('',#882,#480,#890,.T.);
#890 = LINE('',#891,#892);
#891 = CARTESIAN_POINT('',(57.,60.,-2.5));
#892 = VECTOR('',#893,1.);
#893 = DIRECTION('',(-1.,0.,-1.224646799147E-16));
#894 = ORIENTED_EDGE('',*,*,#479,.F.);
#895 = ORIENTED_EDGE('',*,*,#824,.F.);
#896 = ORIENTED_EDGE('',*,*,#897,.T.);
#897 = EDGE_CURVE('',#817,#898,#900,.T.);
#898 = VERTEX_POINT('',#899);
#899 = CARTESIAN_POINT('',(6.561522368915,53.261522368915,-2.5));
#900 = CIRCLE('',#901,2.6);
#901 = AXIS2_PLACEMENT_3D('',#902,#903,#904);
#902 = CARTESIAN_POINT('',(8.4,55.1,-2.5));
#903 = DIRECTION('',(-1.224646799147E-16,0.,1.));
#904 = DIRECTION('',(1.,0.,1.224646799147E-16));
#905 = ORIENTED_EDGE('',*,*,#906,.F.);
#906 = EDGE_CURVE('',#907,#898,#909,.T.);
#907 = VERTEX_POINT('',#908);
#908 = CARTESIAN_POINT('',(4.5,51.2,-2.5));
#909 = LINE('',#910,#911);
#910 = CARTESIAN_POINT('',(11.57011681445,58.27011681445,-2.5));
#911 = VECTOR('',#912,1.);
#912 = DIRECTION('',(0.707106781187,0.707106781187,8.659560562355E-17));
#913 = ORIENTED_EDGE('',*,*,#914,.F.);
#914 = EDGE_CURVE('',#915,#907,#917,.T.);
#915 = VERTEX_POINT('',#916);
#916 = CARTESIAN_POINT('',(4.095119045889,51.2,-2.5));
#917 = LINE('',#918,#919);
#918 = CARTESIAN_POINT('',(17.808050486922,51.2,-2.5));
#919 = VECTOR('',#920,1.);
#920 = DIRECTION('',(1.,0.,1.224646799147E-16));
#921 = ORIENTED_EDGE('',*,*,#922,.T.);
#922 = EDGE_CURVE('',#915,#923,#925,.T.);
#923 = VERTEX_POINT('',#924);
#924 = CARTESIAN_POINT('',(3.061616997868E-16,55.1,-2.5));
#925 = CIRCLE('',#926,4.1);
#926 = AXIS2_PLACEMENT_3D('',#927,#928,#929);
#927 = CARTESIAN_POINT('',(3.061616997868E-16,51.,-2.5));
#928 = DIRECTION('',(-1.224646799147E-16,0.,1.));
#929 = DIRECTION('',(1.,0.,1.224646799147E-16));
#930 = ORIENTED_EDGE('',*,*,#931,.F.);
#931 = EDGE_CURVE('',#932,#923,#934,.T.);
#932 = VERTEX_POINT('',#933);
#933 = CARTESIAN_POINT('',(-4.095119045889,51.2,-2.5));
#934 = CIRCLE('',#935,4.1);
#935 = AXIS2_PLACEMENT_3D('',#936,#937,#938);
#936 = CARTESIAN_POINT('',(3.061616997868E-16,51.,-2.5));
#937 = DIRECTION('',(1.224646799147E-16,0.,-1.));
#938 = DIRECTION('',(-1.,0.,-1.224646799147E-16));
#939 = ORIENTED_EDGE('',*,*,#940,.T.);
#940 = EDGE_CURVE('',#932,#941,#943,.T.);
#941 = VERTEX_POINT('',#942);
#942 = CARTESIAN_POINT('',(-4.5,51.2,-2.5));
#943 = LINE('',#944,#945);
#944 = CARTESIAN_POINT('',(-17.80805048692,51.2,-2.5));
#945 = VECTOR('',#946,1.);
#946 = DIRECTION('',(-1.,0.,-1.224646799147E-16));
#947 = ORIENTED_EDGE('',*,*,#948,.T.);
#948 = EDGE_CURVE('',#941,#949,#951,.T.);
#949 = VERTEX_POINT('',#950);
#950 = CARTESIAN_POINT('',(-6.561522368915,53.261522368915,-2.5));
#951 = LINE('',#952,#953);
#952 = CARTESIAN_POINT('',(-11.57011681445,58.27011681445,-2.5));
#953 = VECTOR('',#954,1.);
#954 = DIRECTION('',(-0.707106781187,0.707106781187,-8.659560562355E-17)
  );
#955 = ORIENTED_EDGE('',*,*,#956,.F.);
#956 = EDGE_CURVE('',#957,#949,#959,.T.);
#957 = VERTEX_POINT('',#958);
#958 = CARTESIAN_POINT('',(-10.23847763108,56.938477631085,-2.5));
#959 = CIRCLE('',#960,2.6);
#960 = AXIS2_PLACEMENT_3D('',#961,#962,#963);
#961 = CARTESIAN_POINT('',(-8.4,55.1,-2.5));
#962 = DIRECTION('',(1.224646799147E-16,0.,-1.));
#963 = DIRECTION('',(-1.,0.,-1.224646799147E-16));
#964 = ORIENTED_EDGE('',*,*,#965,.T.);
#965 = EDGE_CURVE('',#957,#966,#968,.T.);
#966 = VERTEX_POINT('',#967);
#967 = CARTESIAN_POINT('',(-12.3,59.,-2.5));
#968 = LINE('',#969,#970);
#969 = CARTESIAN_POINT('',(-14.43935562999,61.139355629992,-2.5));
#970 = VECTOR('',#971,1.);
#971 = DIRECTION('',(-0.707106781187,0.707106781187,-8.659560562355E-17)
  );
#972 = ORIENTED_EDGE('',*,*,#973,.T.);
#973 = EDGE_CURVE('',#966,#974,#976,.T.);
#974 = VERTEX_POINT('',#975);
#975 = CARTESIAN_POINT('',(-12.3,60.,-2.5));
#976 = LINE('',#977,#978);
#977 = CARTESIAN_POINT('',(-12.3,68.229742664922,-2.5));
#978 = VECTOR('',#979,1.);
#979 = DIRECTION('',(-0.,1.,0.));
#980 = ORIENTED_EDGE('',*,*,#981,.F.);
#981 = EDGE_CURVE('',#982,#974,#984,.T.);
#982 = VERTEX_POINT('',#983);
#983 = CARTESIAN_POINT('',(-14.8,60.,-2.5));
#984 = LINE('',#985,#986);
#985 = CARTESIAN_POINT('',(-57.,60.,-2.5));
#986 = VECTOR('',#987,1.);
#987 = DIRECTION('',(1.,0.,1.224646799147E-16));
#988 = ORIENTED_EDGE('',*,*,#989,.T.);
#989 = EDGE_CURVE('',#982,#990,#992,.T.);
#990 = VERTEX_POINT('',#991);
#991 = CARTESIAN_POINT('',(-14.8,52.,-2.5));
#992 = LINE('',#993,#994);
#993 = CARTESIAN_POINT('',(-14.8,60.,-2.5));
#994 = VECTOR('',#995,1.);
#995 = DIRECTION('',(0.,-1.,0.));
#996 = ORIENTED_EDGE('',*,*,#997,.T.);
#997 = EDGE_CURVE('',#990,#998,#1000,.T.);
#998 = VERTEX_POINT('',#999);
#999 = CARTESIAN_POINT('',(-13.3,50.7,-2.5));
#1000 = LINE('',#1001,#1002);
#1001 = CARTESIAN_POINT('',(-14.8,52.,-2.5));
#1002 = VECTOR('',#1003,1.);
#1003 = DIRECTION('',(0.75568908279,-0.654930538418,9.254522163891E-17)
  );
#1004 = ORIENTED_EDGE('',*,*,#1005,.T.);
#1005 = EDGE_CURVE('',#998,#1006,#1008,.T.);
#1006 = VERTEX_POINT('',#1007);
#1007 = CARTESIAN_POINT('',(-7.3,50.7,-2.5));
#1008 = LINE('',#1009,#1010);
#1009 = CARTESIAN_POINT('',(-13.3,50.7,-2.5));
#1010 = VECTOR('',#1011,1.);
#1011 = DIRECTION('',(1.,0.,1.224646799147E-16));
#1012 = ORIENTED_EDGE('',*,*,#1013,.T.);
#1013 = EDGE_CURVE('',#1006,#1014,#1016,.T.);
#1014 = VERTEX_POINT('',#1015);
#1015 = CARTESIAN_POINT('',(-7.3,47.3,-2.5));
#1016 = LINE('',#1017,#1018);
#1017 = CARTESIAN_POINT('',(-7.3,50.7,-2.5));
#1018 = VECTOR('',#1019,1.);
#1019 = DIRECTION('',(0.,-1.,0.));
#1020 = ORIENTED_EDGE('',*,*,#1021,.T.);
#1021 = EDGE_CURVE('',#1014,#1022,#1024,.T.);
#1022 = VERTEX_POINT('',#1023);
#1023 = CARTESIAN_POINT('',(-14.8,47.3,-2.5));
#1024 = LINE('',#1025,#1026);
#1025 = CARTESIAN_POINT('',(-7.3,47.3,-2.5));
#1026 = VECTOR('',#1027,1.);
#1027 = DIRECTION('',(-1.,0.,-1.224646799147E-16));
#1028 = ORIENTED_EDGE('',*,*,#1029,.T.);
#1029 = EDGE_CURVE('',#1022,#1030,#1032,.T.);
#1030 = VERTEX_POINT('',#1031);
#1031 = CARTESIAN_POINT('',(-14.8,45.3,-2.5));
#1032 = LINE('',#1033,#1034);
#1033 = CARTESIAN_POINT('',(-14.8,47.3,-2.5));
#1034 = VECTOR('',#1035,1.);
#1035 = DIRECTION('',(0.,-1.,0.));
#1036 = ORIENTED_EDGE('',*,*,#1037,.F.);
#1037 = EDGE_CURVE('',#842,#1030,#1038,.T.);
#1038 = LINE('',#1039,#1040);
#1039 = CARTESIAN_POINT('',(3.061616997868E-16,45.3,-2.5));
#1040 = VECTOR('',#1041,1.);
#1041 = DIRECTION('',(-1.,0.,-1.224646799147E-16));
#1042 = FACE_BOUND('',#1043,.T.);
#1043 = EDGE_LOOP('',(#1044,#1055,#1064,#1073));
#1044 = ORIENTED_EDGE('',*,*,#1045,.T.);
#1045 = EDGE_CURVE('',#1046,#1048,#1050,.T.);
#1046 = VERTEX_POINT('',#1047);
#1047 = CARTESIAN_POINT('',(3.061616997868E-16,52.75,-2.5));
#1048 = VERTEX_POINT('',#1049);
#1049 = CARTESIAN_POINT('',(1.75,51.,-2.5));
#1050 = CIRCLE('',#1051,1.75);
#1051 = AXIS2_PLACEMENT_3D('',#1052,#1053,#1054);
#1052 = CARTESIAN_POINT('',(3.061616997868E-16,51.,-2.5));
#1053 = DIRECTION('',(1.224646799147E-16,0.,-1.));
#1054 = DIRECTION('',(1.,0.,1.224646799147E-16));
#1055 = ORIENTED_EDGE('',*,*,#1056,.T.);
#1056 = EDGE_CURVE('',#1048,#1057,#1059,.T.);
#1057 = VERTEX_POINT('',#1058);
#1058 = CARTESIAN_POINT('',(3.061616997868E-16,49.25,-2.5));
#1059 = CIRCLE('',#1060,1.75);
#1060 = AXIS2_PLACEMENT_3D('',#1061,#1062,#1063);
#1061 = CARTESIAN_POINT('',(3.061616997868E-16,51.,-2.5));
#1062 = DIRECTION('',(1.224646799147E-16,0.,-1.));
#1063 = DIRECTION('',(1.,0.,1.224646799147E-16));
#1064 = ORIENTED_EDGE('',*,*,#1065,.F.);
#1065 = EDGE_CURVE('',#1066,#1057,#1068,.T.);
#1066 = VERTEX_POINT('',#1067);
#1067 = CARTESIAN_POINT('',(-1.75,51.,-2.5));
#1068 = CIRCLE('',#1069,1.75);
#1069 = AXIS2_PLACEMENT_3D('',#1070,#1071,#1072);
#1070 = CARTESIAN_POINT('',(3.061616997868E-16,51.,-2.5));
#1071 = DIRECTION('',(-1.224646799147E-16,0.,1.));
#1072 = DIRECTION('',(-1.,0.,-1.224646799147E-16));
#1073 = ORIENTED_EDGE('',*,*,#1074,.F.);
#1074 = EDGE_CURVE('',#1046,#1066,#1075,.T.);
#1075 = CIRCLE('',#1076,1.75);
#1076 = AXIS2_PLACEMENT_3D('',#1077,#1078,#1079);
#1077 = CARTESIAN_POINT('',(3.061616997868E-16,51.,-2.5));
#1078 = DIRECTION('',(-1.224646799147E-16,0.,1.));
#1079 = DIRECTION('',(-1.,0.,-1.224646799147E-16));
#1080 = PLANE('',#1081);
#1081 = AXIS2_PLACEMENT_3D('',#1082,#1083,#1084);
#1082 = CARTESIAN_POINT('',(9.616169978684E-17,51.327687426867,-2.5));
#1083 = DIRECTION('',(-1.224646799147E-16,0.,1.));
#1084 = DIRECTION('',(-1.,0.,-1.224646799147E-16));
#1085 = ADVANCED_FACE('',(#1086),#1136,.F.);
#1086 = FACE_BOUND('',#1087,.F.);
#1087 = EDGE_LOOP('',(#1088,#1096,#1104,#1112,#1120,#1128,#1134,#1135));
#1088 = ORIENTED_EDGE('',*,*,#1089,.F.);
#1089 = EDGE_CURVE('',#1090,#488,#1092,.T.);
#1090 = VERTEX_POINT('',#1091);
#1091 = CARTESIAN_POINT('',(57.,60.,-15.));
#1092 = LINE('',#1093,#1094);
#1093 = CARTESIAN_POINT('',(57.,60.,-15.));
#1094 = VECTOR('',#1095,1.);
#1095 = DIRECTION('',(-1.,0.,-1.224646799147E-16));
#1096 = ORIENTED_EDGE('',*,*,#1097,.T.);
#1097 = EDGE_CURVE('',#1090,#1098,#1100,.T.);
#1098 = VERTEX_POINT('',#1099);
#1099 = CARTESIAN_POINT('',(57.,60.,-2.5));
#1100 = LINE('',#1101,#1102);
#1101 = CARTESIAN_POINT('',(57.,60.,-15.));
#1102 = VECTOR('',#1103,1.);
#1103 = DIRECTION('',(-1.224646799147E-16,0.,1.));
#1104 = ORIENTED_EDGE('',*,*,#1105,.T.);
#1105 = EDGE_CURVE('',#1098,#1106,#1108,.T.);
#1106 = VERTEX_POINT('',#1107);
#1107 = CARTESIAN_POINT('',(55.2,60.,-2.5));
#1108 = LINE('',#1109,#1110);
#1109 = CARTESIAN_POINT('',(57.,60.,-2.5));
#1110 = VECTOR('',#1111,1.);
#1111 = DIRECTION('',(-1.,0.,-1.224646799147E-16));
#1112 = ORIENTED_EDGE('',*,*,#1113,.T.);
#1113 = EDGE_CURVE('',#1106,#1114,#1116,.T.);
#1114 = VERTEX_POINT('',#1115);
#1115 = CARTESIAN_POINT('',(55.2,60.,-10.));
#1116 = LINE('',#1117,#1118);
#1117 = CARTESIAN_POINT('',(55.2,60.,-2.5));
#1118 = VECTOR('',#1119,1.);
#1119 = DIRECTION('',(1.224646799147E-16,0.,-1.));
#1120 = ORIENTED_EDGE('',*,*,#1121,.F.);
#1121 = EDGE_CURVE('',#1122,#1114,#1124,.T.);
#1122 = VERTEX_POINT('',#1123);
#1123 = CARTESIAN_POINT('',(14.8,60.,-10.));
#1124 = LINE('',#1125,#1126);
#1125 = CARTESIAN_POINT('',(14.8,60.,-10.));
#1126 = VECTOR('',#1127,1.);
#1127 = DIRECTION('',(1.,0.,1.224646799147E-16));
#1128 = ORIENTED_EDGE('',*,*,#1129,.F.);
#1129 = EDGE_CURVE('',#882,#1122,#1130,.T.);
#1130 = LINE('',#1131,#1132);
#1131 = CARTESIAN_POINT('',(14.8,60.,-2.5));
#1132 = VECTOR('',#1133,1.);
#1133 = DIRECTION('',(1.224646799147E-16,0.,-1.));
#1134 = ORIENTED_EDGE('',*,*,#889,.T.);
#1135 = ORIENTED_EDGE('',*,*,#487,.T.);
#1136 = PLANE('',#1137);
#1137 = AXIS2_PLACEMENT_3D('',#1138,#1139,#1140);
#1138 = CARTESIAN_POINT('',(57.,60.,-15.));
#1139 = DIRECTION('',(0.,-1.,0.));
#1140 = DIRECTION('',(-1.,0.,-1.224646799147E-16));
#1141 = ADVANCED_FACE('',(#1142,#1404,#1526,#1537,#1548,#1559),#1570,.T.
  );
#1142 = FACE_BOUND('',#1143,.T.);
#1143 = EDGE_LOOP('',(#1144,#1154,#1163,#1171,#1179,#1187,#1195,#1203,
    #1210,#1211,#1212,#1221,#1229,#1237,#1245,#1254,#1263,#1271,#1279,
    #1287,#1296,#1305,#1314,#1323,#1331,#1339,#1347,#1356,#1365,#1373,
    #1381,#1389,#1398));
#1144 = ORIENTED_EDGE('',*,*,#1145,.T.);
#1145 = EDGE_CURVE('',#1146,#1148,#1150,.T.);
#1146 = VERTEX_POINT('',#1147);
#1147 = CARTESIAN_POINT('',(-12.3,60.,-15.));
#1148 = VERTEX_POINT('',#1149);
#1149 = CARTESIAN_POINT('',(-12.3,114.,-15.));
#1150 = LINE('',#1151,#1152);
#1151 = CARTESIAN_POINT('',(-12.3,71.,-15.));
#1152 = VECTOR('',#1153,1.);
#1153 = DIRECTION('',(-1.2E-16,1.,-1.469576158977E-32));
#1154 = ORIENTED_EDGE('',*,*,#1155,.T.);
#1155 = EDGE_CURVE('',#1148,#1156,#1158,.T.);
#1156 = VERTEX_POINT('',#1157);
#1157 = CARTESIAN_POINT('',(-27.98032258589,137.6,-15.));
#1158 = CIRCLE('',#1159,25.6);
#1159 = AXIS2_PLACEMENT_3D('',#1160,#1161,#1162);
#1160 = CARTESIAN_POINT('',(-37.9,114.,-15.));
#1161 = DIRECTION('',(-1.224646799147E-16,0.,1.));
#1162 = DIRECTION('',(-1.,0.,-1.224646799147E-16));
#1163 = ORIENTED_EDGE('',*,*,#1164,.T.);
#1164 = EDGE_CURVE('',#1156,#1165,#1167,.T.);
#1165 = VERTEX_POINT('',#1166);
#1166 = CARTESIAN_POINT('',(-47.49999999999,137.6,-15.));
#1167 = LINE('',#1168,#1169);
#1168 = CARTESIAN_POINT('',(-35.,137.6,-15.));
#1169 = VECTOR('',#1170,1.);
#1170 = DIRECTION('',(-1.,0.,-1.224646799147E-16));
#1171 = ORIENTED_EDGE('',*,*,#1172,.F.);
#1172 = EDGE_CURVE('',#1173,#1165,#1175,.T.);
#1173 = VERTEX_POINT('',#1174);
#1174 = CARTESIAN_POINT('',(-47.49999999999,142.,-15.));
#1175 = LINE('',#1176,#1177);
#1176 = CARTESIAN_POINT('',(-47.49999999999,142.,-15.));
#1177 = VECTOR('',#1178,1.);
#1178 = DIRECTION('',(-2.694222958124E-32,-1.,2.2E-16));
#1179 = ORIENTED_EDGE('',*,*,#1180,.T.);
#1180 = EDGE_CURVE('',#1173,#1181,#1183,.T.);
#1181 = VERTEX_POINT('',#1182);
#1182 = CARTESIAN_POINT('',(47.499999999995,142.,-15.));
#1183 = LINE('',#1184,#1185);
#1184 = CARTESIAN_POINT('',(8.697019872103E-17,142.,-15.));
#1185 = VECTOR('',#1186,1.);
#1186 = DIRECTION('',(1.,0.,1.224646799147E-16));
#1187 = ORIENTED_EDGE('',*,*,#1188,.T.);
#1188 = EDGE_CURVE('',#1181,#1189,#1191,.T.);
#1189 = VERTEX_POINT('',#1190);
#1190 = CARTESIAN_POINT('',(47.499999999995,137.6,-15.));
#1191 = LINE('',#1192,#1193);
#1192 = CARTESIAN_POINT('',(47.499999999995,142.,-15.));
#1193 = VECTOR('',#1194,1.);
#1194 = DIRECTION('',(-2.694222958124E-32,-1.,2.2E-16));
#1195 = ORIENTED_EDGE('',*,*,#1196,.F.);
#1196 = EDGE_CURVE('',#1197,#1189,#1199,.T.);
#1197 = VERTEX_POINT('',#1198);
#1198 = CARTESIAN_POINT('',(27.980322585891,137.6,-15.));
#1199 = LINE('',#1200,#1201);
#1200 = CARTESIAN_POINT('',(35.,137.6,-15.));
#1201 = VECTOR('',#1202,1.);
#1202 = DIRECTION('',(1.,0.,1.224646799147E-16));
#1203 = ORIENTED_EDGE('',*,*,#1204,.F.);
#1204 = EDGE_CURVE('',#496,#1197,#1205,.T.);
#1205 = CIRCLE('',#1206,25.6);
#1206 = AXIS2_PLACEMENT_3D('',#1207,#1208,#1209);
#1207 = CARTESIAN_POINT('',(37.9,114.,-15.));
#1208 = DIRECTION('',(1.224646799147E-16,0.,-1.));
#1209 = DIRECTION('',(1.,0.,1.224646799147E-16));
#1210 = ORIENTED_EDGE('',*,*,#495,.F.);
#1211 = ORIENTED_EDGE('',*,*,#1089,.F.);
#1212 = ORIENTED_EDGE('',*,*,#1213,.T.);
#1213 = EDGE_CURVE('',#1090,#1214,#1216,.T.);
#1214 = VERTEX_POINT('',#1215);
#1215 = CARTESIAN_POINT('',(64.5,52.5,-15.));
#1216 = CIRCLE('',#1217,7.5);
#1217 = AXIS2_PLACEMENT_3D('',#1218,#1219,#1220);
#1218 = CARTESIAN_POINT('',(57.,52.5,-15.));
#1219 = DIRECTION('',(1.224646799147E-16,0.,-1.));
#1220 = DIRECTION('',(1.,0.,1.224646799147E-16));
#1221 = ORIENTED_EDGE('',*,*,#1222,.F.);
#1222 = EDGE_CURVE('',#1223,#1214,#1225,.T.);
#1223 = VERTEX_POINT('',#1224);
#1224 = CARTESIAN_POINT('',(64.5,45.3,-15.));
#1225 = LINE('',#1226,#1227);
#1226 = CARTESIAN_POINT('',(64.5,45.3,-15.));
#1227 = VECTOR('',#1228,1.);
#1228 = DIRECTION('',(0.,1.,0.));
#1229 = ORIENTED_EDGE('',*,*,#1230,.F.);
#1230 = EDGE_CURVE('',#1231,#1223,#1233,.T.);
#1231 = VERTEX_POINT('',#1232);
#1232 = CARTESIAN_POINT('',(59.55,45.3,-15.));
#1233 = LINE('',#1234,#1235);
#1234 = CARTESIAN_POINT('',(1.836970198721E-15,45.3,-15.));
#1235 = VECTOR('',#1236,1.);
#1236 = DIRECTION('',(1.,0.,1.224646799147E-16));
#1237 = ORIENTED_EDGE('',*,*,#1238,.F.);
#1238 = EDGE_CURVE('',#1239,#1231,#1241,.T.);
#1239 = VERTEX_POINT('',#1240);
#1240 = CARTESIAN_POINT('',(59.55,51.875400025603,-15.));
#1241 = LINE('',#1242,#1243);
#1242 = CARTESIAN_POINT('',(59.55,54.999999999997,-15.));
#1243 = VECTOR('',#1244,1.);
#1244 = DIRECTION('',(0.,-1.,0.));
#1245 = ORIENTED_EDGE('',*,*,#1246,.F.);
#1246 = EDGE_CURVE('',#1247,#1239,#1249,.T.);
#1247 = VERTEX_POINT('',#1248);
#1248 = CARTESIAN_POINT('',(62.625,55.,-15.));
#1249 = CIRCLE('',#1250,3.125);
#1250 = AXIS2_PLACEMENT_3D('',#1251,#1252,#1253);
#1251 = CARTESIAN_POINT('',(59.5,55.,-15.));
#1252 = DIRECTION('',(1.224646799147E-16,0.,-1.));
#1253 = DIRECTION('',(1.,0.,1.224646799147E-16));
#1254 = ORIENTED_EDGE('',*,*,#1255,.F.);
#1255 = EDGE_CURVE('',#1256,#1247,#1258,.T.);
#1256 = VERTEX_POINT('',#1257);
#1257 = CARTESIAN_POINT('',(59.45,51.875400025603,-15.));
#1258 = CIRCLE('',#1259,3.125);
#1259 = AXIS2_PLACEMENT_3D('',#1260,#1261,#1262);
#1260 = CARTESIAN_POINT('',(59.5,55.,-15.));
#1261 = DIRECTION('',(1.224646799147E-16,0.,-1.));
#1262 = DIRECTION('',(1.,0.,1.224646799147E-16));
#1263 = ORIENTED_EDGE('',*,*,#1264,.F.);
#1264 = EDGE_CURVE('',#1265,#1256,#1267,.T.);
#1265 = VERTEX_POINT('',#1266);
#1266 = CARTESIAN_POINT('',(59.45,45.3,-15.));
#1267 = LINE('',#1268,#1269);
#1268 = CARTESIAN_POINT('',(59.45,24.999999999997,-15.));
#1269 = VECTOR('',#1270,1.);
#1270 = DIRECTION('',(0.,1.,0.));
#1271 = ORIENTED_EDGE('',*,*,#1272,.F.);
#1272 = EDGE_CURVE('',#1273,#1265,#1275,.T.);
#1273 = VERTEX_POINT('',#1274);
#1274 = CARTESIAN_POINT('',(5.E-02,45.3,-15.));
#1275 = LINE('',#1276,#1277);
#1276 = CARTESIAN_POINT('',(1.836970198721E-15,45.3,-15.));
#1277 = VECTOR('',#1278,1.);
#1278 = DIRECTION('',(1.,0.,1.224646799147E-16));
#1279 = ORIENTED_EDGE('',*,*,#1280,.F.);
#1280 = EDGE_CURVE('',#1281,#1273,#1283,.T.);
#1281 = VERTEX_POINT('',#1282);
#1282 = CARTESIAN_POINT('',(4.999999999997E-02,47.875400025603,-15.));
#1283 = LINE('',#1284,#1285);
#1284 = CARTESIAN_POINT('',(5.E-02,51.,-15.));
#1285 = VECTOR('',#1286,1.);
#1286 = DIRECTION('',(0.,-1.,0.));
#1287 = ORIENTED_EDGE('',*,*,#1288,.F.);
#1288 = EDGE_CURVE('',#1289,#1281,#1291,.T.);
#1289 = VERTEX_POINT('',#1290);
#1290 = CARTESIAN_POINT('',(3.125,51.,-15.));
#1291 = CIRCLE('',#1292,3.125);
#1292 = AXIS2_PLACEMENT_3D('',#1293,#1294,#1295);
#1293 = CARTESIAN_POINT('',(1.836970198721E-15,51.,-15.));
#1294 = DIRECTION('',(1.224646799147E-16,0.,-1.));
#1295 = DIRECTION('',(1.,0.,1.224646799147E-16));
#1296 = ORIENTED_EDGE('',*,*,#1297,.F.);
#1297 = EDGE_CURVE('',#1298,#1289,#1300,.T.);
#1298 = VERTEX_POINT('',#1299);
#1299 = CARTESIAN_POINT('',(1.836970198721E-15,54.125,-15.));
#1300 = CIRCLE('',#1301,3.125);
#1301 = AXIS2_PLACEMENT_3D('',#1302,#1303,#1304);
#1302 = CARTESIAN_POINT('',(1.836970198721E-15,51.,-15.));
#1303 = DIRECTION('',(1.224646799147E-16,0.,-1.));
#1304 = DIRECTION('',(1.,0.,1.224646799147E-16));
#1305 = ORIENTED_EDGE('',*,*,#1306,.T.);
#1306 = EDGE_CURVE('',#1298,#1307,#1309,.T.);
#1307 = VERTEX_POINT('',#1308);
#1308 = CARTESIAN_POINT('',(-3.125,51.,-15.));
#1309 = CIRCLE('',#1310,3.125);
#1310 = AXIS2_PLACEMENT_3D('',#1311,#1312,#1313);
#1311 = CARTESIAN_POINT('',(1.836970198721E-15,51.,-15.));
#1312 = DIRECTION('',(-1.224646799147E-16,0.,1.));
#1313 = DIRECTION('',(-1.,0.,-1.224646799147E-16));
#1314 = ORIENTED_EDGE('',*,*,#1315,.T.);
#1315 = EDGE_CURVE('',#1307,#1316,#1318,.T.);
#1316 = VERTEX_POINT('',#1317);
#1317 = CARTESIAN_POINT('',(-4.999999999996E-02,47.875400025603,-15.));
#1318 = CIRCLE('',#1319,3.125);
#1319 = AXIS2_PLACEMENT_3D('',#1320,#1321,#1322);
#1320 = CARTESIAN_POINT('',(1.836970198721E-15,51.,-15.));
#1321 = DIRECTION('',(-1.224646799147E-16,0.,1.));
#1322 = DIRECTION('',(-1.,0.,-1.224646799147E-16));
#1323 = ORIENTED_EDGE('',*,*,#1324,.T.);
#1324 = EDGE_CURVE('',#1316,#1325,#1327,.T.);
#1325 = VERTEX_POINT('',#1326);
#1326 = CARTESIAN_POINT('',(-5.E-02,45.3,-15.));
#1327 = LINE('',#1328,#1329);
#1328 = CARTESIAN_POINT('',(-5.E-02,51.,-15.));
#1329 = VECTOR('',#1330,1.);
#1330 = DIRECTION('',(0.,-1.,0.));
#1331 = ORIENTED_EDGE('',*,*,#1332,.T.);
#1332 = EDGE_CURVE('',#1325,#1333,#1335,.T.);
#1333 = VERTEX_POINT('',#1334);
#1334 = CARTESIAN_POINT('',(-59.45,45.3,-15.));
#1335 = LINE('',#1336,#1337);
#1336 = CARTESIAN_POINT('',(1.836970198721E-15,45.3,-15.));
#1337 = VECTOR('',#1338,1.);
#1338 = DIRECTION('',(-1.,0.,-1.224646799147E-16));
#1339 = ORIENTED_EDGE('',*,*,#1340,.T.);
#1340 = EDGE_CURVE('',#1333,#1341,#1343,.T.);
#1341 = VERTEX_POINT('',#1342);
#1342 = CARTESIAN_POINT('',(-59.45,51.875400025603,-15.));
#1343 = LINE('',#1344,#1345);
#1344 = CARTESIAN_POINT('',(-59.45,24.999999999997,-15.));
#1345 = VECTOR('',#1346,1.);
#1346 = DIRECTION('',(-0.,1.,0.));
#1347 = ORIENTED_EDGE('',*,*,#1348,.T.);
#1348 = EDGE_CURVE('',#1341,#1349,#1351,.T.);
#1349 = VERTEX_POINT('',#1350);
#1350 = CARTESIAN_POINT('',(-62.625,55.,-15.));
#1351 = CIRCLE('',#1352,3.125);
#1352 = AXIS2_PLACEMENT_3D('',#1353,#1354,#1355);
#1353 = CARTESIAN_POINT('',(-59.5,55.,-15.));
#1354 = DIRECTION('',(-1.224646799147E-16,0.,1.));
#1355 = DIRECTION('',(-1.,0.,-1.224646799147E-16));
#1356 = ORIENTED_EDGE('',*,*,#1357,.T.);
#1357 = EDGE_CURVE('',#1349,#1358,#1360,.T.);
#1358 = VERTEX_POINT('',#1359);
#1359 = CARTESIAN_POINT('',(-59.55,51.875400025603,-15.));
#1360 = CIRCLE('',#1361,3.125);
#1361 = AXIS2_PLACEMENT_3D('',#1362,#1363,#1364);
#1362 = CARTESIAN_POINT('',(-59.5,55.,-15.));
#1363 = DIRECTION('',(-1.224646799147E-16,0.,1.));
#1364 = DIRECTION('',(-1.,0.,-1.224646799147E-16));
#1365 = ORIENTED_EDGE('',*,*,#1366,.T.);
#1366 = EDGE_CURVE('',#1358,#1367,#1369,.T.);
#1367 = VERTEX_POINT('',#1368);
#1368 = CARTESIAN_POINT('',(-59.55,45.3,-15.));
#1369 = LINE('',#1370,#1371);
#1370 = CARTESIAN_POINT('',(-59.55,54.999999999997,-15.));
#1371 = VECTOR('',#1372,1.);
#1372 = DIRECTION('',(0.,-1.,0.));
#1373 = ORIENTED_EDGE('',*,*,#1374,.T.);
#1374 = EDGE_CURVE('',#1367,#1375,#1377,.T.);
#1375 = VERTEX_POINT('',#1376);
#1376 = CARTESIAN_POINT('',(-64.5,45.3,-15.));
#1377 = LINE('',#1378,#1379);
#1378 = CARTESIAN_POINT('',(1.836970198721E-15,45.3,-15.));
#1379 = VECTOR('',#1380,1.);
#1380 = DIRECTION('',(-1.,0.,-1.224646799147E-16));
#1381 = ORIENTED_EDGE('',*,*,#1382,.T.);
#1382 = EDGE_CURVE('',#1375,#1383,#1385,.T.);
#1383 = VERTEX_POINT('',#1384);
#1384 = CARTESIAN_POINT('',(-64.5,52.5,-15.));
#1385 = LINE('',#1386,#1387);
#1386 = CARTESIAN_POINT('',(-64.5,45.3,-15.));
#1387 = VECTOR('',#1388,1.);
#1388 = DIRECTION('',(-0.,1.,0.));
#1389 = ORIENTED_EDGE('',*,*,#1390,.F.);
#1390 = EDGE_CURVE('',#1391,#1383,#1393,.T.);
#1391 = VERTEX_POINT('',#1392);
#1392 = CARTESIAN_POINT('',(-57.,60.,-15.));
#1393 = CIRCLE('',#1394,7.5);
#1394 = AXIS2_PLACEMENT_3D('',#1395,#1396,#1397);
#1395 = CARTESIAN_POINT('',(-57.,52.5,-15.));
#1396 = DIRECTION('',(-1.224646799147E-16,0.,1.));
#1397 = DIRECTION('',(-1.,0.,-1.224646799147E-16));
#1398 = ORIENTED_EDGE('',*,*,#1399,.T.);
#1399 = EDGE_CURVE('',#1391,#1146,#1400,.T.);
#1400 = LINE('',#1401,#1402);
#1401 = CARTESIAN_POINT('',(-57.,60.,-15.));
#1402 = VECTOR('',#1403,1.);
#1403 = DIRECTION('',(1.,0.,1.224646799147E-16));
#1404 = FACE_BOUND('',#1405,.T.);
#1405 = EDGE_LOOP('',(#1406,#1416,#1424,#1432,#1440,#1448,#1456,#1464,
    #1472,#1480,#1488,#1496,#1504,#1512,#1520));
#1406 = ORIENTED_EDGE('',*,*,#1407,.T.);
#1407 = EDGE_CURVE('',#1408,#1410,#1412,.T.);
#1408 = VERTEX_POINT('',#1409);
#1409 = CARTESIAN_POINT('',(3.9999999,62.,-15.));
#1410 = VERTEX_POINT('',#1411);
#1411 = CARTESIAN_POINT('',(3.9999999,74.,-15.));
#1412 = LINE('',#1413,#1414);
#1413 = CARTESIAN_POINT('',(3.9999999,62.,-15.));
#1414 = VECTOR('',#1415,1.);
#1415 = DIRECTION('',(0.,1.,0.));
#1416 = ORIENTED_EDGE('',*,*,#1417,.T.);
#1417 = EDGE_CURVE('',#1410,#1418,#1420,.T.);
#1418 = VERTEX_POINT('',#1419);
#1419 = CARTESIAN_POINT('',(-0.791061146512,74.,-15.));
#1420 = LINE('',#1421,#1422);
#1421 = CARTESIAN_POINT('',(3.9999999,74.,-15.));
#1422 = VECTOR('',#1423,1.);
#1423 = DIRECTION('',(-1.,0.,-1.224646799147E-16));
#1424 = ORIENTED_EDGE('',*,*,#1425,.T.);
#1425 = EDGE_CURVE('',#1418,#1426,#1428,.T.);
#1426 = VERTEX_POINT('',#1427);
#1427 = CARTESIAN_POINT('',(-2.912427425581,73.880632267442,-15.));
#1428 = B_SPLINE_CURVE_WITH_KNOTS('',2,(#1429,#1430,#1431),
  .UNSPECIFIED.,.F.,.F.,(3,3),(0.,1.),.PIECEWISE_BEZIER_KNOTS.);
#1429 = CARTESIAN_POINT('',(-0.791061146512,74.,-15.));
#1430 = CARTESIAN_POINT('',(-2.213662890698,74.,-15.));
#1431 = CARTESIAN_POINT('',(-2.912427425581,73.880632267442,-15.));
#1432 = ORIENTED_EDGE('',*,*,#1433,.T.);
#1433 = EDGE_CURVE('',#1426,#1434,#1436,.T.);
#1434 = VERTEX_POINT('',#1435);
#1435 = CARTESIAN_POINT('',(-4.163335855814,73.384084302326,-15.));
#1436 = B_SPLINE_CURVE_WITH_KNOTS('',2,(#1437,#1438,#1439),
  .UNSPECIFIED.,.F.,.F.,(3,3),(0.,1.),.PIECEWISE_BEZIER_KNOTS.);
#1437 = CARTESIAN_POINT('',(-2.912427425581,73.880632267442,-15.));
#1438 = CARTESIAN_POINT('',(-3.611737018605,73.761809593023,-15.));
#1439 = CARTESIAN_POINT('',(-4.163335855814,73.384084302326,-15.));
#1440 = ORIENTED_EDGE('',*,*,#1441,.T.);
#1441 = EDGE_CURVE('',#1434,#1442,#1444,.T.);
#1442 = VERTEX_POINT('',#1443);
#1443 = CARTESIAN_POINT('',(-5.083393995349,72.377906976744,-15.));
#1444 = B_SPLINE_CURVE_WITH_KNOTS('',2,(#1445,#1446,#1447),
  .UNSPECIFIED.,.F.,.F.,(3,3),(0.,1.),.PIECEWISE_BEZIER_KNOTS.);
#1445 = CARTESIAN_POINT('',(-4.163335855814,73.384084302326,-15.));
#1446 = CARTESIAN_POINT('',(-4.715479751163,73.006359011628,-15.));
#1447 = CARTESIAN_POINT('',(-5.083393995349,72.377906976744,-15.));
#1448 = ORIENTED_EDGE('',*,*,#1449,.T.);
#1449 = EDGE_CURVE('',#1442,#1450,#1452,.T.);
#1450 = VERTEX_POINT('',#1451);
#1451 = CARTESIAN_POINT('',(-5.451308239535,70.970021802326,-15.));
#1452 = B_SPLINE_CURVE_WITH_KNOTS('',2,(#1453,#1454,#1455),
  .UNSPECIFIED.,.F.,.F.,(3,3),(0.,1.),.PIECEWISE_BEZIER_KNOTS.);
#1453 = CARTESIAN_POINT('',(-5.083393995349,72.377906976744,-15.));
#1454 = CARTESIAN_POINT('',(-5.451308239535,71.75,-15.));
#1455 = CARTESIAN_POINT('',(-5.451308239535,70.970021802326,-15.));
#1456 = ORIENTED_EDGE('',*,*,#1457,.T.);
#1457 = EDGE_CURVE('',#1450,#1458,#1460,.T.);
#1458 = VERTEX_POINT('',#1459);
#1459 = CARTESIAN_POINT('',(-4.997274809302,69.41769622093,-15.));
#1460 = B_SPLINE_CURVE_WITH_KNOTS('',2,(#1461,#1462,#1463),
  .UNSPECIFIED.,.F.,.F.,(3,3),(0.,1.),.PIECEWISE_BEZIER_KNOTS.);
#1461 = CARTESIAN_POINT('',(-5.451308239535,70.970021802326,-15.));
#1462 = CARTESIAN_POINT('',(-5.451308239535,70.124091569767,-15.));
#1463 = CARTESIAN_POINT('',(-4.997274809302,69.41769622093,-15.));
#1464 = ORIENTED_EDGE('',*,*,#1465,.T.);
#1465 = EDGE_CURVE('',#1458,#1466,#1468,.T.);
#1466 = VERTEX_POINT('',#1467);
#1467 = CARTESIAN_POINT('',(-3.767078588372,68.358648255814,-15.));
#1468 = B_SPLINE_CURVE_WITH_KNOTS('',2,(#1469,#1470,#1471),
  .UNSPECIFIED.,.F.,.F.,(3,3),(0.,1.),.PIECEWISE_BEZIER_KNOTS.);
#1469 = CARTESIAN_POINT('',(-4.997274809302,69.41769622093,-15.));
#1470 = CARTESIAN_POINT('',(-4.543786437209,68.711845930233,-15.));
#1471 = CARTESIAN_POINT('',(-3.767078588372,68.358648255814,-15.));
#1472 = ORIENTED_EDGE('',*,*,#1473,.T.);
#1473 = EDGE_CURVE('',#1466,#1474,#1476,.T.);
#1474 = VERTEX_POINT('',#1475);
#1475 = CARTESIAN_POINT('',(-5.451308239535,67.27289244186,-15.));
#1476 = B_SPLINE_CURVE_WITH_KNOTS('',2,(#1477,#1478,#1479),
  .UNSPECIFIED.,.F.,.F.,(3,3),(0.,1.),.PIECEWISE_BEZIER_KNOTS.);
#1477 = CARTESIAN_POINT('',(-3.767078588372,68.358648255814,-15.));
#1478 = CARTESIAN_POINT('',(-4.862645448837,68.040334302326,-15.));
#1479 = CARTESIAN_POINT('',(-5.451308239535,67.27289244186,-15.));
#1480 = ORIENTED_EDGE('',*,*,#1481,.T.);
#1481 = EDGE_CURVE('',#1474,#1482,#1484,.T.);
#1482 = VERTEX_POINT('',#1483);
#1483 = CARTESIAN_POINT('',(-6.039971030233,65.46929505814,-15.));
#1484 = B_SPLINE_CURVE_WITH_KNOTS('',2,(#1485,#1486,#1487),
  .UNSPECIFIED.,.F.,.F.,(3,3),(0.,1.),.PIECEWISE_BEZIER_KNOTS.);
#1485 = CARTESIAN_POINT('',(-5.451308239535,67.27289244186,-15.));
#1486 = CARTESIAN_POINT('',(-6.039971030233,66.505995639535,-15.));
#1487 = CARTESIAN_POINT('',(-6.039971030233,65.46929505814,-15.));
#1488 = ORIENTED_EDGE('',*,*,#1489,.T.);
#1489 = EDGE_CURVE('',#1482,#1490,#1492,.T.);
#1490 = VERTEX_POINT('',#1491);
#1491 = CARTESIAN_POINT('',(-5.659520448837,63.881540697674,-15.));
#1492 = B_SPLINE_CURVE_WITH_KNOTS('',2,(#1493,#1494,#1495),
  .UNSPECIFIED.,.F.,.F.,(3,3),(0.,1.),.PIECEWISE_BEZIER_KNOTS.);
#1493 = CARTESIAN_POINT('',(-6.039971030233,65.46929505814,-15.));
#1494 = CARTESIAN_POINT('',(-6.039971030233,64.652797965116,-15.));
#1495 = CARTESIAN_POINT('',(-5.659520448837,63.881540697674,-15.));
#1496 = ORIENTED_EDGE('',*,*,#1497,.T.);
#1497 = EDGE_CURVE('',#1490,#1498,#1500,.T.);
#1498 = VERTEX_POINT('',#1499);
#1499 = CARTESIAN_POINT('',(-4.621184693023,62.648619186047,-15.));
#1500 = B_SPLINE_CURVE_WITH_KNOTS('',2,(#1501,#1502,#1503),
  .UNSPECIFIED.,.F.,.F.,(3,3),(0.,1.),.PIECEWISE_BEZIER_KNOTS.);
#1501 = CARTESIAN_POINT('',(-5.659520448837,63.881540697674,-15.));
#1502 = CARTESIAN_POINT('',(-5.279614925581,63.110283430233,-15.));
#1503 = CARTESIAN_POINT('',(-4.621184693023,62.648619186047,-15.));
#1504 = ORIENTED_EDGE('',*,*,#1505,.T.);
#1505 = EDGE_CURVE('',#1498,#1506,#1508,.T.);
#1506 = VERTEX_POINT('',#1507);
#1507 = CARTESIAN_POINT('',(-2.998546611628,62.08175872093,-15.));
#1508 = B_SPLINE_CURVE_WITH_KNOTS('',2,(#1509,#1510,#1511),
  .UNSPECIFIED.,.F.,.F.,(3,3),(0.,1.),.PIECEWISE_BEZIER_KNOTS.);
#1509 = CARTESIAN_POINT('',(-4.621184693023,62.648619186047,-15.));
#1510 = CARTESIAN_POINT('',(-3.963299518605,62.1875,-15.));
#1511 = CARTESIAN_POINT('',(-2.998546611628,62.08175872093,-15.));
#1512 = ORIENTED_EDGE('',*,*,#1513,.T.);
#1513 = EDGE_CURVE('',#1506,#1514,#1516,.T.);
#1514 = VERTEX_POINT('',#1515);
#1515 = CARTESIAN_POINT('',(-7.97602744186E-02,62.,-15.));
#1516 = B_SPLINE_CURVE_WITH_KNOTS('',2,(#1517,#1518,#1519),
  .UNSPECIFIED.,.F.,.F.,(3,3),(0.,1.),.PIECEWISE_BEZIER_KNOTS.);
#1517 = CARTESIAN_POINT('',(-2.998546611628,62.08175872093,-15.));
#1518 = CARTESIAN_POINT('',(-2.393532076744,62.016351744186,-15.));
#1519 = CARTESIAN_POINT('',(-7.97602744186E-02,62.,-15.));
#1520 = ORIENTED_EDGE('',*,*,#1521,.T.);
#1521 = EDGE_CURVE('',#1514,#1408,#1522,.T.);
#1522 = LINE('',#1523,#1524);
#1523 = CARTESIAN_POINT('',(-7.97602744186E-02,62.,-15.));
#1524 = VECTOR('',#1525,1.);
#1525 = DIRECTION('',(1.,0.,1.224646799147E-16));
#1526 = FACE_BOUND('',#1527,.T.);
#1527 = EDGE_LOOP('',(#1528));
#1528 = ORIENTED_EDGE('',*,*,#1529,.T.);
#1529 = EDGE_CURVE('',#1530,#1530,#1532,.T.);
#1530 = VERTEX_POINT('',#1531);
#1531 = CARTESIAN_POINT('',(7.875009266815,106.00001457033,-15.));
#1532 = CIRCLE('',#1533,1.875);
#1533 = AXIS2_PLACEMENT_3D('',#1534,#1535,#1536);
#1534 = CARTESIAN_POINT('',(6.000009266815,106.00001473425,-15.));
#1535 = DIRECTION('',(-1.224646799147E-16,0.,1.));
#1536 = DIRECTION('',(1.,-8.742276947E-08,1.224646799147E-16));
#1537 = FACE_BOUND('',#1538,.T.);
#1538 = EDGE_LOOP('',(#1539));
#1539 = ORIENTED_EDGE('',*,*,#1540,.T.);
#1540 = EDGE_CURVE('',#1541,#1541,#1543,.T.);
#1541 = VERTEX_POINT('',#1542);
#1542 = CARTESIAN_POINT('',(16.875011889498,136.00001378353,-15.));
#1543 = CIRCLE('',#1544,1.875);
#1544 = AXIS2_PLACEMENT_3D('',#1545,#1546,#1547);
#1545 = CARTESIAN_POINT('',(15.000011889498,136.00001394744,-15.));
#1546 = DIRECTION('',(-1.224646799147E-16,0.,1.));
#1547 = DIRECTION('',(1.,-8.742276947E-08,1.224646799147E-16));
#1548 = FACE_BOUND('',#1549,.T.);
#1549 = EDGE_LOOP('',(#1550));
#1550 = ORIENTED_EDGE('',*,*,#1551,.T.);
#1551 = EDGE_CURVE('',#1552,#1552,#1554,.T.);
#1552 = VERTEX_POINT('',#1553);
#1553 = CARTESIAN_POINT('',(-4.124990733185,106.0000156194,-15.));
#1554 = CIRCLE('',#1555,1.875);
#1555 = AXIS2_PLACEMENT_3D('',#1556,#1557,#1558);
#1556 = CARTESIAN_POINT('',(-5.999990733185,106.00001578332,-15.));
#1557 = DIRECTION('',(-1.224646799147E-16,0.,1.));
#1558 = DIRECTION('',(1.,-8.742276947E-08,1.224646799147E-16));
#1559 = FACE_BOUND('',#1560,.T.);
#1560 = EDGE_LOOP('',(#1561));
#1561 = ORIENTED_EDGE('',*,*,#1562,.T.);
#1562 = EDGE_CURVE('',#1563,#1563,#1565,.T.);
#1563 = VERTEX_POINT('',#1564);
#1564 = CARTESIAN_POINT('',(-13.1249881105,136.00001640621,-15.));
#1565 = CIRCLE('',#1566,1.875);
#1566 = AXIS2_PLACEMENT_3D('',#1567,#1568,#1569);
#1567 = CARTESIAN_POINT('',(-14.9999881105,136.00001657013,-15.));
#1568 = DIRECTION('',(-1.224646799147E-16,0.,1.));
#1569 = DIRECTION('',(1.,-8.742276947E-08,1.224646799147E-16));
#1570 = PLANE('',#1571);
#1571 = AXIS2_PLACEMENT_3D('',#1572,#1573,#1574);
#1572 = CARTESIAN_POINT('',(-2.53029801279E-16,83.888361519685,-15.));
#1573 = DIRECTION('',(1.224646799147E-16,0.,-1.));
#1574 = DIRECTION('',(-1.,0.,-1.224646799147E-16));
#1575 = ADVANCED_FACE('',(#1576),#1708,.F.);
#1576 = FACE_BOUND('',#1577,.T.);
#1577 = EDGE_LOOP('',(#1578,#1589,#1620,#1647,#1658,#1659,#1660,#1668,
    #1677,#1685,#1702));
#1578 = ORIENTED_EDGE('',*,*,#1579,.F.);
#1579 = EDGE_CURVE('',#1580,#1582,#1584,.T.);
#1580 = VERTEX_POINT('',#1581);
#1581 = CARTESIAN_POINT('',(19.366909936041,131.66025403784,12.5));
#1582 = VERTEX_POINT('',#1583);
#1583 = CARTESIAN_POINT('',(37.9,139.6,12.5));
#1584 = CIRCLE('',#1585,25.6);
#1585 = AXIS2_PLACEMENT_3D('',#1586,#1587,#1588);
#1586 = CARTESIAN_POINT('',(37.9,114.,12.5));
#1587 = DIRECTION('',(1.224646799147E-16,0.,-1.));
#1588 = DIRECTION('',(1.,0.,1.224646799147E-16));
#1589 = ORIENTED_EDGE('',*,*,#1590,.F.);
#1590 = EDGE_CURVE('',#1591,#1580,#1593,.T.);
#1591 = VERTEX_POINT('',#1592);
#1592 = CARTESIAN_POINT('',(15.38212583443,126.17806811705,
    9.208879470294));
#1593 = B_SPLINE_CURVE_WITH_KNOTS('',5,(#1594,#1595,#1596,#1597,#1598,
    #1599,#1600,#1601,#1602,#1603,#1604,#1605,#1606,#1607,#1608,#1609,
    #1610,#1611,#1612,#1613,#1614,#1615,#1616,#1617,#1618,#1619),
  .UNSPECIFIED.,.F.,.F.,(6,4,4,4,4,4,6),(0.,0.147557017245,
    0.398869893826,0.573592683478,0.64868731171,0.772898315331,1.),
  .UNSPECIFIED.);
#1594 = CARTESIAN_POINT('',(15.382125834431,126.17806811705,
    9.208879470294));
#1595 = CARTESIAN_POINT('',(15.434798332001,126.27546227357,
    9.391707090169));
#1596 = CARTESIAN_POINT('',(15.492434318162,126.38077573337,
    9.571033651683));
#1597 = CARTESIAN_POINT('',(15.555163232671,126.49382402505,
    9.746288660453));
#1598 = CARTESIAN_POINT('',(15.623114336639,126.61435886278,
    9.916941862885));
#1599 = CARTESIAN_POINT('',(15.821242024832,126.95960443655,
    10.364480150154));
#1600 = CARTESIAN_POINT('',(15.961671905537,127.19813854454,
    10.631903863518));
#1601 = CARTESIAN_POINT('',(16.117952484977,127.45556618933,
    10.881420210108));
#1602 = CARTESIAN_POINT('',(16.289981470501,127.72894524475,
    11.110579361045));
#1603 = CARTESIAN_POINT('',(16.607213288269,128.21385622929,
    11.462036142552));
#1604 = CARTESIAN_POINT('',(16.744524508499,128.41870911227,
    11.595517868294));
#1605 = CARTESIAN_POINT('',(16.888745193912,128.62832680056,
    11.717804296142));
#1606 = CARTESIAN_POINT('',(17.039420383067,128.84139499155,
    11.828625099764));
#1607 = CARTESIAN_POINT('',(17.263156858039,129.14905215176,
    11.970666206492));
#1608 = CARTESIAN_POINT('',(17.331490576963,129.24193139639,
    12.011247334334));
#1609 = CARTESIAN_POINT('',(17.400857209757,129.33510911393,
    12.04971435736));
#1610 = CARTESIAN_POINT('',(17.471209231827,129.42849089886,
    12.086078229377));
#1611 = CARTESIAN_POINT('',(17.66041295824,129.67663665259,
    12.17706094255));
#1612 = CARTESIAN_POINT('',(17.78087027975,129.83157422794,
    12.228053434284));
#1613 = CARTESIAN_POINT('',(17.903681245253,129.9864411744,
    12.273444332298));
#1614 = CARTESIAN_POINT('',(18.02862875006,130.14088950695,
    12.313373357686));
#1615 = CARTESIAN_POINT('',(18.387372094856,130.5755873508,
    12.411343436284));
#1616 = CARTESIAN_POINT('',(18.625480165561,130.85392548744,
    12.45695755469));
#1617 = CARTESIAN_POINT('',(18.868831998039,131.12822278063,
    12.48608788318));
#1618 = CARTESIAN_POINT('',(19.116361342548,131.39732239265,12.5));
#1619 = CARTESIAN_POINT('',(19.366909936041,131.66025403784,12.5));
#1620 = ORIENTED_EDGE('',*,*,#1621,.T.);
#1621 = EDGE_CURVE('',#1591,#1622,#1624,.T.);
#1622 = VERTEX_POINT('',#1623);
#1623 = CARTESIAN_POINT('',(12.363359657151,115.8,6.9));
#1624 = B_SPLINE_CURVE_WITH_KNOTS('',6,(#1625,#1626,#1627,#1628,#1629,
    #1630,#1631,#1632,#1633,#1634,#1635,#1636,#1637,#1638,#1639,#1640,
    #1641,#1642,#1643,#1644,#1645,#1646),.UNSPECIFIED.,.F.,.F.,(7,5,5,5,
    7),(0.,0.327741329372,0.603616827855,0.828780975085,1.),
  .UNSPECIFIED.);
#1625 = CARTESIAN_POINT('',(15.382125834431,126.17806811705,
    9.208879470294));
#1626 = CARTESIAN_POINT('',(15.240018041252,125.91530350003,
    8.715619594816));
#1627 = CARTESIAN_POINT('',(15.075752149969,125.60277589472,
    8.242832244717));
#1628 = CARTESIAN_POINT('',(14.892429679652,125.24021138938,
    7.794083727054));
#1629 = CARTESIAN_POINT('',(14.693613057305,124.82666248843,
    7.374127478778));
#1630 = CARTESIAN_POINT('',(14.483649462948,124.36096816756,
    6.98943329171));
#1631 = CARTESIAN_POINT('',(14.086133840227,123.40654363641,
    6.362588903877));
#1632 = CARTESIAN_POINT('',(13.899174779388,122.93043711849,
    6.105752716213));
#1633 = CARTESIAN_POINT('',(13.711239513902,122.41637210477,
    5.886691136115));
#1634 = CARTESIAN_POINT('',(13.527151020245,121.86760899003,
    5.713246393759));
#1635 = CARTESIAN_POINT('',(13.35161306822,121.28879369332,
    5.593064482673));
#1636 = CARTESIAN_POINT('',(13.055456289362,120.19421688516,
    5.48525918497));
#1637 = CARTESIAN_POINT('',(12.931216709887,119.68843044147,
    5.477528925124));
#1638 = CARTESIAN_POINT('',(12.819342271975,119.17792926045,
    5.514554126221));
#1639 = CARTESIAN_POINT('',(12.721907806988,118.67224707683,
    5.597011547024));
#1640 = CARTESIAN_POINT('',(12.639234701924,118.18073218369,
    5.722341369904));
#1641 = CARTESIAN_POINT('',(12.518223938039,117.35491026267,
    6.008007001947));
#1642 = CARTESIAN_POINT('',(12.47406055945,117.01149861882,
    6.152643028435));
#1643 = CARTESIAN_POINT('',(12.437327099716,116.68304060067,
    6.316503712776));
#1644 = CARTESIAN_POINT('',(12.407209585664,116.37094056434,
    6.497360156865));
#1645 = CARTESIAN_POINT('',(12.382836858312,116.07632348939,
    6.692757382951));
#1646 = CARTESIAN_POINT('',(12.363359657151,115.8,6.9));
#1647 = ORIENTED_EDGE('',*,*,#1648,.F.);
#1648 = EDGE_CURVE('',#504,#1622,#1649,.T.);
#1649 = B_SPLINE_CURVE_WITH_KNOTS('',7,(#1650,#1651,#1652,#1653,#1654,
    #1655,#1656,#1657),.UNSPECIFIED.,.F.,.F.,(8,8),(0.,1.),
  .PIECEWISE_BEZIER_KNOTS.);
#1650 = CARTESIAN_POINT('',(12.3,114.,7.5));
#1651 = CARTESIAN_POINT('',(12.3,114.29328809617,7.5));
#1652 = CARTESIAN_POINT('',(12.303920129936,114.58270539557,
    7.466548713202));
#1653 = CARTESIAN_POINT('',(12.311573806665,114.86275014922,
    7.401234685199));
#1654 = CARTESIAN_POINT('',(12.322342310402,115.1283155719,
    7.307033401801));
#1655 = CARTESIAN_POINT('',(12.335249081624,115.37503288994,
    7.188219434278));
#1656 = CARTESIAN_POINT('',(12.349233468195,115.59959144066,7.0503064195
    ));
#1657 = CARTESIAN_POINT('',(12.363359657151,115.8,6.9));
#1658 = ORIENTED_EDGE('',*,*,#503,.T.);
#1659 = ORIENTED_EDGE('',*,*,#1204,.T.);
#1660 = ORIENTED_EDGE('',*,*,#1661,.T.);
#1661 = EDGE_CURVE('',#1197,#1662,#1664,.T.);
#1662 = VERTEX_POINT('',#1663);
#1663 = CARTESIAN_POINT('',(27.98032258589,137.6,-13.5));
#1664 = LINE('',#1665,#1666);
#1665 = CARTESIAN_POINT('',(27.98032258589,137.6,12.5));
#1666 = VECTOR('',#1667,1.);
#1667 = DIRECTION('',(-1.224646799147E-16,0.,1.));
#1668 = ORIENTED_EDGE('',*,*,#1669,.F.);
#1669 = EDGE_CURVE('',#1670,#1662,#1672,.T.);
#1670 = VERTEX_POINT('',#1671);
#1671 = CARTESIAN_POINT('',(35.,139.43521181354,-13.5));
#1672 = CIRCLE('',#1673,25.6);
#1673 = AXIS2_PLACEMENT_3D('',#1674,#1675,#1676);
#1674 = CARTESIAN_POINT('',(37.9,114.,-13.5));
#1675 = DIRECTION('',(-1.224646799147E-16,0.,1.));
#1676 = DIRECTION('',(1.,0.,1.224646799147E-16));
#1677 = ORIENTED_EDGE('',*,*,#1678,.T.);
#1678 = EDGE_CURVE('',#1670,#1679,#1681,.T.);
#1679 = VERTEX_POINT('',#1680);
#1680 = CARTESIAN_POINT('',(35.,139.43521181354,3.286263797016E-15));
#1681 = LINE('',#1682,#1683);
#1682 = CARTESIAN_POINT('',(35.,139.43521181354,12.5));
#1683 = VECTOR('',#1684,1.);
#1684 = DIRECTION('',(-1.224646799147E-16,0.,1.));
#1685 = ORIENTED_EDGE('',*,*,#1686,.T.);
#1686 = EDGE_CURVE('',#1679,#1687,#1689,.T.);
#1687 = VERTEX_POINT('',#1688);
#1688 = CARTESIAN_POINT('',(37.9,139.6,7.042016756583));
#1689 = B_SPLINE_CURVE_WITH_KNOTS('',6,(#1690,#1691,#1692,#1693,#1694,
    #1695,#1696,#1697,#1698,#1699,#1700,#1701),.UNSPECIFIED.,.F.,.F.,(7,
    5,7),(0.,0.771458950441,1.),.UNSPECIFIED.);
#1690 = CARTESIAN_POINT('',(35.,139.43521181354,2.506263797016E-15));
#1691 = CARTESIAN_POINT('',(35.,139.43521181354,0.958518155946));
#1692 = CARTESIAN_POINT('',(35.110249504703,139.44778237305,
    1.91607239659));
#1693 = CARTESIAN_POINT('',(35.330344835691,139.47287390568,
    2.865686600651));
#1694 = CARTESIAN_POINT('',(35.663576808941,139.50724665285,
    3.799702183731));
#1695 = CARTESIAN_POINT('',(36.116166270694,139.54437556889,
    4.707563018419));
#1696 = CARTESIAN_POINT('',(36.868033651313,139.57977007944,
    5.828055069627));
#1697 = CARTESIAN_POINT('',(37.051092340473,139.58699902461,
    6.08038231327));
#1698 = CARTESIAN_POINT('',(37.245599028202,139.59303990527,
    6.328505162555));
#1699 = CARTESIAN_POINT('',(37.45177440315,139.59751681546,
    6.571897002431));
#1700 = CARTESIAN_POINT('',(37.669836628907,139.6,6.809958243909));
#1701 = CARTESIAN_POINT('',(37.9,139.6,7.042016756583));
#1702 = ORIENTED_EDGE('',*,*,#1703,.F.);
#1703 = EDGE_CURVE('',#1582,#1687,#1704,.T.);
#1704 = LINE('',#1705,#1706);
#1705 = CARTESIAN_POINT('',(37.9,139.6,12.5));
#1706 = VECTOR('',#1707,1.);
#1707 = DIRECTION('',(1.224646799147E-16,0.,-1.));
#1708 = CYLINDRICAL_SURFACE('',#1709,25.6);
#1709 = AXIS2_PLACEMENT_3D('',#1710,#1711,#1712);
#1710 = CARTESIAN_POINT('',(37.9,114.,12.5));
#1711 = DIRECTION('',(-1.224646799147E-16,0.,1.));
#1712 = DIRECTION('',(1.,0.,1.224646799147E-16));
#1713 = ADVANCED_FACE('',(#1714,#1803),#1873,.T.);
#1714 = FACE_BOUND('',#1715,.T.);
#1715 = EDGE_LOOP('',(#1716,#1726,#1734,#1740,#1741,#1749,#1757,#1765,
    #1773,#1781,#1789,#1797));
#1716 = ORIENTED_EDGE('',*,*,#1717,.F.);
#1717 = EDGE_CURVE('',#1718,#1720,#1722,.T.);
#1718 = VERTEX_POINT('',#1719);
#1719 = CARTESIAN_POINT('',(-12.3,114.,7.5));
#1720 = VERTEX_POINT('',#1721);
#1721 = CARTESIAN_POINT('',(-10.5,114.,7.5));
#1722 = LINE('',#1723,#1724);
#1723 = CARTESIAN_POINT('',(-170.18691809,114.,7.5));
#1724 = VECTOR('',#1725,1.);
#1725 = DIRECTION('',(1.,-0.,1.224646799147E-16));
#1726 = ORIENTED_EDGE('',*,*,#1727,.T.);
#1727 = EDGE_CURVE('',#1718,#1728,#1730,.T.);
#1728 = VERTEX_POINT('',#1729);
#1729 = CARTESIAN_POINT('',(-12.3,78.9,7.5));
#1730 = LINE('',#1731,#1732);
#1731 = CARTESIAN_POINT('',(-12.3,84.,7.5));
#1732 = VECTOR('',#1733,1.);
#1733 = DIRECTION('',(1.2E-16,-1.,1.469576158977E-32));
#1734 = ORIENTED_EDGE('',*,*,#1735,.F.);
#1735 = EDGE_CURVE('',#512,#1728,#1736,.T.);
#1736 = LINE('',#1737,#1738);
#1737 = CARTESIAN_POINT('',(12.3,78.9,7.5));
#1738 = VECTOR('',#1739,1.);
#1739 = DIRECTION('',(-1.,0.,-1.224646799147E-16));
#1740 = ORIENTED_EDGE('',*,*,#511,.T.);
#1741 = ORIENTED_EDGE('',*,*,#1742,.F.);
#1742 = EDGE_CURVE('',#1743,#504,#1745,.T.);
#1743 = VERTEX_POINT('',#1744);
#1744 = CARTESIAN_POINT('',(10.5,114.,7.5));
#1745 = LINE('',#1746,#1747);
#1746 = CARTESIAN_POINT('',(-170.18691809,114.,7.5));
#1747 = VECTOR('',#1748,1.);
#1748 = DIRECTION('',(1.,-0.,1.224646799147E-16));
#1749 = ORIENTED_EDGE('',*,*,#1750,.T.);
#1750 = EDGE_CURVE('',#1743,#1751,#1753,.T.);
#1751 = VERTEX_POINT('',#1752);
#1752 = CARTESIAN_POINT('',(10.5,98.,7.5));
#1753 = LINE('',#1754,#1755);
#1754 = CARTESIAN_POINT('',(10.5,88.5,7.5));
#1755 = VECTOR('',#1756,1.);
#1756 = DIRECTION('',(0.,-1.,0.));
#1757 = ORIENTED_EDGE('',*,*,#1758,.F.);
#1758 = EDGE_CURVE('',#1759,#1751,#1761,.T.);
#1759 = VERTEX_POINT('',#1760);
#1760 = CARTESIAN_POINT('',(0.9,98.,7.5));
#1761 = LINE('',#1762,#1763);
#1762 = CARTESIAN_POINT('',(5.25,98.,7.5));
#1763 = VECTOR('',#1764,1.);
#1764 = DIRECTION('',(1.,0.,1.224646799147E-16));
#1765 = ORIENTED_EDGE('',*,*,#1766,.F.);
#1766 = EDGE_CURVE('',#1767,#1759,#1769,.T.);
#1767 = VERTEX_POINT('',#1768);
#1768 = CARTESIAN_POINT('',(0.9,114.,7.5));
#1769 = LINE('',#1770,#1771);
#1770 = CARTESIAN_POINT('',(0.9,88.5,7.5));
#1771 = VECTOR('',#1772,1.);
#1772 = DIRECTION('',(0.,-1.,0.));
#1773 = ORIENTED_EDGE('',*,*,#1774,.F.);
#1774 = EDGE_CURVE('',#1775,#1767,#1777,.T.);
#1775 = VERTEX_POINT('',#1776);
#1776 = CARTESIAN_POINT('',(-0.9,114.,7.5));
#1777 = LINE('',#1778,#1779);
#1778 = CARTESIAN_POINT('',(-170.18691809,114.,7.5));
#1779 = VECTOR('',#1780,1.);
#1780 = DIRECTION('',(1.,-0.,1.224646799147E-16));
#1781 = ORIENTED_EDGE('',*,*,#1782,.T.);
#1782 = EDGE_CURVE('',#1775,#1783,#1785,.T.);
#1783 = VERTEX_POINT('',#1784);
#1784 = CARTESIAN_POINT('',(-0.9,98.,7.5));
#1785 = LINE('',#1786,#1787);
#1786 = CARTESIAN_POINT('',(-0.9,88.5,7.5));
#1787 = VECTOR('',#1788,1.);
#1788 = DIRECTION('',(0.,-1.,0.));
#1789 = ORIENTED_EDGE('',*,*,#1790,.T.);
#1790 = EDGE_CURVE('',#1783,#1791,#1793,.T.);
#1791 = VERTEX_POINT('',#1792);
#1792 = CARTESIAN_POINT('',(-10.5,98.,7.5));
#1793 = LINE('',#1794,#1795);
#1794 = CARTESIAN_POINT('',(-5.25,98.,7.5));
#1795 = VECTOR('',#1796,1.);
#1796 = DIRECTION('',(-1.,0.,-1.224646799147E-16));
#1797 = ORIENTED_EDGE('',*,*,#1798,.F.);
#1798 = EDGE_CURVE('',#1720,#1791,#1799,.T.);
#1799 = LINE('',#1800,#1801);
#1800 = CARTESIAN_POINT('',(-10.5,88.5,7.5));
#1801 = VECTOR('',#1802,1.);
#1802 = DIRECTION('',(0.,-1.,0.));
#1803 = FACE_BOUND('',#1804,.T.);
#1804 = EDGE_LOOP('',(#1805,#1815,#1824,#1832,#1841,#1849,#1858,#1866));
#1805 = ORIENTED_EDGE('',*,*,#1806,.F.);
#1806 = EDGE_CURVE('',#1807,#1809,#1811,.T.);
#1807 = VERTEX_POINT('',#1808);
#1808 = CARTESIAN_POINT('',(-5.25,82.2,7.5));
#1809 = VERTEX_POINT('',#1810);
#1810 = CARTESIAN_POINT('',(5.25,82.2,7.5));
#1811 = LINE('',#1812,#1813);
#1812 = CARTESIAN_POINT('',(1.3125,82.2,7.5));
#1813 = VECTOR('',#1814,1.);
#1814 = DIRECTION('',(1.,2.71E-15,1.224646799147E-16));
#1815 = ORIENTED_EDGE('',*,*,#1816,.T.);
#1816 = EDGE_CURVE('',#1807,#1817,#1819,.T.);
#1817 = VERTEX_POINT('',#1818);
#1818 = CARTESIAN_POINT('',(-9.9,86.85,7.5));
#1819 = CIRCLE('',#1820,4.65);
#1820 = AXIS2_PLACEMENT_3D('',#1821,#1822,#1823);
#1821 = CARTESIAN_POINT('',(-5.25,86.85,7.5));
#1822 = DIRECTION('',(1.224646799147E-16,0.,-1.));
#1823 = DIRECTION('',(-1.,0.,-1.224646799147E-16));
#1824 = ORIENTED_EDGE('',*,*,#1825,.T.);
#1825 = EDGE_CURVE('',#1817,#1826,#1828,.T.);
#1826 = VERTEX_POINT('',#1827);
#1827 = CARTESIAN_POINT('',(-9.9,91.55,7.5));
#1828 = LINE('',#1829,#1830);
#1829 = CARTESIAN_POINT('',(-9.9,84.1,7.5));
#1830 = VECTOR('',#1831,1.);
#1831 = DIRECTION('',(-3.2E-16,1.,-3.918869757272E-32));
#1832 = ORIENTED_EDGE('',*,*,#1833,.T.);
#1833 = EDGE_CURVE('',#1826,#1834,#1836,.T.);
#1834 = VERTEX_POINT('',#1835);
#1835 = CARTESIAN_POINT('',(-5.25,96.2,7.5));
#1836 = CIRCLE('',#1837,4.65);
#1837 = AXIS2_PLACEMENT_3D('',#1838,#1839,#1840);
#1838 = CARTESIAN_POINT('',(-5.25,91.55,7.5));
#1839 = DIRECTION('',(1.224646799147E-16,0.,-1.));
#1840 = DIRECTION('',(-1.,0.,-1.224646799147E-16));
#1841 = ORIENTED_EDGE('',*,*,#1842,.T.);
#1842 = EDGE_CURVE('',#1834,#1843,#1845,.T.);
#1843 = VERTEX_POINT('',#1844);
#1844 = CARTESIAN_POINT('',(5.25,96.2,7.5));
#1845 = LINE('',#1846,#1847);
#1846 = CARTESIAN_POINT('',(-1.3125,96.2,7.5));
#1847 = VECTOR('',#1848,1.);
#1848 = DIRECTION('',(1.,2.27E-15,1.224646799147E-16));
#1849 = ORIENTED_EDGE('',*,*,#1850,.F.);
#1850 = EDGE_CURVE('',#1851,#1843,#1853,.T.);
#1851 = VERTEX_POINT('',#1852);
#1852 = CARTESIAN_POINT('',(9.9,91.55,7.5));
#1853 = CIRCLE('',#1854,4.65);
#1854 = AXIS2_PLACEMENT_3D('',#1855,#1856,#1857);
#1855 = CARTESIAN_POINT('',(5.25,91.55,7.5));
#1856 = DIRECTION('',(-1.224646799147E-16,0.,1.));
#1857 = DIRECTION('',(1.,0.,1.224646799147E-16));
#1858 = ORIENTED_EDGE('',*,*,#1859,.F.);
#1859 = EDGE_CURVE('',#1860,#1851,#1862,.T.);
#1860 = VERTEX_POINT('',#1861);
#1861 = CARTESIAN_POINT('',(9.9,86.85,7.5));
#1862 = LINE('',#1863,#1864);
#1863 = CARTESIAN_POINT('',(9.9,84.1,7.5));
#1864 = VECTOR('',#1865,1.);
#1865 = DIRECTION('',(3.2E-16,1.,3.918869757272E-32));
#1866 = ORIENTED_EDGE('',*,*,#1867,.F.);
#1867 = EDGE_CURVE('',#1809,#1860,#1868,.T.);
#1868 = CIRCLE('',#1869,4.65);
#1869 = AXIS2_PLACEMENT_3D('',#1870,#1871,#1872);
#1870 = CARTESIAN_POINT('',(5.25,86.85,7.5));
#1871 = DIRECTION('',(-1.224646799147E-16,0.,1.));
#1872 = DIRECTION('',(1.,0.,1.224646799147E-16));
#1873 = PLANE('',#1874);
#1874 = AXIS2_PLACEMENT_3D('',#1875,#1876,#1877);
#1875 = CARTESIAN_POINT('',(-7.658485099361E-15,100.64762838471,7.5));
#1876 = DIRECTION('',(-1.224646799147E-16,-0.,1.));
#1877 = DIRECTION('',(1.,0.,1.224646799147E-16));
#1878 = ADVANCED_FACE('',(#1879),#1898,.F.);
#1879 = FACE_BOUND('',#1880,.F.);
#1880 = EDGE_LOOP('',(#1881,#1882,#1890,#1897));
#1881 = ORIENTED_EDGE('',*,*,#519,.F.);
#1882 = ORIENTED_EDGE('',*,*,#1883,.T.);
#1883 = EDGE_CURVE('',#520,#1884,#1886,.T.);
#1884 = VERTEX_POINT('',#1885);
#1885 = CARTESIAN_POINT('',(-12.3,73.9,12.5));
#1886 = LINE('',#1887,#1888);
#1887 = CARTESIAN_POINT('',(12.3,73.9,12.5));
#1888 = VECTOR('',#1889,1.);
#1889 = DIRECTION('',(-1.,0.,-1.224646799147E-16));
#1890 = ORIENTED_EDGE('',*,*,#1891,.T.);
#1891 = EDGE_CURVE('',#1884,#1728,#1892,.T.);
#1892 = CIRCLE('',#1893,5.);
#1893 = AXIS2_PLACEMENT_3D('',#1894,#1895,#1896);
#1894 = CARTESIAN_POINT('',(-12.3,78.9,12.5));
#1895 = DIRECTION('',(1.,0.,1.224646799147E-16));
#1896 = DIRECTION('',(0.,-1.,-0.));
#1897 = ORIENTED_EDGE('',*,*,#1735,.F.);
#1898 = CYLINDRICAL_SURFACE('',#1899,5.);
#1899 = AXIS2_PLACEMENT_3D('',#1900,#1901,#1902);
#1900 = CARTESIAN_POINT('',(12.3,78.9,12.5));
#1901 = DIRECTION('',(1.,0.,1.224646799147E-16));
#1902 = DIRECTION('',(0.,-1.,-0.));
#1903 = ADVANCED_FACE('',(#1904,#1940),#1976,.F.);
#1904 = FACE_BOUND('',#1905,.F.);
#1905 = EDGE_LOOP('',(#1906,#1907,#1916,#1924,#1933,#1939));
#1906 = ORIENTED_EDGE('',*,*,#528,.F.);
#1907 = ORIENTED_EDGE('',*,*,#1908,.F.);
#1908 = EDGE_CURVE('',#1909,#529,#1911,.T.);
#1909 = VERTEX_POINT('',#1910);
#1910 = CARTESIAN_POINT('',(2.5,73.9,34.));
#1911 = CIRCLE('',#1912,9.835555555556);
#1912 = AXIS2_PLACEMENT_3D('',#1913,#1914,#1915);
#1913 = CARTESIAN_POINT('',(2.5,73.9,24.164444444444));
#1914 = DIRECTION('',(-9.E-17,1.,2.2E-16));
#1915 = DIRECTION('',(1.,9.E-17,2.124646799147E-16));
#1916 = ORIENTED_EDGE('',*,*,#1917,.T.);
#1917 = EDGE_CURVE('',#1909,#1918,#1920,.T.);
#1918 = VERTEX_POINT('',#1919);
#1919 = CARTESIAN_POINT('',(-2.5,73.9,34.));
#1920 = LINE('',#1921,#1922);
#1921 = CARTESIAN_POINT('',(4.9,73.9,34.));
#1922 = VECTOR('',#1923,1.);
#1923 = DIRECTION('',(-1.,0.,-2.124646799147E-16));
#1924 = ORIENTED_EDGE('',*,*,#1925,.F.);
#1925 = EDGE_CURVE('',#1926,#1918,#1928,.T.);
#1926 = VERTEX_POINT('',#1927);
#1927 = CARTESIAN_POINT('',(-12.3,73.9,25.));
#1928 = CIRCLE('',#1929,9.835555555556);
#1929 = AXIS2_PLACEMENT_3D('',#1930,#1931,#1932);
#1930 = CARTESIAN_POINT('',(-2.5,73.9,24.164444444444));
#1931 = DIRECTION('',(-9.E-17,1.,2.2E-16));
#1932 = DIRECTION('',(1.,9.E-17,2.124646799147E-16));
#1933 = ORIENTED_EDGE('',*,*,#1934,.T.);
#1934 = EDGE_CURVE('',#1926,#1884,#1935,.T.);
#1935 = LINE('',#1936,#1937);
#1936 = CARTESIAN_POINT('',(-12.3,73.9,16.097218680159));
#1937 = VECTOR('',#1938,1.);
#1938 = DIRECTION('',(1.224646799147E-16,0.,-1.));
#1939 = ORIENTED_EDGE('',*,*,#1883,.F.);
#1940 = FACE_BOUND('',#1941,.F.);
#1941 = EDGE_LOOP('',(#1942,#1952,#1961,#1969));
#1942 = ORIENTED_EDGE('',*,*,#1943,.T.);
#1943 = EDGE_CURVE('',#1944,#1946,#1948,.T.);
#1944 = VERTEX_POINT('',#1945);
#1945 = CARTESIAN_POINT('',(-2.,73.9,21.));
#1946 = VERTEX_POINT('',#1947);
#1947 = CARTESIAN_POINT('',(2.,73.9,21.));
#1948 = LINE('',#1949,#1950);
#1949 = CARTESIAN_POINT('',(7.15,73.9,21.));
#1950 = VECTOR('',#1951,1.);
#1951 = DIRECTION('',(1.,0.,1.224646799147E-16));
#1952 = ORIENTED_EDGE('',*,*,#1953,.T.);
#1953 = EDGE_CURVE('',#1946,#1954,#1956,.T.);
#1954 = VERTEX_POINT('',#1955);
#1955 = CARTESIAN_POINT('',(2.,73.9,13.));
#1956 = CIRCLE('',#1957,4.);
#1957 = AXIS2_PLACEMENT_3D('',#1958,#1959,#1960);
#1958 = CARTESIAN_POINT('',(2.,73.9,17.));
#1959 = DIRECTION('',(-2.694222958124E-32,1.,2.2E-16));
#1960 = DIRECTION('',(-1.,0.,-1.224646799147E-16));
#1961 = ORIENTED_EDGE('',*,*,#1962,.F.);
#1962 = EDGE_CURVE('',#1963,#1954,#1965,.T.);
#1963 = VERTEX_POINT('',#1964);
#1964 = CARTESIAN_POINT('',(-2.,73.9,13.));
#1965 = LINE('',#1966,#1967);
#1966 = CARTESIAN_POINT('',(7.15,73.9,13.));
#1967 = VECTOR('',#1968,1.);
#1968 = DIRECTION('',(1.,0.,1.224646799147E-16));
#1969 = ORIENTED_EDGE('',*,*,#1970,.T.);
#1970 = EDGE_CURVE('',#1963,#1944,#1971,.T.);
#1971 = CIRCLE('',#1972,4.);
#1972 = AXIS2_PLACEMENT_3D('',#1973,#1974,#1975);
#1973 = CARTESIAN_POINT('',(-2.,73.9,17.));
#1974 = DIRECTION('',(-2.694222958124E-32,1.,2.2E-16));
#1975 = DIRECTION('',(-1.,0.,-1.224646799147E-16));
#1976 = PLANE('',#1977);
#1977 = AXIS2_PLACEMENT_3D('',#1978,#1979,#1980);
#1978 = CARTESIAN_POINT('',(12.3,73.9,35.));
#1979 = DIRECTION('',(0.,-1.,-0.));
#1980 = DIRECTION('',(1.224646799147E-16,0.,-1.));
#1981 = ADVANCED_FACE('',(#1982),#2010,.T.);
#1982 = FACE_BOUND('',#1983,.T.);
#1983 = EDGE_LOOP('',(#1984,#1985,#1993,#2002,#2009));
#1984 = ORIENTED_EDGE('',*,*,#1908,.F.);
#1985 = ORIENTED_EDGE('',*,*,#1986,.T.);
#1986 = EDGE_CURVE('',#1909,#1987,#1989,.T.);
#1987 = VERTEX_POINT('',#1988);
#1988 = CARTESIAN_POINT('',(2.5,71.5,34.));
#1989 = LINE('',#1990,#1991);
#1990 = CARTESIAN_POINT('',(2.5,76.,34.));
#1991 = VECTOR('',#1992,1.);
#1992 = DIRECTION('',(9.E-17,-1.,-2.2E-16));
#1993 = ORIENTED_EDGE('',*,*,#1994,.T.);
#1994 = EDGE_CURVE('',#1987,#1995,#1997,.T.);
#1995 = VERTEX_POINT('',#1996);
#1996 = CARTESIAN_POINT('',(8.7,71.5,31.799767167579));
#1997 = CIRCLE('',#1998,9.835555555556);
#1998 = AXIS2_PLACEMENT_3D('',#1999,#2000,#2001);
#1999 = CARTESIAN_POINT('',(2.5,71.5,24.164444444444));
#2000 = DIRECTION('',(-9.E-17,1.,2.2E-16));
#2001 = DIRECTION('',(1.,9.E-17,2.124646799147E-16));
#2002 = ORIENTED_EDGE('',*,*,#2003,.T.);
#2003 = EDGE_CURVE('',#1995,#537,#2004,.T.);
#2004 = CIRCLE('',#2005,9.835555555556);
#2005 = AXIS2_PLACEMENT_3D('',#2006,#2007,#2008);
#2006 = CARTESIAN_POINT('',(2.5,71.5,24.164444444444));
#2007 = DIRECTION('',(-9.E-17,1.,2.2E-16));
#2008 = DIRECTION('',(1.,9.E-17,2.124646799147E-16));
#2009 = ORIENTED_EDGE('',*,*,#536,.F.);
#2010 = CYLINDRICAL_SURFACE('',#2011,9.835555555556);
#2011 = AXIS2_PLACEMENT_3D('',#2012,#2013,#2014);
#2012 = CARTESIAN_POINT('',(2.5,76.,24.164444444444));
#2013 = DIRECTION('',(-9.E-17,1.,2.2E-16));
#2014 = DIRECTION('',(1.,9.E-17,2.124646799147E-16));
#2015 = ADVANCED_FACE('',(#2016,#2077),#2113,.T.);
#2016 = FACE_BOUND('',#2017,.T.);
#2017 = EDGE_LOOP('',(#2018,#2019,#2020,#2021,#2029,#2038,#2047,#2055,
    #2063,#2069,#2070,#2071));
#2018 = ORIENTED_EDGE('',*,*,#544,.T.);
#2019 = ORIENTED_EDGE('',*,*,#2003,.F.);
#2020 = ORIENTED_EDGE('',*,*,#1994,.F.);
#2021 = ORIENTED_EDGE('',*,*,#2022,.F.);
#2022 = EDGE_CURVE('',#2023,#1987,#2025,.T.);
#2023 = VERTEX_POINT('',#2024);
#2024 = CARTESIAN_POINT('',(-2.5,71.5,34.));
#2025 = LINE('',#2026,#2027);
#2026 = CARTESIAN_POINT('',(-1.25,71.5,34.));
#2027 = VECTOR('',#2028,1.);
#2028 = DIRECTION('',(1.,0.,2.124646799147E-16));
#2029 = ORIENTED_EDGE('',*,*,#2030,.F.);
#2030 = EDGE_CURVE('',#2031,#2023,#2033,.T.);
#2031 = VERTEX_POINT('',#2032);
#2032 = CARTESIAN_POINT('',(-8.7,71.5,31.799767167579));
#2033 = CIRCLE('',#2034,9.835555555556);
#2034 = AXIS2_PLACEMENT_3D('',#2035,#2036,#2037);
#2035 = CARTESIAN_POINT('',(-2.5,71.5,24.164444444444));
#2036 = DIRECTION('',(-9.E-17,1.,2.2E-16));
#2037 = DIRECTION('',(1.,9.E-17,2.124646799147E-16));
#2038 = ORIENTED_EDGE('',*,*,#2039,.F.);
#2039 = EDGE_CURVE('',#2040,#2031,#2042,.T.);
#2040 = VERTEX_POINT('',#2041);
#2041 = CARTESIAN_POINT('',(-12.3,71.5,25.));
#2042 = CIRCLE('',#2043,9.835555555556);
#2043 = AXIS2_PLACEMENT_3D('',#2044,#2045,#2046);
#2044 = CARTESIAN_POINT('',(-2.5,71.5,24.164444444444));
#2045 = DIRECTION('',(-9.E-17,1.,2.2E-16));
#2046 = DIRECTION('',(1.,9.E-17,2.124646799147E-16));
#2047 = ORIENTED_EDGE('',*,*,#2048,.T.);
#2048 = EDGE_CURVE('',#2040,#2049,#2051,.T.);
#2049 = VERTEX_POINT('',#2050);
#2050 = CARTESIAN_POINT('',(-12.3,71.5,23.));
#2051 = LINE('',#2052,#2053);
#2052 = CARTESIAN_POINT('',(-12.3,71.5,43.));
#2053 = VECTOR('',#2054,1.);
#2054 = DIRECTION('',(1.224646799147E-16,0.,-1.));
#2055 = ORIENTED_EDGE('',*,*,#2056,.T.);
#2056 = EDGE_CURVE('',#2049,#2057,#2059,.T.);
#2057 = VERTEX_POINT('',#2058);
#2058 = CARTESIAN_POINT('',(-8.7,71.5,23.));
#2059 = LINE('',#2060,#2061);
#2060 = CARTESIAN_POINT('',(-12.3,71.5,23.));
#2061 = VECTOR('',#2062,1.);
#2062 = DIRECTION('',(1.,0.,1.224646799147E-16));
#2063 = ORIENTED_EDGE('',*,*,#2064,.T.);
#2064 = EDGE_CURVE('',#2057,#686,#2065,.T.);
#2065 = LINE('',#2066,#2067);
#2066 = CARTESIAN_POINT('',(-8.7,71.5,35.));
#2067 = VECTOR('',#2068,1.);
#2068 = DIRECTION('',(1.224646799147E-16,0.,-1.));
#2069 = ORIENTED_EDGE('',*,*,#685,.T.);
#2070 = ORIENTED_EDGE('',*,*,#649,.T.);
#2071 = ORIENTED_EDGE('',*,*,#2072,.T.);
#2072 = EDGE_CURVE('',#650,#545,#2073,.T.);
#2073 = LINE('',#2074,#2075);
#2074 = CARTESIAN_POINT('',(-12.3,71.5,23.));
#2075 = VECTOR('',#2076,1.);
#2076 = DIRECTION('',(1.,0.,1.224646799147E-16));
#2077 = FACE_BOUND('',#2078,.T.);
#2078 = EDGE_LOOP('',(#2079,#2089,#2098,#2106));
#2079 = ORIENTED_EDGE('',*,*,#2080,.T.);
#2080 = EDGE_CURVE('',#2081,#2083,#2085,.T.);
#2081 = VERTEX_POINT('',#2082);
#2082 = CARTESIAN_POINT('',(-2.,71.5,21.));
#2083 = VERTEX_POINT('',#2084);
#2084 = CARTESIAN_POINT('',(2.,71.5,21.));
#2085 = LINE('',#2086,#2087);
#2086 = CARTESIAN_POINT('',(1.,71.5,21.));
#2087 = VECTOR('',#2088,1.);
#2088 = DIRECTION('',(1.,0.,1.224646799147E-16));
#2089 = ORIENTED_EDGE('',*,*,#2090,.T.);
#2090 = EDGE_CURVE('',#2083,#2091,#2093,.T.);
#2091 = VERTEX_POINT('',#2092);
#2092 = CARTESIAN_POINT('',(2.,71.5,13.));
#2093 = CIRCLE('',#2094,4.);
#2094 = AXIS2_PLACEMENT_3D('',#2095,#2096,#2097);
#2095 = CARTESIAN_POINT('',(2.,71.5,17.));
#2096 = DIRECTION('',(-2.694222958124E-32,1.,2.2E-16));
#2097 = DIRECTION('',(-1.,0.,-1.224646799147E-16));
#2098 = ORIENTED_EDGE('',*,*,#2099,.F.);
#2099 = EDGE_CURVE('',#2100,#2091,#2102,.T.);
#2100 = VERTEX_POINT('',#2101);
#2101 = CARTESIAN_POINT('',(-2.,71.5,13.));
#2102 = LINE('',#2103,#2104);
#2103 = CARTESIAN_POINT('',(1.,71.5,13.));
#2104 = VECTOR('',#2105,1.);
#2105 = DIRECTION('',(1.,0.,1.224646799147E-16));
#2106 = ORIENTED_EDGE('',*,*,#2107,.T.);
#2107 = EDGE_CURVE('',#2100,#2081,#2108,.T.);
#2108 = CIRCLE('',#2109,4.);
#2109 = AXIS2_PLACEMENT_3D('',#2110,#2111,#2112);
#2110 = CARTESIAN_POINT('',(-2.,71.5,17.));
#2111 = DIRECTION('',(-2.694222958124E-32,1.,2.2E-16));
#2112 = DIRECTION('',(-1.,0.,-1.224646799147E-16));
#2113 = PLANE('',#2114);
#2114 = AXIS2_PLACEMENT_3D('',#2115,#2116,#2117);
#2115 = CARTESIAN_POINT('',(-7.764037674911E-15,71.5,22.896705212173));
#2116 = DIRECTION('',(2.939152317954E-32,-1.,-2.4E-16));
#2117 = DIRECTION('',(-1.224646799147E-16,-2.4E-16,1.));
#2118 = ADVANCED_FACE('',(#2119),#2125,.T.);
#2119 = FACE_BOUND('',#2120,.T.);
#2120 = EDGE_LOOP('',(#2121,#2122,#2123,#2124));
#2121 = ORIENTED_EDGE('',*,*,#552,.F.);
#2122 = ORIENTED_EDGE('',*,*,#2072,.F.);
#2123 = ORIENTED_EDGE('',*,*,#657,.T.);
#2124 = ORIENTED_EDGE('',*,*,#584,.F.);
#2125 = PLANE('',#2126);
#2126 = AXIS2_PLACEMENT_3D('',#2127,#2128,#2129);
#2127 = CARTESIAN_POINT('',(-12.3,71.5,23.));
#2128 = DIRECTION('',(-1.224646799147E-16,-2.2E-16,1.));
#2129 = DIRECTION('',(1.,0.,1.224646799147E-16));
#2130 = ADVANCED_FACE('',(#2131),#2166,.F.);
#2131 = FACE_BOUND('',#2132,.F.);
#2132 = EDGE_LOOP('',(#2133,#2143,#2151,#2157,#2158,#2159));
#2133 = ORIENTED_EDGE('',*,*,#2134,.F.);
#2134 = EDGE_CURVE('',#2135,#2137,#2139,.T.);
#2135 = VERTEX_POINT('',#2136);
#2136 = CARTESIAN_POINT('',(-8.7,70.3,22.));
#2137 = VERTEX_POINT('',#2138);
#2138 = CARTESIAN_POINT('',(-8.7,70.3,17.5));
#2139 = LINE('',#2140,#2141);
#2140 = CARTESIAN_POINT('',(-8.7,70.3,35.));
#2141 = VECTOR('',#2142,1.);
#2142 = DIRECTION('',(1.224646799147E-16,0.,-1.));
#2143 = ORIENTED_EDGE('',*,*,#2144,.F.);
#2144 = EDGE_CURVE('',#2145,#2135,#2147,.T.);
#2145 = VERTEX_POINT('',#2146);
#2146 = CARTESIAN_POINT('',(-8.7,71.3,23.));
#2147 = LINE('',#2148,#2149);
#2148 = CARTESIAN_POINT('',(-8.7,71.125,22.825));
#2149 = VECTOR('',#2150,1.);
#2150 = DIRECTION('',(8.659560562355E-17,-0.707106781187,-0.707106781187
    ));
#2151 = ORIENTED_EDGE('',*,*,#2152,.T.);
#2152 = EDGE_CURVE('',#2145,#2057,#2153,.T.);
#2153 = LINE('',#2154,#2155);
#2154 = CARTESIAN_POINT('',(-8.7,65.55,23.));
#2155 = VECTOR('',#2156,1.);
#2156 = DIRECTION('',(-2.694222958124E-32,1.,2.2E-16));
#2157 = ORIENTED_EDGE('',*,*,#2064,.T.);
#2158 = ORIENTED_EDGE('',*,*,#693,.F.);
#2159 = ORIENTED_EDGE('',*,*,#2160,.T.);
#2160 = EDGE_CURVE('',#694,#2137,#2161,.T.);
#2161 = CIRCLE('',#2162,5.);
#2162 = AXIS2_PLACEMENT_3D('',#2163,#2164,#2165);
#2163 = CARTESIAN_POINT('',(-8.7,65.3,17.5));
#2164 = DIRECTION('',(1.,0.,1.224646799147E-16));
#2165 = DIRECTION('',(0.,-1.,-0.));
#2166 = PLANE('',#2167);
#2167 = AXIS2_PLACEMENT_3D('',#2168,#2169,#2170);
#2168 = CARTESIAN_POINT('',(-8.7,59.6,35.));
#2169 = DIRECTION('',(-1.,0.,-1.224646799147E-16));
#2170 = DIRECTION('',(1.224646799147E-16,-2.2E-16,-1.));
#2171 = ADVANCED_FACE('',(#2172),#2193,.F.);
#2172 = FACE_BOUND('',#2173,.F.);
#2173 = EDGE_LOOP('',(#2174,#2182,#2183,#2184,#2185,#2186));
#2174 = ORIENTED_EDGE('',*,*,#2175,.F.);
#2175 = EDGE_CURVE('',#2137,#2176,#2178,.T.);
#2176 = VERTEX_POINT('',#2177);
#2177 = CARTESIAN_POINT('',(-12.3,70.3,17.5));
#2178 = LINE('',#2179,#2180);
#2179 = CARTESIAN_POINT('',(12.3,70.3,17.5));
#2180 = VECTOR('',#2181,1.);
#2181 = DIRECTION('',(-1.,0.,-1.224646799147E-16));
#2182 = ORIENTED_EDGE('',*,*,#2160,.F.);
#2183 = ORIENTED_EDGE('',*,*,#701,.T.);
#2184 = ORIENTED_EDGE('',*,*,#709,.F.);
#2185 = ORIENTED_EDGE('',*,*,#717,.T.);
#2186 = ORIENTED_EDGE('',*,*,#2187,.T.);
#2187 = EDGE_CURVE('',#718,#2176,#2188,.T.);
#2188 = CIRCLE('',#2189,5.);
#2189 = AXIS2_PLACEMENT_3D('',#2190,#2191,#2192);
#2190 = CARTESIAN_POINT('',(-12.3,65.3,17.5));
#2191 = DIRECTION('',(1.,0.,1.224646799147E-16));
#2192 = DIRECTION('',(0.,-1.,-0.));
#2193 = CYLINDRICAL_SURFACE('',#2194,5.);
#2194 = AXIS2_PLACEMENT_3D('',#2195,#2196,#2197);
#2195 = CARTESIAN_POINT('',(12.3,65.3,17.5));
#2196 = DIRECTION('',(1.,0.,1.224646799147E-16));
#2197 = DIRECTION('',(0.,-1.,-0.));
#2198 = ADVANCED_FACE('',(#2199),#2255,.T.);
#2199 = FACE_BOUND('',#2200,.T.);
#2200 = EDGE_LOOP('',(#2201,#2209,#2210,#2216,#2217,#2218,#2219,#2225,
    #2226,#2232,#2233,#2239,#2240,#2241,#2249));
#2201 = ORIENTED_EDGE('',*,*,#2202,.F.);
#2202 = EDGE_CURVE('',#2049,#2203,#2205,.T.);
#2203 = VERTEX_POINT('',#2204);
#2204 = CARTESIAN_POINT('',(-12.3,71.3,23.));
#2205 = LINE('',#2206,#2207);
#2206 = CARTESIAN_POINT('',(-12.3,71.5,23.));
#2207 = VECTOR('',#2208,1.);
#2208 = DIRECTION('',(2.694222958124E-32,-1.,-2.2E-16));
#2209 = ORIENTED_EDGE('',*,*,#2048,.F.);
#2210 = ORIENTED_EDGE('',*,*,#2211,.F.);
#2211 = EDGE_CURVE('',#1926,#2040,#2212,.T.);
#2212 = LINE('',#2213,#2214);
#2213 = CARTESIAN_POINT('',(-12.3,76.,25.));
#2214 = VECTOR('',#2215,1.);
#2215 = DIRECTION('',(9.E-17,-1.,-2.2E-16));
#2216 = ORIENTED_EDGE('',*,*,#1934,.T.);
#2217 = ORIENTED_EDGE('',*,*,#1891,.T.);
#2218 = ORIENTED_EDGE('',*,*,#1727,.F.);
#2219 = ORIENTED_EDGE('',*,*,#2220,.T.);
#2220 = EDGE_CURVE('',#1718,#1148,#2221,.T.);
#2221 = LINE('',#2222,#2223);
#2222 = CARTESIAN_POINT('',(-12.3,114.,12.5));
#2223 = VECTOR('',#2224,1.);
#2224 = DIRECTION('',(1.224646799147E-16,0.,-1.));
#2225 = ORIENTED_EDGE('',*,*,#1145,.F.);
#2226 = ORIENTED_EDGE('',*,*,#2227,.F.);
#2227 = EDGE_CURVE('',#974,#1146,#2228,.T.);
#2228 = LINE('',#2229,#2230);
#2229 = CARTESIAN_POINT('',(-12.3,60.,-8.125));
#2230 = VECTOR('',#2231,1.);
#2231 = DIRECTION('',(1.224646799147E-16,0.,-1.));
#2232 = ORIENTED_EDGE('',*,*,#973,.F.);
#2233 = ORIENTED_EDGE('',*,*,#2234,.F.);
#2234 = EDGE_CURVE('',#726,#966,#2235,.T.);
#2235 = LINE('',#2236,#2237);
#2236 = CARTESIAN_POINT('',(-12.3,59.,12.5));
#2237 = VECTOR('',#2238,1.);
#2238 = DIRECTION('',(1.224646799147E-16,0.,-1.));
#2239 = ORIENTED_EDGE('',*,*,#725,.T.);
#2240 = ORIENTED_EDGE('',*,*,#2187,.T.);
#2241 = ORIENTED_EDGE('',*,*,#2242,.F.);
#2242 = EDGE_CURVE('',#2243,#2176,#2245,.T.);
#2243 = VERTEX_POINT('',#2244);
#2244 = CARTESIAN_POINT('',(-12.3,70.3,22.));
#2245 = LINE('',#2246,#2247);
#2246 = CARTESIAN_POINT('',(-12.3,70.3,16.097218680159));
#2247 = VECTOR('',#2248,1.);
#2248 = DIRECTION('',(1.224646799147E-16,0.,-1.));
#2249 = ORIENTED_EDGE('',*,*,#2250,.F.);
#2250 = EDGE_CURVE('',#2203,#2243,#2251,.T.);
#2251 = LINE('',#2252,#2253);
#2252 = CARTESIAN_POINT('',(-12.3,69.023976085873,20.723976085873));
#2253 = VECTOR('',#2254,1.);
#2254 = DIRECTION('',(8.659560562355E-17,-0.707106781187,-0.707106781187
    ));
#2255 = PLANE('',#2256);
#2256 = AXIS2_PLACEMENT_3D('',#2257,#2258,#2259);
#2257 = CARTESIAN_POINT('',(-12.3,83.950357849115,0.341015382575));
#2258 = DIRECTION('',(-1.,0.,-1.224646799147E-16));
#2259 = DIRECTION('',(1.224646799147E-16,0.,-1.));
#2260 = ADVANCED_FACE('',(#2261),#2272,.T.);
#2261 = FACE_BOUND('',#2262,.F.);
#2262 = EDGE_LOOP('',(#2263,#2264,#2270,#2271));
#2263 = ORIENTED_EDGE('',*,*,#733,.F.);
#2264 = ORIENTED_EDGE('',*,*,#2265,.T.);
#2265 = EDGE_CURVE('',#734,#957,#2266,.T.);
#2266 = LINE('',#2267,#2268);
#2267 = CARTESIAN_POINT('',(-10.23847763108,56.938477631085,12.5));
#2268 = VECTOR('',#2269,1.);
#2269 = DIRECTION('',(1.224646799147E-16,0.,-1.));
#2270 = ORIENTED_EDGE('',*,*,#965,.T.);
#2271 = ORIENTED_EDGE('',*,*,#2234,.F.);
#2272 = PLANE('',#2273);
#2273 = AXIS2_PLACEMENT_3D('',#2274,#2275,#2276);
#2274 = CARTESIAN_POINT('',(-10.23847763108,56.938477631085,12.5));
#2275 = DIRECTION('',(-0.707106781187,-0.707106781187,
    -8.659560562355E-17));
#2276 = DIRECTION('',(0.707106781187,-0.707106781187,8.659560562355E-17)
  );
#2277 = ADVANCED_FACE('',(#2278),#2289,.F.);
#2278 = FACE_BOUND('',#2279,.F.);
#2279 = EDGE_LOOP('',(#2280,#2281,#2287,#2288));
#2280 = ORIENTED_EDGE('',*,*,#741,.F.);
#2281 = ORIENTED_EDGE('',*,*,#2282,.T.);
#2282 = EDGE_CURVE('',#742,#949,#2283,.T.);
#2283 = LINE('',#2284,#2285);
#2284 = CARTESIAN_POINT('',(-6.561522368915,53.261522368915,12.5));
#2285 = VECTOR('',#2286,1.);
#2286 = DIRECTION('',(1.224646799147E-16,0.,-1.));
#2287 = ORIENTED_EDGE('',*,*,#956,.F.);
#2288 = ORIENTED_EDGE('',*,*,#2265,.F.);
#2289 = CYLINDRICAL_SURFACE('',#2290,2.6);
#2290 = AXIS2_PLACEMENT_3D('',#2291,#2292,#2293);
#2291 = CARTESIAN_POINT('',(-8.4,55.1,12.5));
#2292 = DIRECTION('',(-1.224646799147E-16,0.,1.));
#2293 = DIRECTION('',(-1.,0.,-1.224646799147E-16));
#2294 = ADVANCED_FACE('',(#2295),#2306,.T.);
#2295 = FACE_BOUND('',#2296,.F.);
#2296 = EDGE_LOOP('',(#2297,#2298,#2304,#2305));
#2297 = ORIENTED_EDGE('',*,*,#750,.F.);
#2298 = ORIENTED_EDGE('',*,*,#2299,.T.);
#2299 = EDGE_CURVE('',#751,#941,#2300,.T.);
#2300 = LINE('',#2301,#2302);
#2301 = CARTESIAN_POINT('',(-4.5,51.2,12.5));
#2302 = VECTOR('',#2303,1.);
#2303 = DIRECTION('',(1.224646799147E-16,0.,-1.));
#2304 = ORIENTED_EDGE('',*,*,#948,.T.);
#2305 = ORIENTED_EDGE('',*,*,#2282,.F.);
#2306 = PLANE('',#2307);
#2307 = AXIS2_PLACEMENT_3D('',#2308,#2309,#2310);
#2308 = CARTESIAN_POINT('',(-4.5,51.2,12.5));
#2309 = DIRECTION('',(-0.707106781187,-0.707106781187,
    -8.659560562355E-17));
#2310 = DIRECTION('',(0.707106781187,-0.707106781187,8.659560562355E-17)
  );
#2311 = ADVANCED_FACE('',(#2312),#2323,.T.);
#2312 = FACE_BOUND('',#2313,.F.);
#2313 = EDGE_LOOP('',(#2314,#2315,#2321,#2322));
#2314 = ORIENTED_EDGE('',*,*,#758,.F.);
#2315 = ORIENTED_EDGE('',*,*,#2316,.T.);
#2316 = EDGE_CURVE('',#759,#932,#2317,.T.);
#2317 = LINE('',#2318,#2319);
#2318 = CARTESIAN_POINT('',(-4.095119045889,51.2,12.5));
#2319 = VECTOR('',#2320,1.);
#2320 = DIRECTION('',(1.224646799147E-16,0.,-1.));
#2321 = ORIENTED_EDGE('',*,*,#940,.T.);
#2322 = ORIENTED_EDGE('',*,*,#2299,.F.);
#2323 = PLANE('',#2324);
#2324 = AXIS2_PLACEMENT_3D('',#2325,#2326,#2327);
#2325 = CARTESIAN_POINT('',(-4.095119045889,51.2,12.5));
#2326 = DIRECTION('',(0.,-1.,0.));
#2327 = DIRECTION('',(1.,0.,1.224646799147E-16));
#2328 = ADVANCED_FACE('',(#2329),#2342,.F.);
#2329 = FACE_BOUND('',#2330,.T.);
#2330 = EDGE_LOOP('',(#2331,#2332,#2333,#2339,#2340,#2341));
#2331 = ORIENTED_EDGE('',*,*,#931,.T.);
#2332 = ORIENTED_EDGE('',*,*,#922,.F.);
#2333 = ORIENTED_EDGE('',*,*,#2334,.F.);
#2334 = EDGE_CURVE('',#776,#915,#2335,.T.);
#2335 = LINE('',#2336,#2337);
#2336 = CARTESIAN_POINT('',(4.095119045889,51.2,12.5));
#2337 = VECTOR('',#2338,1.);
#2338 = DIRECTION('',(1.224646799147E-16,0.,-1.));
#2339 = ORIENTED_EDGE('',*,*,#775,.F.);
#2340 = ORIENTED_EDGE('',*,*,#766,.T.);
#2341 = ORIENTED_EDGE('',*,*,#2316,.T.);
#2342 = CYLINDRICAL_SURFACE('',#2343,4.1);
#2343 = AXIS2_PLACEMENT_3D('',#2344,#2345,#2346);
#2344 = CARTESIAN_POINT('',(-1.530808498934E-15,51.,12.5));
#2345 = DIRECTION('',(-1.224646799147E-16,0.,1.));
#2346 = DIRECTION('',(1.,0.,1.224646799147E-16));
#2347 = ADVANCED_FACE('',(#2348),#2359,.T.);
#2348 = FACE_BOUND('',#2349,.T.);
#2349 = EDGE_LOOP('',(#2350,#2351,#2352,#2353));
#2350 = ORIENTED_EDGE('',*,*,#784,.F.);
#2351 = ORIENTED_EDGE('',*,*,#2334,.T.);
#2352 = ORIENTED_EDGE('',*,*,#914,.T.);
#2353 = ORIENTED_EDGE('',*,*,#2354,.F.);
#2354 = EDGE_CURVE('',#785,#907,#2355,.T.);
#2355 = LINE('',#2356,#2357);
#2356 = CARTESIAN_POINT('',(4.5,51.2,12.5));
#2357 = VECTOR('',#2358,1.);
#2358 = DIRECTION('',(1.224646799147E-16,0.,-1.));
#2359 = PLANE('',#2360);
#2360 = AXIS2_PLACEMENT_3D('',#2361,#2362,#2363);
#2361 = CARTESIAN_POINT('',(4.095119045889,51.2,12.5));
#2362 = DIRECTION('',(0.,-1.,0.));
#2363 = DIRECTION('',(1.,0.,1.224646799147E-16));
#2364 = ADVANCED_FACE('',(#2365),#2376,.T.);
#2365 = FACE_BOUND('',#2366,.T.);
#2366 = EDGE_LOOP('',(#2367,#2368,#2369,#2370));
#2367 = ORIENTED_EDGE('',*,*,#792,.F.);
#2368 = ORIENTED_EDGE('',*,*,#2354,.T.);
#2369 = ORIENTED_EDGE('',*,*,#906,.T.);
#2370 = ORIENTED_EDGE('',*,*,#2371,.F.);
#2371 = EDGE_CURVE('',#793,#898,#2372,.T.);
#2372 = LINE('',#2373,#2374);
#2373 = CARTESIAN_POINT('',(6.561522368915,53.261522368915,12.5));
#2374 = VECTOR('',#2375,1.);
#2375 = DIRECTION('',(1.224646799147E-16,0.,-1.));
#2376 = PLANE('',#2377);
#2377 = AXIS2_PLACEMENT_3D('',#2378,#2379,#2380);
#2378 = CARTESIAN_POINT('',(4.5,51.2,12.5));
#2379 = DIRECTION('',(0.707106781187,-0.707106781187,8.659560562355E-17)
  );
#2380 = DIRECTION('',(0.707106781187,0.707106781187,8.659560562355E-17)
  );
#2381 = ADVANCED_FACE('',(#2382),#2388,.F.);
#2382 = FACE_BOUND('',#2383,.T.);
#2383 = EDGE_LOOP('',(#2384,#2385,#2386,#2387));
#2384 = ORIENTED_EDGE('',*,*,#800,.F.);
#2385 = ORIENTED_EDGE('',*,*,#2371,.T.);
#2386 = ORIENTED_EDGE('',*,*,#897,.F.);
#2387 = ORIENTED_EDGE('',*,*,#816,.F.);
#2388 = CYLINDRICAL_SURFACE('',#2389,2.6);
#2389 = AXIS2_PLACEMENT_3D('',#2390,#2391,#2392);
#2390 = CARTESIAN_POINT('',(8.4,55.1,12.5));
#2391 = DIRECTION('',(-1.224646799147E-16,0.,1.));
#2392 = DIRECTION('',(1.,0.,1.224646799147E-16));
#2393 = ADVANCED_FACE('',(#2394),#2419,.F.);
#2394 = FACE_BOUND('',#2395,.F.);
#2395 = EDGE_LOOP('',(#2396,#2404,#2412,#2418));
#2396 = ORIENTED_EDGE('',*,*,#2397,.T.);
#2397 = EDGE_CURVE('',#840,#2398,#2400,.T.);
#2398 = VERTEX_POINT('',#2399);
#2399 = CARTESIAN_POINT('',(14.8,47.3,-10.));
#2400 = LINE('',#2401,#2402);
#2401 = CARTESIAN_POINT('',(14.8,47.3,-2.5));
#2402 = VECTOR('',#2403,1.);
#2403 = DIRECTION('',(1.224646799147E-16,0.,-1.));
#2404 = ORIENTED_EDGE('',*,*,#2405,.T.);
#2405 = EDGE_CURVE('',#2398,#2406,#2408,.T.);
#2406 = VERTEX_POINT('',#2407);
#2407 = CARTESIAN_POINT('',(14.8,45.3,-10.));
#2408 = LINE('',#2409,#2410);
#2409 = CARTESIAN_POINT('',(14.8,47.3,-10.));
#2410 = VECTOR('',#2411,1.);
#2411 = DIRECTION('',(0.,-1.,0.));
#2412 = ORIENTED_EDGE('',*,*,#2413,.F.);
#2413 = EDGE_CURVE('',#842,#2406,#2414,.T.);
#2414 = LINE('',#2415,#2416);
#2415 = CARTESIAN_POINT('',(14.8,45.3,-2.5));
#2416 = VECTOR('',#2417,1.);
#2417 = DIRECTION('',(1.224646799147E-16,0.,-1.));
#2418 = ORIENTED_EDGE('',*,*,#839,.F.);
#2419 = PLANE('',#2420);
#2420 = AXIS2_PLACEMENT_3D('',#2421,#2422,#2423);
#2421 = CARTESIAN_POINT('',(14.8,47.3,-2.5));
#2422 = DIRECTION('',(-1.,0.,-1.224646799147E-16));
#2423 = DIRECTION('',(0.,-1.,0.));
#2424 = ADVANCED_FACE('',(#2425),#2443,.F.);
#2425 = FACE_BOUND('',#2426,.F.);
#2426 = EDGE_LOOP('',(#2427,#2435,#2441,#2442));
#2427 = ORIENTED_EDGE('',*,*,#2428,.T.);
#2428 = EDGE_CURVE('',#850,#2429,#2431,.T.);
#2429 = VERTEX_POINT('',#2430);
#2430 = CARTESIAN_POINT('',(7.3,47.3,-10.));
#2431 = LINE('',#2432,#2433);
#2432 = CARTESIAN_POINT('',(7.3,47.3,-2.5));
#2433 = VECTOR('',#2434,1.);
#2434 = DIRECTION('',(1.224646799147E-16,0.,-1.));
#2435 = ORIENTED_EDGE('',*,*,#2436,.T.);
#2436 = EDGE_CURVE('',#2429,#2398,#2437,.T.);
#2437 = LINE('',#2438,#2439);
#2438 = CARTESIAN_POINT('',(7.3,47.3,-10.));
#2439 = VECTOR('',#2440,1.);
#2440 = DIRECTION('',(1.,0.,1.224646799147E-16));
#2441 = ORIENTED_EDGE('',*,*,#2397,.F.);
#2442 = ORIENTED_EDGE('',*,*,#849,.F.);
#2443 = PLANE('',#2444);
#2444 = AXIS2_PLACEMENT_3D('',#2445,#2446,#2447);
#2445 = CARTESIAN_POINT('',(7.3,47.3,-2.5));
#2446 = DIRECTION('',(0.,-1.,0.));
#2447 = DIRECTION('',(1.,0.,1.224646799147E-16));
#2448 = ADVANCED_FACE('',(#2449),#2467,.F.);
#2449 = FACE_BOUND('',#2450,.F.);
#2450 = EDGE_LOOP('',(#2451,#2459,#2465,#2466));
#2451 = ORIENTED_EDGE('',*,*,#2452,.T.);
#2452 = EDGE_CURVE('',#858,#2453,#2455,.T.);
#2453 = VERTEX_POINT('',#2454);
#2454 = CARTESIAN_POINT('',(7.3,50.7,-10.));
#2455 = LINE('',#2456,#2457);
#2456 = CARTESIAN_POINT('',(7.3,50.7,-2.5));
#2457 = VECTOR('',#2458,1.);
#2458 = DIRECTION('',(1.224646799147E-16,0.,-1.));
#2459 = ORIENTED_EDGE('',*,*,#2460,.T.);
#2460 = EDGE_CURVE('',#2453,#2429,#2461,.T.);
#2461 = LINE('',#2462,#2463);
#2462 = CARTESIAN_POINT('',(7.3,50.7,-10.));
#2463 = VECTOR('',#2464,1.);
#2464 = DIRECTION('',(0.,-1.,0.));
#2465 = ORIENTED_EDGE('',*,*,#2428,.F.);
#2466 = ORIENTED_EDGE('',*,*,#857,.F.);
#2467 = PLANE('',#2468);
#2468 = AXIS2_PLACEMENT_3D('',#2469,#2470,#2471);
#2469 = CARTESIAN_POINT('',(7.3,50.7,-2.5));
#2470 = DIRECTION('',(-1.,0.,-1.224646799147E-16));
#2471 = DIRECTION('',(0.,-1.,0.));
#2472 = ADVANCED_FACE('',(#2473),#2491,.F.);
#2473 = FACE_BOUND('',#2474,.F.);
#2474 = EDGE_LOOP('',(#2475,#2483,#2489,#2490));
#2475 = ORIENTED_EDGE('',*,*,#2476,.T.);
#2476 = EDGE_CURVE('',#866,#2477,#2479,.T.);
#2477 = VERTEX_POINT('',#2478);
#2478 = CARTESIAN_POINT('',(13.3,50.7,-10.));
#2479 = LINE('',#2480,#2481);
#2480 = CARTESIAN_POINT('',(13.3,50.7,-2.5));
#2481 = VECTOR('',#2482,1.);
#2482 = DIRECTION('',(1.224646799147E-16,0.,-1.));
#2483 = ORIENTED_EDGE('',*,*,#2484,.T.);
#2484 = EDGE_CURVE('',#2477,#2453,#2485,.T.);
#2485 = LINE('',#2486,#2487);
#2486 = CARTESIAN_POINT('',(13.3,50.7,-10.));
#2487 = VECTOR('',#2488,1.);
#2488 = DIRECTION('',(-1.,0.,-1.224646799147E-16));
#2489 = ORIENTED_EDGE('',*,*,#2452,.F.);
#2490 = ORIENTED_EDGE('',*,*,#865,.F.);
#2491 = PLANE('',#2492);
#2492 = AXIS2_PLACEMENT_3D('',#2493,#2494,#2495);
#2493 = CARTESIAN_POINT('',(13.3,50.7,-2.5));
#2494 = DIRECTION('',(0.,1.,0.));
#2495 = DIRECTION('',(-1.,0.,-1.224646799147E-16));
#2496 = ADVANCED_FACE('',(#2497),#2515,.F.);
#2497 = FACE_BOUND('',#2498,.F.);
#2498 = EDGE_LOOP('',(#2499,#2507,#2513,#2514));
#2499 = ORIENTED_EDGE('',*,*,#2500,.T.);
#2500 = EDGE_CURVE('',#874,#2501,#2503,.T.);
#2501 = VERTEX_POINT('',#2502);
#2502 = CARTESIAN_POINT('',(14.8,52.,-10.));
#2503 = LINE('',#2504,#2505);
#2504 = CARTESIAN_POINT('',(14.8,52.,-2.5));
#2505 = VECTOR('',#2506,1.);
#2506 = DIRECTION('',(1.224646799147E-16,0.,-1.));
#2507 = ORIENTED_EDGE('',*,*,#2508,.T.);
#2508 = EDGE_CURVE('',#2501,#2477,#2509,.T.);
#2509 = LINE('',#2510,#2511);
#2510 = CARTESIAN_POINT('',(14.8,52.,-10.));
#2511 = VECTOR('',#2512,1.);
#2512 = DIRECTION('',(-0.75568908279,-0.654930538418,-9.254522163891E-17
    ));
#2513 = ORIENTED_EDGE('',*,*,#2476,.F.);
#2514 = ORIENTED_EDGE('',*,*,#873,.F.);
#2515 = PLANE('',#2516);
#2516 = AXIS2_PLACEMENT_3D('',#2517,#2518,#2519);
#2517 = CARTESIAN_POINT('',(14.8,52.,-2.5));
#2518 = DIRECTION('',(-0.654930538418,0.75568908279,-8.020585875373E-17)
  );
#2519 = DIRECTION('',(-0.75568908279,-0.654930538418,-9.254522163891E-17
    ));
#2520 = ADVANCED_FACE('',(#2521),#2532,.F.);
#2521 = FACE_BOUND('',#2522,.F.);
#2522 = EDGE_LOOP('',(#2523,#2524,#2530,#2531));
#2523 = ORIENTED_EDGE('',*,*,#1129,.T.);
#2524 = ORIENTED_EDGE('',*,*,#2525,.T.);
#2525 = EDGE_CURVE('',#1122,#2501,#2526,.T.);
#2526 = LINE('',#2527,#2528);
#2527 = CARTESIAN_POINT('',(14.8,60.,-10.));
#2528 = VECTOR('',#2529,1.);
#2529 = DIRECTION('',(0.,-1.,0.));
#2530 = ORIENTED_EDGE('',*,*,#2500,.F.);
#2531 = ORIENTED_EDGE('',*,*,#881,.F.);
#2532 = PLANE('',#2533);
#2533 = AXIS2_PLACEMENT_3D('',#2534,#2535,#2536);
#2534 = CARTESIAN_POINT('',(14.8,60.,-2.5));
#2535 = DIRECTION('',(-1.,0.,-1.224646799147E-16));
#2536 = DIRECTION('',(0.,-1.,0.));
#2537 = ADVANCED_FACE('',(#2538),#2581,.F.);
#2538 = FACE_BOUND('',#2539,.T.);
#2539 = EDGE_LOOP('',(#2540,#2541,#2549,#2557,#2565,#2573,#2579,#2580));
#2540 = ORIENTED_EDGE('',*,*,#1399,.F.);
#2541 = ORIENTED_EDGE('',*,*,#2542,.T.);
#2542 = EDGE_CURVE('',#1391,#2543,#2545,.T.);
#2543 = VERTEX_POINT('',#2544);
#2544 = CARTESIAN_POINT('',(-57.,60.,-2.5));
#2545 = LINE('',#2546,#2547);
#2546 = CARTESIAN_POINT('',(-57.,60.,-15.));
#2547 = VECTOR('',#2548,1.);
#2548 = DIRECTION('',(-1.224646799147E-16,0.,1.));
#2549 = ORIENTED_EDGE('',*,*,#2550,.T.);
#2550 = EDGE_CURVE('',#2543,#2551,#2553,.T.);
#2551 = VERTEX_POINT('',#2552);
#2552 = CARTESIAN_POINT('',(-55.2,60.,-2.5));
#2553 = LINE('',#2554,#2555);
#2554 = CARTESIAN_POINT('',(-57.,60.,-2.5));
#2555 = VECTOR('',#2556,1.);
#2556 = DIRECTION('',(1.,0.,1.224646799147E-16));
#2557 = ORIENTED_EDGE('',*,*,#2558,.T.);
#2558 = EDGE_CURVE('',#2551,#2559,#2561,.T.);
#2559 = VERTEX_POINT('',#2560);
#2560 = CARTESIAN_POINT('',(-55.2,60.,-10.));
#2561 = LINE('',#2562,#2563);
#2562 = CARTESIAN_POINT('',(-55.2,60.,-2.5));
#2563 = VECTOR('',#2564,1.);
#2564 = DIRECTION('',(1.224646799147E-16,0.,-1.));
#2565 = ORIENTED_EDGE('',*,*,#2566,.F.);
#2566 = EDGE_CURVE('',#2567,#2559,#2569,.T.);
#2567 = VERTEX_POINT('',#2568);
#2568 = CARTESIAN_POINT('',(-14.8,60.,-10.));
#2569 = LINE('',#2570,#2571);
#2570 = CARTESIAN_POINT('',(-14.8,60.,-10.));
#2571 = VECTOR('',#2572,1.);
#2572 = DIRECTION('',(-1.,0.,-1.224646799147E-16));
#2573 = ORIENTED_EDGE('',*,*,#2574,.F.);
#2574 = EDGE_CURVE('',#982,#2567,#2575,.T.);
#2575 = LINE('',#2576,#2577);
#2576 = CARTESIAN_POINT('',(-14.8,60.,-2.5));
#2577 = VECTOR('',#2578,1.);
#2578 = DIRECTION('',(1.224646799147E-16,0.,-1.));
#2579 = ORIENTED_EDGE('',*,*,#981,.T.);
#2580 = ORIENTED_EDGE('',*,*,#2227,.T.);
#2581 = PLANE('',#2582);
#2582 = AXIS2_PLACEMENT_3D('',#2583,#2584,#2585);
#2583 = CARTESIAN_POINT('',(-57.,60.,-15.));
#2584 = DIRECTION('',(0.,-1.,0.));
#2585 = DIRECTION('',(-1.,0.,-1.224646799147E-16));
#2586 = ADVANCED_FACE('',(#2587),#2605,.F.);
#2587 = FACE_BOUND('',#2588,.T.);
#2588 = EDGE_LOOP('',(#2589,#2590,#2598,#2604));
#2589 = ORIENTED_EDGE('',*,*,#2574,.T.);
#2590 = ORIENTED_EDGE('',*,*,#2591,.T.);
#2591 = EDGE_CURVE('',#2567,#2592,#2594,.T.);
#2592 = VERTEX_POINT('',#2593);
#2593 = CARTESIAN_POINT('',(-14.8,52.,-10.));
#2594 = LINE('',#2595,#2596);
#2595 = CARTESIAN_POINT('',(-14.8,60.,-10.));
#2596 = VECTOR('',#2597,1.);
#2597 = DIRECTION('',(0.,-1.,0.));
#2598 = ORIENTED_EDGE('',*,*,#2599,.F.);
#2599 = EDGE_CURVE('',#990,#2592,#2600,.T.);
#2600 = LINE('',#2601,#2602);
#2601 = CARTESIAN_POINT('',(-14.8,52.,-2.5));
#2602 = VECTOR('',#2603,1.);
#2603 = DIRECTION('',(1.224646799147E-16,0.,-1.));
#2604 = ORIENTED_EDGE('',*,*,#989,.F.);
#2605 = PLANE('',#2606);
#2606 = AXIS2_PLACEMENT_3D('',#2607,#2608,#2609);
#2607 = CARTESIAN_POINT('',(-14.8,60.,-2.5));
#2608 = DIRECTION('',(1.,0.,1.224646799147E-16));
#2609 = DIRECTION('',(0.,1.,0.));
#2610 = ADVANCED_FACE('',(#2611),#2629,.F.);
#2611 = FACE_BOUND('',#2612,.T.);
#2612 = EDGE_LOOP('',(#2613,#2614,#2622,#2628));
#2613 = ORIENTED_EDGE('',*,*,#2599,.T.);
#2614 = ORIENTED_EDGE('',*,*,#2615,.T.);
#2615 = EDGE_CURVE('',#2592,#2616,#2618,.T.);
#2616 = VERTEX_POINT('',#2617);
#2617 = CARTESIAN_POINT('',(-13.3,50.7,-10.));
#2618 = LINE('',#2619,#2620);
#2619 = CARTESIAN_POINT('',(-14.8,52.,-10.));
#2620 = VECTOR('',#2621,1.);
#2621 = DIRECTION('',(0.75568908279,-0.654930538418,9.254522163891E-17)
  );
#2622 = ORIENTED_EDGE('',*,*,#2623,.F.);
#2623 = EDGE_CURVE('',#998,#2616,#2624,.T.);
#2624 = LINE('',#2625,#2626);
#2625 = CARTESIAN_POINT('',(-13.3,50.7,-2.5));
#2626 = VECTOR('',#2627,1.);
#2627 = DIRECTION('',(1.224646799147E-16,0.,-1.));
#2628 = ORIENTED_EDGE('',*,*,#997,.F.);
#2629 = PLANE('',#2630);
#2630 = AXIS2_PLACEMENT_3D('',#2631,#2632,#2633);
#2631 = CARTESIAN_POINT('',(-14.8,52.,-2.5));
#2632 = DIRECTION('',(0.654930538418,0.75568908279,8.020585875373E-17));
#2633 = DIRECTION('',(-0.75568908279,0.654930538418,-9.254522163891E-17)
  );
#2634 = ADVANCED_FACE('',(#2635),#2653,.F.);
#2635 = FACE_BOUND('',#2636,.T.);
#2636 = EDGE_LOOP('',(#2637,#2638,#2646,#2652));
#2637 = ORIENTED_EDGE('',*,*,#2623,.T.);
#2638 = ORIENTED_EDGE('',*,*,#2639,.T.);
#2639 = EDGE_CURVE('',#2616,#2640,#2642,.T.);
#2640 = VERTEX_POINT('',#2641);
#2641 = CARTESIAN_POINT('',(-7.3,50.7,-10.));
#2642 = LINE('',#2643,#2644);
#2643 = CARTESIAN_POINT('',(-13.3,50.7,-10.));
#2644 = VECTOR('',#2645,1.);
#2645 = DIRECTION('',(1.,0.,1.224646799147E-16));
#2646 = ORIENTED_EDGE('',*,*,#2647,.F.);
#2647 = EDGE_CURVE('',#1006,#2640,#2648,.T.);
#2648 = LINE('',#2649,#2650);
#2649 = CARTESIAN_POINT('',(-7.3,50.7,-2.5));
#2650 = VECTOR('',#2651,1.);
#2651 = DIRECTION('',(1.224646799147E-16,0.,-1.));
#2652 = ORIENTED_EDGE('',*,*,#1005,.F.);
#2653 = PLANE('',#2654);
#2654 = AXIS2_PLACEMENT_3D('',#2655,#2656,#2657);
#2655 = CARTESIAN_POINT('',(-13.3,50.7,-2.5));
#2656 = DIRECTION('',(-0.,1.,0.));
#2657 = DIRECTION('',(-1.,-0.,-1.224646799147E-16));
#2658 = ADVANCED_FACE('',(#2659),#2677,.F.);
#2659 = FACE_BOUND('',#2660,.T.);
#2660 = EDGE_LOOP('',(#2661,#2662,#2670,#2676));
#2661 = ORIENTED_EDGE('',*,*,#2647,.T.);
#2662 = ORIENTED_EDGE('',*,*,#2663,.T.);
#2663 = EDGE_CURVE('',#2640,#2664,#2666,.T.);
#2664 = VERTEX_POINT('',#2665);
#2665 = CARTESIAN_POINT('',(-7.3,47.3,-10.));
#2666 = LINE('',#2667,#2668);
#2667 = CARTESIAN_POINT('',(-7.3,50.7,-10.));
#2668 = VECTOR('',#2669,1.);
#2669 = DIRECTION('',(0.,-1.,0.));
#2670 = ORIENTED_EDGE('',*,*,#2671,.F.);
#2671 = EDGE_CURVE('',#1014,#2664,#2672,.T.);
#2672 = LINE('',#2673,#2674);
#2673 = CARTESIAN_POINT('',(-7.3,47.3,-2.5));
#2674 = VECTOR('',#2675,1.);
#2675 = DIRECTION('',(1.224646799147E-16,0.,-1.));
#2676 = ORIENTED_EDGE('',*,*,#1013,.F.);
#2677 = PLANE('',#2678);
#2678 = AXIS2_PLACEMENT_3D('',#2679,#2680,#2681);
#2679 = CARTESIAN_POINT('',(-7.3,50.7,-2.5));
#2680 = DIRECTION('',(1.,0.,1.224646799147E-16));
#2681 = DIRECTION('',(0.,1.,0.));
#2682 = ADVANCED_FACE('',(#2683),#2701,.F.);
#2683 = FACE_BOUND('',#2684,.T.);
#2684 = EDGE_LOOP('',(#2685,#2686,#2694,#2700));
#2685 = ORIENTED_EDGE('',*,*,#2671,.T.);
#2686 = ORIENTED_EDGE('',*,*,#2687,.T.);
#2687 = EDGE_CURVE('',#2664,#2688,#2690,.T.);
#2688 = VERTEX_POINT('',#2689);
#2689 = CARTESIAN_POINT('',(-14.8,47.3,-10.));
#2690 = LINE('',#2691,#2692);
#2691 = CARTESIAN_POINT('',(-7.3,47.3,-10.));
#2692 = VECTOR('',#2693,1.);
#2693 = DIRECTION('',(-1.,0.,-1.224646799147E-16));
#2694 = ORIENTED_EDGE('',*,*,#2695,.F.);
#2695 = EDGE_CURVE('',#1022,#2688,#2696,.T.);
#2696 = LINE('',#2697,#2698);
#2697 = CARTESIAN_POINT('',(-14.8,47.3,-2.5));
#2698 = VECTOR('',#2699,1.);
#2699 = DIRECTION('',(1.224646799147E-16,0.,-1.));
#2700 = ORIENTED_EDGE('',*,*,#1021,.F.);
#2701 = PLANE('',#2702);
#2702 = AXIS2_PLACEMENT_3D('',#2703,#2704,#2705);
#2703 = CARTESIAN_POINT('',(-7.3,47.3,-2.5));
#2704 = DIRECTION('',(0.,-1.,0.));
#2705 = DIRECTION('',(1.,0.,1.224646799147E-16));
#2706 = ADVANCED_FACE('',(#2707),#2725,.F.);
#2707 = FACE_BOUND('',#2708,.T.);
#2708 = EDGE_LOOP('',(#2709,#2710,#2718,#2724));
#2709 = ORIENTED_EDGE('',*,*,#2695,.T.);
#2710 = ORIENTED_EDGE('',*,*,#2711,.T.);
#2711 = EDGE_CURVE('',#2688,#2712,#2714,.T.);
#2712 = VERTEX_POINT('',#2713);
#2713 = CARTESIAN_POINT('',(-14.8,45.3,-10.));
#2714 = LINE('',#2715,#2716);
#2715 = CARTESIAN_POINT('',(-14.8,47.3,-10.));
#2716 = VECTOR('',#2717,1.);
#2717 = DIRECTION('',(0.,-1.,0.));
#2718 = ORIENTED_EDGE('',*,*,#2719,.F.);
#2719 = EDGE_CURVE('',#1030,#2712,#2720,.T.);
#2720 = LINE('',#2721,#2722);
#2721 = CARTESIAN_POINT('',(-14.8,45.3,-2.5));
#2722 = VECTOR('',#2723,1.);
#2723 = DIRECTION('',(1.224646799147E-16,0.,-1.));
#2724 = ORIENTED_EDGE('',*,*,#1029,.F.);
#2725 = PLANE('',#2726);
#2726 = AXIS2_PLACEMENT_3D('',#2727,#2728,#2729);
#2727 = CARTESIAN_POINT('',(-14.8,47.3,-2.5));
#2728 = DIRECTION('',(1.,0.,1.224646799147E-16));
#2729 = DIRECTION('',(0.,1.,0.));
#2730 = ADVANCED_FACE('',(#2731),#2866,.T.);
#2731 = FACE_BOUND('',#2732,.T.);
#2732 = EDGE_LOOP('',(#2733,#2734,#2742,#2750,#2756,#2757,#2765,#2773,
    #2781,#2787,#2788,#2789,#2790,#2798,#2806,#2814,#2820,#2821,#2829,
    #2837,#2843,#2844,#2852,#2860));
#2733 = ORIENTED_EDGE('',*,*,#1272,.T.);
#2734 = ORIENTED_EDGE('',*,*,#2735,.T.);
#2735 = EDGE_CURVE('',#1265,#2736,#2738,.T.);
#2736 = VERTEX_POINT('',#2737);
#2737 = CARTESIAN_POINT('',(59.45,45.3,-14.75));
#2738 = LINE('',#2739,#2740);
#2739 = CARTESIAN_POINT('',(59.45,45.3,-15.));
#2740 = VECTOR('',#2741,1.);
#2741 = DIRECTION('',(-1.224646799147E-16,0.,1.));
#2742 = ORIENTED_EDGE('',*,*,#2743,.F.);
#2743 = EDGE_CURVE('',#2744,#2736,#2746,.T.);
#2744 = VERTEX_POINT('',#2745);
#2745 = CARTESIAN_POINT('',(59.55,45.3,-14.75));
#2746 = LINE('',#2747,#2748);
#2747 = CARTESIAN_POINT('',(12.416666666667,45.3,-14.75));
#2748 = VECTOR('',#2749,1.);
#2749 = DIRECTION('',(-1.,0.,-1.224646799147E-16));
#2750 = ORIENTED_EDGE('',*,*,#2751,.T.);
#2751 = EDGE_CURVE('',#2744,#1231,#2752,.T.);
#2752 = LINE('',#2753,#2754);
#2753 = CARTESIAN_POINT('',(59.55,45.3,-15.));
#2754 = VECTOR('',#2755,1.);
#2755 = DIRECTION('',(1.224646799147E-16,0.,-1.));
#2756 = ORIENTED_EDGE('',*,*,#1230,.T.);
#2757 = ORIENTED_EDGE('',*,*,#2758,.T.);
#2758 = EDGE_CURVE('',#1223,#2759,#2761,.T.);
#2759 = VERTEX_POINT('',#2760);
#2760 = CARTESIAN_POINT('',(64.5,45.3,-2.5));
#2761 = LINE('',#2762,#2763);
#2762 = CARTESIAN_POINT('',(64.5,45.3,-15.));
#2763 = VECTOR('',#2764,1.);
#2764 = DIRECTION('',(-1.224646799147E-16,0.,1.));
#2765 = ORIENTED_EDGE('',*,*,#2766,.F.);
#2766 = EDGE_CURVE('',#2767,#2759,#2769,.T.);
#2767 = VERTEX_POINT('',#2768);
#2768 = CARTESIAN_POINT('',(55.2,45.3,-2.5));
#2769 = LINE('',#2770,#2771);
#2770 = CARTESIAN_POINT('',(3.061616997868E-16,45.3,-2.5));
#2771 = VECTOR('',#2772,1.);
#2772 = DIRECTION('',(1.,0.,1.224646799147E-16));
#2773 = ORIENTED_EDGE('',*,*,#2774,.T.);
#2774 = EDGE_CURVE('',#2767,#2775,#2777,.T.);
#2775 = VERTEX_POINT('',#2776);
#2776 = CARTESIAN_POINT('',(55.2,45.3,-10.));
#2777 = LINE('',#2778,#2779);
#2778 = CARTESIAN_POINT('',(55.2,45.3,-2.5));
#2779 = VECTOR('',#2780,1.);
#2780 = DIRECTION('',(1.224646799147E-16,0.,-1.));
#2781 = ORIENTED_EDGE('',*,*,#2782,.T.);
#2782 = EDGE_CURVE('',#2775,#2406,#2783,.T.);
#2783 = LINE('',#2784,#2785);
#2784 = CARTESIAN_POINT('',(55.2,45.3,-10.));
#2785 = VECTOR('',#2786,1.);
#2786 = DIRECTION('',(-1.,0.,-1.224646799147E-16));
#2787 = ORIENTED_EDGE('',*,*,#2413,.F.);
#2788 = ORIENTED_EDGE('',*,*,#1037,.T.);
#2789 = ORIENTED_EDGE('',*,*,#2719,.T.);
#2790 = ORIENTED_EDGE('',*,*,#2791,.F.);
#2791 = EDGE_CURVE('',#2792,#2712,#2794,.T.);
#2792 = VERTEX_POINT('',#2793);
#2793 = CARTESIAN_POINT('',(-55.2,45.3,-10.));
#2794 = LINE('',#2795,#2796);
#2795 = CARTESIAN_POINT('',(-55.2,45.3,-10.));
#2796 = VECTOR('',#2797,1.);
#2797 = DIRECTION('',(1.,0.,1.224646799147E-16));
#2798 = ORIENTED_EDGE('',*,*,#2799,.F.);
#2799 = EDGE_CURVE('',#2800,#2792,#2802,.T.);
#2800 = VERTEX_POINT('',#2801);
#2801 = CARTESIAN_POINT('',(-55.2,45.3,-2.5));
#2802 = LINE('',#2803,#2804);
#2803 = CARTESIAN_POINT('',(-55.2,45.3,-2.5));
#2804 = VECTOR('',#2805,1.);
#2805 = DIRECTION('',(1.224646799147E-16,0.,-1.));
#2806 = ORIENTED_EDGE('',*,*,#2807,.T.);
#2807 = EDGE_CURVE('',#2800,#2808,#2810,.T.);
#2808 = VERTEX_POINT('',#2809);
#2809 = CARTESIAN_POINT('',(-64.5,45.3,-2.5));
#2810 = LINE('',#2811,#2812);
#2811 = CARTESIAN_POINT('',(3.061616997868E-16,45.3,-2.5));
#2812 = VECTOR('',#2813,1.);
#2813 = DIRECTION('',(-1.,0.,-1.224646799147E-16));
#2814 = ORIENTED_EDGE('',*,*,#2815,.F.);
#2815 = EDGE_CURVE('',#1375,#2808,#2816,.T.);
#2816 = LINE('',#2817,#2818);
#2817 = CARTESIAN_POINT('',(-64.5,45.3,-15.));
#2818 = VECTOR('',#2819,1.);
#2819 = DIRECTION('',(-1.224646799147E-16,0.,1.));
#2820 = ORIENTED_EDGE('',*,*,#1374,.F.);
#2821 = ORIENTED_EDGE('',*,*,#2822,.F.);
#2822 = EDGE_CURVE('',#2823,#1367,#2825,.T.);
#2823 = VERTEX_POINT('',#2824);
#2824 = CARTESIAN_POINT('',(-59.55,45.3,-14.75));
#2825 = LINE('',#2826,#2827);
#2826 = CARTESIAN_POINT('',(-59.55,45.3,-15.));
#2827 = VECTOR('',#2828,1.);
#2828 = DIRECTION('',(1.224646799147E-16,0.,-1.));
#2829 = ORIENTED_EDGE('',*,*,#2830,.T.);
#2830 = EDGE_CURVE('',#2823,#2831,#2833,.T.);
#2831 = VERTEX_POINT('',#2832);
#2832 = CARTESIAN_POINT('',(-59.45,45.3,-14.75));
#2833 = LINE('',#2834,#2835);
#2834 = CARTESIAN_POINT('',(-12.41666666666,45.3,-14.75));
#2835 = VECTOR('',#2836,1.);
#2836 = DIRECTION('',(1.,0.,1.224646799147E-16));
#2837 = ORIENTED_EDGE('',*,*,#2838,.F.);
#2838 = EDGE_CURVE('',#1333,#2831,#2839,.T.);
#2839 = LINE('',#2840,#2841);
#2840 = CARTESIAN_POINT('',(-59.45,45.3,-15.));
#2841 = VECTOR('',#2842,1.);
#2842 = DIRECTION('',(-1.224646799147E-16,0.,1.));
#2843 = ORIENTED_EDGE('',*,*,#1332,.F.);
#2844 = ORIENTED_EDGE('',*,*,#2845,.F.);
#2845 = EDGE_CURVE('',#2846,#1325,#2848,.T.);
#2846 = VERTEX_POINT('',#2847);
#2847 = CARTESIAN_POINT('',(-5.E-02,45.3,-14.75));
#2848 = LINE('',#2849,#2850);
#2849 = CARTESIAN_POINT('',(-5.E-02,45.3,-15.));
#2850 = VECTOR('',#2851,1.);
#2851 = DIRECTION('',(1.224646799147E-16,0.,-1.));
#2852 = ORIENTED_EDGE('',*,*,#2853,.F.);
#2853 = EDGE_CURVE('',#2854,#2846,#2856,.T.);
#2854 = VERTEX_POINT('',#2855);
#2855 = CARTESIAN_POINT('',(5.E-02,45.3,-14.75));
#2856 = LINE('',#2857,#2858);
#2857 = CARTESIAN_POINT('',(12.416666666667,45.3,-14.75));
#2858 = VECTOR('',#2859,1.);
#2859 = DIRECTION('',(-1.,0.,-1.224646799147E-16));
#2860 = ORIENTED_EDGE('',*,*,#2861,.T.);
#2861 = EDGE_CURVE('',#2854,#1273,#2862,.T.);
#2862 = LINE('',#2863,#2864);
#2863 = CARTESIAN_POINT('',(5.E-02,45.3,-15.));
#2864 = VECTOR('',#2865,1.);
#2865 = DIRECTION('',(1.224646799147E-16,0.,-1.));
#2866 = PLANE('',#2867);
#2867 = AXIS2_PLACEMENT_3D('',#2868,#2869,#2870);
#2868 = CARTESIAN_POINT('',(1.28188297447E-15,45.3,-10.46736883942));
#2869 = DIRECTION('',(0.,-1.,0.));
#2870 = DIRECTION('',(1.224646799147E-16,0.,-1.));
#2871 = ADVANCED_FACE('',(#2872),#3004,.F.);
#2872 = FACE_BOUND('',#2873,.F.);
#2873 = EDGE_LOOP('',(#2874,#2885,#2893,#2902,#2910,#2919,#2927,#2936,
    #2945,#2953,#2962,#2970,#2979,#2987,#2994,#2999,#3000,#3001,#3002,
    #3003));
#2874 = ORIENTED_EDGE('',*,*,#2875,.F.);
#2875 = EDGE_CURVE('',#2876,#2878,#2880,.T.);
#2876 = VERTEX_POINT('',#2877);
#2877 = CARTESIAN_POINT('',(0.959117186761,49.536239697881,-4.25));
#2878 = VERTEX_POINT('',#2879);
#2879 = CARTESIAN_POINT('',(5.204748896376E-16,49.25,-4.25));
#2880 = CIRCLE('',#2881,1.75);
#2881 = AXIS2_PLACEMENT_3D('',#2882,#2883,#2884);
#2882 = CARTESIAN_POINT('',(5.204748896376E-16,51.,-4.25));
#2883 = DIRECTION('',(1.224646799147E-16,0.,-1.));
#2884 = DIRECTION('',(1.,0.,1.224646799147E-16));
#2885 = ORIENTED_EDGE('',*,*,#2886,.T.);
#2886 = EDGE_CURVE('',#2876,#2887,#2889,.T.);
#2887 = VERTEX_POINT('',#2888);
#2888 = CARTESIAN_POINT('',(0.959117186761,49.536239697881,-4.5));
#2889 = LINE('',#2890,#2891);
#2890 = CARTESIAN_POINT('',(0.959117186761,49.536239697881,-15.));
#2891 = VECTOR('',#2892,1.);
#2892 = DIRECTION('',(1.224646799147E-16,0.,-1.));
#2893 = ORIENTED_EDGE('',*,*,#2894,.F.);
#2894 = EDGE_CURVE('',#2895,#2887,#2897,.T.);
#2895 = VERTEX_POINT('',#2896);
#2896 = CARTESIAN_POINT('',(1.747212200067,50.901260302119,-4.5));
#2897 = CIRCLE('',#2898,1.75);
#2898 = AXIS2_PLACEMENT_3D('',#2899,#2900,#2901);
#2899 = CARTESIAN_POINT('',(5.510910596163E-16,51.,-4.5));
#2900 = DIRECTION('',(1.224646799147E-16,0.,-1.));
#2901 = DIRECTION('',(1.,0.,1.224646799147E-16));
#2902 = ORIENTED_EDGE('',*,*,#2903,.F.);
#2903 = EDGE_CURVE('',#2904,#2895,#2906,.T.);
#2904 = VERTEX_POINT('',#2905);
#2905 = CARTESIAN_POINT('',(1.747212200067,50.901260302119,-4.25));
#2906 = LINE('',#2907,#2908);
#2907 = CARTESIAN_POINT('',(1.747212200067,50.901260302119,-15.));
#2908 = VECTOR('',#2909,1.);
#2909 = DIRECTION('',(1.224646799147E-16,0.,-1.));
#2910 = ORIENTED_EDGE('',*,*,#2911,.F.);
#2911 = EDGE_CURVE('',#2912,#2904,#2914,.T.);
#2912 = VERTEX_POINT('',#2913);
#2913 = CARTESIAN_POINT('',(0.788095013299,52.562500000004,-4.25));
#2914 = CIRCLE('',#2915,1.75);
#2915 = AXIS2_PLACEMENT_3D('',#2916,#2917,#2918);
#2916 = CARTESIAN_POINT('',(5.204748896376E-16,51.,-4.25));
#2917 = DIRECTION('',(1.224646799147E-16,0.,-1.));
#2918 = DIRECTION('',(1.,0.,1.224646799147E-16));
#2919 = ORIENTED_EDGE('',*,*,#2920,.T.);
#2920 = EDGE_CURVE('',#2912,#2921,#2923,.T.);
#2921 = VERTEX_POINT('',#2922);
#2922 = CARTESIAN_POINT('',(0.788095013299,52.562500000004,-4.5));
#2923 = LINE('',#2924,#2925);
#2924 = CARTESIAN_POINT('',(0.788095013299,52.562500000004,-15.));
#2925 = VECTOR('',#2926,1.);
#2926 = DIRECTION('',(1.224646799147E-16,0.,-1.));
#2927 = ORIENTED_EDGE('',*,*,#2928,.F.);
#2928 = EDGE_CURVE('',#2929,#2921,#2931,.T.);
#2929 = VERTEX_POINT('',#2930);
#2930 = CARTESIAN_POINT('',(5.510910596163E-16,52.75,-4.5));
#2931 = CIRCLE('',#2932,1.75);
#2932 = AXIS2_PLACEMENT_3D('',#2933,#2934,#2935);
#2933 = CARTESIAN_POINT('',(5.510910596163E-16,51.,-4.5));
#2934 = DIRECTION('',(1.224646799147E-16,0.,-1.));
#2935 = DIRECTION('',(1.,0.,1.224646799147E-16));
#2936 = ORIENTED_EDGE('',*,*,#2937,.T.);
#2937 = EDGE_CURVE('',#2929,#2938,#2940,.T.);
#2938 = VERTEX_POINT('',#2939);
#2939 = CARTESIAN_POINT('',(-0.788095013299,52.562500000004,-4.5));
#2940 = CIRCLE('',#2941,1.75);
#2941 = AXIS2_PLACEMENT_3D('',#2942,#2943,#2944);
#2942 = CARTESIAN_POINT('',(5.510910596163E-16,51.,-4.5));
#2943 = DIRECTION('',(-1.224646799147E-16,0.,1.));
#2944 = DIRECTION('',(-1.,0.,-1.224646799147E-16));
#2945 = ORIENTED_EDGE('',*,*,#2946,.F.);
#2946 = EDGE_CURVE('',#2947,#2938,#2949,.T.);
#2947 = VERTEX_POINT('',#2948);
#2948 = CARTESIAN_POINT('',(-0.788095013299,52.562500000004,-4.25));
#2949 = LINE('',#2950,#2951);
#2950 = CARTESIAN_POINT('',(-0.788095013299,52.562500000004,-15.));
#2951 = VECTOR('',#2952,1.);
#2952 = DIRECTION('',(1.224646799147E-16,0.,-1.));
#2953 = ORIENTED_EDGE('',*,*,#2954,.T.);
#2954 = EDGE_CURVE('',#2947,#2955,#2957,.T.);
#2955 = VERTEX_POINT('',#2956);
#2956 = CARTESIAN_POINT('',(-1.747212200067,50.901260302119,-4.25));
#2957 = CIRCLE('',#2958,1.75);
#2958 = AXIS2_PLACEMENT_3D('',#2959,#2960,#2961);
#2959 = CARTESIAN_POINT('',(5.204748896376E-16,51.,-4.25));
#2960 = DIRECTION('',(-1.224646799147E-16,0.,1.));
#2961 = DIRECTION('',(-1.,0.,-1.224646799147E-16));
#2962 = ORIENTED_EDGE('',*,*,#2963,.T.);
#2963 = EDGE_CURVE('',#2955,#2964,#2966,.T.);
#2964 = VERTEX_POINT('',#2965);
#2965 = CARTESIAN_POINT('',(-1.747212200067,50.901260302119,-4.5));
#2966 = LINE('',#2967,#2968);
#2967 = CARTESIAN_POINT('',(-1.747212200067,50.901260302119,-15.));
#2968 = VECTOR('',#2969,1.);
#2969 = DIRECTION('',(1.224646799147E-16,0.,-1.));
#2970 = ORIENTED_EDGE('',*,*,#2971,.T.);
#2971 = EDGE_CURVE('',#2964,#2972,#2974,.T.);
#2972 = VERTEX_POINT('',#2973);
#2973 = CARTESIAN_POINT('',(-0.959117186761,49.536239697881,-4.5));
#2974 = CIRCLE('',#2975,1.75);
#2975 = AXIS2_PLACEMENT_3D('',#2976,#2977,#2978);
#2976 = CARTESIAN_POINT('',(5.510910596163E-16,51.,-4.5));
#2977 = DIRECTION('',(-1.224646799147E-16,0.,1.));
#2978 = DIRECTION('',(-1.,0.,-1.224646799147E-16));
#2979 = ORIENTED_EDGE('',*,*,#2980,.F.);
#2980 = EDGE_CURVE('',#2981,#2972,#2983,.T.);
#2981 = VERTEX_POINT('',#2982);
#2982 = CARTESIAN_POINT('',(-0.959117186761,49.536239697881,-4.25));
#2983 = LINE('',#2984,#2985);
#2984 = CARTESIAN_POINT('',(-0.959117186761,49.536239697881,-15.));
#2985 = VECTOR('',#2986,1.);
#2986 = DIRECTION('',(1.224646799147E-16,0.,-1.));
#2987 = ORIENTED_EDGE('',*,*,#2988,.T.);
#2988 = EDGE_CURVE('',#2981,#2878,#2989,.T.);
#2989 = CIRCLE('',#2990,1.75);
#2990 = AXIS2_PLACEMENT_3D('',#2991,#2992,#2993);
#2991 = CARTESIAN_POINT('',(5.204748896376E-16,51.,-4.25));
#2992 = DIRECTION('',(-1.224646799147E-16,0.,1.));
#2993 = DIRECTION('',(-1.,0.,-1.224646799147E-16));
#2994 = ORIENTED_EDGE('',*,*,#2995,.F.);
#2995 = EDGE_CURVE('',#1057,#2878,#2996,.T.);
#2996 = B_SPLINE_CURVE_WITH_KNOTS('',1,(#2997,#2998),.UNSPECIFIED.,.F.,
  .F.,(2,2),(-12.5,-10.75),.PIECEWISE_BEZIER_KNOTS.);
#2997 = CARTESIAN_POINT('',(8.461616997868E-16,49.25,-2.5));
#2998 = CARTESIAN_POINT('',(1.060474889638E-15,49.25,-4.25));
#2999 = ORIENTED_EDGE('',*,*,#1065,.F.);
#3000 = ORIENTED_EDGE('',*,*,#1074,.F.);
#3001 = ORIENTED_EDGE('',*,*,#1045,.T.);
#3002 = ORIENTED_EDGE('',*,*,#1056,.T.);
#3003 = ORIENTED_EDGE('',*,*,#2995,.T.);
#3004 = CYLINDRICAL_SURFACE('',#3005,1.75);
#3005 = AXIS2_PLACEMENT_3D('',#3006,#3007,#3008);
#3006 = CARTESIAN_POINT('',(1.836970198721E-15,51.,-15.));
#3007 = DIRECTION('',(1.224646799147E-16,0.,-1.));
#3008 = DIRECTION('',(1.,0.,1.224646799147E-16));
#3009 = ADVANCED_FACE('',(#3010,#3066,#3100),#3134,.F.);
#3010 = FACE_BOUND('',#3011,.F.);
#3011 = EDGE_LOOP('',(#3012,#3013,#3021,#3029,#3037,#3045,#3053,#3059,
    #3060,#3061,#3062,#3063,#3064,#3065));
#3012 = ORIENTED_EDGE('',*,*,#1121,.T.);
#3013 = ORIENTED_EDGE('',*,*,#3014,.T.);
#3014 = EDGE_CURVE('',#1114,#3015,#3017,.T.);
#3015 = VERTEX_POINT('',#3016);
#3016 = CARTESIAN_POINT('',(55.2,52.,-10.));
#3017 = LINE('',#3018,#3019);
#3018 = CARTESIAN_POINT('',(55.2,60.,-10.));
#3019 = VECTOR('',#3020,1.);
#3020 = DIRECTION('',(0.,-1.,0.));
#3021 = ORIENTED_EDGE('',*,*,#3022,.T.);
#3022 = EDGE_CURVE('',#3015,#3023,#3025,.T.);
#3023 = VERTEX_POINT('',#3024);
#3024 = CARTESIAN_POINT('',(56.7,50.7,-10.));
#3025 = LINE('',#3026,#3027);
#3026 = CARTESIAN_POINT('',(55.2,52.,-10.));
#3027 = VECTOR('',#3028,1.);
#3028 = DIRECTION('',(0.75568908279,-0.654930538418,9.254522163891E-17)
  );
#3029 = ORIENTED_EDGE('',*,*,#3030,.T.);
#3030 = EDGE_CURVE('',#3023,#3031,#3033,.T.);
#3031 = VERTEX_POINT('',#3032);
#3032 = CARTESIAN_POINT('',(62.7,50.7,-10.));
#3033 = LINE('',#3034,#3035);
#3034 = CARTESIAN_POINT('',(56.7,50.7,-10.));
#3035 = VECTOR('',#3036,1.);
#3036 = DIRECTION('',(1.,0.,1.224646799147E-16));
#3037 = ORIENTED_EDGE('',*,*,#3038,.T.);
#3038 = EDGE_CURVE('',#3031,#3039,#3041,.T.);
#3039 = VERTEX_POINT('',#3040);
#3040 = CARTESIAN_POINT('',(62.7,47.3,-10.));
#3041 = LINE('',#3042,#3043);
#3042 = CARTESIAN_POINT('',(62.7,50.7,-10.));
#3043 = VECTOR('',#3044,1.);
#3044 = DIRECTION('',(0.,-1.,0.));
#3045 = ORIENTED_EDGE('',*,*,#3046,.T.);
#3046 = EDGE_CURVE('',#3039,#3047,#3049,.T.);
#3047 = VERTEX_POINT('',#3048);
#3048 = CARTESIAN_POINT('',(55.2,47.3,-10.));
#3049 = LINE('',#3050,#3051);
#3050 = CARTESIAN_POINT('',(62.7,47.3,-10.));
#3051 = VECTOR('',#3052,1.);
#3052 = DIRECTION('',(-1.,0.,-1.224646799147E-16));
#3053 = ORIENTED_EDGE('',*,*,#3054,.T.);
#3054 = EDGE_CURVE('',#3047,#2775,#3055,.T.);
#3055 = LINE('',#3056,#3057);
#3056 = CARTESIAN_POINT('',(55.2,47.3,-10.));
#3057 = VECTOR('',#3058,1.);
#3058 = DIRECTION('',(0.,-1.,0.));
#3059 = ORIENTED_EDGE('',*,*,#2782,.T.);
#3060 = ORIENTED_EDGE('',*,*,#2405,.F.);
#3061 = ORIENTED_EDGE('',*,*,#2436,.F.);
#3062 = ORIENTED_EDGE('',*,*,#2460,.F.);
#3063 = ORIENTED_EDGE('',*,*,#2484,.F.);
#3064 = ORIENTED_EDGE('',*,*,#2508,.F.);
#3065 = ORIENTED_EDGE('',*,*,#2525,.F.);
#3066 = FACE_BOUND('',#3067,.F.);
#3067 = EDGE_LOOP('',(#3068,#3078,#3086,#3094));
#3068 = ORIENTED_EDGE('',*,*,#3069,.T.);
#3069 = EDGE_CURVE('',#3070,#3072,#3074,.T.);
#3070 = VERTEX_POINT('',#3071);
#3071 = CARTESIAN_POINT('',(53.4,58.2,-10.));
#3072 = VERTEX_POINT('',#3073);
#3073 = CARTESIAN_POINT('',(16.6,58.2,-10.));
#3074 = LINE('',#3075,#3076);
#3075 = CARTESIAN_POINT('',(53.4,58.2,-10.));
#3076 = VECTOR('',#3077,1.);
#3077 = DIRECTION('',(-1.,0.,-1.224646799147E-16));
#3078 = ORIENTED_EDGE('',*,*,#3079,.T.);
#3079 = EDGE_CURVE('',#3072,#3080,#3082,.T.);
#3080 = VERTEX_POINT('',#3081);
#3081 = CARTESIAN_POINT('',(16.6,52.,-10.));
#3082 = LINE('',#3083,#3084);
#3083 = CARTESIAN_POINT('',(16.6,58.2,-10.));
#3084 = VECTOR('',#3085,1.);
#3085 = DIRECTION('',(0.,-1.,0.));
#3086 = ORIENTED_EDGE('',*,*,#3087,.T.);
#3087 = EDGE_CURVE('',#3080,#3088,#3090,.T.);
#3088 = VERTEX_POINT('',#3089);
#3089 = CARTESIAN_POINT('',(53.4,52.,-10.));
#3090 = LINE('',#3091,#3092);
#3091 = CARTESIAN_POINT('',(16.6,52.,-10.));
#3092 = VECTOR('',#3093,1.);
#3093 = DIRECTION('',(1.,0.,1.224646799147E-16));
#3094 = ORIENTED_EDGE('',*,*,#3095,.T.);
#3095 = EDGE_CURVE('',#3088,#3070,#3096,.T.);
#3096 = LINE('',#3097,#3098);
#3097 = CARTESIAN_POINT('',(53.4,52.,-10.));
#3098 = VECTOR('',#3099,1.);
#3099 = DIRECTION('',(0.,1.,0.));
#3100 = FACE_BOUND('',#3101,.F.);
#3101 = EDGE_LOOP('',(#3102,#3112,#3120,#3128));
#3102 = ORIENTED_EDGE('',*,*,#3103,.T.);
#3103 = EDGE_CURVE('',#3104,#3106,#3108,.T.);
#3104 = VERTEX_POINT('',#3105);
#3105 = CARTESIAN_POINT('',(53.4,50.2,-10.));
#3106 = VERTEX_POINT('',#3107);
#3107 = CARTESIAN_POINT('',(16.6,50.2,-10.));
#3108 = LINE('',#3109,#3110);
#3109 = CARTESIAN_POINT('',(53.4,50.2,-10.));
#3110 = VECTOR('',#3111,1.);
#3111 = DIRECTION('',(-1.,0.,-1.224646799147E-16));
#3112 = ORIENTED_EDGE('',*,*,#3113,.T.);
#3113 = EDGE_CURVE('',#3106,#3114,#3116,.T.);
#3114 = VERTEX_POINT('',#3115);
#3115 = CARTESIAN_POINT('',(16.6,47.1,-10.));
#3116 = LINE('',#3117,#3118);
#3117 = CARTESIAN_POINT('',(16.6,50.2,-10.));
#3118 = VECTOR('',#3119,1.);
#3119 = DIRECTION('',(0.,-1.,0.));
#3120 = ORIENTED_EDGE('',*,*,#3121,.T.);
#3121 = EDGE_CURVE('',#3114,#3122,#3124,.T.);
#3122 = VERTEX_POINT('',#3123);
#3123 = CARTESIAN_POINT('',(53.4,47.1,-10.));
#3124 = LINE('',#3125,#3126);
#3125 = CARTESIAN_POINT('',(16.6,47.1,-10.));
#3126 = VECTOR('',#3127,1.);
#3127 = DIRECTION('',(1.,0.,1.224646799147E-16));
#3128 = ORIENTED_EDGE('',*,*,#3129,.T.);
#3129 = EDGE_CURVE('',#3122,#3104,#3130,.T.);
#3130 = LINE('',#3131,#3132);
#3131 = CARTESIAN_POINT('',(53.4,47.1,-10.));
#3132 = VECTOR('',#3133,1.);
#3133 = DIRECTION('',(0.,1.,0.));
#3134 = PLANE('',#3135);
#3135 = AXIS2_PLACEMENT_3D('',#3136,#3137,#3138);
#3136 = CARTESIAN_POINT('',(35.,51.889150329174,-10.));
#3137 = DIRECTION('',(1.224646799147E-16,0.,-1.));
#3138 = DIRECTION('',(1.,0.,1.224646799147E-16));
#3139 = ADVANCED_FACE('',(#3140),#3158,.T.);
#3140 = FACE_BOUND('',#3141,.T.);
#3141 = EDGE_LOOP('',(#3142,#3143,#3144,#3152));
#3142 = ORIENTED_EDGE('',*,*,#1113,.T.);
#3143 = ORIENTED_EDGE('',*,*,#3014,.T.);
#3144 = ORIENTED_EDGE('',*,*,#3145,.F.);
#3145 = EDGE_CURVE('',#3146,#3015,#3148,.T.);
#3146 = VERTEX_POINT('',#3147);
#3147 = CARTESIAN_POINT('',(55.2,52.,-2.5));
#3148 = LINE('',#3149,#3150);
#3149 = CARTESIAN_POINT('',(55.2,52.,-2.5));
#3150 = VECTOR('',#3151,1.);
#3151 = DIRECTION('',(1.224646799147E-16,0.,-1.));
#3152 = ORIENTED_EDGE('',*,*,#3153,.F.);
#3153 = EDGE_CURVE('',#1106,#3146,#3154,.T.);
#3154 = LINE('',#3155,#3156);
#3155 = CARTESIAN_POINT('',(55.2,60.,-2.5));
#3156 = VECTOR('',#3157,1.);
#3157 = DIRECTION('',(0.,-1.,0.));
#3158 = PLANE('',#3159);
#3159 = AXIS2_PLACEMENT_3D('',#3160,#3161,#3162);
#3160 = CARTESIAN_POINT('',(55.2,60.,-2.5));
#3161 = DIRECTION('',(-1.,0.,-1.224646799147E-16));
#3162 = DIRECTION('',(0.,-1.,0.));
#3163 = ADVANCED_FACE('',(#3164,#3222),#3233,.F.);
#3164 = FACE_BOUND('',#3165,.F.);
#3165 = EDGE_LOOP('',(#3166,#3167,#3175,#3183,#3191,#3199,#3205,#3206,
    #3207,#3216));
#3166 = ORIENTED_EDGE('',*,*,#2766,.F.);
#3167 = ORIENTED_EDGE('',*,*,#3168,.F.);
#3168 = EDGE_CURVE('',#3169,#2767,#3171,.T.);
#3169 = VERTEX_POINT('',#3170);
#3170 = CARTESIAN_POINT('',(55.2,47.3,-2.5));
#3171 = LINE('',#3172,#3173);
#3172 = CARTESIAN_POINT('',(55.2,47.3,-2.5));
#3173 = VECTOR('',#3174,1.);
#3174 = DIRECTION('',(0.,-1.,0.));
#3175 = ORIENTED_EDGE('',*,*,#3176,.F.);
#3176 = EDGE_CURVE('',#3177,#3169,#3179,.T.);
#3177 = VERTEX_POINT('',#3178);
#3178 = CARTESIAN_POINT('',(62.7,47.3,-2.5));
#3179 = LINE('',#3180,#3181);
#3180 = CARTESIAN_POINT('',(62.7,47.3,-2.5));
#3181 = VECTOR('',#3182,1.);
#3182 = DIRECTION('',(-1.,0.,-1.224646799147E-16));
#3183 = ORIENTED_EDGE('',*,*,#3184,.F.);
#3184 = EDGE_CURVE('',#3185,#3177,#3187,.T.);
#3185 = VERTEX_POINT('',#3186);
#3186 = CARTESIAN_POINT('',(62.7,50.7,-2.5));
#3187 = LINE('',#3188,#3189);
#3188 = CARTESIAN_POINT('',(62.7,50.7,-2.5));
#3189 = VECTOR('',#3190,1.);
#3190 = DIRECTION('',(0.,-1.,0.));
#3191 = ORIENTED_EDGE('',*,*,#3192,.F.);
#3192 = EDGE_CURVE('',#3193,#3185,#3195,.T.);
#3193 = VERTEX_POINT('',#3194);
#3194 = CARTESIAN_POINT('',(56.7,50.7,-2.5));
#3195 = LINE('',#3196,#3197);
#3196 = CARTESIAN_POINT('',(56.7,50.7,-2.5));
#3197 = VECTOR('',#3198,1.);
#3198 = DIRECTION('',(1.,0.,1.224646799147E-16));
#3199 = ORIENTED_EDGE('',*,*,#3200,.F.);
#3200 = EDGE_CURVE('',#3146,#3193,#3201,.T.);
#3201 = LINE('',#3202,#3203);
#3202 = CARTESIAN_POINT('',(55.2,52.,-2.5));
#3203 = VECTOR('',#3204,1.);
#3204 = DIRECTION('',(0.75568908279,-0.654930538418,9.254522163891E-17)
  );
#3205 = ORIENTED_EDGE('',*,*,#3153,.F.);
#3206 = ORIENTED_EDGE('',*,*,#1105,.F.);
#3207 = ORIENTED_EDGE('',*,*,#3208,.T.);
#3208 = EDGE_CURVE('',#1098,#3209,#3211,.T.);
#3209 = VERTEX_POINT('',#3210);
#3210 = CARTESIAN_POINT('',(64.5,52.5,-2.5));
#3211 = CIRCLE('',#3212,7.5);
#3212 = AXIS2_PLACEMENT_3D('',#3213,#3214,#3215);
#3213 = CARTESIAN_POINT('',(57.,52.5,-2.5));
#3214 = DIRECTION('',(1.224646799147E-16,0.,-1.));
#3215 = DIRECTION('',(1.,0.,1.224646799147E-16));
#3216 = ORIENTED_EDGE('',*,*,#3217,.F.);
#3217 = EDGE_CURVE('',#2759,#3209,#3218,.T.);
#3218 = LINE('',#3219,#3220);
#3219 = CARTESIAN_POINT('',(64.5,45.3,-2.5));
#3220 = VECTOR('',#3221,1.);
#3221 = DIRECTION('',(0.,1.,0.));
#3222 = FACE_BOUND('',#3223,.F.);
#3223 = EDGE_LOOP('',(#3224));
#3224 = ORIENTED_EDGE('',*,*,#3225,.F.);
#3225 = EDGE_CURVE('',#3226,#3226,#3228,.T.);
#3226 = VERTEX_POINT('',#3227);
#3227 = CARTESIAN_POINT('',(61.25,54.999999999994,-2.5));
#3228 = CIRCLE('',#3229,1.75);
#3229 = AXIS2_PLACEMENT_3D('',#3230,#3231,#3232);
#3230 = CARTESIAN_POINT('',(59.5,54.999999999994,-2.5));
#3231 = DIRECTION('',(1.224646799147E-16,0.,-1.));
#3232 = DIRECTION('',(1.,0.,1.224646799147E-16));
#3233 = PLANE('',#3234);
#3234 = AXIS2_PLACEMENT_3D('',#3235,#3236,#3237);
#3235 = CARTESIAN_POINT('',(31.520981927955,52.459485329844,-2.5));
#3236 = DIRECTION('',(1.224646799147E-16,0.,-1.));
#3237 = DIRECTION('',(1.,0.,1.224646799147E-16));
#3238 = ADVANCED_FACE('',(#3239),#3250,.T.);
#3239 = FACE_BOUND('',#3240,.T.);
#3240 = EDGE_LOOP('',(#3241,#3242,#3243,#3249));
#3241 = ORIENTED_EDGE('',*,*,#1097,.T.);
#3242 = ORIENTED_EDGE('',*,*,#3208,.T.);
#3243 = ORIENTED_EDGE('',*,*,#3244,.F.);
#3244 = EDGE_CURVE('',#1214,#3209,#3245,.T.);
#3245 = LINE('',#3246,#3247);
#3246 = CARTESIAN_POINT('',(64.5,52.5,-15.));
#3247 = VECTOR('',#3248,1.);
#3248 = DIRECTION('',(-1.224646799147E-16,0.,1.));
#3249 = ORIENTED_EDGE('',*,*,#1213,.F.);
#3250 = CYLINDRICAL_SURFACE('',#3251,7.5);
#3251 = AXIS2_PLACEMENT_3D('',#3252,#3253,#3254);
#3252 = CARTESIAN_POINT('',(57.,52.5,-15.));
#3253 = DIRECTION('',(1.224646799147E-16,0.,-1.));
#3254 = DIRECTION('',(1.,0.,1.224646799147E-16));
#3255 = ADVANCED_FACE('',(#3256),#3388,.F.);
#3256 = FACE_BOUND('',#3257,.F.);
#3257 = EDGE_LOOP('',(#3258,#3269,#3300,#3327,#3338,#3339,#3340,#3348,
    #3357,#3365,#3382));
#3258 = ORIENTED_EDGE('',*,*,#3259,.F.);
#3259 = EDGE_CURVE('',#3260,#3262,#3264,.T.);
#3260 = VERTEX_POINT('',#3261);
#3261 = CARTESIAN_POINT('',(-19.36690993604,131.66025403784,12.5));
#3262 = VERTEX_POINT('',#3263);
#3263 = CARTESIAN_POINT('',(-37.9,139.6,12.5));
#3264 = CIRCLE('',#3265,25.6);
#3265 = AXIS2_PLACEMENT_3D('',#3266,#3267,#3268);
#3266 = CARTESIAN_POINT('',(-37.9,114.,12.5));
#3267 = DIRECTION('',(-1.224646799147E-16,0.,1.));
#3268 = DIRECTION('',(-1.,0.,-1.224646799147E-16));
#3269 = ORIENTED_EDGE('',*,*,#3270,.F.);
#3270 = EDGE_CURVE('',#3271,#3260,#3273,.T.);
#3271 = VERTEX_POINT('',#3272);
#3272 = CARTESIAN_POINT('',(-15.38212583443,126.17806811705,
    9.208879470294));
#3273 = B_SPLINE_CURVE_WITH_KNOTS('',5,(#3274,#3275,#3276,#3277,#3278,
    #3279,#3280,#3281,#3282,#3283,#3284,#3285,#3286,#3287,#3288,#3289,
    #3290,#3291,#3292,#3293,#3294,#3295,#3296,#3297,#3298,#3299),
  .UNSPECIFIED.,.F.,.F.,(6,4,4,4,4,4,6),(0.,0.147557020193,
    0.398869904081,0.57359269719,0.648687326908,0.772898328226,1.),
  .UNSPECIFIED.);
#3274 = CARTESIAN_POINT('',(-15.38212583443,126.17806811705,
    9.208879470294));
#3275 = CARTESIAN_POINT('',(-15.434798332,126.27546227357,9.39170709017)
  );
#3276 = CARTESIAN_POINT('',(-15.49243431816,126.38077573337,
    9.571033651683));
#3277 = CARTESIAN_POINT('',(-15.55516323267,126.49382402505,
    9.746288660453));
#3278 = CARTESIAN_POINT('',(-15.62311433663,126.61435886278,
    9.916941862885));
#3279 = CARTESIAN_POINT('',(-15.82124202596,126.95960443853,
    10.364480152719));
#3280 = CARTESIAN_POINT('',(-15.96167190218,127.198138539,
    10.631903857655));
#3281 = CARTESIAN_POINT('',(-16.11795248878,127.45556619537,
    10.881420215452));
#3282 = CARTESIAN_POINT('',(-16.28998146876,127.72894524209,
    11.110579359119));
#3283 = CARTESIAN_POINT('',(-16.60721328826,128.21385622929,
    11.462036142552));
#3284 = CARTESIAN_POINT('',(-16.74452450849,128.41870911227,
    11.595517868294));
#3285 = CARTESIAN_POINT('',(-16.88874519391,128.62832680056,
    11.717804296142));
#3286 = CARTESIAN_POINT('',(-17.03942038306,128.84139499155,
    11.828625099764));
#3287 = CARTESIAN_POINT('',(-17.26315685803,129.14905215176,
    11.970666206492));
#3288 = CARTESIAN_POINT('',(-17.33149057696,129.24193139639,
    12.011247334334));
#3289 = CARTESIAN_POINT('',(-17.40085720975,129.33510911393,
    12.04971435736));
#3290 = CARTESIAN_POINT('',(-17.47120923182,129.42849089886,
    12.086078229377));
#3291 = CARTESIAN_POINT('',(-17.66041295372,129.67663664666,
    12.177060940377));
#3292 = CARTESIAN_POINT('',(-17.78087028374,129.83157423286,
    12.228053435532));
#3293 = CARTESIAN_POINT('',(-17.90368124908,129.98644117934,
    12.273444333971));
#3294 = CARTESIAN_POINT('',(-18.0286287452,130.14088950107,
    12.313373356361));
#3295 = CARTESIAN_POINT('',(-18.38737209485,130.5755873508,
    12.411343436284));
#3296 = CARTESIAN_POINT('',(-18.62548016556,130.85392548744,
    12.45695755469));
#3297 = CARTESIAN_POINT('',(-18.86883199803,131.12822278063,
    12.48608788318));
#3298 = CARTESIAN_POINT('',(-19.11636134254,131.39732239265,12.5));
#3299 = CARTESIAN_POINT('',(-19.36690993604,131.66025403784,12.5));
#3300 = ORIENTED_EDGE('',*,*,#3301,.T.);
#3301 = EDGE_CURVE('',#3271,#3302,#3304,.T.);
#3302 = VERTEX_POINT('',#3303);
#3303 = CARTESIAN_POINT('',(-12.36335965715,115.8,6.9));
#3304 = B_SPLINE_CURVE_WITH_KNOTS('',6,(#3305,#3306,#3307,#3308,#3309,
    #3310,#3311,#3312,#3313,#3314,#3315,#3316,#3317,#3318,#3319,#3320,
    #3321,#3322,#3323,#3324,#3325,#3326),.UNSPECIFIED.,.F.,.F.,(7,5,5,5,
    7),(0.,0.327741329347,0.603616827835,0.828780975076,1.),
  .UNSPECIFIED.);
#3305 = CARTESIAN_POINT('',(-15.38212583443,126.17806811705,
    9.208879470294));
#3306 = CARTESIAN_POINT('',(-15.24001804125,125.91530350003,
    8.715619594817));
#3307 = CARTESIAN_POINT('',(-15.07575214996,125.60277589472,
    8.242832244716));
#3308 = CARTESIAN_POINT('',(-14.89242967965,125.24021138938,
    7.794083727054));
#3309 = CARTESIAN_POINT('',(-14.6936130573,124.82666248843,
    7.374127478778));
#3310 = CARTESIAN_POINT('',(-14.48364946294,124.36096816756,
    6.98943329171));
#3311 = CARTESIAN_POINT('',(-14.08613384021,123.40654363637,
    6.36258890385));
#3312 = CARTESIAN_POINT('',(-13.8991747794,122.93043711851,6.10575271624
    ));
#3313 = CARTESIAN_POINT('',(-13.71123951391,122.41637210481,
    5.886691136118));
#3314 = CARTESIAN_POINT('',(-13.52715102023,121.86760899001,
    5.713246393752));
#3315 = CARTESIAN_POINT('',(-13.35161306821,121.2887936933,
    5.593064482671));
#3316 = CARTESIAN_POINT('',(-13.05545628936,120.19421688516,
    5.48525918497));
#3317 = CARTESIAN_POINT('',(-12.93121670988,119.68843044147,
    5.477528925124));
#3318 = CARTESIAN_POINT('',(-12.81934227197,119.17792926045,
    5.514554126221));
#3319 = CARTESIAN_POINT('',(-12.72190780698,118.67224707683,
    5.597011547024));
#3320 = CARTESIAN_POINT('',(-12.63923470192,118.18073218369,
    5.722341369904));
#3321 = CARTESIAN_POINT('',(-12.51822393803,117.35491026267,
    6.008007001947));
#3322 = CARTESIAN_POINT('',(-12.47406055945,117.01149861882,
    6.152643028435));
#3323 = CARTESIAN_POINT('',(-12.43732709971,116.68304060067,
    6.316503712776));
#3324 = CARTESIAN_POINT('',(-12.40720958566,116.37094056434,
    6.497360156865));
#3325 = CARTESIAN_POINT('',(-12.38283685831,116.07632348939,
    6.692757382951));
#3326 = CARTESIAN_POINT('',(-12.36335965715,115.8,6.9));
#3327 = ORIENTED_EDGE('',*,*,#3328,.F.);
#3328 = EDGE_CURVE('',#1718,#3302,#3329,.T.);
#3329 = B_SPLINE_CURVE_WITH_KNOTS('',7,(#3330,#3331,#3332,#3333,#3334,
    #3335,#3336,#3337),.UNSPECIFIED.,.F.,.F.,(8,8),(0.,1.),
  .PIECEWISE_BEZIER_KNOTS.);
#3330 = CARTESIAN_POINT('',(-12.3,114.,7.5));
#3331 = CARTESIAN_POINT('',(-12.3,114.29328809617,7.5));
#3332 = CARTESIAN_POINT('',(-12.30392012993,114.58270539557,
    7.466548713202));
#3333 = CARTESIAN_POINT('',(-12.31157380666,114.86275014922,
    7.401234685199));
#3334 = CARTESIAN_POINT('',(-12.3223423104,115.1283155719,7.307033401801
    ));
#3335 = CARTESIAN_POINT('',(-12.33524908162,115.37503288994,
    7.188219434278));
#3336 = CARTESIAN_POINT('',(-12.34923346819,115.59959144066,7.0503064195
    ));
#3337 = CARTESIAN_POINT('',(-12.36335965715,115.8,6.9));
#3338 = ORIENTED_EDGE('',*,*,#2220,.T.);
#3339 = ORIENTED_EDGE('',*,*,#1155,.T.);
#3340 = ORIENTED_EDGE('',*,*,#3341,.T.);
#3341 = EDGE_CURVE('',#1156,#3342,#3344,.T.);
#3342 = VERTEX_POINT('',#3343);
#3343 = CARTESIAN_POINT('',(-27.98032258589,137.6,-13.5));
#3344 = LINE('',#3345,#3346);
#3345 = CARTESIAN_POINT('',(-27.98032258589,137.6,12.5));
#3346 = VECTOR('',#3347,1.);
#3347 = DIRECTION('',(-1.224646799147E-16,0.,1.));
#3348 = ORIENTED_EDGE('',*,*,#3349,.F.);
#3349 = EDGE_CURVE('',#3350,#3342,#3352,.T.);
#3350 = VERTEX_POINT('',#3351);
#3351 = CARTESIAN_POINT('',(-35.,139.43521181354,-13.5));
#3352 = CIRCLE('',#3353,25.6);
#3353 = AXIS2_PLACEMENT_3D('',#3354,#3355,#3356);
#3354 = CARTESIAN_POINT('',(-37.9,114.,-13.5));
#3355 = DIRECTION('',(1.224646799147E-16,0.,-1.));
#3356 = DIRECTION('',(-1.,0.,-1.224646799147E-16));
#3357 = ORIENTED_EDGE('',*,*,#3358,.T.);
#3358 = EDGE_CURVE('',#3350,#3359,#3361,.T.);
#3359 = VERTEX_POINT('',#3360);
#3360 = CARTESIAN_POINT('',(-35.,139.43521181354,-5.286263797016E-15));
#3361 = LINE('',#3362,#3363);
#3362 = CARTESIAN_POINT('',(-35.,139.43521181354,12.5));
#3363 = VECTOR('',#3364,1.);
#3364 = DIRECTION('',(-1.224646799147E-16,0.,1.));
#3365 = ORIENTED_EDGE('',*,*,#3366,.T.);
#3366 = EDGE_CURVE('',#3359,#3367,#3369,.T.);
#3367 = VERTEX_POINT('',#3368);
#3368 = CARTESIAN_POINT('',(-37.9,139.6,7.042016756583));
#3369 = B_SPLINE_CURVE_WITH_KNOTS('',6,(#3370,#3371,#3372,#3373,#3374,
    #3375,#3376,#3377,#3378,#3379,#3380,#3381),.UNSPECIFIED.,.F.,.F.,(7,
    5,7),(0.,0.771458950441,1.),.UNSPECIFIED.);
#3370 = CARTESIAN_POINT('',(-35.,139.43521181354,-6.066263797016E-15));
#3371 = CARTESIAN_POINT('',(-35.,139.43521181354,0.958518155946));
#3372 = CARTESIAN_POINT('',(-35.1102495047,139.44778237305,1.91607239659
    ));
#3373 = CARTESIAN_POINT('',(-35.33034483569,139.47287390568,
    2.865686600651));
#3374 = CARTESIAN_POINT('',(-35.66357680894,139.50724665285,
    3.799702183731));
#3375 = CARTESIAN_POINT('',(-36.11616627069,139.54437556889,
    4.707563018419));
#3376 = CARTESIAN_POINT('',(-36.86803365131,139.57977007944,
    5.828055069627));
#3377 = CARTESIAN_POINT('',(-37.05109234047,139.58699902461,
    6.08038231327));
#3378 = CARTESIAN_POINT('',(-37.2455990282,139.59303990527,
    6.328505162555));
#3379 = CARTESIAN_POINT('',(-37.45177440315,139.59751681546,
    6.571897002431));
#3380 = CARTESIAN_POINT('',(-37.6698366289,139.6,6.809958243909));
#3381 = CARTESIAN_POINT('',(-37.9,139.6,7.042016756583));
#3382 = ORIENTED_EDGE('',*,*,#3383,.F.);
#3383 = EDGE_CURVE('',#3262,#3367,#3384,.T.);
#3384 = LINE('',#3385,#3386);
#3385 = CARTESIAN_POINT('',(-37.9,139.6,12.5));
#3386 = VECTOR('',#3387,1.);
#3387 = DIRECTION('',(1.224646799147E-16,0.,-1.));
#3388 = CYLINDRICAL_SURFACE('',#3389,25.6);
#3389 = AXIS2_PLACEMENT_3D('',#3390,#3391,#3392);
#3390 = CARTESIAN_POINT('',(-37.9,114.,12.5));
#3391 = DIRECTION('',(-1.224646799147E-16,0.,1.));
#3392 = DIRECTION('',(-1.,0.,-1.224646799147E-16));
#3393 = ADVANCED_FACE('',(#3394),#3413,.T.);
#3394 = FACE_BOUND('',#3395,.F.);
#3395 = EDGE_LOOP('',(#3396,#3397,#3406,#3412));
#3396 = ORIENTED_EDGE('',*,*,#2542,.T.);
#3397 = ORIENTED_EDGE('',*,*,#3398,.T.);
#3398 = EDGE_CURVE('',#2543,#3399,#3401,.T.);
#3399 = VERTEX_POINT('',#3400);
#3400 = CARTESIAN_POINT('',(-64.5,52.5,-2.5));
#3401 = CIRCLE('',#3402,7.5);
#3402 = AXIS2_PLACEMENT_3D('',#3403,#3404,#3405);
#3403 = CARTESIAN_POINT('',(-57.,52.5,-2.5));
#3404 = DIRECTION('',(-1.224646799147E-16,0.,1.));
#3405 = DIRECTION('',(-1.,0.,-1.224646799147E-16));
#3406 = ORIENTED_EDGE('',*,*,#3407,.F.);
#3407 = EDGE_CURVE('',#1383,#3399,#3408,.T.);
#3408 = LINE('',#3409,#3410);
#3409 = CARTESIAN_POINT('',(-64.5,52.5,-15.));
#3410 = VECTOR('',#3411,1.);
#3411 = DIRECTION('',(-1.224646799147E-16,0.,1.));
#3412 = ORIENTED_EDGE('',*,*,#1390,.F.);
#3413 = CYLINDRICAL_SURFACE('',#3414,7.5);
#3414 = AXIS2_PLACEMENT_3D('',#3415,#3416,#3417);
#3415 = CARTESIAN_POINT('',(-57.,52.5,-15.));
#3416 = DIRECTION('',(1.224646799147E-16,0.,-1.));
#3417 = DIRECTION('',(-1.,0.,-1.224646799147E-16));
#3418 = ADVANCED_FACE('',(#3419,#3463),#3513,.T.);
#3419 = FACE_BOUND('',#3420,.F.);
#3420 = EDGE_LOOP('',(#3421,#3422,#3431,#3439,#3448,#3456,#3462));
#3421 = ORIENTED_EDGE('',*,*,#1164,.T.);
#3422 = ORIENTED_EDGE('',*,*,#3423,.F.);
#3423 = EDGE_CURVE('',#3424,#1165,#3426,.T.);
#3424 = VERTEX_POINT('',#3425);
#3425 = CARTESIAN_POINT('',(-54.99999999999,137.6,-7.500000000002));
#3426 = CIRCLE('',#3427,7.5);
#3427 = AXIS2_PLACEMENT_3D('',#3428,#3429,#3430);
#3428 = CARTESIAN_POINT('',(-47.49999999999,137.6,-7.5));
#3429 = DIRECTION('',(-2.694222958124E-32,-1.,2.2E-16));
#3430 = DIRECTION('',(-1.,0.,-1.224646799147E-16));
#3431 = ORIENTED_EDGE('',*,*,#3432,.T.);
#3432 = EDGE_CURVE('',#3424,#3433,#3435,.T.);
#3433 = VERTEX_POINT('',#3434);
#3434 = CARTESIAN_POINT('',(-55.,137.6,-3.73555739531E-15));
#3435 = LINE('',#3436,#3437);
#3436 = CARTESIAN_POINT('',(-55.,137.6,-15.));
#3437 = VECTOR('',#3438,1.);
#3438 = DIRECTION('',(-1.224646799147E-16,-0.,1.));
#3439 = ORIENTED_EDGE('',*,*,#3440,.F.);
#3440 = EDGE_CURVE('',#3441,#3433,#3443,.T.);
#3441 = VERTEX_POINT('',#3442);
#3442 = CARTESIAN_POINT('',(-35.,137.6,-5.286263797016E-15));
#3443 = CIRCLE('',#3444,10.);
#3444 = AXIS2_PLACEMENT_3D('',#3445,#3446,#3447);
#3445 = CARTESIAN_POINT('',(-45.,137.6,-5.510910596163E-15));
#3446 = DIRECTION('',(0.,-1.,0.));
#3447 = DIRECTION('',(-1.,-0.,-1.224646799147E-16));
#3448 = ORIENTED_EDGE('',*,*,#3449,.F.);
#3449 = EDGE_CURVE('',#3450,#3441,#3452,.T.);
#3450 = VERTEX_POINT('',#3451);
#3451 = CARTESIAN_POINT('',(-35.,137.6,-13.5));
#3452 = LINE('',#3453,#3454);
#3453 = CARTESIAN_POINT('',(-35.,137.6,-15.));
#3454 = VECTOR('',#3455,1.);
#3455 = DIRECTION('',(-1.224646799147E-16,-0.,1.));
#3456 = ORIENTED_EDGE('',*,*,#3457,.T.);
#3457 = EDGE_CURVE('',#3450,#3342,#3458,.T.);
#3458 = LINE('',#3459,#3460);
#3459 = CARTESIAN_POINT('',(-35.,137.6,-13.5));
#3460 = VECTOR('',#3461,1.);
#3461 = DIRECTION('',(1.,0.,1.224646799147E-16));
#3462 = ORIENTED_EDGE('',*,*,#3341,.F.);
#3463 = FACE_BOUND('',#3464,.F.);
#3464 = EDGE_LOOP('',(#3465,#3475,#3483,#3491,#3499,#3507));
#3465 = ORIENTED_EDGE('',*,*,#3466,.F.);
#3466 = EDGE_CURVE('',#3467,#3469,#3471,.T.);
#3467 = VERTEX_POINT('',#3468);
#3468 = CARTESIAN_POINT('',(-42.24999999999,137.6,1.587713240273));
#3469 = VERTEX_POINT('',#3470);
#3470 = CARTESIAN_POINT('',(-42.24999999999,137.6,-1.587713240269));
#3471 = LINE('',#3472,#3473);
#3472 = CARTESIAN_POINT('',(-42.24999999999,137.6,1.587713240273));
#3473 = VECTOR('',#3474,1.);
#3474 = DIRECTION('',(4.040246467991E-14,0.,-1.));
#3475 = ORIENTED_EDGE('',*,*,#3476,.F.);
#3476 = EDGE_CURVE('',#3477,#3467,#3479,.T.);
#3477 = VERTEX_POINT('',#3478);
#3478 = CARTESIAN_POINT('',(-45.,137.6,3.175426480542));
#3479 = LINE('',#3480,#3481);
#3480 = CARTESIAN_POINT('',(-45.,137.6,3.175426480542));
#3481 = VECTOR('',#3482,1.);
#3482 = DIRECTION('',(0.866025403785,0.,-0.499999999999));
#3483 = ORIENTED_EDGE('',*,*,#3484,.F.);
#3484 = EDGE_CURVE('',#3485,#3477,#3487,.T.);
#3485 = VERTEX_POINT('',#3486);
#3486 = CARTESIAN_POINT('',(-47.74999999999,137.6,1.58771324027));
#3487 = LINE('',#3488,#3489);
#3488 = CARTESIAN_POINT('',(-47.74999999999,137.6,1.58771324027));
#3489 = VECTOR('',#3490,1.);
#3490 = DIRECTION('',(0.866025403784,0.,0.5));
#3491 = ORIENTED_EDGE('',*,*,#3492,.F.);
#3492 = EDGE_CURVE('',#3493,#3485,#3495,.T.);
#3493 = VERTEX_POINT('',#3494);
#3494 = CARTESIAN_POINT('',(-47.74999999999,137.6,-1.58771324027));
#3495 = LINE('',#3496,#3497);
#3496 = CARTESIAN_POINT('',(-47.74999999999,137.6,-1.58771324027));
#3497 = VECTOR('',#3498,1.);
#3498 = DIRECTION('',(-1.224646799147E-16,0.,1.));
#3499 = ORIENTED_EDGE('',*,*,#3500,.F.);
#3500 = EDGE_CURVE('',#3501,#3493,#3503,.T.);
#3501 = VERTEX_POINT('',#3502);
#3502 = CARTESIAN_POINT('',(-45.,137.6,-3.175426480542));
#3503 = LINE('',#3504,#3505);
#3504 = CARTESIAN_POINT('',(-45.,137.6,-3.175426480542));
#3505 = VECTOR('',#3506,1.);
#3506 = DIRECTION('',(-0.866025403784,0.,0.5));
#3507 = ORIENTED_EDGE('',*,*,#3508,.F.);
#3508 = EDGE_CURVE('',#3469,#3501,#3509,.T.);
#3509 = LINE('',#3510,#3511);
#3510 = CARTESIAN_POINT('',(-42.24999999999,137.6,-1.587713240269));
#3511 = VECTOR('',#3512,1.);
#3512 = DIRECTION('',(-0.866025403784,0.,-0.5));
#3513 = PLANE('',#3514);
#3514 = AXIS2_PLACEMENT_3D('',#3515,#3516,#3517);
#3515 = CARTESIAN_POINT('',(-42.36869078319,137.6,-5.476747466028));
#3516 = DIRECTION('',(0.,-1.,0.));
#3517 = DIRECTION('',(-1.224646799147E-16,-0.,1.));
#3518 = ADVANCED_FACE('',(#3519),#3530,.F.);
#3519 = FACE_BOUND('',#3520,.T.);
#3520 = EDGE_LOOP('',(#3521,#3522,#3528,#3529));
#3521 = ORIENTED_EDGE('',*,*,#2815,.T.);
#3522 = ORIENTED_EDGE('',*,*,#3523,.T.);
#3523 = EDGE_CURVE('',#2808,#3399,#3524,.T.);
#3524 = LINE('',#3525,#3526);
#3525 = CARTESIAN_POINT('',(-64.5,45.3,-2.5));
#3526 = VECTOR('',#3527,1.);
#3527 = DIRECTION('',(-0.,1.,0.));
#3528 = ORIENTED_EDGE('',*,*,#3407,.F.);
#3529 = ORIENTED_EDGE('',*,*,#1382,.F.);
#3530 = PLANE('',#3531);
#3531 = AXIS2_PLACEMENT_3D('',#3532,#3533,#3534);
#3532 = CARTESIAN_POINT('',(-64.5,45.3,-15.));
#3533 = DIRECTION('',(1.,0.,1.224646799147E-16));
#3534 = DIRECTION('',(0.,-1.,0.));
#3535 = ADVANCED_FACE('',(#3536),#3555,.T.);
#3536 = FACE_BOUND('',#3537,.F.);
#3537 = EDGE_LOOP('',(#3538,#3547,#3553,#3554));
#3538 = ORIENTED_EDGE('',*,*,#3539,.F.);
#3539 = EDGE_CURVE('',#3540,#1173,#3542,.T.);
#3540 = VERTEX_POINT('',#3541);
#3541 = CARTESIAN_POINT('',(-54.99999999999,142.,-7.500000000002));
#3542 = CIRCLE('',#3543,7.5);
#3543 = AXIS2_PLACEMENT_3D('',#3544,#3545,#3546);
#3544 = CARTESIAN_POINT('',(-47.49999999999,142.,-7.5));
#3545 = DIRECTION('',(0.,-1.,0.));
#3546 = DIRECTION('',(-1.,-0.,-1.224646799147E-16));
#3547 = ORIENTED_EDGE('',*,*,#3548,.T.);
#3548 = EDGE_CURVE('',#3540,#3424,#3549,.T.);
#3549 = LINE('',#3550,#3551);
#3550 = CARTESIAN_POINT('',(-54.99999999999,142.,-7.500000000002));
#3551 = VECTOR('',#3552,1.);
#3552 = DIRECTION('',(-2.694222958124E-32,-1.,2.2E-16));
#3553 = ORIENTED_EDGE('',*,*,#3423,.T.);
#3554 = ORIENTED_EDGE('',*,*,#1172,.F.);
#3555 = CYLINDRICAL_SURFACE('',#3556,7.5);
#3556 = AXIS2_PLACEMENT_3D('',#3557,#3558,#3559);
#3557 = CARTESIAN_POINT('',(-47.49999999999,142.,-7.5));
#3558 = DIRECTION('',(2.694222958124E-32,1.,-2.2E-16));
#3559 = DIRECTION('',(-1.,0.,-1.224646799147E-16));
#3560 = ADVANCED_FACE('',(#3561,#3614,#3625),#3636,.T.);
#3561 = FACE_BOUND('',#3562,.T.);
#3562 = EDGE_LOOP('',(#3563,#3573,#3582,#3590,#3597,#3598,#3599,#3607));
#3563 = ORIENTED_EDGE('',*,*,#3564,.T.);
#3564 = EDGE_CURVE('',#3565,#3567,#3569,.T.);
#3565 = VERTEX_POINT('',#3566);
#3566 = CARTESIAN_POINT('',(-47.5,142.,12.5));
#3567 = VERTEX_POINT('',#3568);
#3568 = CARTESIAN_POINT('',(47.5,142.,12.5));
#3569 = LINE('',#3570,#3571);
#3570 = CARTESIAN_POINT('',(-3.280808498934E-15,142.,12.5));
#3571 = VECTOR('',#3572,1.);
#3572 = DIRECTION('',(1.,0.,1.224646799147E-16));
#3573 = ORIENTED_EDGE('',*,*,#3574,.T.);
#3574 = EDGE_CURVE('',#3567,#3575,#3577,.T.);
#3575 = VERTEX_POINT('',#3576);
#3576 = CARTESIAN_POINT('',(55.,142.,5.));
#3577 = CIRCLE('',#3578,7.5);
#3578 = AXIS2_PLACEMENT_3D('',#3579,#3580,#3581);
#3579 = CARTESIAN_POINT('',(47.5,142.,5.));
#3580 = DIRECTION('',(-0.,1.,0.));
#3581 = DIRECTION('',(1.,0.,1.224646799147E-16));
#3582 = ORIENTED_EDGE('',*,*,#3583,.T.);
#3583 = EDGE_CURVE('',#3575,#3584,#3586,.T.);
#3584 = VERTEX_POINT('',#3585);
#3585 = CARTESIAN_POINT('',(54.999999999995,142.,-7.500000000002));
#3586 = LINE('',#3587,#3588);
#3587 = CARTESIAN_POINT('',(55.,142.,12.5));
#3588 = VECTOR('',#3589,1.);
#3589 = DIRECTION('',(1.224646799147E-16,0.,-1.));
#3590 = ORIENTED_EDGE('',*,*,#3591,.T.);
#3591 = EDGE_CURVE('',#3584,#1181,#3592,.T.);
#3592 = CIRCLE('',#3593,7.5);
#3593 = AXIS2_PLACEMENT_3D('',#3594,#3595,#3596);
#3594 = CARTESIAN_POINT('',(47.499999999995,142.,-7.5));
#3595 = DIRECTION('',(-0.,1.,0.));
#3596 = DIRECTION('',(1.,0.,1.224646799147E-16));
#3597 = ORIENTED_EDGE('',*,*,#1180,.F.);
#3598 = ORIENTED_EDGE('',*,*,#3539,.F.);
#3599 = ORIENTED_EDGE('',*,*,#3600,.F.);
#3600 = EDGE_CURVE('',#3601,#3540,#3603,.T.);
#3601 = VERTEX_POINT('',#3602);
#3602 = CARTESIAN_POINT('',(-55.,142.,5.));
#3603 = LINE('',#3604,#3605);
#3604 = CARTESIAN_POINT('',(-55.,142.,12.5));
#3605 = VECTOR('',#3606,1.);
#3606 = DIRECTION('',(1.224646799147E-16,0.,-1.));
#3607 = ORIENTED_EDGE('',*,*,#3608,.F.);
#3608 = EDGE_CURVE('',#3565,#3601,#3609,.T.);
#3609 = CIRCLE('',#3610,7.5);
#3610 = AXIS2_PLACEMENT_3D('',#3611,#3612,#3613);
#3611 = CARTESIAN_POINT('',(-47.5,142.,5.));
#3612 = DIRECTION('',(0.,-1.,0.));
#3613 = DIRECTION('',(-1.,-0.,-1.224646799147E-16));
#3614 = FACE_BOUND('',#3615,.T.);
#3615 = EDGE_LOOP('',(#3616));
#3616 = ORIENTED_EDGE('',*,*,#3617,.F.);
#3617 = EDGE_CURVE('',#3618,#3618,#3620,.T.);
#3618 = VERTEX_POINT('',#3619);
#3619 = CARTESIAN_POINT('',(-43.25,142.,-6.296597406312E-15));
#3620 = CIRCLE('',#3621,1.75);
#3621 = AXIS2_PLACEMENT_3D('',#3622,#3623,#3624);
#3622 = CARTESIAN_POINT('',(-45.,142.,-6.490910596163E-15));
#3623 = DIRECTION('',(2.694222958124E-32,1.,-2.2E-16));
#3624 = DIRECTION('',(1.,0.,1.224646799147E-16));
#3625 = FACE_BOUND('',#3626,.T.);
#3626 = EDGE_LOOP('',(#3627));
#3627 = ORIENTED_EDGE('',*,*,#3628,.T.);
#3628 = EDGE_CURVE('',#3629,#3629,#3631,.T.);
#3629 = VERTEX_POINT('',#3630);
#3630 = CARTESIAN_POINT('',(43.25,142.,4.296597406312E-15));
#3631 = CIRCLE('',#3632,1.75);
#3632 = AXIS2_PLACEMENT_3D('',#3633,#3634,#3635);
#3633 = CARTESIAN_POINT('',(45.,142.,4.530910596163E-15));
#3634 = DIRECTION('',(-2.694222958124E-32,-1.,2.2E-16));
#3635 = DIRECTION('',(-1.,0.,-1.224646799147E-16));
#3636 = PLANE('',#3637);
#3637 = AXIS2_PLACEMENT_3D('',#3638,#3639,#3640);
#3638 = CARTESIAN_POINT('',(5.330808498934E-16,142.,-1.25));
#3639 = DIRECTION('',(0.,1.,0.));
#3640 = DIRECTION('',(1.224646799147E-16,0.,-1.));
#3641 = ADVANCED_FACE('',(#3642),#3660,.F.);
#3642 = FACE_BOUND('',#3643,.T.);
#3643 = EDGE_LOOP('',(#3644,#3645,#3653,#3659));
#3644 = ORIENTED_EDGE('',*,*,#1366,.F.);
#3645 = ORIENTED_EDGE('',*,*,#3646,.F.);
#3646 = EDGE_CURVE('',#3647,#1358,#3649,.T.);
#3647 = VERTEX_POINT('',#3648);
#3648 = CARTESIAN_POINT('',(-59.55,51.875400025603,-14.75));
#3649 = LINE('',#3650,#3651);
#3650 = CARTESIAN_POINT('',(-59.55,51.875400025603,-15.));
#3651 = VECTOR('',#3652,1.);
#3652 = DIRECTION('',(1.224646799147E-16,0.,-1.));
#3653 = ORIENTED_EDGE('',*,*,#3654,.T.);
#3654 = EDGE_CURVE('',#3647,#2823,#3655,.T.);
#3655 = LINE('',#3656,#3657);
#3656 = CARTESIAN_POINT('',(-59.55,54.999999999997,-14.75));
#3657 = VECTOR('',#3658,1.);
#3658 = DIRECTION('',(0.,-1.,0.));
#3659 = ORIENTED_EDGE('',*,*,#2822,.T.);
#3660 = PLANE('',#3661);
#3661 = AXIS2_PLACEMENT_3D('',#3662,#3663,#3664);
#3662 = CARTESIAN_POINT('',(-59.55,54.999999999997,-15.));
#3663 = DIRECTION('',(-1.,0.,-1.224646799147E-16));
#3664 = DIRECTION('',(-0.,1.,0.));
#3665 = ADVANCED_FACE('',(#3666),#3685,.T.);
#3666 = FACE_BOUND('',#3667,.T.);
#3667 = EDGE_LOOP('',(#3668,#3669,#3677,#3684));
#3668 = ORIENTED_EDGE('',*,*,#3591,.F.);
#3669 = ORIENTED_EDGE('',*,*,#3670,.T.);
#3670 = EDGE_CURVE('',#3584,#3671,#3673,.T.);
#3671 = VERTEX_POINT('',#3672);
#3672 = CARTESIAN_POINT('',(54.999999999995,137.6,-7.500000000002));
#3673 = LINE('',#3674,#3675);
#3674 = CARTESIAN_POINT('',(54.999999999995,142.,-7.500000000002));
#3675 = VECTOR('',#3676,1.);
#3676 = DIRECTION('',(-2.694222958124E-32,-1.,2.2E-16));
#3677 = ORIENTED_EDGE('',*,*,#3678,.T.);
#3678 = EDGE_CURVE('',#3671,#1189,#3679,.T.);
#3679 = CIRCLE('',#3680,7.5);
#3680 = AXIS2_PLACEMENT_3D('',#3681,#3682,#3683);
#3681 = CARTESIAN_POINT('',(47.499999999995,137.6,-7.5));
#3682 = DIRECTION('',(2.694222958124E-32,1.,-2.2E-16));
#3683 = DIRECTION('',(1.,0.,1.224646799147E-16));
#3684 = ORIENTED_EDGE('',*,*,#1188,.F.);
#3685 = CYLINDRICAL_SURFACE('',#3686,7.5);
#3686 = AXIS2_PLACEMENT_3D('',#3687,#3688,#3689);
#3687 = CARTESIAN_POINT('',(47.499999999995,142.,-7.5));
#3688 = DIRECTION('',(2.694222958124E-32,1.,-2.2E-16));
#3689 = DIRECTION('',(1.,0.,1.224646799147E-16));
#3690 = ADVANCED_FACE('',(#3691),#3754,.F.);
#3691 = FACE_BOUND('',#3692,.T.);
#3692 = EDGE_LOOP('',(#3693,#3701,#3702,#3710,#3717,#3718,#3719,#3720,
    #3729,#3738,#3747));
#3693 = ORIENTED_EDGE('',*,*,#3694,.F.);
#3694 = EDGE_CURVE('',#1349,#3695,#3697,.T.);
#3695 = VERTEX_POINT('',#3696);
#3696 = CARTESIAN_POINT('',(-62.625,55.,-4.5));
#3697 = LINE('',#3698,#3699);
#3698 = CARTESIAN_POINT('',(-62.625,55.,-15.));
#3699 = VECTOR('',#3700,1.);
#3700 = DIRECTION('',(-1.224646799147E-16,0.,1.));
#3701 = ORIENTED_EDGE('',*,*,#1348,.F.);
#3702 = ORIENTED_EDGE('',*,*,#3703,.F.);
#3703 = EDGE_CURVE('',#3704,#1341,#3706,.T.);
#3704 = VERTEX_POINT('',#3705);
#3705 = CARTESIAN_POINT('',(-59.45,51.875400025603,-14.75));
#3706 = LINE('',#3707,#3708);
#3707 = CARTESIAN_POINT('',(-59.45,51.875400025603,-15.));
#3708 = VECTOR('',#3709,1.);
#3709 = DIRECTION('',(1.224646799147E-16,0.,-1.));
#3710 = ORIENTED_EDGE('',*,*,#3711,.F.);
#3711 = EDGE_CURVE('',#3647,#3704,#3712,.T.);
#3712 = CIRCLE('',#3713,3.125);
#3713 = AXIS2_PLACEMENT_3D('',#3714,#3715,#3716);
#3714 = CARTESIAN_POINT('',(-59.5,55.,-14.75));
#3715 = DIRECTION('',(-1.224646799147E-16,0.,1.));
#3716 = DIRECTION('',(-1.,0.,-1.224646799147E-16));
#3717 = ORIENTED_EDGE('',*,*,#3646,.T.);
#3718 = ORIENTED_EDGE('',*,*,#1357,.F.);
#3719 = ORIENTED_EDGE('',*,*,#3694,.T.);
#3720 = ORIENTED_EDGE('',*,*,#3721,.T.);
#3721 = EDGE_CURVE('',#3695,#3722,#3724,.T.);
#3722 = VERTEX_POINT('',#3723);
#3723 = CARTESIAN_POINT('',(-59.5,51.875,-4.5));
#3724 = CIRCLE('',#3725,3.125);
#3725 = AXIS2_PLACEMENT_3D('',#3726,#3727,#3728);
#3726 = CARTESIAN_POINT('',(-59.5,55.,-4.5));
#3727 = DIRECTION('',(-1.224646799147E-16,0.,1.));
#3728 = DIRECTION('',(-1.,0.,-1.224646799147E-16));
#3729 = ORIENTED_EDGE('',*,*,#3730,.T.);
#3730 = EDGE_CURVE('',#3722,#3731,#3733,.T.);
#3731 = VERTEX_POINT('',#3732);
#3732 = CARTESIAN_POINT('',(-56.79367061317,56.5625,-4.5));
#3733 = CIRCLE('',#3734,3.125);
#3734 = AXIS2_PLACEMENT_3D('',#3735,#3736,#3737);
#3735 = CARTESIAN_POINT('',(-59.5,55.,-4.5));
#3736 = DIRECTION('',(-1.224646799147E-16,0.,1.));
#3737 = DIRECTION('',(-1.,0.,-1.224646799147E-16));
#3738 = ORIENTED_EDGE('',*,*,#3739,.T.);
#3739 = EDGE_CURVE('',#3731,#3740,#3742,.T.);
#3740 = VERTEX_POINT('',#3741);
#3741 = CARTESIAN_POINT('',(-62.20632938682,56.5625,-4.5));
#3742 = CIRCLE('',#3743,3.125);
#3743 = AXIS2_PLACEMENT_3D('',#3744,#3745,#3746);
#3744 = CARTESIAN_POINT('',(-59.5,55.,-4.5));
#3745 = DIRECTION('',(-1.224646799147E-16,0.,1.));
#3746 = DIRECTION('',(-1.,0.,-1.224646799147E-16));
#3747 = ORIENTED_EDGE('',*,*,#3748,.T.);
#3748 = EDGE_CURVE('',#3740,#3695,#3749,.T.);
#3749 = CIRCLE('',#3750,3.125);
#3750 = AXIS2_PLACEMENT_3D('',#3751,#3752,#3753);
#3751 = CARTESIAN_POINT('',(-59.5,55.,-4.5));
#3752 = DIRECTION('',(-1.224646799147E-16,0.,1.));
#3753 = DIRECTION('',(-1.,0.,-1.224646799147E-16));
#3754 = CYLINDRICAL_SURFACE('',#3755,3.125);
#3755 = AXIS2_PLACEMENT_3D('',#3756,#3757,#3758);
#3756 = CARTESIAN_POINT('',(-59.5,55.,-15.));
#3757 = DIRECTION('',(1.224646799147E-16,0.,-1.));
#3758 = DIRECTION('',(-1.,0.,-1.224646799147E-16));
#3759 = ADVANCED_FACE('',(#3760,#3796),#3846,.T.);
#3760 = FACE_BOUND('',#3761,.T.);
#3761 = EDGE_LOOP('',(#3762,#3763,#3764,#3772,#3781,#3789,#3795));
#3762 = ORIENTED_EDGE('',*,*,#1196,.T.);
#3763 = ORIENTED_EDGE('',*,*,#3678,.F.);
#3764 = ORIENTED_EDGE('',*,*,#3765,.T.);
#3765 = EDGE_CURVE('',#3671,#3766,#3768,.T.);
#3766 = VERTEX_POINT('',#3767);
#3767 = CARTESIAN_POINT('',(55.,137.6,9.73555739531E-15));
#3768 = LINE('',#3769,#3770);
#3769 = CARTESIAN_POINT('',(55.,137.6,-15.));
#3770 = VECTOR('',#3771,1.);
#3771 = DIRECTION('',(-1.224646799147E-16,0.,1.));
#3772 = ORIENTED_EDGE('',*,*,#3773,.F.);
#3773 = EDGE_CURVE('',#3774,#3766,#3776,.T.);
#3774 = VERTEX_POINT('',#3775);
#3775 = CARTESIAN_POINT('',(35.,137.6,3.286263797016E-15));
#3776 = CIRCLE('',#3777,10.);
#3777 = AXIS2_PLACEMENT_3D('',#3778,#3779,#3780);
#3778 = CARTESIAN_POINT('',(45.,137.6,5.510910596163E-15));
#3779 = DIRECTION('',(-0.,1.,0.));
#3780 = DIRECTION('',(1.,0.,1.224646799147E-16));
#3781 = ORIENTED_EDGE('',*,*,#3782,.F.);
#3782 = EDGE_CURVE('',#3783,#3774,#3785,.T.);
#3783 = VERTEX_POINT('',#3784);
#3784 = CARTESIAN_POINT('',(35.,137.6,-13.5));
#3785 = LINE('',#3786,#3787);
#3786 = CARTESIAN_POINT('',(35.,137.6,-15.));
#3787 = VECTOR('',#3788,1.);
#3788 = DIRECTION('',(-1.224646799147E-16,0.,1.));
#3789 = ORIENTED_EDGE('',*,*,#3790,.T.);
#3790 = EDGE_CURVE('',#3783,#1662,#3791,.T.);
#3791 = LINE('',#3792,#3793);
#3792 = CARTESIAN_POINT('',(35.,137.6,-13.5));
#3793 = VECTOR('',#3794,1.);
#3794 = DIRECTION('',(-1.,0.,-1.224646799147E-16));
#3795 = ORIENTED_EDGE('',*,*,#1661,.F.);
#3796 = FACE_BOUND('',#3797,.T.);
#3797 = EDGE_LOOP('',(#3798,#3808,#3816,#3824,#3832,#3840));
#3798 = ORIENTED_EDGE('',*,*,#3799,.F.);
#3799 = EDGE_CURVE('',#3800,#3802,#3804,.T.);
#3800 = VERTEX_POINT('',#3801);
#3801 = CARTESIAN_POINT('',(42.249999999999,137.6,1.587713240273));
#3802 = VERTEX_POINT('',#3803);
#3803 = CARTESIAN_POINT('',(42.249999999999,137.6,-1.587713240269));
#3804 = LINE('',#3805,#3806);
#3805 = CARTESIAN_POINT('',(42.249999999999,137.6,1.587713240273));
#3806 = VECTOR('',#3807,1.);
#3807 = DIRECTION('',(-4.015753532009E-14,0.,-1.));
#3808 = ORIENTED_EDGE('',*,*,#3809,.F.);
#3809 = EDGE_CURVE('',#3810,#3800,#3812,.T.);
#3810 = VERTEX_POINT('',#3811);
#3811 = CARTESIAN_POINT('',(45.000000000001,137.6,3.175426480542));
#3812 = LINE('',#3813,#3814);
#3813 = CARTESIAN_POINT('',(45.000000000001,137.6,3.175426480542));
#3814 = VECTOR('',#3815,1.);
#3815 = DIRECTION('',(-0.866025403785,0.,-0.499999999999));
#3816 = ORIENTED_EDGE('',*,*,#3817,.F.);
#3817 = EDGE_CURVE('',#3818,#3810,#3820,.T.);
#3818 = VERTEX_POINT('',#3819);
#3819 = CARTESIAN_POINT('',(47.749999999999,137.6,1.58771324027));
#3820 = LINE('',#3821,#3822);
#3821 = CARTESIAN_POINT('',(47.749999999999,137.6,1.58771324027));
#3822 = VECTOR('',#3823,1.);
#3823 = DIRECTION('',(-0.866025403784,0.,0.5));
#3824 = ORIENTED_EDGE('',*,*,#3825,.F.);
#3825 = EDGE_CURVE('',#3826,#3818,#3828,.T.);
#3826 = VERTEX_POINT('',#3827);
#3827 = CARTESIAN_POINT('',(47.749999999999,137.6,-1.58771324027));
#3828 = LINE('',#3829,#3830);
#3829 = CARTESIAN_POINT('',(47.749999999999,137.6,-1.58771324027));
#3830 = VECTOR('',#3831,1.);
#3831 = DIRECTION('',(-1.224646799147E-16,0.,1.));
#3832 = ORIENTED_EDGE('',*,*,#3833,.F.);
#3833 = EDGE_CURVE('',#3834,#3826,#3836,.T.);
#3834 = VERTEX_POINT('',#3835);
#3835 = CARTESIAN_POINT('',(45.000000000001,137.6,-3.175426480542));
#3836 = LINE('',#3837,#3838);
#3837 = CARTESIAN_POINT('',(45.000000000001,137.6,-3.175426480542));
#3838 = VECTOR('',#3839,1.);
#3839 = DIRECTION('',(0.866025403784,-0.,0.5));
#3840 = ORIENTED_EDGE('',*,*,#3841,.F.);
#3841 = EDGE_CURVE('',#3802,#3834,#3842,.T.);
#3842 = LINE('',#3843,#3844);
#3843 = CARTESIAN_POINT('',(42.249999999999,137.6,-1.587713240269));
#3844 = VECTOR('',#3845,1.);
#3845 = DIRECTION('',(0.866025403784,0.,-0.5));
#3846 = PLANE('',#3847);
#3847 = AXIS2_PLACEMENT_3D('',#3848,#3849,#3850);
#3848 = CARTESIAN_POINT('',(42.368690783193,137.6,-5.476747466028));
#3849 = DIRECTION('',(0.,-1.,0.));
#3850 = DIRECTION('',(1.224646799147E-16,0.,-1.));
#3851 = ADVANCED_FACE('',(#3852),#3863,.F.);
#3852 = FACE_BOUND('',#3853,.T.);
#3853 = EDGE_LOOP('',(#3854,#3855,#3856,#3862));
#3854 = ORIENTED_EDGE('',*,*,#1340,.F.);
#3855 = ORIENTED_EDGE('',*,*,#2838,.T.);
#3856 = ORIENTED_EDGE('',*,*,#3857,.T.);
#3857 = EDGE_CURVE('',#2831,#3704,#3858,.T.);
#3858 = LINE('',#3859,#3860);
#3859 = CARTESIAN_POINT('',(-59.45,24.999999999997,-14.75));
#3860 = VECTOR('',#3861,1.);
#3861 = DIRECTION('',(-0.,1.,0.));
#3862 = ORIENTED_EDGE('',*,*,#3703,.T.);
#3863 = PLANE('',#3864);
#3864 = AXIS2_PLACEMENT_3D('',#3865,#3866,#3867);
#3865 = CARTESIAN_POINT('',(-59.45,24.999999999997,-15.));
#3866 = DIRECTION('',(1.,0.,1.224646799147E-16));
#3867 = DIRECTION('',(0.,-1.,0.));
#3868 = ADVANCED_FACE('',(#3869),#3887,.F.);
#3869 = FACE_BOUND('',#3870,.T.);
#3870 = EDGE_LOOP('',(#3871,#3872,#3880,#3886));
#3871 = ORIENTED_EDGE('',*,*,#1324,.F.);
#3872 = ORIENTED_EDGE('',*,*,#3873,.F.);
#3873 = EDGE_CURVE('',#3874,#1316,#3876,.T.);
#3874 = VERTEX_POINT('',#3875);
#3875 = CARTESIAN_POINT('',(-5.E-02,47.875400025603,-14.75));
#3876 = LINE('',#3877,#3878);
#3877 = CARTESIAN_POINT('',(-5.E-02,47.875400025603,-15.));
#3878 = VECTOR('',#3879,1.);
#3879 = DIRECTION('',(1.224646799147E-16,0.,-1.));
#3880 = ORIENTED_EDGE('',*,*,#3881,.T.);
#3881 = EDGE_CURVE('',#3874,#2846,#3882,.T.);
#3882 = LINE('',#3883,#3884);
#3883 = CARTESIAN_POINT('',(-5.E-02,51.,-14.75));
#3884 = VECTOR('',#3885,1.);
#3885 = DIRECTION('',(0.,-1.,0.));
#3886 = ORIENTED_EDGE('',*,*,#2845,.T.);
#3887 = PLANE('',#3888);
#3888 = AXIS2_PLACEMENT_3D('',#3889,#3890,#3891);
#3889 = CARTESIAN_POINT('',(-5.E-02,51.,-15.));
#3890 = DIRECTION('',(-1.,0.,-1.224646799147E-16));
#3891 = DIRECTION('',(-0.,1.,0.));
#3892 = ADVANCED_FACE('',(#3893),#3984,.F.);
#3893 = FACE_BOUND('',#3894,.F.);
#3894 = EDGE_LOOP('',(#3895,#3906,#3912,#3913,#3920,#3929,#3938,#3947,
    #3956,#3965,#3972,#3973,#3974,#3975,#3976,#3977));
#3895 = ORIENTED_EDGE('',*,*,#3896,.F.);
#3896 = EDGE_CURVE('',#3897,#3899,#3901,.T.);
#3897 = VERTEX_POINT('',#3898);
#3898 = CARTESIAN_POINT('',(5.E-02,47.875400025603,-14.75));
#3899 = VERTEX_POINT('',#3900);
#3900 = CARTESIAN_POINT('',(1.806354028742E-15,47.875,-14.75));
#3901 = CIRCLE('',#3902,3.125);
#3902 = AXIS2_PLACEMENT_3D('',#3903,#3904,#3905);
#3903 = CARTESIAN_POINT('',(1.806354028742E-15,51.,-14.75));
#3904 = DIRECTION('',(1.224646799147E-16,0.,-1.));
#3905 = DIRECTION('',(1.,0.,1.224646799147E-16));
#3906 = ORIENTED_EDGE('',*,*,#3907,.T.);
#3907 = EDGE_CURVE('',#3897,#1281,#3908,.T.);
#3908 = LINE('',#3909,#3910);
#3909 = CARTESIAN_POINT('',(5.E-02,47.875400025603,-15.));
#3910 = VECTOR('',#3911,1.);
#3911 = DIRECTION('',(1.224646799147E-16,0.,-1.));
#3912 = ORIENTED_EDGE('',*,*,#1288,.F.);
#3913 = ORIENTED_EDGE('',*,*,#3914,.F.);
#3914 = EDGE_CURVE('',#3915,#1289,#3917,.T.);
#3915 = VERTEX_POINT('',#3916);
#3916 = CARTESIAN_POINT('',(3.125,51.,-4.5));
#3917 = B_SPLINE_CURVE_WITH_KNOTS('',1,(#3918,#3919),.UNSPECIFIED.,.F.,
  .F.,(2,2),(-10.5,0.),.PIECEWISE_BEZIER_KNOTS.);
#3918 = CARTESIAN_POINT('',(3.125,51.,-4.5));
#3919 = CARTESIAN_POINT('',(3.125,51.,-15.));
#3920 = ORIENTED_EDGE('',*,*,#3921,.T.);
#3921 = EDGE_CURVE('',#3915,#3922,#3924,.T.);
#3922 = VERTEX_POINT('',#3923);
#3923 = CARTESIAN_POINT('',(5.510910596163E-16,47.875,-4.5));
#3924 = CIRCLE('',#3925,3.125);
#3925 = AXIS2_PLACEMENT_3D('',#3926,#3927,#3928);
#3926 = CARTESIAN_POINT('',(5.510910596163E-16,51.,-4.5));
#3927 = DIRECTION('',(1.224646799147E-16,0.,-1.));
#3928 = DIRECTION('',(1.,0.,1.224646799147E-16));
#3929 = ORIENTED_EDGE('',*,*,#3930,.F.);
#3930 = EDGE_CURVE('',#3931,#3922,#3933,.T.);
#3931 = VERTEX_POINT('',#3932);
#3932 = CARTESIAN_POINT('',(-3.125,51.,-4.5));
#3933 = CIRCLE('',#3934,3.125);
#3934 = AXIS2_PLACEMENT_3D('',#3935,#3936,#3937);
#3935 = CARTESIAN_POINT('',(5.510910596163E-16,51.,-4.5));
#3936 = DIRECTION('',(-1.224646799147E-16,0.,1.));
#3937 = DIRECTION('',(-1.,0.,-1.224646799147E-16));
#3938 = ORIENTED_EDGE('',*,*,#3939,.F.);
#3939 = EDGE_CURVE('',#3940,#3931,#3942,.T.);
#3940 = VERTEX_POINT('',#3941);
#3941 = CARTESIAN_POINT('',(-2.70632938683,52.562500000004,-4.5));
#3942 = CIRCLE('',#3943,3.125);
#3943 = AXIS2_PLACEMENT_3D('',#3944,#3945,#3946);
#3944 = CARTESIAN_POINT('',(5.510910596163E-16,51.,-4.5));
#3945 = DIRECTION('',(-1.224646799147E-16,0.,1.));
#3946 = DIRECTION('',(-1.,0.,-1.224646799147E-16));
#3947 = ORIENTED_EDGE('',*,*,#3948,.F.);
#3948 = EDGE_CURVE('',#3949,#3940,#3951,.T.);
#3949 = VERTEX_POINT('',#3950);
#3950 = CARTESIAN_POINT('',(5.510910596163E-16,54.125,-4.5));
#3951 = CIRCLE('',#3952,3.125);
#3952 = AXIS2_PLACEMENT_3D('',#3953,#3954,#3955);
#3953 = CARTESIAN_POINT('',(5.510910596163E-16,51.,-4.5));
#3954 = DIRECTION('',(-1.224646799147E-16,0.,1.));
#3955 = DIRECTION('',(-1.,0.,-1.224646799147E-16));
#3956 = ORIENTED_EDGE('',*,*,#3957,.T.);
#3957 = EDGE_CURVE('',#3949,#3958,#3960,.T.);
#3958 = VERTEX_POINT('',#3959);
#3959 = CARTESIAN_POINT('',(2.70632938683,52.562500000004,-4.5));
#3960 = CIRCLE('',#3961,3.125);
#3961 = AXIS2_PLACEMENT_3D('',#3962,#3963,#3964);
#3962 = CARTESIAN_POINT('',(5.510910596163E-16,51.,-4.5));
#3963 = DIRECTION('',(1.224646799147E-16,0.,-1.));
#3964 = DIRECTION('',(1.,0.,1.224646799147E-16));
#3965 = ORIENTED_EDGE('',*,*,#3966,.T.);
#3966 = EDGE_CURVE('',#3958,#3915,#3967,.T.);
#3967 = CIRCLE('',#3968,3.125);
#3968 = AXIS2_PLACEMENT_3D('',#3969,#3970,#3971);
#3969 = CARTESIAN_POINT('',(5.510910596163E-16,51.,-4.5));
#3970 = DIRECTION('',(1.224646799147E-16,0.,-1.));
#3971 = DIRECTION('',(1.,0.,1.224646799147E-16));
#3972 = ORIENTED_EDGE('',*,*,#3914,.T.);
#3973 = ORIENTED_EDGE('',*,*,#1297,.F.);
#3974 = ORIENTED_EDGE('',*,*,#1306,.T.);
#3975 = ORIENTED_EDGE('',*,*,#1315,.T.);
#3976 = ORIENTED_EDGE('',*,*,#3873,.F.);
#3977 = ORIENTED_EDGE('',*,*,#3978,.T.);
#3978 = EDGE_CURVE('',#3874,#3899,#3979,.T.);
#3979 = CIRCLE('',#3980,3.125);
#3980 = AXIS2_PLACEMENT_3D('',#3981,#3982,#3983);
#3981 = CARTESIAN_POINT('',(1.806354028742E-15,51.,-14.75));
#3982 = DIRECTION('',(-1.224646799147E-16,0.,1.));
#3983 = DIRECTION('',(-1.,0.,-1.224646799147E-16));
#3984 = CYLINDRICAL_SURFACE('',#3985,3.125);
#3985 = AXIS2_PLACEMENT_3D('',#3986,#3987,#3988);
#3986 = CARTESIAN_POINT('',(1.836970198721E-15,51.,-15.));
#3987 = DIRECTION('',(1.224646799147E-16,0.,-1.));
#3988 = DIRECTION('',(1.,0.,1.224646799147E-16));
#3989 = ADVANCED_FACE('',(#3990),#3996,.F.);
#3990 = FACE_BOUND('',#3991,.F.);
#3991 = EDGE_LOOP('',(#3992,#3993,#3994,#3995));
#3992 = ORIENTED_EDGE('',*,*,#2758,.T.);
#3993 = ORIENTED_EDGE('',*,*,#3217,.T.);
#3994 = ORIENTED_EDGE('',*,*,#3244,.F.);
#3995 = ORIENTED_EDGE('',*,*,#1222,.F.);
#3996 = PLANE('',#3997);
#3997 = AXIS2_PLACEMENT_3D('',#3998,#3999,#4000);
#3998 = CARTESIAN_POINT('',(64.5,45.3,-15.));
#3999 = DIRECTION('',(-1.,0.,-1.224646799147E-16));
#4000 = DIRECTION('',(0.,1.,0.));
#4001 = ADVANCED_FACE('',(#4002),#4020,.F.);
#4002 = FACE_BOUND('',#4003,.F.);
#4003 = EDGE_LOOP('',(#4004,#4005,#4013,#4019));
#4004 = ORIENTED_EDGE('',*,*,#1238,.F.);
#4005 = ORIENTED_EDGE('',*,*,#4006,.F.);
#4006 = EDGE_CURVE('',#4007,#1239,#4009,.T.);
#4007 = VERTEX_POINT('',#4008);
#4008 = CARTESIAN_POINT('',(59.55,51.875400025603,-14.75));
#4009 = LINE('',#4010,#4011);
#4010 = CARTESIAN_POINT('',(59.55,51.875400025603,-15.));
#4011 = VECTOR('',#4012,1.);
#4012 = DIRECTION('',(1.224646799147E-16,0.,-1.));
#4013 = ORIENTED_EDGE('',*,*,#4014,.T.);
#4014 = EDGE_CURVE('',#4007,#2744,#4015,.T.);
#4015 = LINE('',#4016,#4017);
#4016 = CARTESIAN_POINT('',(59.55,54.999999999997,-14.75));
#4017 = VECTOR('',#4018,1.);
#4018 = DIRECTION('',(0.,-1.,0.));
#4019 = ORIENTED_EDGE('',*,*,#2751,.T.);
#4020 = PLANE('',#4021);
#4021 = AXIS2_PLACEMENT_3D('',#4022,#4023,#4024);
#4022 = CARTESIAN_POINT('',(59.55,54.999999999997,-15.));
#4023 = DIRECTION('',(1.,0.,1.224646799147E-16));
#4024 = DIRECTION('',(0.,-1.,0.));
#4025 = ADVANCED_FACE('',(#4026),#4089,.F.);
#4026 = FACE_BOUND('',#4027,.F.);
#4027 = EDGE_LOOP('',(#4028,#4036,#4037,#4045,#4052,#4053,#4054,#4055,
    #4064,#4073,#4082));
#4028 = ORIENTED_EDGE('',*,*,#4029,.F.);
#4029 = EDGE_CURVE('',#1247,#4030,#4032,.T.);
#4030 = VERTEX_POINT('',#4031);
#4031 = CARTESIAN_POINT('',(62.625,55.,-4.5));
#4032 = LINE('',#4033,#4034);
#4033 = CARTESIAN_POINT('',(62.625,55.,-15.));
#4034 = VECTOR('',#4035,1.);
#4035 = DIRECTION('',(-1.224646799147E-16,0.,1.));
#4036 = ORIENTED_EDGE('',*,*,#1255,.F.);
#4037 = ORIENTED_EDGE('',*,*,#4038,.F.);
#4038 = EDGE_CURVE('',#4039,#1256,#4041,.T.);
#4039 = VERTEX_POINT('',#4040);
#4040 = CARTESIAN_POINT('',(59.45,51.875400025603,-14.75));
#4041 = LINE('',#4042,#4043);
#4042 = CARTESIAN_POINT('',(59.45,51.875400025603,-15.));
#4043 = VECTOR('',#4044,1.);
#4044 = DIRECTION('',(1.224646799147E-16,0.,-1.));
#4045 = ORIENTED_EDGE('',*,*,#4046,.F.);
#4046 = EDGE_CURVE('',#4007,#4039,#4047,.T.);
#4047 = CIRCLE('',#4048,3.125);
#4048 = AXIS2_PLACEMENT_3D('',#4049,#4050,#4051);
#4049 = CARTESIAN_POINT('',(59.5,55.,-14.75));
#4050 = DIRECTION('',(1.224646799147E-16,0.,-1.));
#4051 = DIRECTION('',(1.,0.,1.224646799147E-16));
#4052 = ORIENTED_EDGE('',*,*,#4006,.T.);
#4053 = ORIENTED_EDGE('',*,*,#1246,.F.);
#4054 = ORIENTED_EDGE('',*,*,#4029,.T.);
#4055 = ORIENTED_EDGE('',*,*,#4056,.T.);
#4056 = EDGE_CURVE('',#4030,#4057,#4059,.T.);
#4057 = VERTEX_POINT('',#4058);
#4058 = CARTESIAN_POINT('',(59.5,51.875,-4.5));
#4059 = CIRCLE('',#4060,3.125);
#4060 = AXIS2_PLACEMENT_3D('',#4061,#4062,#4063);
#4061 = CARTESIAN_POINT('',(59.5,55.,-4.5));
#4062 = DIRECTION('',(1.224646799147E-16,0.,-1.));
#4063 = DIRECTION('',(1.,0.,1.224646799147E-16));
#4064 = ORIENTED_EDGE('',*,*,#4065,.T.);
#4065 = EDGE_CURVE('',#4057,#4066,#4068,.T.);
#4066 = VERTEX_POINT('',#4067);
#4067 = CARTESIAN_POINT('',(56.793670613174,56.5625,-4.5));
#4068 = CIRCLE('',#4069,3.125);
#4069 = AXIS2_PLACEMENT_3D('',#4070,#4071,#4072);
#4070 = CARTESIAN_POINT('',(59.5,55.,-4.5));
#4071 = DIRECTION('',(1.224646799147E-16,0.,-1.));
#4072 = DIRECTION('',(1.,0.,1.224646799147E-16));
#4073 = ORIENTED_EDGE('',*,*,#4074,.T.);
#4074 = EDGE_CURVE('',#4066,#4075,#4077,.T.);
#4075 = VERTEX_POINT('',#4076);
#4076 = CARTESIAN_POINT('',(62.206329386826,56.5625,-4.5));
#4077 = CIRCLE('',#4078,3.125);
#4078 = AXIS2_PLACEMENT_3D('',#4079,#4080,#4081);
#4079 = CARTESIAN_POINT('',(59.5,55.,-4.5));
#4080 = DIRECTION('',(1.224646799147E-16,0.,-1.));
#4081 = DIRECTION('',(1.,0.,1.224646799147E-16));
#4082 = ORIENTED_EDGE('',*,*,#4083,.T.);
#4083 = EDGE_CURVE('',#4075,#4030,#4084,.T.);
#4084 = CIRCLE('',#4085,3.125);
#4085 = AXIS2_PLACEMENT_3D('',#4086,#4087,#4088);
#4086 = CARTESIAN_POINT('',(59.5,55.,-4.5));
#4087 = DIRECTION('',(1.224646799147E-16,0.,-1.));
#4088 = DIRECTION('',(1.,0.,1.224646799147E-16));
#4089 = CYLINDRICAL_SURFACE('',#4090,3.125);
#4090 = AXIS2_PLACEMENT_3D('',#4091,#4092,#4093);
#4091 = CARTESIAN_POINT('',(59.5,55.,-15.));
#4092 = DIRECTION('',(1.224646799147E-16,0.,-1.));
#4093 = DIRECTION('',(1.,0.,1.224646799147E-16));
#4094 = ADVANCED_FACE('',(#4095),#4106,.F.);
#4095 = FACE_BOUND('',#4096,.F.);
#4096 = EDGE_LOOP('',(#4097,#4098,#4099,#4105));
#4097 = ORIENTED_EDGE('',*,*,#1280,.F.);
#4098 = ORIENTED_EDGE('',*,*,#3907,.F.);
#4099 = ORIENTED_EDGE('',*,*,#4100,.T.);
#4100 = EDGE_CURVE('',#3897,#2854,#4101,.T.);
#4101 = LINE('',#4102,#4103);
#4102 = CARTESIAN_POINT('',(5.E-02,51.,-14.75));
#4103 = VECTOR('',#4104,1.);
#4104 = DIRECTION('',(0.,-1.,0.));
#4105 = ORIENTED_EDGE('',*,*,#2861,.T.);
#4106 = PLANE('',#4107);
#4107 = AXIS2_PLACEMENT_3D('',#4108,#4109,#4110);
#4108 = CARTESIAN_POINT('',(5.E-02,51.,-15.));
#4109 = DIRECTION('',(1.,0.,1.224646799147E-16));
#4110 = DIRECTION('',(0.,-1.,0.));
#4111 = ADVANCED_FACE('',(#4112),#4123,.F.);
#4112 = FACE_BOUND('',#4113,.F.);
#4113 = EDGE_LOOP('',(#4114,#4115,#4116,#4122));
#4114 = ORIENTED_EDGE('',*,*,#1264,.F.);
#4115 = ORIENTED_EDGE('',*,*,#2735,.T.);
#4116 = ORIENTED_EDGE('',*,*,#4117,.T.);
#4117 = EDGE_CURVE('',#2736,#4039,#4118,.T.);
#4118 = LINE('',#4119,#4120);
#4119 = CARTESIAN_POINT('',(59.45,24.999999999997,-14.75));
#4120 = VECTOR('',#4121,1.);
#4121 = DIRECTION('',(0.,1.,0.));
#4122 = ORIENTED_EDGE('',*,*,#4038,.T.);
#4123 = PLANE('',#4124);
#4124 = AXIS2_PLACEMENT_3D('',#4125,#4126,#4127);
#4125 = CARTESIAN_POINT('',(59.45,24.999999999997,-15.));
#4126 = DIRECTION('',(-1.,0.,-1.224646799147E-16));
#4127 = DIRECTION('',(0.,1.,0.));
#4128 = ADVANCED_FACE('',(#4129),#4154,.T.);
#4129 = FACE_BOUND('',#4130,.T.);
#4130 = EDGE_LOOP('',(#4131,#4139,#4147,#4153));
#4131 = ORIENTED_EDGE('',*,*,#4132,.T.);
#4132 = EDGE_CURVE('',#1408,#4133,#4135,.T.);
#4133 = VERTEX_POINT('',#4134);
#4134 = CARTESIAN_POINT('',(3.9999999,62.,-14.5));
#4135 = LINE('',#4136,#4137);
#4136 = CARTESIAN_POINT('',(3.9999999,62.,-15.));
#4137 = VECTOR('',#4138,1.);
#4138 = DIRECTION('',(-1.224646799147E-16,-0.,1.));
#4139 = ORIENTED_EDGE('',*,*,#4140,.T.);
#4140 = EDGE_CURVE('',#4133,#4141,#4143,.T.);
#4141 = VERTEX_POINT('',#4142);
#4142 = CARTESIAN_POINT('',(3.9999999,74.,-14.5));
#4143 = LINE('',#4144,#4145);
#4144 = CARTESIAN_POINT('',(3.9999999,62.,-14.5));
#4145 = VECTOR('',#4146,1.);
#4146 = DIRECTION('',(0.,1.,0.));
#4147 = ORIENTED_EDGE('',*,*,#4148,.F.);
#4148 = EDGE_CURVE('',#1410,#4141,#4149,.T.);
#4149 = LINE('',#4150,#4151);
#4150 = CARTESIAN_POINT('',(3.9999999,74.,-15.));
#4151 = VECTOR('',#4152,1.);
#4152 = DIRECTION('',(-1.224646799147E-16,-0.,1.));
#4153 = ORIENTED_EDGE('',*,*,#1407,.F.);
#4154 = PLANE('',#4155);
#4155 = AXIS2_PLACEMENT_3D('',#4156,#4157,#4158);
#4156 = CARTESIAN_POINT('',(3.9999999,62.,-15.));
#4157 = DIRECTION('',(-1.,0.,-1.224646799147E-16));
#4158 = DIRECTION('',(0.,1.,0.));
#4159 = ADVANCED_FACE('',(#4160),#4178,.T.);
#4160 = FACE_BOUND('',#4161,.T.);
#4161 = EDGE_LOOP('',(#4162,#4170,#4176,#4177));
#4162 = ORIENTED_EDGE('',*,*,#4163,.T.);
#4163 = EDGE_CURVE('',#1514,#4164,#4166,.T.);
#4164 = VERTEX_POINT('',#4165);
#4165 = CARTESIAN_POINT('',(-7.97602744186E-02,62.,-14.5));
#4166 = LINE('',#4167,#4168);
#4167 = CARTESIAN_POINT('',(-7.97602744186E-02,62.,-15.));
#4168 = VECTOR('',#4169,1.);
#4169 = DIRECTION('',(-1.224646799147E-16,-0.,1.));
#4170 = ORIENTED_EDGE('',*,*,#4171,.T.);
#4171 = EDGE_CURVE('',#4164,#4133,#4172,.T.);
#4172 = LINE('',#4173,#4174);
#4173 = CARTESIAN_POINT('',(-7.97602744186E-02,62.,-14.5));
#4174 = VECTOR('',#4175,1.);
#4175 = DIRECTION('',(1.,0.,1.224646799147E-16));
#4176 = ORIENTED_EDGE('',*,*,#4132,.F.);
#4177 = ORIENTED_EDGE('',*,*,#1521,.F.);
#4178 = PLANE('',#4179);
#4179 = AXIS2_PLACEMENT_3D('',#4180,#4181,#4182);
#4180 = CARTESIAN_POINT('',(-7.97602744186E-02,62.,-15.));
#4181 = DIRECTION('',(0.,1.,0.));
#4182 = DIRECTION('',(1.,0.,1.224646799147E-16));
#4183 = ADVANCED_FACE('',(#4184),#4202,.T.);
#4184 = FACE_BOUND('',#4185,.T.);
#4185 = EDGE_LOOP('',(#4186,#4187,#4195,#4201));
#4186 = ORIENTED_EDGE('',*,*,#4148,.T.);
#4187 = ORIENTED_EDGE('',*,*,#4188,.T.);
#4188 = EDGE_CURVE('',#4141,#4189,#4191,.T.);
#4189 = VERTEX_POINT('',#4190);
#4190 = CARTESIAN_POINT('',(-0.791061146512,74.,-14.5));
#4191 = LINE('',#4192,#4193);
#4192 = CARTESIAN_POINT('',(3.9999999,74.,-14.5));
#4193 = VECTOR('',#4194,1.);
#4194 = DIRECTION('',(-1.,0.,-1.224646799147E-16));
#4195 = ORIENTED_EDGE('',*,*,#4196,.F.);
#4196 = EDGE_CURVE('',#1418,#4189,#4197,.T.);
#4197 = LINE('',#4198,#4199);
#4198 = CARTESIAN_POINT('',(-0.791061146512,74.,-15.));
#4199 = VECTOR('',#4200,1.);
#4200 = DIRECTION('',(-1.224646799147E-16,-0.,1.));
#4201 = ORIENTED_EDGE('',*,*,#1417,.F.);
#4202 = PLANE('',#4203);
#4203 = AXIS2_PLACEMENT_3D('',#4204,#4205,#4206);
#4204 = CARTESIAN_POINT('',(3.9999999,74.,-15.));
#4205 = DIRECTION('',(0.,-1.,-0.));
#4206 = DIRECTION('',(-1.,0.,-1.224646799147E-16));
#4207 = ADVANCED_FACE('',(#4208),#4226,.T.);
#4208 = FACE_BOUND('',#4209,.T.);
#4209 = EDGE_LOOP('',(#4210,#4218,#4224,#4225));
#4210 = ORIENTED_EDGE('',*,*,#4211,.T.);
#4211 = EDGE_CURVE('',#1506,#4212,#4214,.T.);
#4212 = VERTEX_POINT('',#4213);
#4213 = CARTESIAN_POINT('',(-2.998546611628,62.08175872093,-14.5));
#4214 = LINE('',#4215,#4216);
#4215 = CARTESIAN_POINT('',(-2.998546611628,62.08175872093,-15.));
#4216 = VECTOR('',#4217,1.);
#4217 = DIRECTION('',(-1.224646799147E-16,-0.,1.));
#4218 = ORIENTED_EDGE('',*,*,#4219,.T.);
#4219 = EDGE_CURVE('',#4212,#4164,#4220,.T.);
#4220 = B_SPLINE_CURVE_WITH_KNOTS('',2,(#4221,#4222,#4223),
  .UNSPECIFIED.,.F.,.F.,(3,3),(0.,1.),.PIECEWISE_BEZIER_KNOTS.);
#4221 = CARTESIAN_POINT('',(-2.998546611628,62.08175872093,-14.5));
#4222 = CARTESIAN_POINT('',(-2.393532076744,62.016351744186,-14.5));
#4223 = CARTESIAN_POINT('',(-7.97602744186E-02,62.,-14.5));
#4224 = ORIENTED_EDGE('',*,*,#4163,.F.);
#4225 = ORIENTED_EDGE('',*,*,#1513,.F.);
#4226 = SURFACE_OF_LINEAR_EXTRUSION('',#4227,#4231);
#4227 = B_SPLINE_CURVE_WITH_KNOTS('',2,(#4228,#4229,#4230),
  .UNSPECIFIED.,.F.,.F.,(3,3),(0.,1.),.PIECEWISE_BEZIER_KNOTS.);
#4228 = CARTESIAN_POINT('',(-2.998546611628,62.08175872093,-15.));
#4229 = CARTESIAN_POINT('',(-2.393532076744,62.016351744186,-15.));
#4230 = CARTESIAN_POINT('',(-7.97602744186E-02,62.,-15.));
#4231 = VECTOR('',#4232,1.);
#4232 = DIRECTION('',(1.224646799147E-16,0.,-1.));
#4233 = ADVANCED_FACE('',(#4234),#4252,.T.);
#4234 = FACE_BOUND('',#4235,.T.);
#4235 = EDGE_LOOP('',(#4236,#4237,#4245,#4251));
#4236 = ORIENTED_EDGE('',*,*,#4196,.T.);
#4237 = ORIENTED_EDGE('',*,*,#4238,.T.);
#4238 = EDGE_CURVE('',#4189,#4239,#4241,.T.);
#4239 = VERTEX_POINT('',#4240);
#4240 = CARTESIAN_POINT('',(-2.912427425581,73.880632267442,-14.5));
#4241 = B_SPLINE_CURVE_WITH_KNOTS('',2,(#4242,#4243,#4244),
  .UNSPECIFIED.,.F.,.F.,(3,3),(0.,1.),.PIECEWISE_BEZIER_KNOTS.);
#4242 = CARTESIAN_POINT('',(-0.791061146512,74.,-14.5));
#4243 = CARTESIAN_POINT('',(-2.213662890698,74.,-14.5));
#4244 = CARTESIAN_POINT('',(-2.912427425581,73.880632267442,-14.5));
#4245 = ORIENTED_EDGE('',*,*,#4246,.F.);
#4246 = EDGE_CURVE('',#1426,#4239,#4247,.T.);
#4247 = LINE('',#4248,#4249);
#4248 = CARTESIAN_POINT('',(-2.912427425581,73.880632267442,-15.));
#4249 = VECTOR('',#4250,1.);
#4250 = DIRECTION('',(-1.224646799147E-16,-0.,1.));
#4251 = ORIENTED_EDGE('',*,*,#1425,.F.);
#4252 = SURFACE_OF_LINEAR_EXTRUSION('',#4253,#4257);
#4253 = B_SPLINE_CURVE_WITH_KNOTS('',2,(#4254,#4255,#4256),
  .UNSPECIFIED.,.F.,.F.,(3,3),(0.,1.),.PIECEWISE_BEZIER_KNOTS.);
#4254 = CARTESIAN_POINT('',(-0.791061146512,74.,-15.));
#4255 = CARTESIAN_POINT('',(-2.213662890698,74.,-15.));
#4256 = CARTESIAN_POINT('',(-2.912427425581,73.880632267442,-15.));
#4257 = VECTOR('',#4258,1.);
#4258 = DIRECTION('',(1.224646799147E-16,0.,-1.));
#4259 = ADVANCED_FACE('',(#4260),#4278,.T.);
#4260 = FACE_BOUND('',#4261,.T.);
#4261 = EDGE_LOOP('',(#4262,#4270,#4276,#4277));
#4262 = ORIENTED_EDGE('',*,*,#4263,.T.);
#4263 = EDGE_CURVE('',#1498,#4264,#4266,.T.);
#4264 = VERTEX_POINT('',#4265);
#4265 = CARTESIAN_POINT('',(-4.621184693023,62.648619186047,-14.5));
#4266 = LINE('',#4267,#4268);
#4267 = CARTESIAN_POINT('',(-4.621184693023,62.648619186047,-15.));
#4268 = VECTOR('',#4269,1.);
#4269 = DIRECTION('',(-1.224646799147E-16,-0.,1.));
#4270 = ORIENTED_EDGE('',*,*,#4271,.T.);
#4271 = EDGE_CURVE('',#4264,#4212,#4272,.T.);
#4272 = B_SPLINE_CURVE_WITH_KNOTS('',2,(#4273,#4274,#4275),
  .UNSPECIFIED.,.F.,.F.,(3,3),(0.,1.),.PIECEWISE_BEZIER_KNOTS.);
#4273 = CARTESIAN_POINT('',(-4.621184693023,62.648619186047,-14.5));
#4274 = CARTESIAN_POINT('',(-3.963299518605,62.1875,-14.5));
#4275 = CARTESIAN_POINT('',(-2.998546611628,62.08175872093,-14.5));
#4276 = ORIENTED_EDGE('',*,*,#4211,.F.);
#4277 = ORIENTED_EDGE('',*,*,#1505,.F.);
#4278 = SURFACE_OF_LINEAR_EXTRUSION('',#4279,#4283);
#4279 = B_SPLINE_CURVE_WITH_KNOTS('',2,(#4280,#4281,#4282),
  .UNSPECIFIED.,.F.,.F.,(3,3),(0.,1.),.PIECEWISE_BEZIER_KNOTS.);
#4280 = CARTESIAN_POINT('',(-4.621184693023,62.648619186047,-15.));
#4281 = CARTESIAN_POINT('',(-3.963299518605,62.1875,-15.));
#4282 = CARTESIAN_POINT('',(-2.998546611628,62.08175872093,-15.));
#4283 = VECTOR('',#4284,1.);
#4284 = DIRECTION('',(1.224646799147E-16,0.,-1.));
#4285 = ADVANCED_FACE('',(#4286),#4304,.T.);
#4286 = FACE_BOUND('',#4287,.T.);
#4287 = EDGE_LOOP('',(#4288,#4289,#4297,#4303));
#4288 = ORIENTED_EDGE('',*,*,#4246,.T.);
#4289 = ORIENTED_EDGE('',*,*,#4290,.T.);
#4290 = EDGE_CURVE('',#4239,#4291,#4293,.T.);
#4291 = VERTEX_POINT('',#4292);
#4292 = CARTESIAN_POINT('',(-4.163335855814,73.384084302326,-14.5));
#4293 = B_SPLINE_CURVE_WITH_KNOTS('',2,(#4294,#4295,#4296),
  .UNSPECIFIED.,.F.,.F.,(3,3),(0.,1.),.PIECEWISE_BEZIER_KNOTS.);
#4294 = CARTESIAN_POINT('',(-2.912427425581,73.880632267442,-14.5));
#4295 = CARTESIAN_POINT('',(-3.611737018605,73.761809593023,-14.5));
#4296 = CARTESIAN_POINT('',(-4.163335855814,73.384084302326,-14.5));
#4297 = ORIENTED_EDGE('',*,*,#4298,.F.);
#4298 = EDGE_CURVE('',#1434,#4291,#4299,.T.);
#4299 = LINE('',#4300,#4301);
#4300 = CARTESIAN_POINT('',(-4.163335855814,73.384084302326,-15.));
#4301 = VECTOR('',#4302,1.);
#4302 = DIRECTION('',(-1.224646799147E-16,-0.,1.));
#4303 = ORIENTED_EDGE('',*,*,#1433,.F.);
#4304 = SURFACE_OF_LINEAR_EXTRUSION('',#4305,#4309);
#4305 = B_SPLINE_CURVE_WITH_KNOTS('',2,(#4306,#4307,#4308),
  .UNSPECIFIED.,.F.,.F.,(3,3),(0.,1.),.PIECEWISE_BEZIER_KNOTS.);
#4306 = CARTESIAN_POINT('',(-2.912427425581,73.880632267442,-15.));
#4307 = CARTESIAN_POINT('',(-3.611737018605,73.761809593023,-15.));
#4308 = CARTESIAN_POINT('',(-4.163335855814,73.384084302326,-15.));
#4309 = VECTOR('',#4310,1.);
#4310 = DIRECTION('',(1.224646799147E-16,0.,-1.));
#4311 = ADVANCED_FACE('',(#4312),#4330,.T.);
#4312 = FACE_BOUND('',#4313,.T.);
#4313 = EDGE_LOOP('',(#4314,#4322,#4328,#4329));
#4314 = ORIENTED_EDGE('',*,*,#4315,.T.);
#4315 = EDGE_CURVE('',#1490,#4316,#4318,.T.);
#4316 = VERTEX_POINT('',#4317);
#4317 = CARTESIAN_POINT('',(-5.659520448837,63.881540697674,-14.5));
#4318 = LINE('',#4319,#4320);
#4319 = CARTESIAN_POINT('',(-5.659520448837,63.881540697674,-15.));
#4320 = VECTOR('',#4321,1.);
#4321 = DIRECTION('',(-1.224646799147E-16,-0.,1.));
#4322 = ORIENTED_EDGE('',*,*,#4323,.T.);
#4323 = EDGE_CURVE('',#4316,#4264,#4324,.T.);
#4324 = B_SPLINE_CURVE_WITH_KNOTS('',2,(#4325,#4326,#4327),
  .UNSPECIFIED.,.F.,.F.,(3,3),(0.,1.),.PIECEWISE_BEZIER_KNOTS.);
#4325 = CARTESIAN_POINT('',(-5.659520448837,63.881540697674,-14.5));
#4326 = CARTESIAN_POINT('',(-5.279614925581,63.110283430233,-14.5));
#4327 = CARTESIAN_POINT('',(-4.621184693023,62.648619186047,-14.5));
#4328 = ORIENTED_EDGE('',*,*,#4263,.F.);
#4329 = ORIENTED_EDGE('',*,*,#1497,.F.);
#4330 = SURFACE_OF_LINEAR_EXTRUSION('',#4331,#4335);
#4331 = B_SPLINE_CURVE_WITH_KNOTS('',2,(#4332,#4333,#4334),
  .UNSPECIFIED.,.F.,.F.,(3,3),(0.,1.),.PIECEWISE_BEZIER_KNOTS.);
#4332 = CARTESIAN_POINT('',(-5.659520448837,63.881540697674,-15.));
#4333 = CARTESIAN_POINT('',(-5.279614925581,63.110283430233,-15.));
#4334 = CARTESIAN_POINT('',(-4.621184693023,62.648619186047,-15.));
#4335 = VECTOR('',#4336,1.);
#4336 = DIRECTION('',(1.224646799147E-16,0.,-1.));
#4337 = ADVANCED_FACE('',(#4338),#4356,.T.);
#4338 = FACE_BOUND('',#4339,.T.);
#4339 = EDGE_LOOP('',(#4340,#4341,#4349,#4355));
#4340 = ORIENTED_EDGE('',*,*,#4298,.T.);
#4341 = ORIENTED_EDGE('',*,*,#4342,.T.);
#4342 = EDGE_CURVE('',#4291,#4343,#4345,.T.);
#4343 = VERTEX_POINT('',#4344);
#4344 = CARTESIAN_POINT('',(-5.083393995349,72.377906976744,-14.5));
#4345 = B_SPLINE_CURVE_WITH_KNOTS('',2,(#4346,#4347,#4348),
  .UNSPECIFIED.,.F.,.F.,(3,3),(0.,1.),.PIECEWISE_BEZIER_KNOTS.);
#4346 = CARTESIAN_POINT('',(-4.163335855814,73.384084302326,-14.5));
#4347 = CARTESIAN_POINT('',(-4.715479751163,73.006359011628,-14.5));
#4348 = CARTESIAN_POINT('',(-5.083393995349,72.377906976744,-14.5));
#4349 = ORIENTED_EDGE('',*,*,#4350,.F.);
#4350 = EDGE_CURVE('',#1442,#4343,#4351,.T.);
#4351 = LINE('',#4352,#4353);
#4352 = CARTESIAN_POINT('',(-5.083393995349,72.377906976744,-15.));
#4353 = VECTOR('',#4354,1.);
#4354 = DIRECTION('',(-1.224646799147E-16,-0.,1.));
#4355 = ORIENTED_EDGE('',*,*,#1441,.F.);
#4356 = SURFACE_OF_LINEAR_EXTRUSION('',#4357,#4361);
#4357 = B_SPLINE_CURVE_WITH_KNOTS('',2,(#4358,#4359,#4360),
  .UNSPECIFIED.,.F.,.F.,(3,3),(0.,1.),.PIECEWISE_BEZIER_KNOTS.);
#4358 = CARTESIAN_POINT('',(-4.163335855814,73.384084302326,-15.));
#4359 = CARTESIAN_POINT('',(-4.715479751163,73.006359011628,-15.));
#4360 = CARTESIAN_POINT('',(-5.083393995349,72.377906976744,-15.));
#4361 = VECTOR('',#4362,1.);
#4362 = DIRECTION('',(1.224646799147E-16,0.,-1.));
#4363 = ADVANCED_FACE('',(#4364),#4382,.T.);
#4364 = FACE_BOUND('',#4365,.T.);
#4365 = EDGE_LOOP('',(#4366,#4374,#4380,#4381));
#4366 = ORIENTED_EDGE('',*,*,#4367,.T.);
#4367 = EDGE_CURVE('',#1482,#4368,#4370,.T.);
#4368 = VERTEX_POINT('',#4369);
#4369 = CARTESIAN_POINT('',(-6.039971030233,65.46929505814,-14.5));
#4370 = LINE('',#4371,#4372);
#4371 = CARTESIAN_POINT('',(-6.039971030233,65.46929505814,-15.));
#4372 = VECTOR('',#4373,1.);
#4373 = DIRECTION('',(-1.224646799147E-16,-0.,1.));
#4374 = ORIENTED_EDGE('',*,*,#4375,.T.);
#4375 = EDGE_CURVE('',#4368,#4316,#4376,.T.);
#4376 = B_SPLINE_CURVE_WITH_KNOTS('',2,(#4377,#4378,#4379),
  .UNSPECIFIED.,.F.,.F.,(3,3),(0.,1.),.PIECEWISE_BEZIER_KNOTS.);
#4377 = CARTESIAN_POINT('',(-6.039971030233,65.46929505814,-14.5));
#4378 = CARTESIAN_POINT('',(-6.039971030233,64.652797965116,-14.5));
#4379 = CARTESIAN_POINT('',(-5.659520448837,63.881540697674,-14.5));
#4380 = ORIENTED_EDGE('',*,*,#4315,.F.);
#4381 = ORIENTED_EDGE('',*,*,#1489,.F.);
#4382 = SURFACE_OF_LINEAR_EXTRUSION('',#4383,#4387);
#4383 = B_SPLINE_CURVE_WITH_KNOTS('',2,(#4384,#4385,#4386),
  .UNSPECIFIED.,.F.,.F.,(3,3),(0.,1.),.PIECEWISE_BEZIER_KNOTS.);
#4384 = CARTESIAN_POINT('',(-6.039971030233,65.46929505814,-15.));
#4385 = CARTESIAN_POINT('',(-6.039971030233,64.652797965116,-15.));
#4386 = CARTESIAN_POINT('',(-5.659520448837,63.881540697674,-15.));
#4387 = VECTOR('',#4388,1.);
#4388 = DIRECTION('',(1.224646799147E-16,0.,-1.));
#4389 = ADVANCED_FACE('',(#4390),#4408,.T.);
#4390 = FACE_BOUND('',#4391,.T.);
#4391 = EDGE_LOOP('',(#4392,#4393,#4401,#4407));
#4392 = ORIENTED_EDGE('',*,*,#4350,.T.);
#4393 = ORIENTED_EDGE('',*,*,#4394,.T.);
#4394 = EDGE_CURVE('',#4343,#4395,#4397,.T.);
#4395 = VERTEX_POINT('',#4396);
#4396 = CARTESIAN_POINT('',(-5.451308239535,70.970021802326,-14.5));
#4397 = B_SPLINE_CURVE_WITH_KNOTS('',2,(#4398,#4399,#4400),
  .UNSPECIFIED.,.F.,.F.,(3,3),(0.,1.),.PIECEWISE_BEZIER_KNOTS.);
#4398 = CARTESIAN_POINT('',(-5.083393995349,72.377906976744,-14.5));
#4399 = CARTESIAN_POINT('',(-5.451308239535,71.75,-14.5));
#4400 = CARTESIAN_POINT('',(-5.451308239535,70.970021802326,-14.5));
#4401 = ORIENTED_EDGE('',*,*,#4402,.F.);
#4402 = EDGE_CURVE('',#1450,#4395,#4403,.T.);
#4403 = LINE('',#4404,#4405);
#4404 = CARTESIAN_POINT('',(-5.451308239535,70.970021802326,-15.));
#4405 = VECTOR('',#4406,1.);
#4406 = DIRECTION('',(-1.224646799147E-16,-0.,1.));
#4407 = ORIENTED_EDGE('',*,*,#1449,.F.);
#4408 = SURFACE_OF_LINEAR_EXTRUSION('',#4409,#4413);
#4409 = B_SPLINE_CURVE_WITH_KNOTS('',2,(#4410,#4411,#4412),
  .UNSPECIFIED.,.F.,.F.,(3,3),(0.,1.),.PIECEWISE_BEZIER_KNOTS.);
#4410 = CARTESIAN_POINT('',(-5.083393995349,72.377906976744,-15.));
#4411 = CARTESIAN_POINT('',(-5.451308239535,71.75,-15.));
#4412 = CARTESIAN_POINT('',(-5.451308239535,70.970021802326,-15.));
#4413 = VECTOR('',#4414,1.);
#4414 = DIRECTION('',(1.224646799147E-16,0.,-1.));
#4415 = ADVANCED_FACE('',(#4416),#4434,.T.);
#4416 = FACE_BOUND('',#4417,.T.);
#4417 = EDGE_LOOP('',(#4418,#4426,#4432,#4433));
#4418 = ORIENTED_EDGE('',*,*,#4419,.T.);
#4419 = EDGE_CURVE('',#1474,#4420,#4422,.T.);
#4420 = VERTEX_POINT('',#4421);
#4421 = CARTESIAN_POINT('',(-5.451308239535,67.27289244186,-14.5));
#4422 = LINE('',#4423,#4424);
#4423 = CARTESIAN_POINT('',(-5.451308239535,67.27289244186,-15.));
#4424 = VECTOR('',#4425,1.);
#4425 = DIRECTION('',(-1.224646799147E-16,-0.,1.));
#4426 = ORIENTED_EDGE('',*,*,#4427,.T.);
#4427 = EDGE_CURVE('',#4420,#4368,#4428,.T.);
#4428 = B_SPLINE_CURVE_WITH_KNOTS('',2,(#4429,#4430,#4431),
  .UNSPECIFIED.,.F.,.F.,(3,3),(0.,1.),.PIECEWISE_BEZIER_KNOTS.);
#4429 = CARTESIAN_POINT('',(-5.451308239535,67.27289244186,-14.5));
#4430 = CARTESIAN_POINT('',(-6.039971030233,66.505995639535,-14.5));
#4431 = CARTESIAN_POINT('',(-6.039971030233,65.46929505814,-14.5));
#4432 = ORIENTED_EDGE('',*,*,#4367,.F.);
#4433 = ORIENTED_EDGE('',*,*,#1481,.F.);
#4434 = SURFACE_OF_LINEAR_EXTRUSION('',#4435,#4439);
#4435 = B_SPLINE_CURVE_WITH_KNOTS('',2,(#4436,#4437,#4438),
  .UNSPECIFIED.,.F.,.F.,(3,3),(0.,1.),.PIECEWISE_BEZIER_KNOTS.);
#4436 = CARTESIAN_POINT('',(-5.451308239535,67.27289244186,-15.));
#4437 = CARTESIAN_POINT('',(-6.039971030233,66.505995639535,-15.));
#4438 = CARTESIAN_POINT('',(-6.039971030233,65.46929505814,-15.));
#4439 = VECTOR('',#4440,1.);
#4440 = DIRECTION('',(1.224646799147E-16,0.,-1.));
#4441 = ADVANCED_FACE('',(#4442),#4460,.T.);
#4442 = FACE_BOUND('',#4443,.T.);
#4443 = EDGE_LOOP('',(#4444,#4445,#4453,#4459));
#4444 = ORIENTED_EDGE('',*,*,#4402,.T.);
#4445 = ORIENTED_EDGE('',*,*,#4446,.T.);
#4446 = EDGE_CURVE('',#4395,#4447,#4449,.T.);
#4447 = VERTEX_POINT('',#4448);
#4448 = CARTESIAN_POINT('',(-4.997274809302,69.41769622093,-14.5));
#4449 = B_SPLINE_CURVE_WITH_KNOTS('',2,(#4450,#4451,#4452),
  .UNSPECIFIED.,.F.,.F.,(3,3),(0.,1.),.PIECEWISE_BEZIER_KNOTS.);
#4450 = CARTESIAN_POINT('',(-5.451308239535,70.970021802326,-14.5));
#4451 = CARTESIAN_POINT('',(-5.451308239535,70.124091569767,-14.5));
#4452 = CARTESIAN_POINT('',(-4.997274809302,69.41769622093,-14.5));
#4453 = ORIENTED_EDGE('',*,*,#4454,.F.);
#4454 = EDGE_CURVE('',#1458,#4447,#4455,.T.);
#4455 = LINE('',#4456,#4457);
#4456 = CARTESIAN_POINT('',(-4.997274809302,69.41769622093,-15.));
#4457 = VECTOR('',#4458,1.);
#4458 = DIRECTION('',(-1.224646799147E-16,-0.,1.));
#4459 = ORIENTED_EDGE('',*,*,#1457,.F.);
#4460 = SURFACE_OF_LINEAR_EXTRUSION('',#4461,#4465);
#4461 = B_SPLINE_CURVE_WITH_KNOTS('',2,(#4462,#4463,#4464),
  .UNSPECIFIED.,.F.,.F.,(3,3),(0.,1.),.PIECEWISE_BEZIER_KNOTS.);
#4462 = CARTESIAN_POINT('',(-5.451308239535,70.970021802326,-15.));
#4463 = CARTESIAN_POINT('',(-5.451308239535,70.124091569767,-15.));
#4464 = CARTESIAN_POINT('',(-4.997274809302,69.41769622093,-15.));
#4465 = VECTOR('',#4466,1.);
#4466 = DIRECTION('',(1.224646799147E-16,0.,-1.));
#4467 = ADVANCED_FACE('',(#4468),#4486,.T.);
#4468 = FACE_BOUND('',#4469,.T.);
#4469 = EDGE_LOOP('',(#4470,#4478,#4484,#4485));
#4470 = ORIENTED_EDGE('',*,*,#4471,.T.);
#4471 = EDGE_CURVE('',#1466,#4472,#4474,.T.);
#4472 = VERTEX_POINT('',#4473);
#4473 = CARTESIAN_POINT('',(-3.767078588372,68.358648255814,-14.5));
#4474 = LINE('',#4475,#4476);
#4475 = CARTESIAN_POINT('',(-3.767078588372,68.358648255814,-15.));
#4476 = VECTOR('',#4477,1.);
#4477 = DIRECTION('',(-1.224646799147E-16,-0.,1.));
#4478 = ORIENTED_EDGE('',*,*,#4479,.T.);
#4479 = EDGE_CURVE('',#4472,#4420,#4480,.T.);
#4480 = B_SPLINE_CURVE_WITH_KNOTS('',2,(#4481,#4482,#4483),
  .UNSPECIFIED.,.F.,.F.,(3,3),(0.,1.),.PIECEWISE_BEZIER_KNOTS.);
#4481 = CARTESIAN_POINT('',(-3.767078588372,68.358648255814,-14.5));
#4482 = CARTESIAN_POINT('',(-4.862645448837,68.040334302326,-14.5));
#4483 = CARTESIAN_POINT('',(-5.451308239535,67.27289244186,-14.5));
#4484 = ORIENTED_EDGE('',*,*,#4419,.F.);
#4485 = ORIENTED_EDGE('',*,*,#1473,.F.);
#4486 = SURFACE_OF_LINEAR_EXTRUSION('',#4487,#4491);
#4487 = B_SPLINE_CURVE_WITH_KNOTS('',2,(#4488,#4489,#4490),
  .UNSPECIFIED.,.F.,.F.,(3,3),(0.,1.),.PIECEWISE_BEZIER_KNOTS.);
#4488 = CARTESIAN_POINT('',(-3.767078588372,68.358648255814,-15.));
#4489 = CARTESIAN_POINT('',(-4.862645448837,68.040334302326,-15.));
#4490 = CARTESIAN_POINT('',(-5.451308239535,67.27289244186,-15.));
#4491 = VECTOR('',#4492,1.);
#4492 = DIRECTION('',(1.224646799147E-16,0.,-1.));
#4493 = ADVANCED_FACE('',(#4494),#4505,.T.);
#4494 = FACE_BOUND('',#4495,.T.);
#4495 = EDGE_LOOP('',(#4496,#4497,#4503,#4504));
#4496 = ORIENTED_EDGE('',*,*,#4454,.T.);
#4497 = ORIENTED_EDGE('',*,*,#4498,.T.);
#4498 = EDGE_CURVE('',#4447,#4472,#4499,.T.);
#4499 = B_SPLINE_CURVE_WITH_KNOTS('',2,(#4500,#4501,#4502),
  .UNSPECIFIED.,.F.,.F.,(3,3),(0.,1.),.PIECEWISE_BEZIER_KNOTS.);
#4500 = CARTESIAN_POINT('',(-4.997274809302,69.41769622093,-14.5));
#4501 = CARTESIAN_POINT('',(-4.543786437209,68.711845930233,-14.5));
#4502 = CARTESIAN_POINT('',(-3.767078588372,68.358648255814,-14.5));
#4503 = ORIENTED_EDGE('',*,*,#4471,.F.);
#4504 = ORIENTED_EDGE('',*,*,#1465,.F.);
#4505 = SURFACE_OF_LINEAR_EXTRUSION('',#4506,#4510);
#4506 = B_SPLINE_CURVE_WITH_KNOTS('',2,(#4507,#4508,#4509),
  .UNSPECIFIED.,.F.,.F.,(3,3),(0.,1.),.PIECEWISE_BEZIER_KNOTS.);
#4507 = CARTESIAN_POINT('',(-4.997274809302,69.41769622093,-15.));
#4508 = CARTESIAN_POINT('',(-4.543786437209,68.711845930233,-15.));
#4509 = CARTESIAN_POINT('',(-3.767078588372,68.358648255814,-15.));
#4510 = VECTOR('',#4511,1.);
#4511 = DIRECTION('',(1.224646799147E-16,0.,-1.));
#4512 = ADVANCED_FACE('',(#4513),#4634,.T.);
#4513 = FACE_BOUND('',#4514,.T.);
#4514 = EDGE_LOOP('',(#4515,#4525,#4533,#4541,#4549,#4558,#4564,#4565,
    #4573,#4579,#4580,#4588,#4594,#4595,#4603,#4612,#4620,#4628));
#4515 = ORIENTED_EDGE('',*,*,#4516,.T.);
#4516 = EDGE_CURVE('',#4517,#4519,#4521,.T.);
#4517 = VERTEX_POINT('',#4518);
#4518 = CARTESIAN_POINT('',(-0.9,131.66025403784,12.5));
#4519 = VERTEX_POINT('',#4520);
#4520 = CARTESIAN_POINT('',(0.9,131.66025403784,12.5));
#4521 = LINE('',#4522,#4523);
#4522 = CARTESIAN_POINT('',(-170.18691809,131.66025403784,12.5));
#4523 = VECTOR('',#4524,1.);
#4524 = DIRECTION('',(1.,-0.,1.224646799147E-16));
#4525 = ORIENTED_EDGE('',*,*,#4526,.T.);
#4526 = EDGE_CURVE('',#4519,#4527,#4529,.T.);
#4527 = VERTEX_POINT('',#4528);
#4528 = CARTESIAN_POINT('',(0.9,140.2,12.5));
#4529 = LINE('',#4530,#4531);
#4530 = CARTESIAN_POINT('',(0.9,120.,12.5));
#4531 = VECTOR('',#4532,1.);
#4532 = DIRECTION('',(0.,1.,0.));
#4533 = ORIENTED_EDGE('',*,*,#4534,.F.);
#4534 = EDGE_CURVE('',#4535,#4527,#4537,.T.);
#4535 = VERTEX_POINT('',#4536);
#4536 = CARTESIAN_POINT('',(27.142676912912,140.2,12.5));
#4537 = LINE('',#4538,#4539);
#4538 = CARTESIAN_POINT('',(27.142676912912,140.2,12.5));
#4539 = VECTOR('',#4540,1.);
#4540 = DIRECTION('',(-1.,0.,-1.224646799147E-16));
#4541 = ORIENTED_EDGE('',*,*,#4542,.F.);
#4542 = EDGE_CURVE('',#4543,#4535,#4545,.T.);
#4543 = VERTEX_POINT('',#4544);
#4544 = CARTESIAN_POINT('',(27.142676912912,139.2,12.5));
#4545 = LINE('',#4546,#4547);
#4546 = CARTESIAN_POINT('',(27.142676912912,139.2,12.5));
#4547 = VECTOR('',#4548,1.);
#4548 = DIRECTION('',(0.,1.,0.));
#4549 = ORIENTED_EDGE('',*,*,#4550,.F.);
#4550 = EDGE_CURVE('',#4551,#4543,#4553,.T.);
#4551 = VERTEX_POINT('',#4552);
#4552 = CARTESIAN_POINT('',(16.950646136006,131.66025403784,12.5));
#4553 = CIRCLE('',#4554,27.4);
#4554 = AXIS2_PLACEMENT_3D('',#4555,#4556,#4557);
#4555 = CARTESIAN_POINT('',(37.9,114.,12.5));
#4556 = DIRECTION('',(1.224646799147E-16,0.,-1.));
#4557 = DIRECTION('',(1.,0.,1.224646799147E-16));
#4558 = ORIENTED_EDGE('',*,*,#4559,.T.);
#4559 = EDGE_CURVE('',#4551,#1580,#4560,.T.);
#4560 = LINE('',#4561,#4562);
#4561 = CARTESIAN_POINT('',(-170.18691809,131.66025403784,12.5));
#4562 = VECTOR('',#4563,1.);
#4563 = DIRECTION('',(1.,-0.,1.224646799147E-16));
#4564 = ORIENTED_EDGE('',*,*,#1579,.T.);
#4565 = ORIENTED_EDGE('',*,*,#4566,.F.);
#4566 = EDGE_CURVE('',#4567,#1582,#4569,.T.);
#4567 = VERTEX_POINT('',#4568);
#4568 = CARTESIAN_POINT('',(47.5,139.6,12.5));
#4569 = LINE('',#4570,#4571);
#4570 = CARTESIAN_POINT('',(55.,139.6,12.5));
#4571 = VECTOR('',#4572,1.);
#4572 = DIRECTION('',(-1.,0.,-1.224646799147E-16));
#4573 = ORIENTED_EDGE('',*,*,#4574,.F.);
#4574 = EDGE_CURVE('',#3567,#4567,#4575,.T.);
#4575 = LINE('',#4576,#4577);
#4576 = CARTESIAN_POINT('',(47.5,142.,12.5));
#4577 = VECTOR('',#4578,1.);
#4578 = DIRECTION('',(-2.694222958124E-32,-1.,2.2E-16));
#4579 = ORIENTED_EDGE('',*,*,#3564,.F.);
#4580 = ORIENTED_EDGE('',*,*,#4581,.T.);
#4581 = EDGE_CURVE('',#3565,#4582,#4584,.T.);
#4582 = VERTEX_POINT('',#4583);
#4583 = CARTESIAN_POINT('',(-47.5,139.6,12.5));
#4584 = LINE('',#4585,#4586);
#4585 = CARTESIAN_POINT('',(-47.5,142.,12.5));
#4586 = VECTOR('',#4587,1.);
#4587 = DIRECTION('',(-2.694222958124E-32,-1.,2.2E-16));
#4588 = ORIENTED_EDGE('',*,*,#4589,.T.);
#4589 = EDGE_CURVE('',#4582,#3262,#4590,.T.);
#4590 = LINE('',#4591,#4592);
#4591 = CARTESIAN_POINT('',(-55.,139.6,12.5));
#4592 = VECTOR('',#4593,1.);
#4593 = DIRECTION('',(1.,0.,1.224646799147E-16));
#4594 = ORIENTED_EDGE('',*,*,#3259,.F.);
#4595 = ORIENTED_EDGE('',*,*,#4596,.T.);
#4596 = EDGE_CURVE('',#3260,#4597,#4599,.T.);
#4597 = VERTEX_POINT('',#4598);
#4598 = CARTESIAN_POINT('',(-16.950646136,131.66025403784,12.5));
#4599 = LINE('',#4600,#4601);
#4600 = CARTESIAN_POINT('',(-170.18691809,131.66025403784,12.5));
#4601 = VECTOR('',#4602,1.);
#4602 = DIRECTION('',(1.,-0.,1.224646799147E-16));
#4603 = ORIENTED_EDGE('',*,*,#4604,.T.);
#4604 = EDGE_CURVE('',#4597,#4605,#4607,.T.);
#4605 = VERTEX_POINT('',#4606);
#4606 = CARTESIAN_POINT('',(-27.14267691291,139.2,12.5));
#4607 = CIRCLE('',#4608,27.4);
#4608 = AXIS2_PLACEMENT_3D('',#4609,#4610,#4611);
#4609 = CARTESIAN_POINT('',(-37.9,114.,12.5));
#4610 = DIRECTION('',(-1.224646799147E-16,0.,1.));
#4611 = DIRECTION('',(-1.,0.,-1.224646799147E-16));
#4612 = ORIENTED_EDGE('',*,*,#4613,.T.);
#4613 = EDGE_CURVE('',#4605,#4614,#4616,.T.);
#4614 = VERTEX_POINT('',#4615);
#4615 = CARTESIAN_POINT('',(-27.14267691291,140.2,12.5));
#4616 = LINE('',#4617,#4618);
#4617 = CARTESIAN_POINT('',(-27.14267691291,139.2,12.5));
#4618 = VECTOR('',#4619,1.);
#4619 = DIRECTION('',(-0.,1.,0.));
#4620 = ORIENTED_EDGE('',*,*,#4621,.T.);
#4621 = EDGE_CURVE('',#4614,#4622,#4624,.T.);
#4622 = VERTEX_POINT('',#4623);
#4623 = CARTESIAN_POINT('',(-0.9,140.2,12.5));
#4624 = LINE('',#4625,#4626);
#4625 = CARTESIAN_POINT('',(-27.14267691291,140.2,12.5));
#4626 = VECTOR('',#4627,1.);
#4627 = DIRECTION('',(1.,0.,1.224646799147E-16));
#4628 = ORIENTED_EDGE('',*,*,#4629,.F.);
#4629 = EDGE_CURVE('',#4517,#4622,#4630,.T.);
#4630 = LINE('',#4631,#4632);
#4631 = CARTESIAN_POINT('',(-0.9,120.,12.5));
#4632 = VECTOR('',#4633,1.);
#4633 = DIRECTION('',(-0.,1.,0.));
#4634 = PLANE('',#4635);
#4635 = AXIS2_PLACEMENT_3D('',#4636,#4637,#4638);
#4636 = CARTESIAN_POINT('',(-2.350808498934E-15,138.86232439922,12.5));
#4637 = DIRECTION('',(-1.224646799147E-16,0.,1.));
#4638 = DIRECTION('',(-1.,0.,-1.224646799147E-16));
#4639 = ADVANCED_FACE('',(#4640),#4668,.F.);
#4640 = FACE_BOUND('',#4641,.F.);
#4641 = EDGE_LOOP('',(#4642,#4643,#4652,#4660,#4667));
#4642 = ORIENTED_EDGE('',*,*,#4566,.F.);
#4643 = ORIENTED_EDGE('',*,*,#4644,.T.);
#4644 = EDGE_CURVE('',#4567,#4645,#4647,.T.);
#4645 = VERTEX_POINT('',#4646);
#4646 = CARTESIAN_POINT('',(55.,139.6,5.));
#4647 = CIRCLE('',#4648,7.5);
#4648 = AXIS2_PLACEMENT_3D('',#4649,#4650,#4651);
#4649 = CARTESIAN_POINT('',(47.5,139.6,5.));
#4650 = DIRECTION('',(2.694222958124E-32,1.,-2.2E-16));
#4651 = DIRECTION('',(1.,0.,1.224646799147E-16));
#4652 = ORIENTED_EDGE('',*,*,#4653,.T.);
#4653 = EDGE_CURVE('',#4645,#4654,#4656,.T.);
#4654 = VERTEX_POINT('',#4655);
#4655 = CARTESIAN_POINT('',(55.,139.6,8.73555739531E-15));
#4656 = LINE('',#4657,#4658);
#4657 = CARTESIAN_POINT('',(55.,139.6,12.5));
#4658 = VECTOR('',#4659,1.);
#4659 = DIRECTION('',(1.224646799147E-16,0.,-1.));
#4660 = ORIENTED_EDGE('',*,*,#4661,.F.);
#4661 = EDGE_CURVE('',#1687,#4654,#4662,.T.);
#4662 = CIRCLE('',#4663,10.);
#4663 = AXIS2_PLACEMENT_3D('',#4664,#4665,#4666);
#4664 = CARTESIAN_POINT('',(45.,139.6,5.510910596163E-15));
#4665 = DIRECTION('',(-0.,1.,0.));
#4666 = DIRECTION('',(1.,0.,1.224646799147E-16));
#4667 = ORIENTED_EDGE('',*,*,#1703,.F.);
#4668 = PLANE('',#4669);
#4669 = AXIS2_PLACEMENT_3D('',#4670,#4671,#4672);
#4670 = CARTESIAN_POINT('',(55.,139.6,12.5));
#4671 = DIRECTION('',(0.,1.,0.));
#4672 = DIRECTION('',(-1.,0.,-1.224646799147E-16));
#4673 = ADVANCED_FACE('',(#4674),#4691,.T.);
#4674 = FACE_BOUND('',#4675,.T.);
#4675 = EDGE_LOOP('',(#4676,#4677,#4683,#4684,#4690));
#4676 = ORIENTED_EDGE('',*,*,#1686,.F.);
#4677 = ORIENTED_EDGE('',*,*,#4678,.T.);
#4678 = EDGE_CURVE('',#1679,#3774,#4679,.T.);
#4679 = LINE('',#4680,#4681);
#4680 = CARTESIAN_POINT('',(35.,139.6,2.786263797016E-15));
#4681 = VECTOR('',#4682,1.);
#4682 = DIRECTION('',(-2.694222958124E-32,-1.,2.2E-16));
#4683 = ORIENTED_EDGE('',*,*,#3773,.T.);
#4684 = ORIENTED_EDGE('',*,*,#4685,.F.);
#4685 = EDGE_CURVE('',#4654,#3766,#4686,.T.);
#4686 = LINE('',#4687,#4688);
#4687 = CARTESIAN_POINT('',(55.,139.6,8.84555739531E-15));
#4688 = VECTOR('',#4689,1.);
#4689 = DIRECTION('',(-2.694222958124E-32,-1.,2.2E-16));
#4690 = ORIENTED_EDGE('',*,*,#4661,.F.);
#4691 = CYLINDRICAL_SURFACE('',#4692,10.);
#4692 = AXIS2_PLACEMENT_3D('',#4693,#4694,#4695);
#4693 = CARTESIAN_POINT('',(45.,139.6,5.510910596163E-15));
#4694 = DIRECTION('',(2.694222958124E-32,1.,-2.2E-16));
#4695 = DIRECTION('',(1.,0.,1.224646799147E-16));
#4696 = ADVANCED_FACE('',(#4697),#4708,.T.);
#4697 = FACE_BOUND('',#4698,.T.);
#4698 = EDGE_LOOP('',(#4699,#4700,#4706,#4707));
#4699 = ORIENTED_EDGE('',*,*,#1678,.F.);
#4700 = ORIENTED_EDGE('',*,*,#4701,.T.);
#4701 = EDGE_CURVE('',#1670,#3783,#4702,.T.);
#4702 = LINE('',#4703,#4704);
#4703 = CARTESIAN_POINT('',(35.,142.,-13.5));
#4704 = VECTOR('',#4705,1.);
#4705 = DIRECTION('',(0.,-1.,0.));
#4706 = ORIENTED_EDGE('',*,*,#3782,.T.);
#4707 = ORIENTED_EDGE('',*,*,#4678,.F.);
#4708 = PLANE('',#4709);
#4709 = AXIS2_PLACEMENT_3D('',#4710,#4711,#4712);
#4710 = CARTESIAN_POINT('',(35.,139.6,-15.));
#4711 = DIRECTION('',(-1.,0.,-1.224646799147E-16));
#4712 = DIRECTION('',(-1.224646799147E-16,2.2E-16,1.));
#4713 = ADVANCED_FACE('',(#4714),#4719,.F.);
#4714 = FACE_BOUND('',#4715,.F.);
#4715 = EDGE_LOOP('',(#4716,#4717,#4718));
#4716 = ORIENTED_EDGE('',*,*,#3790,.T.);
#4717 = ORIENTED_EDGE('',*,*,#1669,.F.);
#4718 = ORIENTED_EDGE('',*,*,#4701,.T.);
#4719 = PLANE('',#4720);
#4720 = AXIS2_PLACEMENT_3D('',#4721,#4722,#4723);
#4721 = CARTESIAN_POINT('',(31.25,139.8,-13.5));
#4722 = DIRECTION('',(1.224646799147E-16,0.,-1.));
#4723 = DIRECTION('',(1.,0.,1.224646799147E-16));
#4724 = ADVANCED_FACE('',(#4725),#4748,.T.);
#4725 = FACE_BOUND('',#4726,.T.);
#4726 = EDGE_LOOP('',(#4727,#4740,#4741,#4742));
#4727 = ORIENTED_EDGE('',*,*,#4728,.F.);
#4728 = EDGE_CURVE('',#1743,#4729,#4731,.T.);
#4729 = VERTEX_POINT('',#4730);
#4730 = CARTESIAN_POINT('',(10.559188014984,115.8,6.9));
#4731 = B_SPLINE_CURVE_WITH_KNOTS('',7,(#4732,#4733,#4734,#4735,#4736,
    #4737,#4738,#4739),.UNSPECIFIED.,.F.,.F.,(8,8),(0.,1.),
  .PIECEWISE_BEZIER_KNOTS.);
#4732 = CARTESIAN_POINT('',(10.5,114.,7.5));
#4733 = CARTESIAN_POINT('',(10.5,114.29324160881,7.5));
#4734 = CARTESIAN_POINT('',(10.503661441494,114.58263542286,
    7.466559315614));
#4735 = CARTESIAN_POINT('',(10.510811064673,114.86267498744,
    7.40125680481));
#4736 = CARTESIAN_POINT('',(10.520871065325,115.12824779492,
    7.307062721472));
#4737 = CARTESIAN_POINT('',(10.532928404802,115.37498104091,
    7.188249460646));
#4738 = CARTESIAN_POINT('',(10.545992072771,115.59956234721,
    7.050328239586));
#4739 = CARTESIAN_POINT('',(10.559188014984,115.8,6.9));
#4740 = ORIENTED_EDGE('',*,*,#1742,.T.);
#4741 = ORIENTED_EDGE('',*,*,#1648,.T.);
#4742 = ORIENTED_EDGE('',*,*,#4743,.F.);
#4743 = EDGE_CURVE('',#4729,#1622,#4744,.T.);
#4744 = LINE('',#4745,#4746);
#4745 = CARTESIAN_POINT('',(-170.18691809,115.8,6.9));
#4746 = VECTOR('',#4747,1.);
#4747 = DIRECTION('',(1.,-0.,1.224646799147E-16));
#4748 = CYLINDRICAL_SURFACE('',#4749,2.999999999999);
#4749 = AXIS2_PLACEMENT_3D('',#4750,#4751,#4752);
#4750 = CARTESIAN_POINT('',(-170.18691809,114.,4.500000000001));
#4751 = DIRECTION('',(-1.,0.,-1.224646799147E-16));
#4752 = DIRECTION('',(0.,1.,0.));
#4753 = ADVANCED_FACE('',(#4754),#4923,.F.);
#4754 = FACE_BOUND('',#4755,.F.);
#4755 = EDGE_LOOP('',(#4756,#4757,#4765,#4784,#4792,#4801,#4809,#4818,
    #4826,#4845,#4851,#4852,#4853,#4864,#4872,#4881,#4889,#4898,#4906,
    #4917));
#4756 = ORIENTED_EDGE('',*,*,#3301,.F.);
#4757 = ORIENTED_EDGE('',*,*,#4758,.T.);
#4758 = EDGE_CURVE('',#3271,#4759,#4761,.T.);
#4759 = VERTEX_POINT('',#4760);
#4760 = CARTESIAN_POINT('',(-13.35504823927,126.17806811705,
    9.208879470294));
#4761 = LINE('',#4762,#4763);
#4762 = CARTESIAN_POINT('',(-170.18691809,126.17806811705,9.208879470294
    ));
#4763 = VECTOR('',#4764,1.);
#4764 = DIRECTION('',(1.,-0.,1.224646799147E-16));
#4765 = ORIENTED_EDGE('',*,*,#4766,.T.);
#4766 = EDGE_CURVE('',#4759,#4767,#4769,.T.);
#4767 = VERTEX_POINT('',#4768);
#4768 = CARTESIAN_POINT('',(-11.16500420796,120.,5.5));
#4769 = B_SPLINE_CURVE_WITH_KNOTS('',7,(#4770,#4771,#4772,#4773,#4774,
    #4775,#4776,#4777,#4778,#4779,#4780,#4781,#4782,#4783),
  .UNSPECIFIED.,.F.,.F.,(8,6,8),(0.,0.468726957918,1.),.UNSPECIFIED.);
#4770 = CARTESIAN_POINT('',(-13.35504823927,126.17806811705,
    9.208879470294));
#4771 = CARTESIAN_POINT('',(-13.25096208581,125.96828200064,
    8.815070460413));
#4772 = CARTESIAN_POINT('',(-13.13402082368,125.72733290745,
    8.433340614075));
#4773 = CARTESIAN_POINT('',(-13.00545364935,125.45497850872,
    8.065503440662));
#4774 = CARTESIAN_POINT('',(-12.86665511257,125.15077839106,
    7.713739899678));
#4775 = CARTESIAN_POINT('',(-12.71925675166,124.81420686563,
    7.380733504605));
#4776 = CARTESIAN_POINT('',(-12.56517123157,124.44478922178,
    7.069812119942));
#4777 = CARTESIAN_POINT('',(-12.22688847588,123.58602104205,
    6.462388835063));
#4778 = CARTESIAN_POINT('',(-12.03932488752,123.08193469114,
    6.169591878229));
#4779 = CARTESIAN_POINT('',(-11.84881707202,122.53272277982,
    5.917581782577));
#4780 = CARTESIAN_POINT('',(-11.66100247319,121.94296880151,
    5.716229149751));
#4781 = CARTESIAN_POINT('',(-11.48145466151,121.31887477652,
    5.574402144771));
#4782 = CARTESIAN_POINT('',(-11.31495212975,120.66814284302,5.5));
#4783 = CARTESIAN_POINT('',(-11.16500420796,120.,5.5));
#4784 = ORIENTED_EDGE('',*,*,#4785,.F.);
#4785 = EDGE_CURVE('',#4786,#4767,#4788,.T.);
#4786 = VERTEX_POINT('',#4787);
#4787 = CARTESIAN_POINT('',(-0.9,120.,5.5));
#4788 = LINE('',#4789,#4790);
#4789 = CARTESIAN_POINT('',(-170.18691809,120.,5.5));
#4790 = VECTOR('',#4791,1.);
#4791 = DIRECTION('',(-1.,0.,-1.224646799147E-16));
#4792 = ORIENTED_EDGE('',*,*,#4793,.F.);
#4793 = EDGE_CURVE('',#4794,#4786,#4796,.T.);
#4794 = VERTEX_POINT('',#4795);
#4795 = CARTESIAN_POINT('',(-0.9,126.17806811705,9.208879470294));
#4796 = CIRCLE('',#4797,7.);
#4797 = AXIS2_PLACEMENT_3D('',#4798,#4799,#4800);
#4798 = CARTESIAN_POINT('',(-0.9,120.,12.5));
#4799 = DIRECTION('',(-1.,0.,-1.224646799147E-16));
#4800 = DIRECTION('',(0.,1.,0.));
#4801 = ORIENTED_EDGE('',*,*,#4802,.T.);
#4802 = EDGE_CURVE('',#4794,#4803,#4805,.T.);
#4803 = VERTEX_POINT('',#4804);
#4804 = CARTESIAN_POINT('',(0.9,126.17806811705,9.208879470294));
#4805 = LINE('',#4806,#4807);
#4806 = CARTESIAN_POINT('',(-170.18691809,126.17806811705,9.208879470294
    ));
#4807 = VECTOR('',#4808,1.);
#4808 = DIRECTION('',(1.,-0.,1.224646799147E-16));
#4809 = ORIENTED_EDGE('',*,*,#4810,.T.);
#4810 = EDGE_CURVE('',#4803,#4811,#4813,.T.);
#4811 = VERTEX_POINT('',#4812);
#4812 = CARTESIAN_POINT('',(0.9,120.,5.5));
#4813 = CIRCLE('',#4814,7.);
#4814 = AXIS2_PLACEMENT_3D('',#4815,#4816,#4817);
#4815 = CARTESIAN_POINT('',(0.9,120.,12.5));
#4816 = DIRECTION('',(-1.,0.,-1.224646799147E-16));
#4817 = DIRECTION('',(0.,1.,0.));
#4818 = ORIENTED_EDGE('',*,*,#4819,.F.);
#4819 = EDGE_CURVE('',#4820,#4811,#4822,.T.);
#4820 = VERTEX_POINT('',#4821);
#4821 = CARTESIAN_POINT('',(11.165004207967,120.,5.5));
#4822 = LINE('',#4823,#4824);
#4823 = CARTESIAN_POINT('',(-170.18691809,120.,5.5));
#4824 = VECTOR('',#4825,1.);
#4825 = DIRECTION('',(-1.,0.,-1.224646799147E-16));
#4826 = ORIENTED_EDGE('',*,*,#4827,.F.);
#4827 = EDGE_CURVE('',#4828,#4820,#4830,.T.);
#4828 = VERTEX_POINT('',#4829);
#4829 = CARTESIAN_POINT('',(13.355048239273,126.17806811705,
    9.208879470294));
#4830 = B_SPLINE_CURVE_WITH_KNOTS('',7,(#4831,#4832,#4833,#4834,#4835,
    #4836,#4837,#4838,#4839,#4840,#4841,#4842,#4843,#4844),
  .UNSPECIFIED.,.F.,.F.,(8,6,8),(0.,0.468726957994,1.),.UNSPECIFIED.);
#4831 = CARTESIAN_POINT('',(13.355048239273,126.17806811705,
    9.208879470294));
#4832 = CARTESIAN_POINT('',(13.250962085811,125.96828200064,
    8.815070460413));
#4833 = CARTESIAN_POINT('',(13.134020823686,125.72733290745,
    8.433340614075));
#4834 = CARTESIAN_POINT('',(13.005453649357,125.45497850872,
    8.065503440662));
#4835 = CARTESIAN_POINT('',(12.866655112573,125.15077839106,
    7.713739899678));
#4836 = CARTESIAN_POINT('',(12.719256751665,124.81420686563,
    7.380733504605));
#4837 = CARTESIAN_POINT('',(12.56517123157,124.44478922178,
    7.069812119942));
#4838 = CARTESIAN_POINT('',(12.226888475935,123.58602104219,
    6.462388835161));
#4839 = CARTESIAN_POINT('',(12.039324887539,123.08193469119,
    6.169591878224));
#4840 = CARTESIAN_POINT('',(11.848817071969,122.5327227797,
    5.917581782495));
#4841 = CARTESIAN_POINT('',(11.661002473149,121.94296880134,
    5.71622914972));
#4842 = CARTESIAN_POINT('',(11.481454661524,121.31887477652,
    5.574402144821));
#4843 = CARTESIAN_POINT('',(11.31495212981,120.66814284324,5.5));
#4844 = CARTESIAN_POINT('',(11.165004207967,120.,5.5));
#4845 = ORIENTED_EDGE('',*,*,#4846,.T.);
#4846 = EDGE_CURVE('',#4828,#1591,#4847,.T.);
#4847 = LINE('',#4848,#4849);
#4848 = CARTESIAN_POINT('',(-170.18691809,126.17806811705,9.208879470294
    ));
#4849 = VECTOR('',#4850,1.);
#4850 = DIRECTION('',(1.,-0.,1.224646799147E-16));
#4851 = ORIENTED_EDGE('',*,*,#1621,.T.);
#4852 = ORIENTED_EDGE('',*,*,#4743,.F.);
#4853 = ORIENTED_EDGE('',*,*,#4854,.F.);
#4854 = EDGE_CURVE('',#4855,#4729,#4857,.T.);
#4855 = VERTEX_POINT('',#4856);
#4856 = CARTESIAN_POINT('',(10.823811198767,118.2,5.735386189885));
#4857 = B_SPLINE_CURVE_WITH_KNOTS('',5,(#4858,#4859,#4860,#4861,#4862,
    #4863),.UNSPECIFIED.,.F.,.F.,(6,6),(0.,1.),
  .PIECEWISE_BEZIER_KNOTS.);
#4858 = CARTESIAN_POINT('',(10.823811198767,118.2,5.735386189885));
#4859 = CARTESIAN_POINT('',(10.739459329255,117.6562078227,5.88008416476
    ));
#4860 = CARTESIAN_POINT('',(10.673039298296,117.13789145736,
    6.076514900072));
#4861 = CARTESIAN_POINT('',(10.622840464956,116.65230617027,
    6.318042042485));
#4862 = CARTESIAN_POINT('',(10.585866421297,116.20522738392,
    6.596079462058));
#4863 = CARTESIAN_POINT('',(10.559188014984,115.8,6.9));
#4864 = ORIENTED_EDGE('',*,*,#4865,.T.);
#4865 = EDGE_CURVE('',#4855,#4866,#4868,.T.);
#4866 = VERTEX_POINT('',#4867);
#4867 = CARTESIAN_POINT('',(0.9,118.2,5.735386189885));
#4868 = LINE('',#4869,#4870);
#4869 = CARTESIAN_POINT('',(-170.18691809,118.2,5.735386189885));
#4870 = VECTOR('',#4871,1.);
#4871 = DIRECTION('',(-1.,0.,-1.224646799147E-16));
#4872 = ORIENTED_EDGE('',*,*,#4873,.T.);
#4873 = EDGE_CURVE('',#4866,#4874,#4876,.T.);
#4874 = VERTEX_POINT('',#4875);
#4875 = CARTESIAN_POINT('',(0.9,115.8,6.9));
#4876 = CIRCLE('',#4877,7.);
#4877 = AXIS2_PLACEMENT_3D('',#4878,#4879,#4880);
#4878 = CARTESIAN_POINT('',(0.9,120.,12.5));
#4879 = DIRECTION('',(-1.,0.,-1.224646799147E-16));
#4880 = DIRECTION('',(0.,1.,0.));
#4881 = ORIENTED_EDGE('',*,*,#4882,.F.);
#4882 = EDGE_CURVE('',#4883,#4874,#4885,.T.);
#4883 = VERTEX_POINT('',#4884);
#4884 = CARTESIAN_POINT('',(-0.9,115.8,6.9));
#4885 = LINE('',#4886,#4887);
#4886 = CARTESIAN_POINT('',(-170.18691809,115.8,6.9));
#4887 = VECTOR('',#4888,1.);
#4888 = DIRECTION('',(1.,-0.,1.224646799147E-16));
#4889 = ORIENTED_EDGE('',*,*,#4890,.F.);
#4890 = EDGE_CURVE('',#4891,#4883,#4893,.T.);
#4891 = VERTEX_POINT('',#4892);
#4892 = CARTESIAN_POINT('',(-0.9,118.2,5.735386189885));
#4893 = CIRCLE('',#4894,7.);
#4894 = AXIS2_PLACEMENT_3D('',#4895,#4896,#4897);
#4895 = CARTESIAN_POINT('',(-0.9,120.,12.5));
#4896 = DIRECTION('',(-1.,0.,-1.224646799147E-16));
#4897 = DIRECTION('',(0.,1.,0.));
#4898 = ORIENTED_EDGE('',*,*,#4899,.T.);
#4899 = EDGE_CURVE('',#4891,#4900,#4902,.T.);
#4900 = VERTEX_POINT('',#4901);
#4901 = CARTESIAN_POINT('',(-10.82381119876,118.2,5.735386189885));
#4902 = LINE('',#4903,#4904);
#4903 = CARTESIAN_POINT('',(-170.18691809,118.2,5.735386189885));
#4904 = VECTOR('',#4905,1.);
#4905 = DIRECTION('',(-1.,0.,-1.224646799147E-16));
#4906 = ORIENTED_EDGE('',*,*,#4907,.T.);
#4907 = EDGE_CURVE('',#4900,#4908,#4910,.T.);
#4908 = VERTEX_POINT('',#4909);
#4909 = CARTESIAN_POINT('',(-10.55918801498,115.8,6.9));
#4910 = B_SPLINE_CURVE_WITH_KNOTS('',5,(#4911,#4912,#4913,#4914,#4915,
    #4916),.UNSPECIFIED.,.F.,.F.,(6,6),(0.,1.),
  .PIECEWISE_BEZIER_KNOTS.);
#4911 = CARTESIAN_POINT('',(-10.82381119876,118.2,5.735386189885));
#4912 = CARTESIAN_POINT('',(-10.73945933069,117.65620783201,
    5.880084162283));
#4913 = CARTESIAN_POINT('',(-10.67303929557,117.13789143645,
    6.07651490834));
#4914 = CARTESIAN_POINT('',(-10.62284046685,116.65230618845,
    6.318042032754));
#4915 = CARTESIAN_POINT('',(-10.58586642091,116.20522737818,
    6.596079466358));
#4916 = CARTESIAN_POINT('',(-10.55918801498,115.8,6.9));
#4917 = ORIENTED_EDGE('',*,*,#4918,.F.);
#4918 = EDGE_CURVE('',#3302,#4908,#4919,.T.);
#4919 = LINE('',#4920,#4921);
#4920 = CARTESIAN_POINT('',(-170.18691809,115.8,6.9));
#4921 = VECTOR('',#4922,1.);
#4922 = DIRECTION('',(1.,-0.,1.224646799147E-16));
#4923 = CYLINDRICAL_SURFACE('',#4924,7.);
#4924 = AXIS2_PLACEMENT_3D('',#4925,#4926,#4927);
#4925 = CARTESIAN_POINT('',(-170.18691809,120.,12.5));
#4926 = DIRECTION('',(-1.,0.,-1.224646799147E-16));
#4927 = DIRECTION('',(0.,1.,0.));
#4928 = ADVANCED_FACE('',(#4929),#4963,.T.);
#4929 = FACE_BOUND('',#4930,.T.);
#4930 = EDGE_LOOP('',(#4931,#4960,#4961,#4962));
#4931 = ORIENTED_EDGE('',*,*,#4932,.F.);
#4932 = EDGE_CURVE('',#4828,#4551,#4933,.T.);
#4933 = B_SPLINE_CURVE_WITH_KNOTS('',5,(#4934,#4935,#4936,#4937,#4938,
    #4939,#4940,#4941,#4942,#4943,#4944,#4945,#4946,#4947,#4948,#4949,
    #4950,#4951,#4952,#4953,#4954,#4955,#4956,#4957,#4958,#4959),
  .UNSPECIFIED.,.F.,.F.,(6,4,4,4,4,4,6),(0.,0.180799772909,0.2774547182,
    0.470466505197,0.697702164623,0.805699564453,1.),.UNSPECIFIED.);
#4934 = CARTESIAN_POINT('',(13.355048239273,126.17806811705,
    9.208879470294));
#4935 = CARTESIAN_POINT('',(13.412503989053,126.29387044244,
    9.426262774224));
#4936 = CARTESIAN_POINT('',(13.476441715491,126.42102182933,
    9.638984124314));
#4937 = CARTESIAN_POINT('',(13.547091142635,126.55929330429,
    9.846099588823));
#4938 = CARTESIAN_POINT('',(13.624690092835,126.70834052768,
    10.04672247599));
#4939 = CARTESIAN_POINT('',(13.754793266764,126.9529265356,
    10.343361295432));
#4940 = CARTESIAN_POINT('',(13.802162728245,127.04107366125,
    10.444593253293));
#4941 = CARTESIAN_POINT('',(13.851599992787,127.13206922935,
    10.54356386872));
#4942 = CARTESIAN_POINT('',(13.903121714053,127.22580786264,
    10.640130373031));
#4943 = CARTESIAN_POINT('',(14.063810398278,127.51460542221,
    10.921936900527));
#4944 = CARTESIAN_POINT('',(14.179270609936,127.71756599319,
    11.099658406433));
#4945 = CARTESIAN_POINT('',(14.303095476609,127.92991232513,
    11.266058594142));
#4946 = CARTESIAN_POINT('',(14.435122000337,128.15028451501,
    11.420203015282));
#4947 = CARTESIAN_POINT('',(14.739652787019,128.64434359107,
    11.727811288107));
#4948 = CARTESIAN_POINT('',(14.915074817692,128.92037967487,
    11.876198606557));
#4949 = CARTESIAN_POINT('',(15.100611209237,129.20281822939,
    12.005675875173));
#4950 = CARTESIAN_POINT('',(15.295245463235,129.48897807955,
    12.115947912963));
#4951 = CARTESIAN_POINT('',(15.593594802317,129.91264131498,
    12.250807992046));
#4952 = CARTESIAN_POINT('',(15.691445782765,130.04938423891,
    12.290003117356));
#4953 = CARTESIAN_POINT('',(15.790915545479,130.18615349401,
    12.32500040314));
#4954 = CARTESIAN_POINT('',(15.891871398866,130.3227226749,
    12.355872519592));
#4955 = CARTESIAN_POINT('',(16.178203822631,130.70381511142,
    12.430998825843));
#4956 = CARTESIAN_POINT('',(16.36651024708,130.94731145097,
    12.466215701972));
#4957 = CARTESIAN_POINT('',(16.558482799862,131.18842718033,
    12.488987651961));
#4958 = CARTESIAN_POINT('',(16.753444330345,131.42632476363,12.5));
#4959 = CARTESIAN_POINT('',(16.950646136007,131.66025403784,12.5));
#4960 = ORIENTED_EDGE('',*,*,#4846,.T.);
#4961 = ORIENTED_EDGE('',*,*,#1590,.T.);
#4962 = ORIENTED_EDGE('',*,*,#4559,.F.);
#4963 = CYLINDRICAL_SURFACE('',#4964,6.21153744479);
#4964 = AXIS2_PLACEMENT_3D('',#4965,#4966,#4967);
#4965 = CARTESIAN_POINT('',(-170.18691809,131.66025403784,6.28846255521)
  );
#4966 = DIRECTION('',(-1.,0.,-1.224646799147E-16));
#4967 = DIRECTION('',(0.,1.,0.));
#4968 = ADVANCED_FACE('',(#4969),#4985,.T.);
#4969 = FACE_BOUND('',#4970,.T.);
#4970 = EDGE_LOOP('',(#4971,#4972,#4973,#4984));
#4971 = ORIENTED_EDGE('',*,*,#3328,.F.);
#4972 = ORIENTED_EDGE('',*,*,#1717,.T.);
#4973 = ORIENTED_EDGE('',*,*,#4974,.T.);
#4974 = EDGE_CURVE('',#1720,#4908,#4975,.T.);
#4975 = B_SPLINE_CURVE_WITH_KNOTS('',7,(#4976,#4977,#4978,#4979,#4980,
    #4981,#4982,#4983),.UNSPECIFIED.,.F.,.F.,(8,8),(0.,1.),
  .PIECEWISE_BEZIER_KNOTS.);
#4976 = CARTESIAN_POINT('',(-10.5,114.,7.5));
#4977 = CARTESIAN_POINT('',(-10.5,114.29324160882,7.5));
#4978 = CARTESIAN_POINT('',(-10.50366144149,114.58263542288,
    7.46655931561));
#4979 = CARTESIAN_POINT('',(-10.51081106467,114.86267498742,
    7.401256804802));
#4980 = CARTESIAN_POINT('',(-10.52087106532,115.12824779488,
    7.307062721489));
#4981 = CARTESIAN_POINT('',(-10.5329284048,115.3749810409,7.18824946067)
  );
#4982 = CARTESIAN_POINT('',(-10.54599207277,115.59956234726,
    7.05032823955));
#4983 = CARTESIAN_POINT('',(-10.55918801498,115.8,6.9));
#4984 = ORIENTED_EDGE('',*,*,#4918,.F.);
#4985 = CYLINDRICAL_SURFACE('',#4986,2.999999999999);
#4986 = AXIS2_PLACEMENT_3D('',#4987,#4988,#4989);
#4987 = CARTESIAN_POINT('',(-170.18691809,114.,4.500000000001));
#4988 = DIRECTION('',(-1.,0.,-1.224646799147E-16));
#4989 = DIRECTION('',(0.,1.,0.));
#4990 = ADVANCED_FACE('',(#4991),#5072,.F.);
#4991 = FACE_BOUND('',#4992,.T.);
#4992 = EDGE_LOOP('',(#4993,#5001,#5002,#5010,#5018,#5026,#5034,#5042,
    #5050,#5058,#5066));
#4993 = ORIENTED_EDGE('',*,*,#4994,.F.);
#4994 = EDGE_CURVE('',#1720,#4995,#4997,.T.);
#4995 = VERTEX_POINT('',#4996);
#4996 = CARTESIAN_POINT('',(-10.5,114.,-14.));
#4997 = LINE('',#4998,#4999);
#4998 = CARTESIAN_POINT('',(-10.5,114.,12.5));
#4999 = VECTOR('',#5000,1.);
#5000 = DIRECTION('',(1.224646799147E-16,0.,-1.));
#5001 = ORIENTED_EDGE('',*,*,#1798,.T.);
#5002 = ORIENTED_EDGE('',*,*,#5003,.T.);
#5003 = EDGE_CURVE('',#1791,#5004,#5006,.T.);
#5004 = VERTEX_POINT('',#5005);
#5005 = CARTESIAN_POINT('',(-10.5,98.,-13.));
#5006 = LINE('',#5007,#5008);
#5007 = CARTESIAN_POINT('',(-10.5,98.,12.5));
#5008 = VECTOR('',#5009,1.);
#5009 = DIRECTION('',(1.224646799147E-16,0.,-1.));
#5010 = ORIENTED_EDGE('',*,*,#5011,.T.);
#5011 = EDGE_CURVE('',#5004,#5012,#5014,.T.);
#5012 = VERTEX_POINT('',#5013);
#5013 = CARTESIAN_POINT('',(-10.5,100.50001617672,-13.00000127156));
#5014 = LINE('',#5015,#5016);
#5015 = CARTESIAN_POINT('',(-10.5,98.,-13.));
#5016 = VECTOR('',#5017,1.);
#5017 = DIRECTION('',(-0.,1.,0.));
#5018 = ORIENTED_EDGE('',*,*,#5019,.F.);
#5019 = EDGE_CURVE('',#5020,#5012,#5022,.T.);
#5020 = VERTEX_POINT('',#5021);
#5021 = CARTESIAN_POINT('',(-10.5,103.29586774769,-13.00000190734));
#5022 = LINE('',#5023,#5024);
#5023 = CARTESIAN_POINT('',(-10.5,110.84204500977,-13.00000190734));
#5024 = VECTOR('',#5025,1.);
#5025 = DIRECTION('',(0.,-1.,-0.));
#5026 = ORIENTED_EDGE('',*,*,#5027,.F.);
#5027 = EDGE_CURVE('',#5028,#5020,#5030,.T.);
#5028 = VERTEX_POINT('',#5029);
#5029 = CARTESIAN_POINT('',(-10.5,103.29586774769,-10.50000190734));
#5030 = LINE('',#5031,#5032);
#5031 = CARTESIAN_POINT('',(-10.5,103.29586774769,-13.00000190734));
#5032 = VECTOR('',#5033,1.);
#5033 = DIRECTION('',(1.224646799147E-16,0.,-1.));
#5034 = ORIENTED_EDGE('',*,*,#5035,.T.);
#5035 = EDGE_CURVE('',#5028,#5036,#5038,.T.);
#5036 = VERTEX_POINT('',#5037);
#5037 = CARTESIAN_POINT('',(-10.5,108.70416381895,-10.50000190734));
#5038 = LINE('',#5039,#5040);
#5039 = CARTESIAN_POINT('',(-10.5,109.50000762939,-10.50000190734));
#5040 = VECTOR('',#5041,1.);
#5041 = DIRECTION('',(0.,1.,0.));
#5042 = ORIENTED_EDGE('',*,*,#5043,.T.);
#5043 = EDGE_CURVE('',#5036,#5044,#5046,.T.);
#5044 = VERTEX_POINT('',#5045);
#5045 = CARTESIAN_POINT('',(-10.5,108.70416381895,-13.00000190734));
#5046 = LINE('',#5047,#5048);
#5047 = CARTESIAN_POINT('',(-10.5,108.70416381895,-13.00000190734));
#5048 = VECTOR('',#5049,1.);
#5049 = DIRECTION('',(1.224646799147E-16,0.,-1.));
#5050 = ORIENTED_EDGE('',*,*,#5051,.F.);
#5051 = EDGE_CURVE('',#5052,#5044,#5054,.T.);
#5052 = VERTEX_POINT('',#5053);
#5053 = CARTESIAN_POINT('',(-10.5,111.50001617672,-13.00000190734));
#5054 = LINE('',#5055,#5056);
#5055 = CARTESIAN_POINT('',(-10.5,110.84204500977,-13.00000190734));
#5056 = VECTOR('',#5057,1.);
#5057 = DIRECTION('',(0.,-1.,-0.));
#5058 = ORIENTED_EDGE('',*,*,#5059,.F.);
#5059 = EDGE_CURVE('',#5060,#5052,#5062,.T.);
#5060 = VERTEX_POINT('',#5061);
#5061 = CARTESIAN_POINT('',(-10.5,111.50001617672,-14.00000095367));
#5062 = LINE('',#5063,#5064);
#5063 = CARTESIAN_POINT('',(-10.5,111.50001617672,-0.750000953674));
#5064 = VECTOR('',#5065,1.);
#5065 = DIRECTION('',(-1.224646799147E-16,0.,1.));
#5066 = ORIENTED_EDGE('',*,*,#5067,.T.);
#5067 = EDGE_CURVE('',#5060,#4995,#5068,.T.);
#5068 = LINE('',#5069,#5070);
#5069 = CARTESIAN_POINT('',(-10.5,98.,-14.));
#5070 = VECTOR('',#5071,1.);
#5071 = DIRECTION('',(-0.,1.,0.));
#5072 = PLANE('',#5073);
#5073 = AXIS2_PLACEMENT_3D('',#5074,#5075,#5076);
#5074 = CARTESIAN_POINT('',(-10.5,98.,12.5));
#5075 = DIRECTION('',(-1.,0.,-1.224646799147E-16));
#5076 = DIRECTION('',(0.,-1.,0.));
#5077 = ADVANCED_FACE('',(#5078),#5096,.T.);
#5078 = FACE_BOUND('',#5079,.F.);
#5079 = EDGE_LOOP('',(#5080,#5088,#5089,#5090));
#5080 = ORIENTED_EDGE('',*,*,#5081,.F.);
#5081 = EDGE_CURVE('',#1783,#5082,#5084,.T.);
#5082 = VERTEX_POINT('',#5083);
#5083 = CARTESIAN_POINT('',(-0.9,98.,-13.));
#5084 = LINE('',#5085,#5086);
#5085 = CARTESIAN_POINT('',(-0.9,98.,12.5));
#5086 = VECTOR('',#5087,1.);
#5087 = DIRECTION('',(1.224646799147E-16,0.,-1.));
#5088 = ORIENTED_EDGE('',*,*,#1790,.T.);
#5089 = ORIENTED_EDGE('',*,*,#5003,.T.);
#5090 = ORIENTED_EDGE('',*,*,#5091,.T.);
#5091 = EDGE_CURVE('',#5004,#5082,#5092,.T.);
#5092 = LINE('',#5093,#5094);
#5093 = CARTESIAN_POINT('',(-10.5,98.,-13.));
#5094 = VECTOR('',#5095,1.);
#5095 = DIRECTION('',(1.,0.,1.224646799147E-16));
#5096 = PLANE('',#5097);
#5097 = AXIS2_PLACEMENT_3D('',#5098,#5099,#5100);
#5098 = CARTESIAN_POINT('',(-10.5,98.,12.5));
#5099 = DIRECTION('',(-0.,1.,0.));
#5100 = DIRECTION('',(-1.,-0.,-1.224646799147E-16));
#5101 = ADVANCED_FACE('',(#5102),#5184,.T.);
#5102 = FACE_BOUND('',#5103,.F.);
#5103 = EDGE_LOOP('',(#5104,#5111,#5112,#5113,#5121,#5129,#5137,#5145,
    #5153,#5161,#5169,#5177,#5183));
#5104 = ORIENTED_EDGE('',*,*,#5105,.F.);
#5105 = EDGE_CURVE('',#1775,#4883,#5106,.T.);
#5106 = CIRCLE('',#5107,2.999999999999);
#5107 = AXIS2_PLACEMENT_3D('',#5108,#5109,#5110);
#5108 = CARTESIAN_POINT('',(-0.9,114.,4.500000000001));
#5109 = DIRECTION('',(-1.,0.,-1.224646799147E-16));
#5110 = DIRECTION('',(0.,1.,0.));
#5111 = ORIENTED_EDGE('',*,*,#1782,.T.);
#5112 = ORIENTED_EDGE('',*,*,#5081,.T.);
#5113 = ORIENTED_EDGE('',*,*,#5114,.T.);
#5114 = EDGE_CURVE('',#5082,#5115,#5117,.T.);
#5115 = VERTEX_POINT('',#5116);
#5116 = CARTESIAN_POINT('',(-0.9,100.50001533747,-13.00000127156));
#5117 = LINE('',#5118,#5119);
#5118 = CARTESIAN_POINT('',(-0.9,98.,-13.));
#5119 = VECTOR('',#5120,1.);
#5120 = DIRECTION('',(-0.,1.,0.));
#5121 = ORIENTED_EDGE('',*,*,#5122,.F.);
#5122 = EDGE_CURVE('',#5123,#5115,#5125,.T.);
#5123 = VERTEX_POINT('',#5124);
#5124 = CARTESIAN_POINT('',(-0.9,104.75398427432,-13.00000190734));
#5125 = LINE('',#5126,#5127);
#5126 = CARTESIAN_POINT('',(-0.9,110.84204500977,-13.00000190734));
#5127 = VECTOR('',#5128,1.);
#5128 = DIRECTION('',(0.,-1.,-0.));
#5129 = ORIENTED_EDGE('',*,*,#5130,.F.);
#5130 = EDGE_CURVE('',#5131,#5123,#5133,.T.);
#5131 = VERTEX_POINT('',#5132);
#5132 = CARTESIAN_POINT('',(-0.9,104.75398427432,-10.50000190734));
#5133 = LINE('',#5134,#5135);
#5134 = CARTESIAN_POINT('',(-0.9,104.75398427432,-13.00000190734));
#5135 = VECTOR('',#5136,1.);
#5136 = DIRECTION('',(1.224646799147E-16,0.,-1.));
#5137 = ORIENTED_EDGE('',*,*,#5138,.T.);
#5138 = EDGE_CURVE('',#5131,#5139,#5141,.T.);
#5139 = VERTEX_POINT('',#5140);
#5140 = CARTESIAN_POINT('',(-0.9,107.24604729232,-10.50000190734));
#5141 = LINE('',#5142,#5143);
#5142 = CARTESIAN_POINT('',(-0.9,109.50000762939,-10.50000190734));
#5143 = VECTOR('',#5144,1.);
#5144 = DIRECTION('',(0.,1.,0.));
#5145 = ORIENTED_EDGE('',*,*,#5146,.T.);
#5146 = EDGE_CURVE('',#5139,#5147,#5149,.T.);
#5147 = VERTEX_POINT('',#5148);
#5148 = CARTESIAN_POINT('',(-0.9,107.24604729232,-13.00000190734));
#5149 = LINE('',#5150,#5151);
#5150 = CARTESIAN_POINT('',(-0.9,107.24604729232,-13.00000190734));
#5151 = VECTOR('',#5152,1.);
#5152 = DIRECTION('',(1.224646799147E-16,0.,-1.));
#5153 = ORIENTED_EDGE('',*,*,#5154,.F.);
#5154 = EDGE_CURVE('',#5155,#5147,#5157,.T.);
#5155 = VERTEX_POINT('',#5156);
#5156 = CARTESIAN_POINT('',(-0.9,111.50001533747,-13.00000190734));
#5157 = LINE('',#5158,#5159);
#5158 = CARTESIAN_POINT('',(-0.9,110.84204500977,-13.00000190734));
#5159 = VECTOR('',#5160,1.);
#5160 = DIRECTION('',(0.,-1.,-0.));
#5161 = ORIENTED_EDGE('',*,*,#5162,.F.);
#5162 = EDGE_CURVE('',#5163,#5155,#5165,.T.);
#5163 = VERTEX_POINT('',#5164);
#5164 = CARTESIAN_POINT('',(-0.9,111.50001533747,-14.00000095367));
#5165 = LINE('',#5166,#5167);
#5166 = CARTESIAN_POINT('',(-0.9,111.50001533747,-0.750000953674));
#5167 = VECTOR('',#5168,1.);
#5168 = DIRECTION('',(-1.224646799147E-16,0.,1.));
#5169 = ORIENTED_EDGE('',*,*,#5170,.T.);
#5170 = EDGE_CURVE('',#5163,#5171,#5173,.T.);
#5171 = VERTEX_POINT('',#5172);
#5172 = CARTESIAN_POINT('',(-0.9,118.2,-14.));
#5173 = LINE('',#5174,#5175);
#5174 = CARTESIAN_POINT('',(-0.9,98.,-14.));
#5175 = VECTOR('',#5176,1.);
#5176 = DIRECTION('',(-0.,1.,0.));
#5177 = ORIENTED_EDGE('',*,*,#5178,.F.);
#5178 = EDGE_CURVE('',#4891,#5171,#5179,.T.);
#5179 = LINE('',#5180,#5181);
#5180 = CARTESIAN_POINT('',(-0.9,118.2,12.5));
#5181 = VECTOR('',#5182,1.);
#5182 = DIRECTION('',(1.224646799147E-16,0.,-1.));
#5183 = ORIENTED_EDGE('',*,*,#4890,.T.);
#5184 = PLANE('',#5185);
#5185 = AXIS2_PLACEMENT_3D('',#5186,#5187,#5188);
#5186 = CARTESIAN_POINT('',(-0.9,98.,12.5));
#5187 = DIRECTION('',(-1.,0.,-1.224646799147E-16));
#5188 = DIRECTION('',(0.,-1.,0.));
#5189 = ADVANCED_FACE('',(#5190),#5202,.T.);
#5190 = FACE_BOUND('',#5191,.T.);
#5191 = EDGE_LOOP('',(#5192,#5193,#5194,#5201));
#5192 = ORIENTED_EDGE('',*,*,#5105,.F.);
#5193 = ORIENTED_EDGE('',*,*,#1774,.T.);
#5194 = ORIENTED_EDGE('',*,*,#5195,.T.);
#5195 = EDGE_CURVE('',#1767,#4874,#5196,.T.);
#5196 = CIRCLE('',#5197,2.999999999999);
#5197 = AXIS2_PLACEMENT_3D('',#5198,#5199,#5200);
#5198 = CARTESIAN_POINT('',(0.9,114.,4.500000000001));
#5199 = DIRECTION('',(-1.,0.,-1.224646799147E-16));
#5200 = DIRECTION('',(0.,1.,0.));
#5201 = ORIENTED_EDGE('',*,*,#4882,.F.);
#5202 = CYLINDRICAL_SURFACE('',#5203,2.999999999999);
#5203 = AXIS2_PLACEMENT_3D('',#5204,#5205,#5206);
#5204 = CARTESIAN_POINT('',(-170.18691809,114.,4.500000000001));
#5205 = DIRECTION('',(-1.,0.,-1.224646799147E-16));
#5206 = DIRECTION('',(0.,1.,0.));
#5207 = ADVANCED_FACE('',(#5208),#5291,.T.);
#5208 = FACE_BOUND('',#5209,.T.);
#5209 = EDGE_LOOP('',(#5210,#5211,#5212,#5220,#5228,#5236,#5244,#5252,
    #5260,#5268,#5276,#5284,#5290));
#5210 = ORIENTED_EDGE('',*,*,#5195,.F.);
#5211 = ORIENTED_EDGE('',*,*,#1766,.T.);
#5212 = ORIENTED_EDGE('',*,*,#5213,.T.);
#5213 = EDGE_CURVE('',#1759,#5214,#5216,.T.);
#5214 = VERTEX_POINT('',#5215);
#5215 = CARTESIAN_POINT('',(0.9,98.,-13.));
#5216 = LINE('',#5217,#5218);
#5217 = CARTESIAN_POINT('',(0.9,98.,12.5));
#5218 = VECTOR('',#5219,1.);
#5219 = DIRECTION('',(1.224646799147E-16,0.,-1.));
#5220 = ORIENTED_EDGE('',*,*,#5221,.T.);
#5221 = EDGE_CURVE('',#5214,#5222,#5224,.T.);
#5222 = VERTEX_POINT('',#5223);
#5223 = CARTESIAN_POINT('',(0.9,100.5000151801,-13.00000127156));
#5224 = LINE('',#5225,#5226);
#5225 = CARTESIAN_POINT('',(0.9,98.,-13.));
#5226 = VECTOR('',#5227,1.);
#5227 = DIRECTION('',(0.,1.,0.));
#5228 = ORIENTED_EDGE('',*,*,#5229,.F.);
#5229 = EDGE_CURVE('',#5230,#5222,#5232,.T.);
#5230 = VERTEX_POINT('',#5231);
#5231 = CARTESIAN_POINT('',(0.9,104.7540590856,-13.00000190734));
#5232 = LINE('',#5233,#5234);
#5233 = CARTESIAN_POINT('',(0.9,110.84204500977,-13.00000190734));
#5234 = VECTOR('',#5235,1.);
#5235 = DIRECTION('',(0.,-1.,0.));
#5236 = ORIENTED_EDGE('',*,*,#5237,.F.);
#5237 = EDGE_CURVE('',#5238,#5230,#5240,.T.);
#5238 = VERTEX_POINT('',#5239);
#5239 = CARTESIAN_POINT('',(0.9,104.7540590856,-10.50000190734));
#5240 = LINE('',#5241,#5242);
#5241 = CARTESIAN_POINT('',(0.9,104.7540590856,-13.00000190734));
#5242 = VECTOR('',#5243,1.);
#5243 = DIRECTION('',(1.224646799147E-16,0.,-1.));
#5244 = ORIENTED_EDGE('',*,*,#5245,.T.);
#5245 = EDGE_CURVE('',#5238,#5246,#5248,.T.);
#5246 = VERTEX_POINT('',#5247);
#5247 = CARTESIAN_POINT('',(0.9,107.2459703829,-10.50000190734));
#5248 = LINE('',#5249,#5250);
#5249 = CARTESIAN_POINT('',(0.9,109.50000762939,-10.50000190734));
#5250 = VECTOR('',#5251,1.);
#5251 = DIRECTION('',(0.,1.,0.));
#5252 = ORIENTED_EDGE('',*,*,#5253,.T.);
#5253 = EDGE_CURVE('',#5246,#5254,#5256,.T.);
#5254 = VERTEX_POINT('',#5255);
#5255 = CARTESIAN_POINT('',(0.9,107.2459703829,-13.00000190734));
#5256 = LINE('',#5257,#5258);
#5257 = CARTESIAN_POINT('',(0.9,107.2459703829,-13.00000190734));
#5258 = VECTOR('',#5259,1.);
#5259 = DIRECTION('',(1.224646799147E-16,0.,-1.));
#5260 = ORIENTED_EDGE('',*,*,#5261,.F.);
#5261 = EDGE_CURVE('',#5262,#5254,#5264,.T.);
#5262 = VERTEX_POINT('',#5263);
#5263 = CARTESIAN_POINT('',(0.9,111.50001518011,-13.00000190734));
#5264 = LINE('',#5265,#5266);
#5265 = CARTESIAN_POINT('',(0.9,110.84204500977,-13.00000190734));
#5266 = VECTOR('',#5267,1.);
#5267 = DIRECTION('',(0.,-1.,0.));
#5268 = ORIENTED_EDGE('',*,*,#5269,.F.);
#5269 = EDGE_CURVE('',#5270,#5262,#5272,.T.);
#5270 = VERTEX_POINT('',#5271);
#5271 = CARTESIAN_POINT('',(0.9,111.50001518011,-14.00000095367));
#5272 = LINE('',#5273,#5274);
#5273 = CARTESIAN_POINT('',(0.9,111.50001518011,-0.750000953674));
#5274 = VECTOR('',#5275,1.);
#5275 = DIRECTION('',(-1.224646799147E-16,0.,1.));
#5276 = ORIENTED_EDGE('',*,*,#5277,.T.);
#5277 = EDGE_CURVE('',#5270,#5278,#5280,.T.);
#5278 = VERTEX_POINT('',#5279);
#5279 = CARTESIAN_POINT('',(0.9,118.2,-14.));
#5280 = LINE('',#5281,#5282);
#5281 = CARTESIAN_POINT('',(0.9,98.,-14.));
#5282 = VECTOR('',#5283,1.);
#5283 = DIRECTION('',(0.,1.,0.));
#5284 = ORIENTED_EDGE('',*,*,#5285,.F.);
#5285 = EDGE_CURVE('',#4866,#5278,#5286,.T.);
#5286 = LINE('',#5287,#5288);
#5287 = CARTESIAN_POINT('',(0.9,118.2,12.5));
#5288 = VECTOR('',#5289,1.);
#5289 = DIRECTION('',(1.224646799147E-16,0.,-1.));
#5290 = ORIENTED_EDGE('',*,*,#4873,.T.);
#5291 = PLANE('',#5292);
#5292 = AXIS2_PLACEMENT_3D('',#5293,#5294,#5295);
#5293 = CARTESIAN_POINT('',(0.9,98.,12.5));
#5294 = DIRECTION('',(1.,0.,1.224646799147E-16));
#5295 = DIRECTION('',(0.,1.,0.));
#5296 = ADVANCED_FACE('',(#5297),#5315,.T.);
#5297 = FACE_BOUND('',#5298,.T.);
#5298 = EDGE_LOOP('',(#5299,#5300,#5301,#5309));
#5299 = ORIENTED_EDGE('',*,*,#5213,.F.);
#5300 = ORIENTED_EDGE('',*,*,#1758,.T.);
#5301 = ORIENTED_EDGE('',*,*,#5302,.T.);
#5302 = EDGE_CURVE('',#1751,#5303,#5305,.T.);
#5303 = VERTEX_POINT('',#5304);
#5304 = CARTESIAN_POINT('',(10.5,98.,-13.));
#5305 = LINE('',#5306,#5307);
#5306 = CARTESIAN_POINT('',(10.5,98.,12.5));
#5307 = VECTOR('',#5308,1.);
#5308 = DIRECTION('',(1.224646799147E-16,0.,-1.));
#5309 = ORIENTED_EDGE('',*,*,#5310,.T.);
#5310 = EDGE_CURVE('',#5303,#5214,#5311,.T.);
#5311 = LINE('',#5312,#5313);
#5312 = CARTESIAN_POINT('',(10.5,98.,-13.));
#5313 = VECTOR('',#5314,1.);
#5314 = DIRECTION('',(-1.,0.,-1.224646799147E-16));
#5315 = PLANE('',#5316);
#5316 = AXIS2_PLACEMENT_3D('',#5317,#5318,#5319);
#5317 = CARTESIAN_POINT('',(10.5,98.,12.5));
#5318 = DIRECTION('',(0.,1.,0.));
#5319 = DIRECTION('',(-1.,0.,-1.224646799147E-16));
#5320 = ADVANCED_FACE('',(#5321),#5395,.F.);
#5321 = FACE_BOUND('',#5322,.F.);
#5322 = EDGE_LOOP('',(#5323,#5331,#5332,#5333,#5341,#5349,#5357,#5365,
    #5373,#5381,#5389));
#5323 = ORIENTED_EDGE('',*,*,#5324,.F.);
#5324 = EDGE_CURVE('',#1743,#5325,#5327,.T.);
#5325 = VERTEX_POINT('',#5326);
#5326 = CARTESIAN_POINT('',(10.5,114.,-14.));
#5327 = LINE('',#5328,#5329);
#5328 = CARTESIAN_POINT('',(10.5,114.,12.5));
#5329 = VECTOR('',#5330,1.);
#5330 = DIRECTION('',(1.224646799147E-16,0.,-1.));
#5331 = ORIENTED_EDGE('',*,*,#1750,.T.);
#5332 = ORIENTED_EDGE('',*,*,#5302,.T.);
#5333 = ORIENTED_EDGE('',*,*,#5334,.T.);
#5334 = EDGE_CURVE('',#5303,#5335,#5337,.T.);
#5335 = VERTEX_POINT('',#5336);
#5336 = CARTESIAN_POINT('',(10.5,100.50001434085,-13.00000095367));
#5337 = LINE('',#5338,#5339);
#5338 = CARTESIAN_POINT('',(10.5,98.,-13.));
#5339 = VECTOR('',#5340,1.);
#5340 = DIRECTION('',(0.,1.,0.));
#5341 = ORIENTED_EDGE('',*,*,#5342,.F.);
#5342 = EDGE_CURVE('',#5343,#5335,#5345,.T.);
#5343 = VERTEX_POINT('',#5344);
#5344 = CARTESIAN_POINT('',(10.5,103.2958358568,-13.00000190734));
#5345 = LINE('',#5346,#5347);
#5346 = CARTESIAN_POINT('',(10.5,110.84204500977,-13.00000190734));
#5347 = VECTOR('',#5348,1.);
#5348 = DIRECTION('',(0.,-1.,0.));
#5349 = ORIENTED_EDGE('',*,*,#5350,.F.);
#5350 = EDGE_CURVE('',#5351,#5343,#5353,.T.);
#5351 = VERTEX_POINT('',#5352);
#5352 = CARTESIAN_POINT('',(10.5,103.2958358568,-10.50000190734));
#5353 = LINE('',#5354,#5355);
#5354 = CARTESIAN_POINT('',(10.5,103.2958358568,-13.00000190734));
#5355 = VECTOR('',#5356,1.);
#5356 = DIRECTION('',(1.224646799147E-16,0.,-1.));
#5357 = ORIENTED_EDGE('',*,*,#5358,.T.);
#5358 = EDGE_CURVE('',#5351,#5359,#5361,.T.);
#5359 = VERTEX_POINT('',#5360);
#5360 = CARTESIAN_POINT('',(10.5,108.7041936117,-10.50000190734));
#5361 = LINE('',#5362,#5363);
#5362 = CARTESIAN_POINT('',(10.5,109.50000762939,-10.50000190734));
#5363 = VECTOR('',#5364,1.);
#5364 = DIRECTION('',(0.,1.,0.));
#5365 = ORIENTED_EDGE('',*,*,#5366,.T.);
#5366 = EDGE_CURVE('',#5359,#5367,#5369,.T.);
#5367 = VERTEX_POINT('',#5368);
#5368 = CARTESIAN_POINT('',(10.5,108.7041936117,-13.00000190734));
#5369 = LINE('',#5370,#5371);
#5370 = CARTESIAN_POINT('',(10.5,108.7041936117,-13.00000190734));
#5371 = VECTOR('',#5372,1.);
#5372 = DIRECTION('',(1.224646799147E-16,0.,-1.));
#5373 = ORIENTED_EDGE('',*,*,#5374,.F.);
#5374 = EDGE_CURVE('',#5375,#5367,#5377,.T.);
#5375 = VERTEX_POINT('',#5376);
#5376 = CARTESIAN_POINT('',(10.5,111.50001434085,-13.00000190734));
#5377 = LINE('',#5378,#5379);
#5378 = CARTESIAN_POINT('',(10.5,110.84204500977,-13.00000190734));
#5379 = VECTOR('',#5380,1.);
#5380 = DIRECTION('',(0.,-1.,0.));
#5381 = ORIENTED_EDGE('',*,*,#5382,.F.);
#5382 = EDGE_CURVE('',#5383,#5375,#5385,.T.);
#5383 = VERTEX_POINT('',#5384);
#5384 = CARTESIAN_POINT('',(10.5,111.50001434085,-14.00000095367));
#5385 = LINE('',#5386,#5387);
#5386 = CARTESIAN_POINT('',(10.5,111.50001434085,-0.750000953674));
#5387 = VECTOR('',#5388,1.);
#5388 = DIRECTION('',(-1.224646799147E-16,0.,1.));
#5389 = ORIENTED_EDGE('',*,*,#5390,.T.);
#5390 = EDGE_CURVE('',#5383,#5325,#5391,.T.);
#5391 = LINE('',#5392,#5393);
#5392 = CARTESIAN_POINT('',(10.5,98.,-14.));
#5393 = VECTOR('',#5394,1.);
#5394 = DIRECTION('',(0.,1.,0.));
#5395 = PLANE('',#5396);
#5396 = AXIS2_PLACEMENT_3D('',#5397,#5398,#5399);
#5397 = CARTESIAN_POINT('',(10.5,98.,12.5));
#5398 = DIRECTION('',(1.,0.,1.224646799147E-16));
#5399 = DIRECTION('',(0.,1.,0.));
#5400 = ADVANCED_FACE('',(#5401),#5426,.T.);
#5401 = FACE_BOUND('',#5402,.T.);
#5402 = EDGE_LOOP('',(#5403,#5411,#5412,#5420));
#5403 = ORIENTED_EDGE('',*,*,#5404,.F.);
#5404 = EDGE_CURVE('',#1807,#5405,#5407,.T.);
#5405 = VERTEX_POINT('',#5406);
#5406 = CARTESIAN_POINT('',(-5.25,82.2,-14.));
#5407 = LINE('',#5408,#5409);
#5408 = CARTESIAN_POINT('',(-5.25,82.2,12.5));
#5409 = VECTOR('',#5410,1.);
#5410 = DIRECTION('',(1.224646799147E-16,0.,-1.));
#5411 = ORIENTED_EDGE('',*,*,#1806,.T.);
#5412 = ORIENTED_EDGE('',*,*,#5413,.T.);
#5413 = EDGE_CURVE('',#1809,#5414,#5416,.T.);
#5414 = VERTEX_POINT('',#5415);
#5415 = CARTESIAN_POINT('',(5.25,82.2,-14.));
#5416 = LINE('',#5417,#5418);
#5417 = CARTESIAN_POINT('',(5.25,82.2,12.5));
#5418 = VECTOR('',#5419,1.);
#5419 = DIRECTION('',(1.224646799147E-16,0.,-1.));
#5420 = ORIENTED_EDGE('',*,*,#5421,.F.);
#5421 = EDGE_CURVE('',#5405,#5414,#5422,.T.);
#5422 = LINE('',#5423,#5424);
#5423 = CARTESIAN_POINT('',(-14.12734080939,82.2,-14.));
#5424 = VECTOR('',#5425,1.);
#5425 = DIRECTION('',(1.,-2.71E-15,1.224646799147E-16));
#5426 = PLANE('',#5427);
#5427 = AXIS2_PLACEMENT_3D('',#5428,#5429,#5430);
#5428 = CARTESIAN_POINT('',(-4.607574503197E-16,82.2,-3.75));
#5429 = DIRECTION('',(-0.,1.,0.));
#5430 = DIRECTION('',(-1.224646799147E-16,0.,1.));
#5431 = ADVANCED_FACE('',(#5432),#5451,.F.);
#5432 = FACE_BOUND('',#5433,.F.);
#5433 = EDGE_LOOP('',(#5434,#5435,#5436,#5444));
#5434 = ORIENTED_EDGE('',*,*,#5404,.F.);
#5435 = ORIENTED_EDGE('',*,*,#1816,.T.);
#5436 = ORIENTED_EDGE('',*,*,#5437,.T.);
#5437 = EDGE_CURVE('',#1817,#5438,#5440,.T.);
#5438 = VERTEX_POINT('',#5439);
#5439 = CARTESIAN_POINT('',(-9.9,86.85,-14.));
#5440 = LINE('',#5441,#5442);
#5441 = CARTESIAN_POINT('',(-9.9,86.85,-14.));
#5442 = VECTOR('',#5443,1.);
#5443 = DIRECTION('',(1.224646799147E-16,0.,-1.));
#5444 = ORIENTED_EDGE('',*,*,#5445,.F.);
#5445 = EDGE_CURVE('',#5405,#5438,#5446,.T.);
#5446 = CIRCLE('',#5447,4.65);
#5447 = AXIS2_PLACEMENT_3D('',#5448,#5449,#5450);
#5448 = CARTESIAN_POINT('',(-5.25,86.85,-14.));
#5449 = DIRECTION('',(1.224646799147E-16,0.,-1.));
#5450 = DIRECTION('',(-1.,0.,-1.224646799147E-16));
#5451 = CYLINDRICAL_SURFACE('',#5452,4.65);
#5452 = AXIS2_PLACEMENT_3D('',#5453,#5454,#5455);
#5453 = CARTESIAN_POINT('',(-5.25,86.85,12.5));
#5454 = DIRECTION('',(-1.224646799147E-16,0.,1.));
#5455 = DIRECTION('',(-1.,0.,-1.224646799147E-16));
#5456 = ADVANCED_FACE('',(#5457),#5476,.F.);
#5457 = FACE_BOUND('',#5458,.T.);
#5458 = EDGE_LOOP('',(#5459,#5460,#5461,#5469));
#5459 = ORIENTED_EDGE('',*,*,#5413,.F.);
#5460 = ORIENTED_EDGE('',*,*,#1867,.T.);
#5461 = ORIENTED_EDGE('',*,*,#5462,.T.);
#5462 = EDGE_CURVE('',#1860,#5463,#5465,.T.);
#5463 = VERTEX_POINT('',#5464);
#5464 = CARTESIAN_POINT('',(9.9,86.85,-14.));
#5465 = LINE('',#5466,#5467);
#5466 = CARTESIAN_POINT('',(9.9,86.85,-14.));
#5467 = VECTOR('',#5468,1.);
#5468 = DIRECTION('',(1.224646799147E-16,0.,-1.));
#5469 = ORIENTED_EDGE('',*,*,#5470,.F.);
#5470 = EDGE_CURVE('',#5414,#5463,#5471,.T.);
#5471 = CIRCLE('',#5472,4.65);
#5472 = AXIS2_PLACEMENT_3D('',#5473,#5474,#5475);
#5473 = CARTESIAN_POINT('',(5.25,86.85,-14.));
#5474 = DIRECTION('',(-1.224646799147E-16,0.,1.));
#5475 = DIRECTION('',(1.,0.,1.224646799147E-16));
#5476 = CYLINDRICAL_SURFACE('',#5477,4.65);
#5477 = AXIS2_PLACEMENT_3D('',#5478,#5479,#5480);
#5478 = CARTESIAN_POINT('',(5.25,86.85,12.5));
#5479 = DIRECTION('',(-1.224646799147E-16,0.,1.));
#5480 = DIRECTION('',(1.,0.,1.224646799147E-16));
#5481 = ADVANCED_FACE('',(#5482),#5500,.T.);
#5482 = FACE_BOUND('',#5483,.T.);
#5483 = EDGE_LOOP('',(#5484,#5485,#5486,#5494));
#5484 = ORIENTED_EDGE('',*,*,#1825,.F.);
#5485 = ORIENTED_EDGE('',*,*,#5437,.T.);
#5486 = ORIENTED_EDGE('',*,*,#5487,.T.);
#5487 = EDGE_CURVE('',#5438,#5488,#5490,.T.);
#5488 = VERTEX_POINT('',#5489);
#5489 = CARTESIAN_POINT('',(-9.9,91.55,-14.));
#5490 = LINE('',#5491,#5492);
#5491 = CARTESIAN_POINT('',(-9.9,90.813062406253,-14.));
#5492 = VECTOR('',#5493,1.);
#5493 = DIRECTION('',(0.,1.,0.));
#5494 = ORIENTED_EDGE('',*,*,#5495,.F.);
#5495 = EDGE_CURVE('',#1826,#5488,#5496,.T.);
#5496 = LINE('',#5497,#5498);
#5497 = CARTESIAN_POINT('',(-9.9,91.55,12.5));
#5498 = VECTOR('',#5499,1.);
#5499 = DIRECTION('',(1.224646799147E-16,0.,-1.));
#5500 = PLANE('',#5501);
#5501 = AXIS2_PLACEMENT_3D('',#5502,#5503,#5504);
#5502 = CARTESIAN_POINT('',(-9.9,89.2,-3.75));
#5503 = DIRECTION('',(1.,3.6E-16,1.224646799147E-16));
#5504 = DIRECTION('',(3.6E-16,-1.,4.40872847693E-32));
#5505 = ADVANCED_FACE('',(#5506),#5524,.T.);
#5506 = FACE_BOUND('',#5507,.T.);
#5507 = EDGE_LOOP('',(#5508,#5509,#5510,#5518));
#5508 = ORIENTED_EDGE('',*,*,#5462,.F.);
#5509 = ORIENTED_EDGE('',*,*,#1859,.T.);
#5510 = ORIENTED_EDGE('',*,*,#5511,.T.);
#5511 = EDGE_CURVE('',#1851,#5512,#5514,.T.);
#5512 = VERTEX_POINT('',#5513);
#5513 = CARTESIAN_POINT('',(9.9,91.55,-14.));
#5514 = LINE('',#5515,#5516);
#5515 = CARTESIAN_POINT('',(9.9,91.55,12.5));
#5516 = VECTOR('',#5517,1.);
#5517 = DIRECTION('',(1.224646799147E-16,0.,-1.));
#5518 = ORIENTED_EDGE('',*,*,#5519,.F.);
#5519 = EDGE_CURVE('',#5463,#5512,#5520,.T.);
#5520 = LINE('',#5521,#5522);
#5521 = CARTESIAN_POINT('',(9.9,90.813062406253,-14.));
#5522 = VECTOR('',#5523,1.);
#5523 = DIRECTION('',(0.,1.,0.));
#5524 = PLANE('',#5525);
#5525 = AXIS2_PLACEMENT_3D('',#5526,#5527,#5528);
#5526 = CARTESIAN_POINT('',(9.9,89.2,-3.75));
#5527 = DIRECTION('',(-1.,3.6E-16,-1.224646799147E-16));
#5528 = DIRECTION('',(3.6E-16,1.,4.40872847693E-32));
#5529 = ADVANCED_FACE('',(#5530),#5549,.F.);
#5530 = FACE_BOUND('',#5531,.F.);
#5531 = EDGE_LOOP('',(#5532,#5533,#5534,#5542));
#5532 = ORIENTED_EDGE('',*,*,#5495,.F.);
#5533 = ORIENTED_EDGE('',*,*,#1833,.T.);
#5534 = ORIENTED_EDGE('',*,*,#5535,.T.);
#5535 = EDGE_CURVE('',#1834,#5536,#5538,.T.);
#5536 = VERTEX_POINT('',#5537);
#5537 = CARTESIAN_POINT('',(-5.25,96.2,-14.));
#5538 = LINE('',#5539,#5540);
#5539 = CARTESIAN_POINT('',(-5.25,96.2,-14.));
#5540 = VECTOR('',#5541,1.);
#5541 = DIRECTION('',(1.224646799147E-16,0.,-1.));
#5542 = ORIENTED_EDGE('',*,*,#5543,.F.);
#5543 = EDGE_CURVE('',#5488,#5536,#5544,.T.);
#5544 = CIRCLE('',#5545,4.65);
#5545 = AXIS2_PLACEMENT_3D('',#5546,#5547,#5548);
#5546 = CARTESIAN_POINT('',(-5.25,91.55,-14.));
#5547 = DIRECTION('',(1.224646799147E-16,0.,-1.));
#5548 = DIRECTION('',(-1.,0.,-1.224646799147E-16));
#5549 = CYLINDRICAL_SURFACE('',#5550,4.65);
#5550 = AXIS2_PLACEMENT_3D('',#5551,#5552,#5553);
#5551 = CARTESIAN_POINT('',(-5.25,91.55,12.5));
#5552 = DIRECTION('',(-1.224646799147E-16,0.,1.));
#5553 = DIRECTION('',(-1.,0.,-1.224646799147E-16));
#5554 = ADVANCED_FACE('',(#5555),#5574,.F.);
#5555 = FACE_BOUND('',#5556,.T.);
#5556 = EDGE_LOOP('',(#5557,#5558,#5559,#5567));
#5557 = ORIENTED_EDGE('',*,*,#5511,.F.);
#5558 = ORIENTED_EDGE('',*,*,#1850,.T.);
#5559 = ORIENTED_EDGE('',*,*,#5560,.T.);
#5560 = EDGE_CURVE('',#1843,#5561,#5563,.T.);
#5561 = VERTEX_POINT('',#5562);
#5562 = CARTESIAN_POINT('',(5.25,96.2,-14.));
#5563 = LINE('',#5564,#5565);
#5564 = CARTESIAN_POINT('',(5.25,96.2,-14.));
#5565 = VECTOR('',#5566,1.);
#5566 = DIRECTION('',(1.224646799147E-16,0.,-1.));
#5567 = ORIENTED_EDGE('',*,*,#5568,.F.);
#5568 = EDGE_CURVE('',#5512,#5561,#5569,.T.);
#5569 = CIRCLE('',#5570,4.65);
#5570 = AXIS2_PLACEMENT_3D('',#5571,#5572,#5573);
#5571 = CARTESIAN_POINT('',(5.25,91.55,-14.));
#5572 = DIRECTION('',(-1.224646799147E-16,0.,1.));
#5573 = DIRECTION('',(1.,0.,1.224646799147E-16));
#5574 = CYLINDRICAL_SURFACE('',#5575,4.65);
#5575 = AXIS2_PLACEMENT_3D('',#5576,#5577,#5578);
#5576 = CARTESIAN_POINT('',(5.25,91.55,12.5));
#5577 = DIRECTION('',(-1.224646799147E-16,0.,1.));
#5578 = DIRECTION('',(1.,0.,1.224646799147E-16));
#5579 = ADVANCED_FACE('',(#5580),#5591,.T.);
#5580 = FACE_BOUND('',#5581,.T.);
#5581 = EDGE_LOOP('',(#5582,#5583,#5584,#5590));
#5582 = ORIENTED_EDGE('',*,*,#1842,.F.);
#5583 = ORIENTED_EDGE('',*,*,#5535,.T.);
#5584 = ORIENTED_EDGE('',*,*,#5585,.T.);
#5585 = EDGE_CURVE('',#5536,#5561,#5586,.T.);
#5586 = LINE('',#5587,#5588);
#5587 = CARTESIAN_POINT('',(11.502340809398,96.2,-14.));
#5588 = VECTOR('',#5589,1.);
#5589 = DIRECTION('',(1.,0.,1.224646799147E-16));
#5590 = ORIENTED_EDGE('',*,*,#5560,.F.);
#5591 = PLANE('',#5592);
#5592 = AXIS2_PLACEMENT_3D('',#5593,#5594,#5595);
#5593 = CARTESIAN_POINT('',(-5.407574503197E-16,96.2,-3.75));
#5594 = DIRECTION('',(6.123233995737E-32,-1.,-5.E-16));
#5595 = DIRECTION('',(1.224646799147E-16,5.E-16,-1.));
#5596 = ADVANCED_FACE('',(#5597),#5608,.T.);
#5597 = FACE_BOUND('',#5598,.T.);
#5598 = EDGE_LOOP('',(#5599,#5600,#5606,#5607));
#5599 = ORIENTED_EDGE('',*,*,#1917,.T.);
#5600 = ORIENTED_EDGE('',*,*,#5601,.T.);
#5601 = EDGE_CURVE('',#1918,#2023,#5602,.T.);
#5602 = LINE('',#5603,#5604);
#5603 = CARTESIAN_POINT('',(-2.5,76.,34.));
#5604 = VECTOR('',#5605,1.);
#5605 = DIRECTION('',(9.E-17,-1.,-2.2E-16));
#5606 = ORIENTED_EDGE('',*,*,#2022,.T.);
#5607 = ORIENTED_EDGE('',*,*,#1986,.F.);
#5608 = PLANE('',#5609);
#5609 = AXIS2_PLACEMENT_3D('',#5610,#5611,#5612);
#5610 = CARTESIAN_POINT('',(-2.5,76.,34.));
#5611 = DIRECTION('',(-2.124646799147E-16,-2.2E-16,1.));
#5612 = DIRECTION('',(1.,9.E-17,2.124646799147E-16));
#5613 = ADVANCED_FACE('',(#5614),#5621,.T.);
#5614 = FACE_BOUND('',#5615,.T.);
#5615 = EDGE_LOOP('',(#5616,#5617,#5618,#5619,#5620));
#5616 = ORIENTED_EDGE('',*,*,#1925,.F.);
#5617 = ORIENTED_EDGE('',*,*,#2211,.T.);
#5618 = ORIENTED_EDGE('',*,*,#2039,.T.);
#5619 = ORIENTED_EDGE('',*,*,#2030,.T.);
#5620 = ORIENTED_EDGE('',*,*,#5601,.F.);
#5621 = CYLINDRICAL_SURFACE('',#5622,9.835555555556);
#5622 = AXIS2_PLACEMENT_3D('',#5623,#5624,#5625);
#5623 = CARTESIAN_POINT('',(-2.5,76.,24.164444444444));
#5624 = DIRECTION('',(-9.E-17,1.,2.2E-16));
#5625 = DIRECTION('',(1.,9.E-17,2.124646799147E-16));
#5626 = ADVANCED_FACE('',(#5627),#5643,.T.);
#5627 = FACE_BOUND('',#5628,.T.);
#5628 = EDGE_LOOP('',(#5629,#5630,#5636,#5637));
#5629 = ORIENTED_EDGE('',*,*,#1943,.T.);
#5630 = ORIENTED_EDGE('',*,*,#5631,.T.);
#5631 = EDGE_CURVE('',#1946,#2083,#5632,.T.);
#5632 = LINE('',#5633,#5634);
#5633 = CARTESIAN_POINT('',(2.,75.,21.));
#5634 = VECTOR('',#5635,1.);
#5635 = DIRECTION('',(2.694222958124E-32,-1.,-2.2E-16));
#5636 = ORIENTED_EDGE('',*,*,#2080,.F.);
#5637 = ORIENTED_EDGE('',*,*,#5638,.F.);
#5638 = EDGE_CURVE('',#1944,#2081,#5639,.T.);
#5639 = LINE('',#5640,#5641);
#5640 = CARTESIAN_POINT('',(-2.,75.,21.));
#5641 = VECTOR('',#5642,1.);
#5642 = DIRECTION('',(2.694222958124E-32,-1.,-2.2E-16));
#5643 = PLANE('',#5644);
#5644 = AXIS2_PLACEMENT_3D('',#5645,#5646,#5647);
#5645 = CARTESIAN_POINT('',(2.,75.,21.));
#5646 = DIRECTION('',(1.224646799147E-16,2.2E-16,-1.));
#5647 = DIRECTION('',(-1.,0.,-1.224646799147E-16));
#5648 = ADVANCED_FACE('',(#5649),#5660,.F.);
#5649 = FACE_BOUND('',#5650,.T.);
#5650 = EDGE_LOOP('',(#5651,#5652,#5653,#5654));
#5651 = ORIENTED_EDGE('',*,*,#1970,.T.);
#5652 = ORIENTED_EDGE('',*,*,#5638,.T.);
#5653 = ORIENTED_EDGE('',*,*,#2107,.F.);
#5654 = ORIENTED_EDGE('',*,*,#5655,.F.);
#5655 = EDGE_CURVE('',#1963,#2100,#5656,.T.);
#5656 = LINE('',#5657,#5658);
#5657 = CARTESIAN_POINT('',(-2.,75.,13.));
#5658 = VECTOR('',#5659,1.);
#5659 = DIRECTION('',(2.694222958124E-32,-1.,-2.2E-16));
#5660 = CYLINDRICAL_SURFACE('',#5661,4.);
#5661 = AXIS2_PLACEMENT_3D('',#5662,#5663,#5664);
#5662 = CARTESIAN_POINT('',(-2.,75.,17.));
#5663 = DIRECTION('',(-2.694222958124E-32,1.,2.2E-16));
#5664 = DIRECTION('',(-1.,0.,-1.224646799147E-16));
#5665 = ADVANCED_FACE('',(#5666),#5677,.F.);
#5666 = FACE_BOUND('',#5667,.F.);
#5667 = EDGE_LOOP('',(#5668,#5669,#5675,#5676));
#5668 = ORIENTED_EDGE('',*,*,#1962,.T.);
#5669 = ORIENTED_EDGE('',*,*,#5670,.T.);
#5670 = EDGE_CURVE('',#1954,#2091,#5671,.T.);
#5671 = LINE('',#5672,#5673);
#5672 = CARTESIAN_POINT('',(2.,75.,13.));
#5673 = VECTOR('',#5674,1.);
#5674 = DIRECTION('',(2.694222958124E-32,-1.,-2.2E-16));
#5675 = ORIENTED_EDGE('',*,*,#2099,.F.);
#5676 = ORIENTED_EDGE('',*,*,#5655,.F.);
#5677 = PLANE('',#5678);
#5678 = AXIS2_PLACEMENT_3D('',#5679,#5680,#5681);
#5679 = CARTESIAN_POINT('',(2.,75.,13.));
#5680 = DIRECTION('',(1.224646799147E-16,2.2E-16,-1.));
#5681 = DIRECTION('',(-1.,0.,-1.224646799147E-16));
#5682 = ADVANCED_FACE('',(#5683),#5689,.F.);
#5683 = FACE_BOUND('',#5684,.T.);
#5684 = EDGE_LOOP('',(#5685,#5686,#5687,#5688));
#5685 = ORIENTED_EDGE('',*,*,#1953,.T.);
#5686 = ORIENTED_EDGE('',*,*,#5670,.T.);
#5687 = ORIENTED_EDGE('',*,*,#2090,.F.);
#5688 = ORIENTED_EDGE('',*,*,#5631,.F.);
#5689 = CYLINDRICAL_SURFACE('',#5690,4.);
#5690 = AXIS2_PLACEMENT_3D('',#5691,#5692,#5693);
#5691 = CARTESIAN_POINT('',(2.,75.,17.));
#5692 = DIRECTION('',(-2.694222958124E-32,1.,2.2E-16));
#5693 = DIRECTION('',(-1.,0.,-1.224646799147E-16));
#5694 = ADVANCED_FACE('',(#5695),#5706,.T.);
#5695 = FACE_BOUND('',#5696,.T.);
#5696 = EDGE_LOOP('',(#5697,#5698,#5699,#5700));
#5697 = ORIENTED_EDGE('',*,*,#2152,.T.);
#5698 = ORIENTED_EDGE('',*,*,#2056,.F.);
#5699 = ORIENTED_EDGE('',*,*,#2202,.T.);
#5700 = ORIENTED_EDGE('',*,*,#5701,.F.);
#5701 = EDGE_CURVE('',#2145,#2203,#5702,.T.);
#5702 = LINE('',#5703,#5704);
#5703 = CARTESIAN_POINT('',(-8.7,71.3,23.));
#5704 = VECTOR('',#5705,1.);
#5705 = DIRECTION('',(-1.,0.,-1.224646799147E-16));
#5706 = PLANE('',#5707);
#5707 = AXIS2_PLACEMENT_3D('',#5708,#5709,#5710);
#5708 = CARTESIAN_POINT('',(-12.3,71.5,23.));
#5709 = DIRECTION('',(-1.224646799147E-16,-2.2E-16,1.));
#5710 = DIRECTION('',(1.,0.,1.224646799147E-16));
#5711 = ADVANCED_FACE('',(#5712),#5723,.T.);
#5712 = FACE_BOUND('',#5713,.T.);
#5713 = EDGE_LOOP('',(#5714,#5715,#5721,#5722));
#5714 = ORIENTED_EDGE('',*,*,#2134,.F.);
#5715 = ORIENTED_EDGE('',*,*,#5716,.T.);
#5716 = EDGE_CURVE('',#2135,#2243,#5717,.T.);
#5717 = LINE('',#5718,#5719);
#5718 = CARTESIAN_POINT('',(-8.7,70.3,22.));
#5719 = VECTOR('',#5720,1.);
#5720 = DIRECTION('',(-1.,0.,-1.224646799147E-16));
#5721 = ORIENTED_EDGE('',*,*,#2242,.T.);
#5722 = ORIENTED_EDGE('',*,*,#2175,.F.);
#5723 = PLANE('',#5724);
#5724 = AXIS2_PLACEMENT_3D('',#5725,#5726,#5727);
#5725 = CARTESIAN_POINT('',(12.3,70.3,35.));
#5726 = DIRECTION('',(0.,-1.,-0.));
#5727 = DIRECTION('',(1.224646799147E-16,0.,-1.));
#5728 = ADVANCED_FACE('',(#5729),#5735,.T.);
#5729 = FACE_BOUND('',#5730,.T.);
#5730 = EDGE_LOOP('',(#5731,#5732,#5733,#5734));
#5731 = ORIENTED_EDGE('',*,*,#2144,.F.);
#5732 = ORIENTED_EDGE('',*,*,#5701,.T.);
#5733 = ORIENTED_EDGE('',*,*,#2250,.T.);
#5734 = ORIENTED_EDGE('',*,*,#5716,.F.);
#5735 = PLANE('',#5736);
#5736 = AXIS2_PLACEMENT_3D('',#5737,#5738,#5739);
#5737 = CARTESIAN_POINT('',(-8.7,70.8,22.5));
#5738 = DIRECTION('',(-8.659560562355E-17,-0.707106781187,0.707106781187
    ));
#5739 = DIRECTION('',(-1.,0.,-1.224646799147E-16));
#5740 = ADVANCED_FACE('',(#5741,#5797,#5831),#5865,.F.);
#5741 = FACE_BOUND('',#5742,.T.);
#5742 = EDGE_LOOP('',(#5743,#5744,#5752,#5760,#5768,#5776,#5784,#5790,
    #5791,#5792,#5793,#5794,#5795,#5796));
#5743 = ORIENTED_EDGE('',*,*,#2566,.T.);
#5744 = ORIENTED_EDGE('',*,*,#5745,.T.);
#5745 = EDGE_CURVE('',#2559,#5746,#5748,.T.);
#5746 = VERTEX_POINT('',#5747);
#5747 = CARTESIAN_POINT('',(-55.2,52.,-10.));
#5748 = LINE('',#5749,#5750);
#5749 = CARTESIAN_POINT('',(-55.2,60.,-10.));
#5750 = VECTOR('',#5751,1.);
#5751 = DIRECTION('',(0.,-1.,0.));
#5752 = ORIENTED_EDGE('',*,*,#5753,.T.);
#5753 = EDGE_CURVE('',#5746,#5754,#5756,.T.);
#5754 = VERTEX_POINT('',#5755);
#5755 = CARTESIAN_POINT('',(-56.7,50.7,-10.));
#5756 = LINE('',#5757,#5758);
#5757 = CARTESIAN_POINT('',(-55.2,52.,-10.));
#5758 = VECTOR('',#5759,1.);
#5759 = DIRECTION('',(-0.75568908279,-0.654930538418,-9.254522163891E-17
    ));
#5760 = ORIENTED_EDGE('',*,*,#5761,.T.);
#5761 = EDGE_CURVE('',#5754,#5762,#5764,.T.);
#5762 = VERTEX_POINT('',#5763);
#5763 = CARTESIAN_POINT('',(-62.7,50.7,-10.));
#5764 = LINE('',#5765,#5766);
#5765 = CARTESIAN_POINT('',(-56.7,50.7,-10.));
#5766 = VECTOR('',#5767,1.);
#5767 = DIRECTION('',(-1.,0.,-1.224646799147E-16));
#5768 = ORIENTED_EDGE('',*,*,#5769,.T.);
#5769 = EDGE_CURVE('',#5762,#5770,#5772,.T.);
#5770 = VERTEX_POINT('',#5771);
#5771 = CARTESIAN_POINT('',(-62.7,47.3,-10.));
#5772 = LINE('',#5773,#5774);
#5773 = CARTESIAN_POINT('',(-62.7,50.7,-10.));
#5774 = VECTOR('',#5775,1.);
#5775 = DIRECTION('',(0.,-1.,0.));
#5776 = ORIENTED_EDGE('',*,*,#5777,.T.);
#5777 = EDGE_CURVE('',#5770,#5778,#5780,.T.);
#5778 = VERTEX_POINT('',#5779);
#5779 = CARTESIAN_POINT('',(-55.2,47.3,-10.));
#5780 = LINE('',#5781,#5782);
#5781 = CARTESIAN_POINT('',(-62.7,47.3,-10.));
#5782 = VECTOR('',#5783,1.);
#5783 = DIRECTION('',(1.,0.,1.224646799147E-16));
#5784 = ORIENTED_EDGE('',*,*,#5785,.T.);
#5785 = EDGE_CURVE('',#5778,#2792,#5786,.T.);
#5786 = LINE('',#5787,#5788);
#5787 = CARTESIAN_POINT('',(-55.2,47.3,-10.));
#5788 = VECTOR('',#5789,1.);
#5789 = DIRECTION('',(0.,-1.,0.));
#5790 = ORIENTED_EDGE('',*,*,#2791,.T.);
#5791 = ORIENTED_EDGE('',*,*,#2711,.F.);
#5792 = ORIENTED_EDGE('',*,*,#2687,.F.);
#5793 = ORIENTED_EDGE('',*,*,#2663,.F.);
#5794 = ORIENTED_EDGE('',*,*,#2639,.F.);
#5795 = ORIENTED_EDGE('',*,*,#2615,.F.);
#5796 = ORIENTED_EDGE('',*,*,#2591,.F.);
#5797 = FACE_BOUND('',#5798,.T.);
#5798 = EDGE_LOOP('',(#5799,#5809,#5817,#5825));
#5799 = ORIENTED_EDGE('',*,*,#5800,.T.);
#5800 = EDGE_CURVE('',#5801,#5803,#5805,.T.);
#5801 = VERTEX_POINT('',#5802);
#5802 = CARTESIAN_POINT('',(-53.4,58.2,-10.));
#5803 = VERTEX_POINT('',#5804);
#5804 = CARTESIAN_POINT('',(-16.6,58.2,-10.));
#5805 = LINE('',#5806,#5807);
#5806 = CARTESIAN_POINT('',(-53.4,58.2,-10.));
#5807 = VECTOR('',#5808,1.);
#5808 = DIRECTION('',(1.,0.,1.224646799147E-16));
#5809 = ORIENTED_EDGE('',*,*,#5810,.T.);
#5810 = EDGE_CURVE('',#5803,#5811,#5813,.T.);
#5811 = VERTEX_POINT('',#5812);
#5812 = CARTESIAN_POINT('',(-16.6,52.,-10.));
#5813 = LINE('',#5814,#5815);
#5814 = CARTESIAN_POINT('',(-16.6,58.2,-10.));
#5815 = VECTOR('',#5816,1.);
#5816 = DIRECTION('',(0.,-1.,-0.));
#5817 = ORIENTED_EDGE('',*,*,#5818,.T.);
#5818 = EDGE_CURVE('',#5811,#5819,#5821,.T.);
#5819 = VERTEX_POINT('',#5820);
#5820 = CARTESIAN_POINT('',(-53.4,52.,-10.));
#5821 = LINE('',#5822,#5823);
#5822 = CARTESIAN_POINT('',(-16.6,52.,-10.));
#5823 = VECTOR('',#5824,1.);
#5824 = DIRECTION('',(-1.,-0.,-1.224646799147E-16));
#5825 = ORIENTED_EDGE('',*,*,#5826,.T.);
#5826 = EDGE_CURVE('',#5819,#5801,#5827,.T.);
#5827 = LINE('',#5828,#5829);
#5828 = CARTESIAN_POINT('',(-53.4,52.,-10.));
#5829 = VECTOR('',#5830,1.);
#5830 = DIRECTION('',(0.,1.,0.));
#5831 = FACE_BOUND('',#5832,.T.);
#5832 = EDGE_LOOP('',(#5833,#5843,#5851,#5859));
#5833 = ORIENTED_EDGE('',*,*,#5834,.T.);
#5834 = EDGE_CURVE('',#5835,#5837,#5839,.T.);
#5835 = VERTEX_POINT('',#5836);
#5836 = CARTESIAN_POINT('',(-53.4,50.2,-10.));
#5837 = VERTEX_POINT('',#5838);
#5838 = CARTESIAN_POINT('',(-16.6,50.2,-10.));
#5839 = LINE('',#5840,#5841);
#5840 = CARTESIAN_POINT('',(-53.4,50.2,-10.));
#5841 = VECTOR('',#5842,1.);
#5842 = DIRECTION('',(1.,0.,1.224646799147E-16));
#5843 = ORIENTED_EDGE('',*,*,#5844,.T.);
#5844 = EDGE_CURVE('',#5837,#5845,#5847,.T.);
#5845 = VERTEX_POINT('',#5846);
#5846 = CARTESIAN_POINT('',(-16.6,47.1,-10.));
#5847 = LINE('',#5848,#5849);
#5848 = CARTESIAN_POINT('',(-16.6,50.2,-10.));
#5849 = VECTOR('',#5850,1.);
#5850 = DIRECTION('',(0.,-1.,-0.));
#5851 = ORIENTED_EDGE('',*,*,#5852,.T.);
#5852 = EDGE_CURVE('',#5845,#5853,#5855,.T.);
#5853 = VERTEX_POINT('',#5854);
#5854 = CARTESIAN_POINT('',(-53.4,47.1,-10.));
#5855 = LINE('',#5856,#5857);
#5856 = CARTESIAN_POINT('',(-16.6,47.1,-10.));
#5857 = VECTOR('',#5858,1.);
#5858 = DIRECTION('',(-1.,-0.,-1.224646799147E-16));
#5859 = ORIENTED_EDGE('',*,*,#5860,.T.);
#5860 = EDGE_CURVE('',#5853,#5835,#5861,.T.);
#5861 = LINE('',#5862,#5863);
#5862 = CARTESIAN_POINT('',(-53.4,47.1,-10.));
#5863 = VECTOR('',#5864,1.);
#5864 = DIRECTION('',(0.,1.,0.));
#5865 = PLANE('',#5866);
#5866 = AXIS2_PLACEMENT_3D('',#5867,#5868,#5869);
#5867 = CARTESIAN_POINT('',(-35.,51.889150329174,-10.));
#5868 = DIRECTION('',(1.224646799147E-16,0.,-1.));
#5869 = DIRECTION('',(1.,0.,1.224646799147E-16));
#5870 = ADVANCED_FACE('',(#5871),#5889,.T.);
#5871 = FACE_BOUND('',#5872,.F.);
#5872 = EDGE_LOOP('',(#5873,#5874,#5875,#5883));
#5873 = ORIENTED_EDGE('',*,*,#2558,.T.);
#5874 = ORIENTED_EDGE('',*,*,#5745,.T.);
#5875 = ORIENTED_EDGE('',*,*,#5876,.F.);
#5876 = EDGE_CURVE('',#5877,#5746,#5879,.T.);
#5877 = VERTEX_POINT('',#5878);
#5878 = CARTESIAN_POINT('',(-55.2,52.,-2.5));
#5879 = LINE('',#5880,#5881);
#5880 = CARTESIAN_POINT('',(-55.2,52.,-2.5));
#5881 = VECTOR('',#5882,1.);
#5882 = DIRECTION('',(1.224646799147E-16,0.,-1.));
#5883 = ORIENTED_EDGE('',*,*,#5884,.F.);
#5884 = EDGE_CURVE('',#2551,#5877,#5885,.T.);
#5885 = LINE('',#5886,#5887);
#5886 = CARTESIAN_POINT('',(-55.2,60.,-2.5));
#5887 = VECTOR('',#5888,1.);
#5888 = DIRECTION('',(0.,-1.,0.));
#5889 = PLANE('',#5890);
#5890 = AXIS2_PLACEMENT_3D('',#5891,#5892,#5893);
#5891 = CARTESIAN_POINT('',(-55.2,60.,-2.5));
#5892 = DIRECTION('',(1.,0.,1.224646799147E-16));
#5893 = DIRECTION('',(0.,1.,0.));
#5894 = ADVANCED_FACE('',(#5895,#5940),#5951,.F.);
#5895 = FACE_BOUND('',#5896,.T.);
#5896 = EDGE_LOOP('',(#5897,#5898,#5906,#5914,#5922,#5930,#5936,#5937,
    #5938,#5939));
#5897 = ORIENTED_EDGE('',*,*,#2807,.F.);
#5898 = ORIENTED_EDGE('',*,*,#5899,.F.);
#5899 = EDGE_CURVE('',#5900,#2800,#5902,.T.);
#5900 = VERTEX_POINT('',#5901);
#5901 = CARTESIAN_POINT('',(-55.2,47.3,-2.5));
#5902 = LINE('',#5903,#5904);
#5903 = CARTESIAN_POINT('',(-55.2,47.3,-2.5));
#5904 = VECTOR('',#5905,1.);
#5905 = DIRECTION('',(0.,-1.,0.));
#5906 = ORIENTED_EDGE('',*,*,#5907,.F.);
#5907 = EDGE_CURVE('',#5908,#5900,#5910,.T.);
#5908 = VERTEX_POINT('',#5909);
#5909 = CARTESIAN_POINT('',(-62.7,47.3,-2.5));
#5910 = LINE('',#5911,#5912);
#5911 = CARTESIAN_POINT('',(-62.7,47.3,-2.5));
#5912 = VECTOR('',#5913,1.);
#5913 = DIRECTION('',(1.,0.,1.224646799147E-16));
#5914 = ORIENTED_EDGE('',*,*,#5915,.F.);
#5915 = EDGE_CURVE('',#5916,#5908,#5918,.T.);
#5916 = VERTEX_POINT('',#5917);
#5917 = CARTESIAN_POINT('',(-62.7,50.7,-2.5));
#5918 = LINE('',#5919,#5920);
#5919 = CARTESIAN_POINT('',(-62.7,50.7,-2.5));
#5920 = VECTOR('',#5921,1.);
#5921 = DIRECTION('',(0.,-1.,0.));
#5922 = ORIENTED_EDGE('',*,*,#5923,.F.);
#5923 = EDGE_CURVE('',#5924,#5916,#5926,.T.);
#5924 = VERTEX_POINT('',#5925);
#5925 = CARTESIAN_POINT('',(-56.7,50.7,-2.5));
#5926 = LINE('',#5927,#5928);
#5927 = CARTESIAN_POINT('',(-56.7,50.7,-2.5));
#5928 = VECTOR('',#5929,1.);
#5929 = DIRECTION('',(-1.,0.,-1.224646799147E-16));
#5930 = ORIENTED_EDGE('',*,*,#5931,.F.);
#5931 = EDGE_CURVE('',#5877,#5924,#5932,.T.);
#5932 = LINE('',#5933,#5934);
#5933 = CARTESIAN_POINT('',(-55.2,52.,-2.5));
#5934 = VECTOR('',#5935,1.);
#5935 = DIRECTION('',(-0.75568908279,-0.654930538418,-9.254522163891E-17
    ));
#5936 = ORIENTED_EDGE('',*,*,#5884,.F.);
#5937 = ORIENTED_EDGE('',*,*,#2550,.F.);
#5938 = ORIENTED_EDGE('',*,*,#3398,.T.);
#5939 = ORIENTED_EDGE('',*,*,#3523,.F.);
#5940 = FACE_BOUND('',#5941,.T.);
#5941 = EDGE_LOOP('',(#5942));
#5942 = ORIENTED_EDGE('',*,*,#5943,.F.);
#5943 = EDGE_CURVE('',#5944,#5944,#5946,.T.);
#5944 = VERTEX_POINT('',#5945);
#5945 = CARTESIAN_POINT('',(-61.25,54.999999999994,-2.5));
#5946 = CIRCLE('',#5947,1.75);
#5947 = AXIS2_PLACEMENT_3D('',#5948,#5949,#5950);
#5948 = CARTESIAN_POINT('',(-59.5,54.999999999994,-2.5));
#5949 = DIRECTION('',(-1.224646799147E-16,0.,1.));
#5950 = DIRECTION('',(-1.,0.,-1.224646799147E-16));
#5951 = PLANE('',#5952);
#5952 = AXIS2_PLACEMENT_3D('',#5953,#5954,#5955);
#5953 = CARTESIAN_POINT('',(-31.52098192795,52.459485329844,-2.5));
#5954 = DIRECTION('',(1.224646799147E-16,0.,-1.));
#5955 = DIRECTION('',(1.,0.,1.224646799147E-16));
#5956 = ADVANCED_FACE('',(#5957),#5963,.T.);
#5957 = FACE_BOUND('',#5958,.T.);
#5958 = EDGE_LOOP('',(#5959,#5960,#5961,#5962));
#5959 = ORIENTED_EDGE('',*,*,#2743,.T.);
#5960 = ORIENTED_EDGE('',*,*,#4117,.T.);
#5961 = ORIENTED_EDGE('',*,*,#4046,.F.);
#5962 = ORIENTED_EDGE('',*,*,#4014,.T.);
#5963 = PLANE('',#5964);
#5964 = AXIS2_PLACEMENT_3D('',#5965,#5966,#5967);
#5965 = CARTESIAN_POINT('',(24.833333333333,53.333333333332,-14.75));
#5966 = DIRECTION('',(1.224646799147E-16,0.,-1.));
#5967 = DIRECTION('',(1.,0.,1.224646799147E-16));
#5968 = ADVANCED_FACE('',(#5969),#5980,.T.);
#5969 = FACE_BOUND('',#5970,.T.);
#5970 = EDGE_LOOP('',(#5971,#5977,#5978,#5979));
#5971 = ORIENTED_EDGE('',*,*,#5972,.T.);
#5972 = EDGE_CURVE('',#3169,#3047,#5973,.T.);
#5973 = LINE('',#5974,#5975);
#5974 = CARTESIAN_POINT('',(55.2,47.3,-2.5));
#5975 = VECTOR('',#5976,1.);
#5976 = DIRECTION('',(1.224646799147E-16,0.,-1.));
#5977 = ORIENTED_EDGE('',*,*,#3054,.T.);
#5978 = ORIENTED_EDGE('',*,*,#2774,.F.);
#5979 = ORIENTED_EDGE('',*,*,#3168,.F.);
#5980 = PLANE('',#5981);
#5981 = AXIS2_PLACEMENT_3D('',#5982,#5983,#5984);
#5982 = CARTESIAN_POINT('',(55.2,47.3,-2.5));
#5983 = DIRECTION('',(-1.,0.,-1.224646799147E-16));
#5984 = DIRECTION('',(0.,-1.,0.));
#5985 = ADVANCED_FACE('',(#5986),#5997,.T.);
#5986 = FACE_BOUND('',#5987,.F.);
#5987 = EDGE_LOOP('',(#5988,#5994,#5995,#5996));
#5988 = ORIENTED_EDGE('',*,*,#5989,.T.);
#5989 = EDGE_CURVE('',#5900,#5778,#5990,.T.);
#5990 = LINE('',#5991,#5992);
#5991 = CARTESIAN_POINT('',(-55.2,47.3,-2.5));
#5992 = VECTOR('',#5993,1.);
#5993 = DIRECTION('',(1.224646799147E-16,0.,-1.));
#5994 = ORIENTED_EDGE('',*,*,#5785,.T.);
#5995 = ORIENTED_EDGE('',*,*,#2799,.F.);
#5996 = ORIENTED_EDGE('',*,*,#5899,.F.);
#5997 = PLANE('',#5998);
#5998 = AXIS2_PLACEMENT_3D('',#5999,#6000,#6001);
#5999 = CARTESIAN_POINT('',(-55.2,47.3,-2.5));
#6000 = DIRECTION('',(1.,0.,1.224646799147E-16));
#6001 = DIRECTION('',(0.,1.,0.));
#6002 = ADVANCED_FACE('',(#6003),#6009,.T.);
#6003 = FACE_BOUND('',#6004,.F.);
#6004 = EDGE_LOOP('',(#6005,#6006,#6007,#6008));
#6005 = ORIENTED_EDGE('',*,*,#2830,.T.);
#6006 = ORIENTED_EDGE('',*,*,#3857,.T.);
#6007 = ORIENTED_EDGE('',*,*,#3711,.F.);
#6008 = ORIENTED_EDGE('',*,*,#3654,.T.);
#6009 = PLANE('',#6010);
#6010 = AXIS2_PLACEMENT_3D('',#6011,#6012,#6013);
#6011 = CARTESIAN_POINT('',(-24.83333333333,53.333333333332,-14.75));
#6012 = DIRECTION('',(1.224646799147E-16,0.,-1.));
#6013 = DIRECTION('',(1.,0.,1.224646799147E-16));
#6014 = ADVANCED_FACE('',(#6015),#6022,.T.);
#6015 = FACE_BOUND('',#6016,.T.);
#6016 = EDGE_LOOP('',(#6017,#6018,#6019,#6020,#6021));
#6017 = ORIENTED_EDGE('',*,*,#4100,.T.);
#6018 = ORIENTED_EDGE('',*,*,#2853,.T.);
#6019 = ORIENTED_EDGE('',*,*,#3881,.F.);
#6020 = ORIENTED_EDGE('',*,*,#3978,.T.);
#6021 = ORIENTED_EDGE('',*,*,#3896,.F.);
#6022 = PLANE('',#6023);
#6023 = AXIS2_PLACEMENT_3D('',#6024,#6025,#6026);
#6024 = CARTESIAN_POINT('',(1.806354028742E-15,46.587696165459,-14.75));
#6025 = DIRECTION('',(1.224646799147E-16,0.,-1.));
#6026 = DIRECTION('',(1.,0.,1.224646799147E-16));
#6027 = ADVANCED_FACE('',(#6028),#6046,.T.);
#6028 = FACE_BOUND('',#6029,.T.);
#6029 = EDGE_LOOP('',(#6030,#6038,#6044,#6045));
#6030 = ORIENTED_EDGE('',*,*,#6031,.T.);
#6031 = EDGE_CURVE('',#2876,#6032,#6034,.T.);
#6032 = VERTEX_POINT('',#6033);
#6033 = CARTESIAN_POINT('',(5.204748896376E-16,47.875,-4.25));
#6034 = LINE('',#6035,#6036);
#6035 = CARTESIAN_POINT('',(2.70632938683,52.562500000004,-4.25));
#6036 = VECTOR('',#6037,1.);
#6037 = DIRECTION('',(-0.5,-0.866025403784,-6.123233995737E-17));
#6038 = ORIENTED_EDGE('',*,*,#6039,.F.);
#6039 = EDGE_CURVE('',#2981,#6032,#6040,.T.);
#6040 = LINE('',#6041,#6042);
#6041 = CARTESIAN_POINT('',(-2.70632938683,52.562500000004,-4.25));
#6042 = VECTOR('',#6043,1.);
#6043 = DIRECTION('',(0.5,-0.866025403784,6.123233995737E-17));
#6044 = ORIENTED_EDGE('',*,*,#2988,.T.);
#6045 = ORIENTED_EDGE('',*,*,#2875,.F.);
#6046 = PLANE('',#6047);
#6047 = AXIS2_PLACEMENT_3D('',#6048,#6049,#6050);
#6048 = CARTESIAN_POINT('',(5.204748896376E-16,48.928954006075,-4.25));
#6049 = DIRECTION('',(1.224646799147E-16,-4.7E-16,-1.));
#6050 = DIRECTION('',(-5.755839955993E-32,-1.,4.7E-16));
#6051 = ADVANCED_FACE('',(#6052),#6068,.F.);
#6052 = FACE_BOUND('',#6053,.F.);
#6053 = EDGE_LOOP('',(#6054,#6060,#6061,#6062));
#6054 = ORIENTED_EDGE('',*,*,#6055,.F.);
#6055 = EDGE_CURVE('',#2887,#3922,#6056,.T.);
#6056 = LINE('',#6057,#6058);
#6057 = CARTESIAN_POINT('',(2.70632938683,52.562500000004,-4.5));
#6058 = VECTOR('',#6059,1.);
#6059 = DIRECTION('',(-0.5,-0.866025403784,-6.123233995737E-17));
#6060 = ORIENTED_EDGE('',*,*,#2886,.F.);
#6061 = ORIENTED_EDGE('',*,*,#6031,.T.);
#6062 = ORIENTED_EDGE('',*,*,#6063,.F.);
#6063 = EDGE_CURVE('',#3922,#6032,#6064,.T.);
#6064 = LINE('',#6065,#6066);
#6065 = CARTESIAN_POINT('',(6.813410910596E-13,47.875,-4.5));
#6066 = VECTOR('',#6067,1.);
#6067 = DIRECTION('',(-1.224646799147E-16,0.,1.));
#6068 = PLANE('',#6069);
#6069 = AXIS2_PLACEMENT_3D('',#6070,#6071,#6072);
#6070 = CARTESIAN_POINT('',(2.70632938683,52.562500000004,-4.5));
#6071 = DIRECTION('',(0.866025403784,-0.5,1.060575238725E-16));
#6072 = DIRECTION('',(-0.5,-0.866025403784,-6.123233995737E-17));
#6073 = ADVANCED_FACE('',(#6074),#6086,.T.);
#6074 = FACE_BOUND('',#6075,.T.);
#6075 = EDGE_LOOP('',(#6076,#6082,#6083,#6084,#6085));
#6076 = ORIENTED_EDGE('',*,*,#6077,.F.);
#6077 = EDGE_CURVE('',#3958,#2895,#6078,.T.);
#6078 = LINE('',#6079,#6080);
#6079 = CARTESIAN_POINT('',(2.70632938683,52.562500000004,-4.5));
#6080 = VECTOR('',#6081,1.);
#6081 = DIRECTION('',(-0.5,-0.866025403784,-6.123233995737E-17));
#6082 = ORIENTED_EDGE('',*,*,#3966,.T.);
#6083 = ORIENTED_EDGE('',*,*,#3921,.T.);
#6084 = ORIENTED_EDGE('',*,*,#6055,.F.);
#6085 = ORIENTED_EDGE('',*,*,#2894,.F.);
#6086 = PLANE('',#6087);
#6087 = AXIS2_PLACEMENT_3D('',#6088,#6089,#6090);
#6088 = CARTESIAN_POINT('',(29.75,53.,-4.5));
#6089 = DIRECTION('',(1.224646799147E-16,0.,-1.));
#6090 = DIRECTION('',(1.,0.,1.224646799147E-16));
#6091 = ADVANCED_FACE('',(#6092),#6110,.F.);
#6092 = FACE_BOUND('',#6093,.F.);
#6093 = EDGE_LOOP('',(#6094,#6095,#6103,#6109));
#6094 = ORIENTED_EDGE('',*,*,#6077,.F.);
#6095 = ORIENTED_EDGE('',*,*,#6096,.T.);
#6096 = EDGE_CURVE('',#3958,#6097,#6099,.T.);
#6097 = VERTEX_POINT('',#6098);
#6098 = CARTESIAN_POINT('',(2.70632938683,52.562500000004,-4.25));
#6099 = LINE('',#6100,#6101);
#6100 = CARTESIAN_POINT('',(2.70632938683,52.562500000004,-4.5));
#6101 = VECTOR('',#6102,1.);
#6102 = DIRECTION('',(-1.224646799147E-16,0.,1.));
#6103 = ORIENTED_EDGE('',*,*,#6104,.T.);
#6104 = EDGE_CURVE('',#6097,#2904,#6105,.T.);
#6105 = LINE('',#6106,#6107);
#6106 = CARTESIAN_POINT('',(2.70632938683,52.562500000004,-4.25));
#6107 = VECTOR('',#6108,1.);
#6108 = DIRECTION('',(-0.5,-0.866025403784,-6.123233995737E-17));
#6109 = ORIENTED_EDGE('',*,*,#2903,.T.);
#6110 = PLANE('',#6111);
#6111 = AXIS2_PLACEMENT_3D('',#6112,#6113,#6114);
#6112 = CARTESIAN_POINT('',(2.70632938683,52.562500000004,-4.5));
#6113 = DIRECTION('',(0.866025403784,-0.5,1.060575238725E-16));
#6114 = DIRECTION('',(-0.5,-0.866025403784,-6.123233995737E-17));
#6115 = ADVANCED_FACE('',(#6116),#6126,.T.);
#6116 = FACE_BOUND('',#6117,.T.);
#6117 = EDGE_LOOP('',(#6118,#6119,#6125));
#6118 = ORIENTED_EDGE('',*,*,#2911,.F.);
#6119 = ORIENTED_EDGE('',*,*,#6120,.T.);
#6120 = EDGE_CURVE('',#2912,#6097,#6121,.T.);
#6121 = LINE('',#6122,#6123);
#6122 = CARTESIAN_POINT('',(-2.706329386828,52.562500000004,-4.25));
#6123 = VECTOR('',#6124,1.);
#6124 = DIRECTION('',(1.,0.,1.224646799147E-16));
#6125 = ORIENTED_EDGE('',*,*,#6104,.T.);
#6126 = PLANE('',#6127);
#6127 = AXIS2_PLACEMENT_3D('',#6128,#6129,#6130);
#6128 = CARTESIAN_POINT('',(29.749999999987,53.000000000001,-4.25));
#6129 = DIRECTION('',(1.224646799147E-16,0.,-1.));
#6130 = DIRECTION('',(1.,0.,1.224646799147E-16));
#6131 = ADVANCED_FACE('',(#6132),#6143,.F.);
#6132 = FACE_BOUND('',#6133,.F.);
#6133 = EDGE_LOOP('',(#6134,#6140,#6141,#6142));
#6134 = ORIENTED_EDGE('',*,*,#6135,.F.);
#6135 = EDGE_CURVE('',#2921,#3958,#6136,.T.);
#6136 = LINE('',#6137,#6138);
#6137 = CARTESIAN_POINT('',(-2.706329386828,52.562500000004,-4.5));
#6138 = VECTOR('',#6139,1.);
#6139 = DIRECTION('',(1.,0.,1.224646799147E-16));
#6140 = ORIENTED_EDGE('',*,*,#2920,.F.);
#6141 = ORIENTED_EDGE('',*,*,#6120,.T.);
#6142 = ORIENTED_EDGE('',*,*,#6096,.F.);
#6143 = PLANE('',#6144);
#6144 = AXIS2_PLACEMENT_3D('',#6145,#6146,#6147);
#6145 = CARTESIAN_POINT('',(-2.706329386828,52.562500000004,-4.5));
#6146 = DIRECTION('',(0.,1.,0.));
#6147 = DIRECTION('',(1.,0.,1.224646799147E-16));
#6148 = ADVANCED_FACE('',(#6149),#6162,.T.);
#6149 = FACE_BOUND('',#6150,.T.);
#6150 = EDGE_LOOP('',(#6151,#6152,#6153,#6159,#6160,#6161));
#6151 = ORIENTED_EDGE('',*,*,#2928,.F.);
#6152 = ORIENTED_EDGE('',*,*,#2937,.T.);
#6153 = ORIENTED_EDGE('',*,*,#6154,.T.);
#6154 = EDGE_CURVE('',#2938,#3940,#6155,.T.);
#6155 = LINE('',#6156,#6157);
#6156 = CARTESIAN_POINT('',(2.706329386828,52.562500000004,-4.5));
#6157 = VECTOR('',#6158,1.);
#6158 = DIRECTION('',(-1.,0.,-1.224646799147E-16));
#6159 = ORIENTED_EDGE('',*,*,#3948,.F.);
#6160 = ORIENTED_EDGE('',*,*,#3957,.T.);
#6161 = ORIENTED_EDGE('',*,*,#6135,.F.);
#6162 = PLANE('',#6163);
#6163 = AXIS2_PLACEMENT_3D('',#6164,#6165,#6166);
#6164 = CARTESIAN_POINT('',(5.110910596163E-16,53.120081817587,-4.5));
#6165 = DIRECTION('',(1.224646799147E-16,1.11E-15,-1.));
#6166 = DIRECTION('',(1.359357947054E-31,-1.,-1.11E-15));
#6167 = ADVANCED_FACE('',(#6168),#6186,.F.);
#6168 = FACE_BOUND('',#6169,.T.);
#6169 = EDGE_LOOP('',(#6170,#6171,#6172,#6180));
#6170 = ORIENTED_EDGE('',*,*,#6154,.F.);
#6171 = ORIENTED_EDGE('',*,*,#2946,.F.);
#6172 = ORIENTED_EDGE('',*,*,#6173,.T.);
#6173 = EDGE_CURVE('',#2947,#6174,#6176,.T.);
#6174 = VERTEX_POINT('',#6175);
#6175 = CARTESIAN_POINT('',(-2.70632938683,52.562500000004,-4.25));
#6176 = LINE('',#6177,#6178);
#6177 = CARTESIAN_POINT('',(2.706329386828,52.562500000004,-4.25));
#6178 = VECTOR('',#6179,1.);
#6179 = DIRECTION('',(-1.,0.,-1.224646799147E-16));
#6180 = ORIENTED_EDGE('',*,*,#6181,.F.);
#6181 = EDGE_CURVE('',#3940,#6174,#6182,.T.);
#6182 = LINE('',#6183,#6184);
#6183 = CARTESIAN_POINT('',(-2.70632938683,52.562500000004,-4.5));
#6184 = VECTOR('',#6185,1.);
#6185 = DIRECTION('',(-1.224646799147E-16,0.,1.));
#6186 = PLANE('',#6187);
#6187 = AXIS2_PLACEMENT_3D('',#6188,#6189,#6190);
#6188 = CARTESIAN_POINT('',(2.706329386828,52.562500000004,-4.5));
#6189 = DIRECTION('',(-0.,1.,0.));
#6190 = DIRECTION('',(1.,0.,1.224646799147E-16));
#6191 = ADVANCED_FACE('',(#6192),#6202,.T.);
#6192 = FACE_BOUND('',#6193,.F.);
#6193 = EDGE_LOOP('',(#6194,#6195,#6196));
#6194 = ORIENTED_EDGE('',*,*,#2954,.F.);
#6195 = ORIENTED_EDGE('',*,*,#6173,.T.);
#6196 = ORIENTED_EDGE('',*,*,#6197,.T.);
#6197 = EDGE_CURVE('',#6174,#2955,#6198,.T.);
#6198 = LINE('',#6199,#6200);
#6199 = CARTESIAN_POINT('',(-2.70632938683,52.562500000004,-4.25));
#6200 = VECTOR('',#6201,1.);
#6201 = DIRECTION('',(0.5,-0.866025403784,6.123233995737E-17));
#6202 = PLANE('',#6203);
#6203 = AXIS2_PLACEMENT_3D('',#6204,#6205,#6206);
#6204 = CARTESIAN_POINT('',(-29.74999999998,53.000000000001,-4.25));
#6205 = DIRECTION('',(1.224646799147E-16,0.,-1.));
#6206 = DIRECTION('',(1.,0.,1.224646799147E-16));
#6207 = ADVANCED_FACE('',(#6208),#6219,.F.);
#6208 = FACE_BOUND('',#6209,.T.);
#6209 = EDGE_LOOP('',(#6210,#6216,#6217,#6218));
#6210 = ORIENTED_EDGE('',*,*,#6211,.F.);
#6211 = EDGE_CURVE('',#3940,#2964,#6212,.T.);
#6212 = LINE('',#6213,#6214);
#6213 = CARTESIAN_POINT('',(-2.70632938683,52.562500000004,-4.5));
#6214 = VECTOR('',#6215,1.);
#6215 = DIRECTION('',(0.5,-0.866025403784,6.123233995737E-17));
#6216 = ORIENTED_EDGE('',*,*,#6181,.T.);
#6217 = ORIENTED_EDGE('',*,*,#6197,.T.);
#6218 = ORIENTED_EDGE('',*,*,#2963,.T.);
#6219 = PLANE('',#6220);
#6220 = AXIS2_PLACEMENT_3D('',#6221,#6222,#6223);
#6221 = CARTESIAN_POINT('',(-2.70632938683,52.562500000004,-4.5));
#6222 = DIRECTION('',(-0.866025403784,-0.5,-1.060575238725E-16));
#6223 = DIRECTION('',(-0.5,0.866025403784,-6.123233995737E-17));
#6224 = ADVANCED_FACE('',(#6225),#6237,.T.);
#6225 = FACE_BOUND('',#6226,.F.);
#6226 = EDGE_LOOP('',(#6227,#6228,#6229,#6230,#6236));
#6227 = ORIENTED_EDGE('',*,*,#6211,.F.);
#6228 = ORIENTED_EDGE('',*,*,#3939,.T.);
#6229 = ORIENTED_EDGE('',*,*,#3930,.T.);
#6230 = ORIENTED_EDGE('',*,*,#6231,.F.);
#6231 = EDGE_CURVE('',#2972,#3922,#6232,.T.);
#6232 = LINE('',#6233,#6234);
#6233 = CARTESIAN_POINT('',(-2.70632938683,52.562500000004,-4.5));
#6234 = VECTOR('',#6235,1.);
#6235 = DIRECTION('',(0.5,-0.866025403784,6.123233995737E-17));
#6236 = ORIENTED_EDGE('',*,*,#2971,.F.);
#6237 = PLANE('',#6238);
#6238 = AXIS2_PLACEMENT_3D('',#6239,#6240,#6241);
#6239 = CARTESIAN_POINT('',(-29.75,53.,-4.5));
#6240 = DIRECTION('',(1.224646799147E-16,0.,-1.));
#6241 = DIRECTION('',(1.,0.,1.224646799147E-16));
#6242 = ADVANCED_FACE('',(#6243),#6249,.F.);
#6243 = FACE_BOUND('',#6244,.T.);
#6244 = EDGE_LOOP('',(#6245,#6246,#6247,#6248));
#6245 = ORIENTED_EDGE('',*,*,#6231,.F.);
#6246 = ORIENTED_EDGE('',*,*,#2980,.F.);
#6247 = ORIENTED_EDGE('',*,*,#6039,.T.);
#6248 = ORIENTED_EDGE('',*,*,#6063,.F.);
#6249 = PLANE('',#6250);
#6250 = AXIS2_PLACEMENT_3D('',#6251,#6252,#6253);
#6251 = CARTESIAN_POINT('',(-2.70632938683,52.562500000004,-4.5));
#6252 = DIRECTION('',(-0.866025403784,-0.5,-1.060575238725E-16));
#6253 = DIRECTION('',(-0.5,0.866025403784,-6.123233995737E-17));
#6254 = ADVANCED_FACE('',(#6255),#6266,.T.);
#6255 = FACE_BOUND('',#6256,.T.);
#6256 = EDGE_LOOP('',(#6257,#6258,#6259,#6265));
#6257 = ORIENTED_EDGE('',*,*,#3145,.T.);
#6258 = ORIENTED_EDGE('',*,*,#3022,.T.);
#6259 = ORIENTED_EDGE('',*,*,#6260,.F.);
#6260 = EDGE_CURVE('',#3193,#3023,#6261,.T.);
#6261 = LINE('',#6262,#6263);
#6262 = CARTESIAN_POINT('',(56.7,50.7,-2.5));
#6263 = VECTOR('',#6264,1.);
#6264 = DIRECTION('',(1.224646799147E-16,0.,-1.));
#6265 = ORIENTED_EDGE('',*,*,#3200,.F.);
#6266 = PLANE('',#6267);
#6267 = AXIS2_PLACEMENT_3D('',#6268,#6269,#6270);
#6268 = CARTESIAN_POINT('',(55.2,52.,-2.5));
#6269 = DIRECTION('',(-0.654930538418,-0.75568908279,-8.020585875373E-17
    ));
#6270 = DIRECTION('',(0.75568908279,-0.654930538418,9.254522163891E-17)
  );
#6271 = ADVANCED_FACE('',(#6272),#6283,.T.);
#6272 = FACE_BOUND('',#6273,.T.);
#6273 = EDGE_LOOP('',(#6274,#6275,#6276,#6282));
#6274 = ORIENTED_EDGE('',*,*,#6260,.T.);
#6275 = ORIENTED_EDGE('',*,*,#3030,.T.);
#6276 = ORIENTED_EDGE('',*,*,#6277,.F.);
#6277 = EDGE_CURVE('',#3185,#3031,#6278,.T.);
#6278 = LINE('',#6279,#6280);
#6279 = CARTESIAN_POINT('',(62.7,50.7,-2.5));
#6280 = VECTOR('',#6281,1.);
#6281 = DIRECTION('',(1.224646799147E-16,0.,-1.));
#6282 = ORIENTED_EDGE('',*,*,#3192,.F.);
#6283 = PLANE('',#6284);
#6284 = AXIS2_PLACEMENT_3D('',#6285,#6286,#6287);
#6285 = CARTESIAN_POINT('',(56.7,50.7,-2.5));
#6286 = DIRECTION('',(0.,-1.,0.));
#6287 = DIRECTION('',(1.,0.,1.224646799147E-16));
#6288 = ADVANCED_FACE('',(#6289),#6300,.T.);
#6289 = FACE_BOUND('',#6290,.T.);
#6290 = EDGE_LOOP('',(#6291,#6292,#6293,#6299));
#6291 = ORIENTED_EDGE('',*,*,#6277,.T.);
#6292 = ORIENTED_EDGE('',*,*,#3038,.T.);
#6293 = ORIENTED_EDGE('',*,*,#6294,.F.);
#6294 = EDGE_CURVE('',#3177,#3039,#6295,.T.);
#6295 = LINE('',#6296,#6297);
#6296 = CARTESIAN_POINT('',(62.7,47.3,-2.5));
#6297 = VECTOR('',#6298,1.);
#6298 = DIRECTION('',(1.224646799147E-16,0.,-1.));
#6299 = ORIENTED_EDGE('',*,*,#3184,.F.);
#6300 = PLANE('',#6301);
#6301 = AXIS2_PLACEMENT_3D('',#6302,#6303,#6304);
#6302 = CARTESIAN_POINT('',(62.7,50.7,-2.5));
#6303 = DIRECTION('',(-1.,0.,-1.224646799147E-16));
#6304 = DIRECTION('',(0.,-1.,0.));
#6305 = ADVANCED_FACE('',(#6306),#6312,.T.);
#6306 = FACE_BOUND('',#6307,.T.);
#6307 = EDGE_LOOP('',(#6308,#6309,#6310,#6311));
#6308 = ORIENTED_EDGE('',*,*,#6294,.T.);
#6309 = ORIENTED_EDGE('',*,*,#3046,.T.);
#6310 = ORIENTED_EDGE('',*,*,#5972,.F.);
#6311 = ORIENTED_EDGE('',*,*,#3176,.F.);
#6312 = PLANE('',#6313);
#6313 = AXIS2_PLACEMENT_3D('',#6314,#6315,#6316);
#6314 = CARTESIAN_POINT('',(62.7,47.3,-2.5));
#6315 = DIRECTION('',(0.,1.,0.));
#6316 = DIRECTION('',(-1.,0.,-1.224646799147E-16));
#6317 = ADVANCED_FACE('',(#6318),#6343,.F.);
#6318 = FACE_BOUND('',#6319,.F.);
#6319 = EDGE_LOOP('',(#6320,#6328,#6336,#6342));
#6320 = ORIENTED_EDGE('',*,*,#6321,.T.);
#6321 = EDGE_CURVE('',#3070,#6322,#6324,.T.);
#6322 = VERTEX_POINT('',#6323);
#6323 = CARTESIAN_POINT('',(53.4,58.2,-14.));
#6324 = LINE('',#6325,#6326);
#6325 = CARTESIAN_POINT('',(53.4,58.2,-10.));
#6326 = VECTOR('',#6327,1.);
#6327 = DIRECTION('',(1.224646799147E-16,0.,-1.));
#6328 = ORIENTED_EDGE('',*,*,#6329,.T.);
#6329 = EDGE_CURVE('',#6322,#6330,#6332,.T.);
#6330 = VERTEX_POINT('',#6331);
#6331 = CARTESIAN_POINT('',(16.6,58.2,-14.));
#6332 = LINE('',#6333,#6334);
#6333 = CARTESIAN_POINT('',(53.4,58.2,-14.));
#6334 = VECTOR('',#6335,1.);
#6335 = DIRECTION('',(-1.,0.,-1.224646799147E-16));
#6336 = ORIENTED_EDGE('',*,*,#6337,.F.);
#6337 = EDGE_CURVE('',#3072,#6330,#6338,.T.);
#6338 = LINE('',#6339,#6340);
#6339 = CARTESIAN_POINT('',(16.6,58.2,-10.));
#6340 = VECTOR('',#6341,1.);
#6341 = DIRECTION('',(1.224646799147E-16,0.,-1.));
#6342 = ORIENTED_EDGE('',*,*,#3069,.F.);
#6343 = PLANE('',#6344);
#6344 = AXIS2_PLACEMENT_3D('',#6345,#6346,#6347);
#6345 = CARTESIAN_POINT('',(53.4,58.2,-10.));
#6346 = DIRECTION('',(0.,1.,0.));
#6347 = DIRECTION('',(-1.,0.,-1.224646799147E-16));
#6348 = ADVANCED_FACE('',(#6349),#6367,.F.);
#6349 = FACE_BOUND('',#6350,.F.);
#6350 = EDGE_LOOP('',(#6351,#6359,#6365,#6366));
#6351 = ORIENTED_EDGE('',*,*,#6352,.T.);
#6352 = EDGE_CURVE('',#3088,#6353,#6355,.T.);
#6353 = VERTEX_POINT('',#6354);
#6354 = CARTESIAN_POINT('',(53.4,52.,-14.));
#6355 = LINE('',#6356,#6357);
#6356 = CARTESIAN_POINT('',(53.4,52.,-10.));
#6357 = VECTOR('',#6358,1.);
#6358 = DIRECTION('',(1.224646799147E-16,0.,-1.));
#6359 = ORIENTED_EDGE('',*,*,#6360,.T.);
#6360 = EDGE_CURVE('',#6353,#6322,#6361,.T.);
#6361 = LINE('',#6362,#6363);
#6362 = CARTESIAN_POINT('',(53.4,52.,-14.));
#6363 = VECTOR('',#6364,1.);
#6364 = DIRECTION('',(0.,1.,0.));
#6365 = ORIENTED_EDGE('',*,*,#6321,.F.);
#6366 = ORIENTED_EDGE('',*,*,#3095,.F.);
#6367 = PLANE('',#6368);
#6368 = AXIS2_PLACEMENT_3D('',#6369,#6370,#6371);
#6369 = CARTESIAN_POINT('',(53.4,52.,-10.));
#6370 = DIRECTION('',(1.,0.,1.224646799147E-16));
#6371 = DIRECTION('',(0.,1.,0.));
#6372 = ADVANCED_FACE('',(#6373),#6391,.F.);
#6373 = FACE_BOUND('',#6374,.F.);
#6374 = EDGE_LOOP('',(#6375,#6383,#6389,#6390));
#6375 = ORIENTED_EDGE('',*,*,#6376,.T.);
#6376 = EDGE_CURVE('',#3080,#6377,#6379,.T.);
#6377 = VERTEX_POINT('',#6378);
#6378 = CARTESIAN_POINT('',(16.6,52.,-14.));
#6379 = LINE('',#6380,#6381);
#6380 = CARTESIAN_POINT('',(16.6,52.,-10.));
#6381 = VECTOR('',#6382,1.);
#6382 = DIRECTION('',(1.224646799147E-16,0.,-1.));
#6383 = ORIENTED_EDGE('',*,*,#6384,.T.);
#6384 = EDGE_CURVE('',#6377,#6353,#6385,.T.);
#6385 = LINE('',#6386,#6387);
#6386 = CARTESIAN_POINT('',(16.6,52.,-14.));
#6387 = VECTOR('',#6388,1.);
#6388 = DIRECTION('',(1.,0.,1.224646799147E-16));
#6389 = ORIENTED_EDGE('',*,*,#6352,.F.);
#6390 = ORIENTED_EDGE('',*,*,#3087,.F.);
#6391 = PLANE('',#6392);
#6392 = AXIS2_PLACEMENT_3D('',#6393,#6394,#6395);
#6393 = CARTESIAN_POINT('',(16.6,52.,-10.));
#6394 = DIRECTION('',(0.,-1.,0.));
#6395 = DIRECTION('',(1.,0.,1.224646799147E-16));
#6396 = ADVANCED_FACE('',(#6397),#6408,.F.);
#6397 = FACE_BOUND('',#6398,.F.);
#6398 = EDGE_LOOP('',(#6399,#6400,#6406,#6407));
#6399 = ORIENTED_EDGE('',*,*,#6337,.T.);
#6400 = ORIENTED_EDGE('',*,*,#6401,.T.);
#6401 = EDGE_CURVE('',#6330,#6377,#6402,.T.);
#6402 = LINE('',#6403,#6404);
#6403 = CARTESIAN_POINT('',(16.6,58.2,-14.));
#6404 = VECTOR('',#6405,1.);
#6405 = DIRECTION('',(0.,-1.,0.));
#6406 = ORIENTED_EDGE('',*,*,#6376,.F.);
#6407 = ORIENTED_EDGE('',*,*,#3079,.F.);
#6408 = PLANE('',#6409);
#6409 = AXIS2_PLACEMENT_3D('',#6410,#6411,#6412);
#6410 = CARTESIAN_POINT('',(16.6,58.2,-10.));
#6411 = DIRECTION('',(-1.,0.,-1.224646799147E-16));
#6412 = DIRECTION('',(0.,-1.,0.));
#6413 = ADVANCED_FACE('',(#6414),#6439,.F.);
#6414 = FACE_BOUND('',#6415,.F.);
#6415 = EDGE_LOOP('',(#6416,#6424,#6432,#6438));
#6416 = ORIENTED_EDGE('',*,*,#6417,.T.);
#6417 = EDGE_CURVE('',#3104,#6418,#6420,.T.);
#6418 = VERTEX_POINT('',#6419);
#6419 = CARTESIAN_POINT('',(53.4,50.2,-14.));
#6420 = LINE('',#6421,#6422);
#6421 = CARTESIAN_POINT('',(53.4,50.2,-10.));
#6422 = VECTOR('',#6423,1.);
#6423 = DIRECTION('',(1.224646799147E-16,0.,-1.));
#6424 = ORIENTED_EDGE('',*,*,#6425,.T.);
#6425 = EDGE_CURVE('',#6418,#6426,#6428,.T.);
#6426 = VERTEX_POINT('',#6427);
#6427 = CARTESIAN_POINT('',(16.6,50.2,-14.));
#6428 = LINE('',#6429,#6430);
#6429 = CARTESIAN_POINT('',(53.4,50.2,-14.));
#6430 = VECTOR('',#6431,1.);
#6431 = DIRECTION('',(-1.,0.,-1.224646799147E-16));
#6432 = ORIENTED_EDGE('',*,*,#6433,.F.);
#6433 = EDGE_CURVE('',#3106,#6426,#6434,.T.);
#6434 = LINE('',#6435,#6436);
#6435 = CARTESIAN_POINT('',(16.6,50.2,-10.));
#6436 = VECTOR('',#6437,1.);
#6437 = DIRECTION('',(1.224646799147E-16,0.,-1.));
#6438 = ORIENTED_EDGE('',*,*,#3103,.F.);
#6439 = PLANE('',#6440);
#6440 = AXIS2_PLACEMENT_3D('',#6441,#6442,#6443);
#6441 = CARTESIAN_POINT('',(53.4,50.2,-10.));
#6442 = DIRECTION('',(0.,1.,0.));
#6443 = DIRECTION('',(-1.,0.,-1.224646799147E-16));
#6444 = ADVANCED_FACE('',(#6445),#6463,.F.);
#6445 = FACE_BOUND('',#6446,.F.);
#6446 = EDGE_LOOP('',(#6447,#6455,#6461,#6462));
#6447 = ORIENTED_EDGE('',*,*,#6448,.T.);
#6448 = EDGE_CURVE('',#3122,#6449,#6451,.T.);
#6449 = VERTEX_POINT('',#6450);
#6450 = CARTESIAN_POINT('',(53.4,47.1,-14.));
#6451 = LINE('',#6452,#6453);
#6452 = CARTESIAN_POINT('',(53.4,47.1,-10.));
#6453 = VECTOR('',#6454,1.);
#6454 = DIRECTION('',(1.224646799147E-16,0.,-1.));
#6455 = ORIENTED_EDGE('',*,*,#6456,.T.);
#6456 = EDGE_CURVE('',#6449,#6418,#6457,.T.);
#6457 = LINE('',#6458,#6459);
#6458 = CARTESIAN_POINT('',(53.4,47.1,-14.));
#6459 = VECTOR('',#6460,1.);
#6460 = DIRECTION('',(0.,1.,0.));
#6461 = ORIENTED_EDGE('',*,*,#6417,.F.);
#6462 = ORIENTED_EDGE('',*,*,#3129,.F.);
#6463 = PLANE('',#6464);
#6464 = AXIS2_PLACEMENT_3D('',#6465,#6466,#6467);
#6465 = CARTESIAN_POINT('',(53.4,47.1,-10.));
#6466 = DIRECTION('',(1.,0.,1.224646799147E-16));
#6467 = DIRECTION('',(0.,1.,0.));
#6468 = ADVANCED_FACE('',(#6469),#6487,.F.);
#6469 = FACE_BOUND('',#6470,.F.);
#6470 = EDGE_LOOP('',(#6471,#6479,#6485,#6486));
#6471 = ORIENTED_EDGE('',*,*,#6472,.T.);
#6472 = EDGE_CURVE('',#3114,#6473,#6475,.T.);
#6473 = VERTEX_POINT('',#6474);
#6474 = CARTESIAN_POINT('',(16.6,47.1,-14.));
#6475 = LINE('',#6476,#6477);
#6476 = CARTESIAN_POINT('',(16.6,47.1,-10.));
#6477 = VECTOR('',#6478,1.);
#6478 = DIRECTION('',(1.224646799147E-16,0.,-1.));
#6479 = ORIENTED_EDGE('',*,*,#6480,.T.);
#6480 = EDGE_CURVE('',#6473,#6449,#6481,.T.);
#6481 = LINE('',#6482,#6483);
#6482 = CARTESIAN_POINT('',(16.6,47.1,-14.));
#6483 = VECTOR('',#6484,1.);
#6484 = DIRECTION('',(1.,0.,1.224646799147E-16));
#6485 = ORIENTED_EDGE('',*,*,#6448,.F.);
#6486 = ORIENTED_EDGE('',*,*,#3121,.F.);
#6487 = PLANE('',#6488);
#6488 = AXIS2_PLACEMENT_3D('',#6489,#6490,#6491);
#6489 = CARTESIAN_POINT('',(16.6,47.1,-10.));
#6490 = DIRECTION('',(0.,-1.,0.));
#6491 = DIRECTION('',(1.,0.,1.224646799147E-16));
#6492 = ADVANCED_FACE('',(#6493),#6504,.F.);
#6493 = FACE_BOUND('',#6494,.F.);
#6494 = EDGE_LOOP('',(#6495,#6496,#6502,#6503));
#6495 = ORIENTED_EDGE('',*,*,#6433,.T.);
#6496 = ORIENTED_EDGE('',*,*,#6497,.T.);
#6497 = EDGE_CURVE('',#6426,#6473,#6498,.T.);
#6498 = LINE('',#6499,#6500);
#6499 = CARTESIAN_POINT('',(16.6,50.2,-14.));
#6500 = VECTOR('',#6501,1.);
#6501 = DIRECTION('',(0.,-1.,0.));
#6502 = ORIENTED_EDGE('',*,*,#6472,.F.);
#6503 = ORIENTED_EDGE('',*,*,#3113,.F.);
#6504 = PLANE('',#6505);
#6505 = AXIS2_PLACEMENT_3D('',#6506,#6507,#6508);
#6506 = CARTESIAN_POINT('',(16.6,50.2,-10.));
#6507 = DIRECTION('',(-1.,0.,-1.224646799147E-16));
#6508 = DIRECTION('',(0.,-1.,0.));
#6509 = ADVANCED_FACE('',(#6510),#6631,.F.);
#6510 = FACE_BOUND('',#6511,.F.);
#6511 = EDGE_LOOP('',(#6512,#6523,#6531,#6540,#6546,#6547,#6548,#6557,
    #6565,#6574,#6582,#6591,#6599,#6608,#6616,#6625));
#6512 = ORIENTED_EDGE('',*,*,#6513,.F.);
#6513 = EDGE_CURVE('',#6514,#6516,#6518,.T.);
#6514 = VERTEX_POINT('',#6515);
#6515 = CARTESIAN_POINT('',(61.247212200067,54.901260302121,-4.5));
#6516 = VERTEX_POINT('',#6517);
#6517 = CARTESIAN_POINT('',(60.459117186754,53.53623969787,-4.5));
#6518 = CIRCLE('',#6519,1.75);
#6519 = AXIS2_PLACEMENT_3D('',#6520,#6521,#6522);
#6520 = CARTESIAN_POINT('',(59.5,54.999999999994,-4.5));
#6521 = DIRECTION('',(1.224646799147E-16,0.,-1.));
#6522 = DIRECTION('',(1.,0.,1.224646799147E-16));
#6523 = ORIENTED_EDGE('',*,*,#6524,.F.);
#6524 = EDGE_CURVE('',#6525,#6514,#6527,.T.);
#6525 = VERTEX_POINT('',#6526);
#6526 = CARTESIAN_POINT('',(61.247212200068,54.901260302121,-4.25));
#6527 = LINE('',#6528,#6529);
#6528 = CARTESIAN_POINT('',(61.247212200067,54.901260302121,-15.));
#6529 = VECTOR('',#6530,1.);
#6530 = DIRECTION('',(1.224646799147E-16,0.,-1.));
#6531 = ORIENTED_EDGE('',*,*,#6532,.F.);
#6532 = EDGE_CURVE('',#6533,#6525,#6535,.T.);
#6533 = VERTEX_POINT('',#6534);
#6534 = CARTESIAN_POINT('',(61.25,54.999999999994,-4.25));
#6535 = CIRCLE('',#6536,1.75);
#6536 = AXIS2_PLACEMENT_3D('',#6537,#6538,#6539);
#6537 = CARTESIAN_POINT('',(59.5,54.999999999994,-4.25));
#6538 = DIRECTION('',(1.224646799147E-16,0.,-1.));
#6539 = DIRECTION('',(1.,0.,1.224646799147E-16));
#6540 = ORIENTED_EDGE('',*,*,#6541,.T.);
#6541 = EDGE_CURVE('',#6533,#3226,#6542,.T.);
#6542 = LINE('',#6543,#6544);
#6543 = CARTESIAN_POINT('',(61.25,54.999999999994,-15.));
#6544 = VECTOR('',#6545,1.);
#6545 = DIRECTION('',(-1.224646799147E-16,0.,1.));
#6546 = ORIENTED_EDGE('',*,*,#3225,.T.);
#6547 = ORIENTED_EDGE('',*,*,#6541,.F.);
#6548 = ORIENTED_EDGE('',*,*,#6549,.F.);
#6549 = EDGE_CURVE('',#6550,#6533,#6552,.T.);
#6550 = VERTEX_POINT('',#6551);
#6551 = CARTESIAN_POINT('',(60.288095013294,56.5625,-4.25));
#6552 = CIRCLE('',#6553,1.75);
#6553 = AXIS2_PLACEMENT_3D('',#6554,#6555,#6556);
#6554 = CARTESIAN_POINT('',(59.5,54.999999999994,-4.25));
#6555 = DIRECTION('',(1.224646799147E-16,0.,-1.));
#6556 = DIRECTION('',(1.,0.,1.224646799147E-16));
#6557 = ORIENTED_EDGE('',*,*,#6558,.T.);
#6558 = EDGE_CURVE('',#6550,#6559,#6561,.T.);
#6559 = VERTEX_POINT('',#6560);
#6560 = CARTESIAN_POINT('',(60.288095013295,56.5625,-4.5));
#6561 = LINE('',#6562,#6563);
#6562 = CARTESIAN_POINT('',(60.288095013295,56.5625,-15.));
#6563 = VECTOR('',#6564,1.);
#6564 = DIRECTION('',(1.224646799147E-16,0.,-1.));
#6565 = ORIENTED_EDGE('',*,*,#6566,.F.);
#6566 = EDGE_CURVE('',#6567,#6559,#6569,.T.);
#6567 = VERTEX_POINT('',#6568);
#6568 = CARTESIAN_POINT('',(58.711904986705,56.5625,-4.5));
#6569 = CIRCLE('',#6570,1.75);
#6570 = AXIS2_PLACEMENT_3D('',#6571,#6572,#6573);
#6571 = CARTESIAN_POINT('',(59.5,54.999999999994,-4.5));
#6572 = DIRECTION('',(1.224646799147E-16,0.,-1.));
#6573 = DIRECTION('',(1.,0.,1.224646799147E-16));
#6574 = ORIENTED_EDGE('',*,*,#6575,.F.);
#6575 = EDGE_CURVE('',#6576,#6567,#6578,.T.);
#6576 = VERTEX_POINT('',#6577);
#6577 = CARTESIAN_POINT('',(58.711904986706,56.5625,-4.25));
#6578 = LINE('',#6579,#6580);
#6579 = CARTESIAN_POINT('',(58.711904986705,56.5625,-15.));
#6580 = VECTOR('',#6581,1.);
#6581 = DIRECTION('',(1.224646799147E-16,0.,-1.));
#6582 = ORIENTED_EDGE('',*,*,#6583,.F.);
#6583 = EDGE_CURVE('',#6584,#6576,#6586,.T.);
#6584 = VERTEX_POINT('',#6585);
#6585 = CARTESIAN_POINT('',(57.752787799932,54.901260302121,-4.25));
#6586 = CIRCLE('',#6587,1.75);
#6587 = AXIS2_PLACEMENT_3D('',#6588,#6589,#6590);
#6588 = CARTESIAN_POINT('',(59.5,54.999999999994,-4.25));
#6589 = DIRECTION('',(1.224646799147E-16,0.,-1.));
#6590 = DIRECTION('',(1.,0.,1.224646799147E-16));
#6591 = ORIENTED_EDGE('',*,*,#6592,.T.);
#6592 = EDGE_CURVE('',#6584,#6593,#6595,.T.);
#6593 = VERTEX_POINT('',#6594);
#6594 = CARTESIAN_POINT('',(57.752787799933,54.901260302121,-4.5));
#6595 = LINE('',#6596,#6597);
#6596 = CARTESIAN_POINT('',(57.752787799933,54.901260302121,-15.));
#6597 = VECTOR('',#6598,1.);
#6598 = DIRECTION('',(1.224646799147E-16,0.,-1.));
#6599 = ORIENTED_EDGE('',*,*,#6600,.F.);
#6600 = EDGE_CURVE('',#6601,#6593,#6603,.T.);
#6601 = VERTEX_POINT('',#6602);
#6602 = CARTESIAN_POINT('',(58.540882813246,53.53623969787,-4.5));
#6603 = CIRCLE('',#6604,1.75);
#6604 = AXIS2_PLACEMENT_3D('',#6605,#6606,#6607);
#6605 = CARTESIAN_POINT('',(59.5,54.999999999994,-4.5));
#6606 = DIRECTION('',(1.224646799147E-16,0.,-1.));
#6607 = DIRECTION('',(1.,0.,1.224646799147E-16));
#6608 = ORIENTED_EDGE('',*,*,#6609,.F.);
#6609 = EDGE_CURVE('',#6610,#6601,#6612,.T.);
#6610 = VERTEX_POINT('',#6611);
#6611 = CARTESIAN_POINT('',(58.540882813247,53.536239697869,-4.25));
#6612 = LINE('',#6613,#6614);
#6613 = CARTESIAN_POINT('',(58.540882813246,53.53623969787,-15.));
#6614 = VECTOR('',#6615,1.);
#6615 = DIRECTION('',(1.224646799147E-16,0.,-1.));
#6616 = ORIENTED_EDGE('',*,*,#6617,.F.);
#6617 = EDGE_CURVE('',#6618,#6610,#6620,.T.);
#6618 = VERTEX_POINT('',#6619);
#6619 = CARTESIAN_POINT('',(60.459117186753,53.536239697869,-4.25));
#6620 = CIRCLE('',#6621,1.75);
#6621 = AXIS2_PLACEMENT_3D('',#6622,#6623,#6624);
#6622 = CARTESIAN_POINT('',(59.5,54.999999999994,-4.25));
#6623 = DIRECTION('',(1.224646799147E-16,0.,-1.));
#6624 = DIRECTION('',(1.,0.,1.224646799147E-16));
#6625 = ORIENTED_EDGE('',*,*,#6626,.T.);
#6626 = EDGE_CURVE('',#6618,#6516,#6627,.T.);
#6627 = LINE('',#6628,#6629);
#6628 = CARTESIAN_POINT('',(60.459117186754,53.53623969787,-15.));
#6629 = VECTOR('',#6630,1.);
#6630 = DIRECTION('',(1.224646799147E-16,0.,-1.));
#6631 = CYLINDRICAL_SURFACE('',#6632,1.75);
#6632 = AXIS2_PLACEMENT_3D('',#6633,#6634,#6635);
#6633 = CARTESIAN_POINT('',(59.5,54.999999999994,-15.));
#6634 = DIRECTION('',(1.224646799147E-16,0.,-1.));
#6635 = DIRECTION('',(1.,0.,1.224646799147E-16));
#6636 = ADVANCED_FACE('',(#6637),#6665,.F.);
#6637 = FACE_BOUND('',#6638,.T.);
#6638 = EDGE_LOOP('',(#6639,#6640,#6649,#6657,#6664));
#6639 = ORIENTED_EDGE('',*,*,#4589,.F.);
#6640 = ORIENTED_EDGE('',*,*,#6641,.T.);
#6641 = EDGE_CURVE('',#4582,#6642,#6644,.T.);
#6642 = VERTEX_POINT('',#6643);
#6643 = CARTESIAN_POINT('',(-55.,139.6,5.));
#6644 = CIRCLE('',#6645,7.5);
#6645 = AXIS2_PLACEMENT_3D('',#6646,#6647,#6648);
#6646 = CARTESIAN_POINT('',(-47.5,139.6,5.));
#6647 = DIRECTION('',(-2.694222958124E-32,-1.,2.2E-16));
#6648 = DIRECTION('',(-1.,0.,-1.224646799147E-16));
#6649 = ORIENTED_EDGE('',*,*,#6650,.T.);
#6650 = EDGE_CURVE('',#6642,#6651,#6653,.T.);
#6651 = VERTEX_POINT('',#6652);
#6652 = CARTESIAN_POINT('',(-55.,139.6,-4.73555739531E-15));
#6653 = LINE('',#6654,#6655);
#6654 = CARTESIAN_POINT('',(-55.,139.6,12.5));
#6655 = VECTOR('',#6656,1.);
#6656 = DIRECTION('',(1.224646799147E-16,0.,-1.));
#6657 = ORIENTED_EDGE('',*,*,#6658,.F.);
#6658 = EDGE_CURVE('',#3367,#6651,#6659,.T.);
#6659 = CIRCLE('',#6660,10.);
#6660 = AXIS2_PLACEMENT_3D('',#6661,#6662,#6663);
#6661 = CARTESIAN_POINT('',(-45.,139.6,-5.510910596163E-15));
#6662 = DIRECTION('',(0.,-1.,0.));
#6663 = DIRECTION('',(-1.,-0.,-1.224646799147E-16));
#6664 = ORIENTED_EDGE('',*,*,#3383,.F.);
#6665 = PLANE('',#6666);
#6666 = AXIS2_PLACEMENT_3D('',#6667,#6668,#6669);
#6667 = CARTESIAN_POINT('',(-55.,139.6,12.5));
#6668 = DIRECTION('',(-0.,1.,0.));
#6669 = DIRECTION('',(-1.,-0.,-1.224646799147E-16));
#6670 = ADVANCED_FACE('',(#6671),#6688,.T.);
#6671 = FACE_BOUND('',#6672,.F.);
#6672 = EDGE_LOOP('',(#6673,#6674,#6680,#6681,#6687));
#6673 = ORIENTED_EDGE('',*,*,#3366,.F.);
#6674 = ORIENTED_EDGE('',*,*,#6675,.T.);
#6675 = EDGE_CURVE('',#3359,#3441,#6676,.T.);
#6676 = LINE('',#6677,#6678);
#6677 = CARTESIAN_POINT('',(-35.,139.6,-5.786263797016E-15));
#6678 = VECTOR('',#6679,1.);
#6679 = DIRECTION('',(-2.694222958124E-32,-1.,2.2E-16));
#6680 = ORIENTED_EDGE('',*,*,#3440,.T.);
#6681 = ORIENTED_EDGE('',*,*,#6682,.F.);
#6682 = EDGE_CURVE('',#6651,#3433,#6683,.T.);
#6683 = LINE('',#6684,#6685);
#6684 = CARTESIAN_POINT('',(-55.,139.6,-4.62555739531E-15));
#6685 = VECTOR('',#6686,1.);
#6686 = DIRECTION('',(-2.694222958124E-32,-1.,2.2E-16));
#6687 = ORIENTED_EDGE('',*,*,#6658,.F.);
#6688 = CYLINDRICAL_SURFACE('',#6689,10.);
#6689 = AXIS2_PLACEMENT_3D('',#6690,#6691,#6692);
#6690 = CARTESIAN_POINT('',(-45.,139.6,-5.510910596163E-15));
#6691 = DIRECTION('',(2.694222958124E-32,1.,-2.2E-16));
#6692 = DIRECTION('',(-1.,0.,-1.224646799147E-16));
#6693 = ADVANCED_FACE('',(#6694),#6705,.T.);
#6694 = FACE_BOUND('',#6695,.F.);
#6695 = EDGE_LOOP('',(#6696,#6697,#6703,#6704));
#6696 = ORIENTED_EDGE('',*,*,#3358,.F.);
#6697 = ORIENTED_EDGE('',*,*,#6698,.T.);
#6698 = EDGE_CURVE('',#3350,#3450,#6699,.T.);
#6699 = LINE('',#6700,#6701);
#6700 = CARTESIAN_POINT('',(-35.,142.,-13.5));
#6701 = VECTOR('',#6702,1.);
#6702 = DIRECTION('',(0.,-1.,0.));
#6703 = ORIENTED_EDGE('',*,*,#3449,.T.);
#6704 = ORIENTED_EDGE('',*,*,#6675,.F.);
#6705 = PLANE('',#6706);
#6706 = AXIS2_PLACEMENT_3D('',#6707,#6708,#6709);
#6707 = CARTESIAN_POINT('',(-35.,139.6,-15.));
#6708 = DIRECTION('',(1.,0.,1.224646799147E-16));
#6709 = DIRECTION('',(1.224646799147E-16,-2.2E-16,-1.));
#6710 = ADVANCED_FACE('',(#6711),#6716,.F.);
#6711 = FACE_BOUND('',#6712,.T.);
#6712 = EDGE_LOOP('',(#6713,#6714,#6715));
#6713 = ORIENTED_EDGE('',*,*,#3457,.T.);
#6714 = ORIENTED_EDGE('',*,*,#3349,.F.);
#6715 = ORIENTED_EDGE('',*,*,#6698,.T.);
#6716 = PLANE('',#6717);
#6717 = AXIS2_PLACEMENT_3D('',#6718,#6719,#6720);
#6718 = CARTESIAN_POINT('',(-31.25,139.8,-13.5));
#6719 = DIRECTION('',(1.224646799147E-16,0.,-1.));
#6720 = DIRECTION('',(1.,0.,1.224646799147E-16));
#6721 = ADVANCED_FACE('',(#6722),#6756,.T.);
#6722 = FACE_BOUND('',#6723,.T.);
#6723 = EDGE_LOOP('',(#6724,#6725,#6726,#6755));
#6724 = ORIENTED_EDGE('',*,*,#3270,.F.);
#6725 = ORIENTED_EDGE('',*,*,#4758,.T.);
#6726 = ORIENTED_EDGE('',*,*,#6727,.T.);
#6727 = EDGE_CURVE('',#4759,#4597,#6728,.T.);
#6728 = B_SPLINE_CURVE_WITH_KNOTS('',5,(#6729,#6730,#6731,#6732,#6733,
    #6734,#6735,#6736,#6737,#6738,#6739,#6740,#6741,#6742,#6743,#6744,
    #6745,#6746,#6747,#6748,#6749,#6750,#6751,#6752,#6753,#6754),
  .UNSPECIFIED.,.F.,.F.,(6,4,4,4,4,4,6),(0.,0.180799788576,
    0.277454738626,0.470466527861,0.697702189922,0.805699584732,1.),
  .UNSPECIFIED.);
#6729 = CARTESIAN_POINT('',(-13.35504823927,126.17806811705,
    9.208879470294));
#6730 = CARTESIAN_POINT('',(-13.41250398905,126.29387044244,
    9.426262774224));
#6731 = CARTESIAN_POINT('',(-13.47644171549,126.42102182933,
    9.638984124314));
#6732 = CARTESIAN_POINT('',(-13.54709114263,126.55929330429,
    9.846099588823));
#6733 = CARTESIAN_POINT('',(-13.62469009283,126.70834052768,
    10.04672247599));
#6734 = CARTESIAN_POINT('',(-13.75479326506,126.95292653241,
    10.343361291564));
#6735 = CARTESIAN_POINT('',(-13.80216272987,127.0410736642,10.4445932563
    ));
#6736 = CARTESIAN_POINT('',(-13.85159999425,127.13206923208,
    10.543563871893));
#6737 = CARTESIAN_POINT('',(-13.90312171203,127.22580785902,
    10.640130369492));
#6738 = CARTESIAN_POINT('',(-14.06381039827,127.51460542221,
    10.921936900527));
#6739 = CARTESIAN_POINT('',(-14.17927060993,127.71756599319,
    11.099658406433));
#6740 = CARTESIAN_POINT('',(-14.3030954766,127.92991232513,
    11.266058594142));
#6741 = CARTESIAN_POINT('',(-14.43512200033,128.15028451501,
    11.420203015282));
#6742 = CARTESIAN_POINT('',(-14.73965278701,128.64434359107,
    11.727811288107));
#6743 = CARTESIAN_POINT('',(-14.91507481769,128.92037967487,
    11.876198606557));
#6744 = CARTESIAN_POINT('',(-15.10061120923,129.20281822939,
    12.005675875173));
#6745 = CARTESIAN_POINT('',(-15.29524546323,129.48897807955,
    12.115947912963));
#6746 = CARTESIAN_POINT('',(-15.59359479673,129.91264130705,
    12.250807989523));
#6747 = CARTESIAN_POINT('',(-15.69144578765,130.0493842455,
    12.290003118817));
#6748 = CARTESIAN_POINT('',(-15.79091555019,130.18615350062,
    12.325000405084));
#6749 = CARTESIAN_POINT('',(-15.89187139293,130.32272266701,
    12.355872518036));
#6750 = CARTESIAN_POINT('',(-16.17820382264,130.70381511144,
    12.430998825847));
#6751 = CARTESIAN_POINT('',(-16.36651024706,130.94731145095,
    12.466215701967));
#6752 = CARTESIAN_POINT('',(-16.55848279984,131.18842718032,
    12.488987651963));
#6753 = CARTESIAN_POINT('',(-16.75344433036,131.42632476365,12.5));
#6754 = CARTESIAN_POINT('',(-16.950646136,131.66025403784,12.5));
#6755 = ORIENTED_EDGE('',*,*,#4596,.F.);
#6756 = CYLINDRICAL_SURFACE('',#6757,6.21153744479);
#6757 = AXIS2_PLACEMENT_3D('',#6758,#6759,#6760);
#6758 = CARTESIAN_POINT('',(-170.18691809,131.66025403784,6.28846255521)
  );
#6759 = DIRECTION('',(-1.,0.,-1.224646799147E-16));
#6760 = DIRECTION('',(0.,1.,0.));
#6761 = ADVANCED_FACE('',(#6762),#6775,.T.);
#6762 = FACE_BOUND('',#6763,.F.);
#6763 = EDGE_LOOP('',(#6764,#6765,#6771,#6772,#6773,#6774));
#6764 = ORIENTED_EDGE('',*,*,#3600,.F.);
#6765 = ORIENTED_EDGE('',*,*,#6766,.T.);
#6766 = EDGE_CURVE('',#3601,#6642,#6767,.T.);
#6767 = LINE('',#6768,#6769);
#6768 = CARTESIAN_POINT('',(-55.,142.,5.));
#6769 = VECTOR('',#6770,1.);
#6770 = DIRECTION('',(-2.694222958124E-32,-1.,2.2E-16));
#6771 = ORIENTED_EDGE('',*,*,#6650,.T.);
#6772 = ORIENTED_EDGE('',*,*,#6682,.T.);
#6773 = ORIENTED_EDGE('',*,*,#3432,.F.);
#6774 = ORIENTED_EDGE('',*,*,#3548,.F.);
#6775 = PLANE('',#6776);
#6776 = AXIS2_PLACEMENT_3D('',#6777,#6778,#6779);
#6777 = CARTESIAN_POINT('',(-55.,140.19184952978,-1.641849529781));
#6778 = DIRECTION('',(-1.,0.,-1.224646799147E-16));
#6779 = DIRECTION('',(-1.224646799147E-16,0.,1.));
#6780 = ADVANCED_FACE('',(#6781),#6806,.F.);
#6781 = FACE_BOUND('',#6782,.T.);
#6782 = EDGE_LOOP('',(#6783,#6791,#6799,#6805));
#6783 = ORIENTED_EDGE('',*,*,#6784,.T.);
#6784 = EDGE_CURVE('',#3467,#6785,#6787,.T.);
#6785 = VERTEX_POINT('',#6786);
#6786 = CARTESIAN_POINT('',(-42.24999999999,140.6,1.587713240273));
#6787 = LINE('',#6788,#6789);
#6788 = CARTESIAN_POINT('',(-42.24999999999,137.6,1.587713240273));
#6789 = VECTOR('',#6790,1.);
#6790 = DIRECTION('',(2.694222958124E-32,1.,-2.2E-16));
#6791 = ORIENTED_EDGE('',*,*,#6792,.T.);
#6792 = EDGE_CURVE('',#6785,#6793,#6795,.T.);
#6793 = VERTEX_POINT('',#6794);
#6794 = CARTESIAN_POINT('',(-42.24999999999,140.6,-1.587713240269));
#6795 = LINE('',#6796,#6797);
#6796 = CARTESIAN_POINT('',(-42.24999999999,140.6,1.587713240273));
#6797 = VECTOR('',#6798,1.);
#6798 = DIRECTION('',(4.040246467991E-14,0.,-1.));
#6799 = ORIENTED_EDGE('',*,*,#6800,.F.);
#6800 = EDGE_CURVE('',#3469,#6793,#6801,.T.);
#6801 = LINE('',#6802,#6803);
#6802 = CARTESIAN_POINT('',(-42.24999999999,137.6,-1.587713240269));
#6803 = VECTOR('',#6804,1.);
#6804 = DIRECTION('',(2.694222958124E-32,1.,-2.2E-16));
#6805 = ORIENTED_EDGE('',*,*,#3466,.F.);
#6806 = PLANE('',#6807);
#6807 = AXIS2_PLACEMENT_3D('',#6808,#6809,#6810);
#6808 = CARTESIAN_POINT('',(-42.24999999999,137.6,1.587713240273));
#6809 = DIRECTION('',(1.,0.,4.040246467991E-14));
#6810 = DIRECTION('',(-4.040246467991E-14,2.2E-16,1.));
#6811 = ADVANCED_FACE('',(#6812),#6830,.F.);
#6812 = FACE_BOUND('',#6813,.T.);
#6813 = EDGE_LOOP('',(#6814,#6822,#6828,#6829));
#6814 = ORIENTED_EDGE('',*,*,#6815,.T.);
#6815 = EDGE_CURVE('',#3477,#6816,#6818,.T.);
#6816 = VERTEX_POINT('',#6817);
#6817 = CARTESIAN_POINT('',(-45.,140.6,3.175426480542));
#6818 = LINE('',#6819,#6820);
#6819 = CARTESIAN_POINT('',(-45.,137.6,3.175426480542));
#6820 = VECTOR('',#6821,1.);
#6821 = DIRECTION('',(2.694222958124E-32,1.,-2.2E-16));
#6822 = ORIENTED_EDGE('',*,*,#6823,.T.);
#6823 = EDGE_CURVE('',#6816,#6785,#6824,.T.);
#6824 = LINE('',#6825,#6826);
#6825 = CARTESIAN_POINT('',(-45.,140.6,3.175426480542));
#6826 = VECTOR('',#6827,1.);
#6827 = DIRECTION('',(0.866025403785,0.,-0.499999999999));
#6828 = ORIENTED_EDGE('',*,*,#6784,.F.);
#6829 = ORIENTED_EDGE('',*,*,#3476,.F.);
#6830 = PLANE('',#6831);
#6831 = AXIS2_PLACEMENT_3D('',#6832,#6833,#6834);
#6832 = CARTESIAN_POINT('',(-45.,137.6,3.175426480542));
#6833 = DIRECTION('',(0.499999999999,1.9E-16,0.866025403785));
#6834 = DIRECTION('',(-0.866025403785,1.1E-16,0.499999999999));
#6835 = ADVANCED_FACE('',(#6836),#6854,.F.);
#6836 = FACE_BOUND('',#6837,.T.);
#6837 = EDGE_LOOP('',(#6838,#6846,#6852,#6853));
#6838 = ORIENTED_EDGE('',*,*,#6839,.T.);
#6839 = EDGE_CURVE('',#3485,#6840,#6842,.T.);
#6840 = VERTEX_POINT('',#6841);
#6841 = CARTESIAN_POINT('',(-47.74999999999,140.6,1.58771324027));
#6842 = LINE('',#6843,#6844);
#6843 = CARTESIAN_POINT('',(-47.74999999999,137.6,1.58771324027));
#6844 = VECTOR('',#6845,1.);
#6845 = DIRECTION('',(2.694222958124E-32,1.,-2.2E-16));
#6846 = ORIENTED_EDGE('',*,*,#6847,.T.);
#6847 = EDGE_CURVE('',#6840,#6816,#6848,.T.);
#6848 = LINE('',#6849,#6850);
#6849 = CARTESIAN_POINT('',(-47.74999999999,140.6,1.58771324027));
#6850 = VECTOR('',#6851,1.);
#6851 = DIRECTION('',(0.866025403784,0.,0.5));
#6852 = ORIENTED_EDGE('',*,*,#6815,.F.);
#6853 = ORIENTED_EDGE('',*,*,#3484,.F.);
#6854 = PLANE('',#6855);
#6855 = AXIS2_PLACEMENT_3D('',#6856,#6857,#6858);
#6856 = CARTESIAN_POINT('',(-47.74999999999,137.6,1.58771324027));
#6857 = DIRECTION('',(-0.5,1.9E-16,0.866025403784));
#6858 = DIRECTION('',(-0.866025403784,-1.1E-16,-0.5));
#6859 = ADVANCED_FACE('',(#6860),#6878,.F.);
#6860 = FACE_BOUND('',#6861,.T.);
#6861 = EDGE_LOOP('',(#6862,#6870,#6876,#6877));
#6862 = ORIENTED_EDGE('',*,*,#6863,.T.);
#6863 = EDGE_CURVE('',#3493,#6864,#6866,.T.);
#6864 = VERTEX_POINT('',#6865);
#6865 = CARTESIAN_POINT('',(-47.74999999999,140.6,-1.58771324027));
#6866 = LINE('',#6867,#6868);
#6867 = CARTESIAN_POINT('',(-47.74999999999,137.6,-1.58771324027));
#6868 = VECTOR('',#6869,1.);
#6869 = DIRECTION('',(2.694222958124E-32,1.,-2.2E-16));
#6870 = ORIENTED_EDGE('',*,*,#6871,.T.);
#6871 = EDGE_CURVE('',#6864,#6840,#6872,.T.);
#6872 = LINE('',#6873,#6874);
#6873 = CARTESIAN_POINT('',(-47.74999999999,140.6,-1.58771324027));
#6874 = VECTOR('',#6875,1.);
#6875 = DIRECTION('',(-1.224646799147E-16,0.,1.));
#6876 = ORIENTED_EDGE('',*,*,#6839,.F.);
#6877 = ORIENTED_EDGE('',*,*,#3492,.F.);
#6878 = PLANE('',#6879);
#6879 = AXIS2_PLACEMENT_3D('',#6880,#6881,#6882);
#6880 = CARTESIAN_POINT('',(-47.74999999999,137.6,-1.58771324027));
#6881 = DIRECTION('',(-1.,0.,-1.224646799147E-16));
#6882 = DIRECTION('',(1.224646799147E-16,-2.2E-16,-1.));
#6883 = ADVANCED_FACE('',(#6884),#6902,.F.);
#6884 = FACE_BOUND('',#6885,.T.);
#6885 = EDGE_LOOP('',(#6886,#6894,#6900,#6901));
#6886 = ORIENTED_EDGE('',*,*,#6887,.T.);
#6887 = EDGE_CURVE('',#3501,#6888,#6890,.T.);
#6888 = VERTEX_POINT('',#6889);
#6889 = CARTESIAN_POINT('',(-45.,140.6,-3.175426480542));
#6890 = LINE('',#6891,#6892);
#6891 = CARTESIAN_POINT('',(-45.,137.6,-3.175426480542));
#6892 = VECTOR('',#6893,1.);
#6893 = DIRECTION('',(2.694222958124E-32,1.,-2.2E-16));
#6894 = ORIENTED_EDGE('',*,*,#6895,.T.);
#6895 = EDGE_CURVE('',#6888,#6864,#6896,.T.);
#6896 = LINE('',#6897,#6898);
#6897 = CARTESIAN_POINT('',(-45.,140.6,-3.175426480542));
#6898 = VECTOR('',#6899,1.);
#6899 = DIRECTION('',(-0.866025403784,0.,0.5));
#6900 = ORIENTED_EDGE('',*,*,#6863,.F.);
#6901 = ORIENTED_EDGE('',*,*,#3500,.F.);
#6902 = PLANE('',#6903);
#6903 = AXIS2_PLACEMENT_3D('',#6904,#6905,#6906);
#6904 = CARTESIAN_POINT('',(-45.,137.6,-3.175426480542));
#6905 = DIRECTION('',(-0.5,-1.9E-16,-0.866025403784));
#6906 = DIRECTION('',(0.866025403784,-1.1E-16,-0.5));
#6907 = ADVANCED_FACE('',(#6908),#6919,.F.);
#6908 = FACE_BOUND('',#6909,.T.);
#6909 = EDGE_LOOP('',(#6910,#6911,#6917,#6918));
#6910 = ORIENTED_EDGE('',*,*,#6800,.T.);
#6911 = ORIENTED_EDGE('',*,*,#6912,.T.);
#6912 = EDGE_CURVE('',#6793,#6888,#6913,.T.);
#6913 = LINE('',#6914,#6915);
#6914 = CARTESIAN_POINT('',(-42.24999999999,140.6,-1.587713240269));
#6915 = VECTOR('',#6916,1.);
#6916 = DIRECTION('',(-0.866025403784,0.,-0.5));
#6917 = ORIENTED_EDGE('',*,*,#6887,.F.);
#6918 = ORIENTED_EDGE('',*,*,#3508,.F.);
#6919 = PLANE('',#6920);
#6920 = AXIS2_PLACEMENT_3D('',#6921,#6922,#6923);
#6921 = CARTESIAN_POINT('',(-42.24999999999,137.6,-1.587713240269));
#6922 = DIRECTION('',(0.5,-1.9E-16,-0.866025403784));
#6923 = DIRECTION('',(0.866025403784,1.1E-16,0.5));
#6924 = ADVANCED_FACE('',(#6925),#6936,.T.);
#6925 = FACE_BOUND('',#6926,.T.);
#6926 = EDGE_LOOP('',(#6927,#6928,#6929,#6930));
#6927 = ORIENTED_EDGE('',*,*,#3574,.F.);
#6928 = ORIENTED_EDGE('',*,*,#4574,.T.);
#6929 = ORIENTED_EDGE('',*,*,#4644,.T.);
#6930 = ORIENTED_EDGE('',*,*,#6931,.F.);
#6931 = EDGE_CURVE('',#3575,#4645,#6932,.T.);
#6932 = LINE('',#6933,#6934);
#6933 = CARTESIAN_POINT('',(55.,142.,5.));
#6934 = VECTOR('',#6935,1.);
#6935 = DIRECTION('',(-2.694222958124E-32,-1.,2.2E-16));
#6936 = CYLINDRICAL_SURFACE('',#6937,7.5);
#6937 = AXIS2_PLACEMENT_3D('',#6938,#6939,#6940);
#6938 = CARTESIAN_POINT('',(47.5,142.,5.));
#6939 = DIRECTION('',(2.694222958124E-32,1.,-2.2E-16));
#6940 = DIRECTION('',(1.,0.,1.224646799147E-16));
#6941 = ADVANCED_FACE('',(#6942),#6950,.T.);
#6942 = FACE_BOUND('',#6943,.T.);
#6943 = EDGE_LOOP('',(#6944,#6945,#6946,#6947,#6948,#6949));
#6944 = ORIENTED_EDGE('',*,*,#3583,.F.);
#6945 = ORIENTED_EDGE('',*,*,#6931,.T.);
#6946 = ORIENTED_EDGE('',*,*,#4653,.T.);
#6947 = ORIENTED_EDGE('',*,*,#4685,.T.);
#6948 = ORIENTED_EDGE('',*,*,#3765,.F.);
#6949 = ORIENTED_EDGE('',*,*,#3670,.F.);
#6950 = PLANE('',#6951);
#6951 = AXIS2_PLACEMENT_3D('',#6952,#6953,#6954);
#6952 = CARTESIAN_POINT('',(55.,140.19184952978,-1.641849529781));
#6953 = DIRECTION('',(1.,0.,1.224646799147E-16));
#6954 = DIRECTION('',(1.224646799147E-16,0.,-1.));
#6955 = ADVANCED_FACE('',(#6956),#6962,.T.);
#6956 = FACE_BOUND('',#6957,.F.);
#6957 = EDGE_LOOP('',(#6958,#6959,#6960,#6961));
#6958 = ORIENTED_EDGE('',*,*,#3608,.F.);
#6959 = ORIENTED_EDGE('',*,*,#4581,.T.);
#6960 = ORIENTED_EDGE('',*,*,#6641,.T.);
#6961 = ORIENTED_EDGE('',*,*,#6766,.F.);
#6962 = CYLINDRICAL_SURFACE('',#6963,7.5);
#6963 = AXIS2_PLACEMENT_3D('',#6964,#6965,#6966);
#6964 = CARTESIAN_POINT('',(-47.5,142.,5.));
#6965 = DIRECTION('',(2.694222958124E-32,1.,-2.2E-16));
#6966 = DIRECTION('',(-1.,0.,-1.224646799147E-16));
#6967 = ADVANCED_FACE('',(#6968),#6987,.F.);
#6968 = FACE_BOUND('',#6969,.T.);
#6969 = EDGE_LOOP('',(#6970,#6979,#6985,#6986));
#6970 = ORIENTED_EDGE('',*,*,#6971,.F.);
#6971 = EDGE_CURVE('',#6972,#6972,#6974,.T.);
#6972 = VERTEX_POINT('',#6973);
#6973 = CARTESIAN_POINT('',(-43.25,140.6,-6.296597406312E-15));
#6974 = CIRCLE('',#6975,1.75);
#6975 = AXIS2_PLACEMENT_3D('',#6976,#6977,#6978);
#6976 = CARTESIAN_POINT('',(-45.,140.6,-6.180910596163E-15));
#6977 = DIRECTION('',(2.694222958124E-32,1.,-2.2E-16));
#6978 = DIRECTION('',(1.,0.,1.224646799147E-16));
#6979 = ORIENTED_EDGE('',*,*,#6980,.T.);
#6980 = EDGE_CURVE('',#6972,#3618,#6981,.T.);
#6981 = LINE('',#6982,#6983);
#6982 = CARTESIAN_POINT('',(-43.25,137.6,-5.296597406312E-15));
#6983 = VECTOR('',#6984,1.);
#6984 = DIRECTION('',(2.694222958124E-32,1.,-2.2E-16));
#6985 = ORIENTED_EDGE('',*,*,#3617,.T.);
#6986 = ORIENTED_EDGE('',*,*,#6980,.F.);
#6987 = CYLINDRICAL_SURFACE('',#6988,1.75);
#6988 = AXIS2_PLACEMENT_3D('',#6989,#6990,#6991);
#6989 = CARTESIAN_POINT('',(-45.,137.6,-5.510910596163E-15));
#6990 = DIRECTION('',(-2.694222958124E-32,-1.,2.2E-16));
#6991 = DIRECTION('',(1.,0.,1.224646799147E-16));
#6992 = ADVANCED_FACE('',(#6993),#7012,.F.);
#6993 = FACE_BOUND('',#6994,.F.);
#6994 = EDGE_LOOP('',(#6995,#7004,#7010,#7011));
#6995 = ORIENTED_EDGE('',*,*,#6996,.F.);
#6996 = EDGE_CURVE('',#6997,#6997,#6999,.T.);
#6997 = VERTEX_POINT('',#6998);
#6998 = CARTESIAN_POINT('',(43.25,140.6,4.296597406312E-15));
#6999 = CIRCLE('',#7000,1.75);
#7000 = AXIS2_PLACEMENT_3D('',#7001,#7002,#7003);
#7001 = CARTESIAN_POINT('',(45.,140.6,4.840910596163E-15));
#7002 = DIRECTION('',(-2.694222958124E-32,-1.,2.2E-16));
#7003 = DIRECTION('',(-1.,0.,-1.224646799147E-16));
#7004 = ORIENTED_EDGE('',*,*,#7005,.T.);
#7005 = EDGE_CURVE('',#6997,#3629,#7006,.T.);
#7006 = LINE('',#7007,#7008);
#7007 = CARTESIAN_POINT('',(43.25,137.6,5.296597406312E-15));
#7008 = VECTOR('',#7009,1.);
#7009 = DIRECTION('',(2.694222958124E-32,1.,-2.2E-16));
#7010 = ORIENTED_EDGE('',*,*,#3628,.T.);
#7011 = ORIENTED_EDGE('',*,*,#7005,.F.);
#7012 = CYLINDRICAL_SURFACE('',#7013,1.75);
#7013 = AXIS2_PLACEMENT_3D('',#7014,#7015,#7016);
#7014 = CARTESIAN_POINT('',(45.,137.6,5.510910596163E-15));
#7015 = DIRECTION('',(-2.694222958124E-32,-1.,2.2E-16));
#7016 = DIRECTION('',(-1.,0.,-1.224646799147E-16));
#7017 = ADVANCED_FACE('',(#7018),#7045,.T.);
#7018 = FACE_BOUND('',#7019,.F.);
#7019 = EDGE_LOOP('',(#7020,#7021,#7022,#7030,#7039));
#7020 = ORIENTED_EDGE('',*,*,#3748,.T.);
#7021 = ORIENTED_EDGE('',*,*,#3721,.T.);
#7022 = ORIENTED_EDGE('',*,*,#7023,.F.);
#7023 = EDGE_CURVE('',#7024,#3722,#7026,.T.);
#7024 = VERTEX_POINT('',#7025);
#7025 = CARTESIAN_POINT('',(-60.45911718675,53.53623969787,-4.5));
#7026 = LINE('',#7027,#7028);
#7027 = CARTESIAN_POINT('',(-62.20632938682,56.5625,-4.5));
#7028 = VECTOR('',#7029,1.);
#7029 = DIRECTION('',(0.5,-0.866025403784,6.123233995737E-17));
#7030 = ORIENTED_EDGE('',*,*,#7031,.F.);
#7031 = EDGE_CURVE('',#7032,#7024,#7034,.T.);
#7032 = VERTEX_POINT('',#7033);
#7033 = CARTESIAN_POINT('',(-61.24721220006,54.901260302121,-4.5));
#7034 = CIRCLE('',#7035,1.75);
#7035 = AXIS2_PLACEMENT_3D('',#7036,#7037,#7038);
#7036 = CARTESIAN_POINT('',(-59.5,54.999999999994,-4.5));
#7037 = DIRECTION('',(-1.224646799147E-16,0.,1.));
#7038 = DIRECTION('',(-1.,0.,-1.224646799147E-16));
#7039 = ORIENTED_EDGE('',*,*,#7040,.F.);
#7040 = EDGE_CURVE('',#3740,#7032,#7041,.T.);
#7041 = LINE('',#7042,#7043);
#7042 = CARTESIAN_POINT('',(-62.20632938682,56.5625,-4.5));
#7043 = VECTOR('',#7044,1.);
#7044 = DIRECTION('',(0.5,-0.866025403784,6.123233995737E-17));
#7045 = PLANE('',#7046);
#7046 = AXIS2_PLACEMENT_3D('',#7047,#7048,#7049);
#7047 = CARTESIAN_POINT('',(-29.75,53.,-4.5));
#7048 = DIRECTION('',(1.224646799147E-16,0.,-1.));
#7049 = DIRECTION('',(1.,0.,1.224646799147E-16));
#7050 = ADVANCED_FACE('',(#7051),#7077,.T.);
#7051 = FACE_BOUND('',#7052,.F.);
#7052 = EDGE_LOOP('',(#7053,#7054,#7062,#7071));
#7053 = ORIENTED_EDGE('',*,*,#3739,.T.);
#7054 = ORIENTED_EDGE('',*,*,#7055,.F.);
#7055 = EDGE_CURVE('',#7056,#3740,#7058,.T.);
#7056 = VERTEX_POINT('',#7057);
#7057 = CARTESIAN_POINT('',(-60.28809501329,56.5625,-4.5));
#7058 = LINE('',#7059,#7060);
#7059 = CARTESIAN_POINT('',(-56.79367061317,56.5625,-4.5));
#7060 = VECTOR('',#7061,1.);
#7061 = DIRECTION('',(-1.,0.,-1.224646799147E-16));
#7062 = ORIENTED_EDGE('',*,*,#7063,.F.);
#7063 = EDGE_CURVE('',#7064,#7056,#7066,.T.);
#7064 = VERTEX_POINT('',#7065);
#7065 = CARTESIAN_POINT('',(-58.7119049867,56.5625,-4.5));
#7066 = CIRCLE('',#7067,1.75);
#7067 = AXIS2_PLACEMENT_3D('',#7068,#7069,#7070);
#7068 = CARTESIAN_POINT('',(-59.5,54.999999999994,-4.5));
#7069 = DIRECTION('',(-1.224646799147E-16,0.,1.));
#7070 = DIRECTION('',(-1.,0.,-1.224646799147E-16));
#7071 = ORIENTED_EDGE('',*,*,#7072,.F.);
#7072 = EDGE_CURVE('',#3731,#7064,#7073,.T.);
#7073 = LINE('',#7074,#7075);
#7074 = CARTESIAN_POINT('',(-56.79367061317,56.5625,-4.5));
#7075 = VECTOR('',#7076,1.);
#7076 = DIRECTION('',(-1.,0.,-1.224646799147E-16));
#7077 = PLANE('',#7078);
#7078 = AXIS2_PLACEMENT_3D('',#7079,#7080,#7081);
#7079 = CARTESIAN_POINT('',(-29.75,53.,-4.5));
#7080 = DIRECTION('',(1.224646799147E-16,0.,-1.));
#7081 = DIRECTION('',(1.,0.,1.224646799147E-16));
#7082 = ADVANCED_FACE('',(#7083),#7109,.T.);
#7083 = FACE_BOUND('',#7084,.F.);
#7084 = EDGE_LOOP('',(#7085,#7093,#7094,#7102));
#7085 = ORIENTED_EDGE('',*,*,#7086,.F.);
#7086 = EDGE_CURVE('',#3722,#7087,#7089,.T.);
#7087 = VERTEX_POINT('',#7088);
#7088 = CARTESIAN_POINT('',(-58.54088281324,53.53623969787,-4.5));
#7089 = LINE('',#7090,#7091);
#7090 = CARTESIAN_POINT('',(-59.5,51.875,-4.5));
#7091 = VECTOR('',#7092,1.);
#7092 = DIRECTION('',(0.5,0.866025403784,6.123233995737E-17));
#7093 = ORIENTED_EDGE('',*,*,#3730,.T.);
#7094 = ORIENTED_EDGE('',*,*,#7095,.F.);
#7095 = EDGE_CURVE('',#7096,#3731,#7098,.T.);
#7096 = VERTEX_POINT('',#7097);
#7097 = CARTESIAN_POINT('',(-57.75278779993,54.901260302121,-4.5));
#7098 = LINE('',#7099,#7100);
#7099 = CARTESIAN_POINT('',(-59.5,51.875,-4.5));
#7100 = VECTOR('',#7101,1.);
#7101 = DIRECTION('',(0.5,0.866025403784,6.123233995737E-17));
#7102 = ORIENTED_EDGE('',*,*,#7103,.F.);
#7103 = EDGE_CURVE('',#7087,#7096,#7104,.T.);
#7104 = CIRCLE('',#7105,1.75);
#7105 = AXIS2_PLACEMENT_3D('',#7106,#7107,#7108);
#7106 = CARTESIAN_POINT('',(-59.5,54.999999999994,-4.5));
#7107 = DIRECTION('',(-1.224646799147E-16,0.,1.));
#7108 = DIRECTION('',(-1.,0.,-1.224646799147E-16));
#7109 = PLANE('',#7110);
#7110 = AXIS2_PLACEMENT_3D('',#7111,#7112,#7113);
#7111 = CARTESIAN_POINT('',(-29.75,53.,-4.5));
#7112 = DIRECTION('',(1.224646799147E-16,0.,-1.));
#7113 = DIRECTION('',(1.,0.,1.224646799147E-16));
#7114 = ADVANCED_FACE('',(#7115),#7140,.F.);
#7115 = FACE_BOUND('',#7116,.F.);
#7116 = EDGE_LOOP('',(#7117,#7125,#7133,#7139));
#7117 = ORIENTED_EDGE('',*,*,#7118,.T.);
#7118 = EDGE_CURVE('',#3800,#7119,#7121,.T.);
#7119 = VERTEX_POINT('',#7120);
#7120 = CARTESIAN_POINT('',(42.249999999999,140.6,1.587713240273));
#7121 = LINE('',#7122,#7123);
#7122 = CARTESIAN_POINT('',(42.249999999999,137.6,1.587713240273));
#7123 = VECTOR('',#7124,1.);
#7124 = DIRECTION('',(2.694222958124E-32,1.,-2.2E-16));
#7125 = ORIENTED_EDGE('',*,*,#7126,.T.);
#7126 = EDGE_CURVE('',#7119,#7127,#7129,.T.);
#7127 = VERTEX_POINT('',#7128);
#7128 = CARTESIAN_POINT('',(42.249999999999,140.6,-1.587713240269));
#7129 = LINE('',#7130,#7131);
#7130 = CARTESIAN_POINT('',(42.249999999999,140.6,1.587713240273));
#7131 = VECTOR('',#7132,1.);
#7132 = DIRECTION('',(-4.015753532009E-14,0.,-1.));
#7133 = ORIENTED_EDGE('',*,*,#7134,.F.);
#7134 = EDGE_CURVE('',#3802,#7127,#7135,.T.);
#7135 = LINE('',#7136,#7137);
#7136 = CARTESIAN_POINT('',(42.249999999999,137.6,-1.587713240269));
#7137 = VECTOR('',#7138,1.);
#7138 = DIRECTION('',(2.694222958124E-32,1.,-2.2E-16));
#7139 = ORIENTED_EDGE('',*,*,#3799,.F.);
#7140 = PLANE('',#7141);
#7141 = AXIS2_PLACEMENT_3D('',#7142,#7143,#7144);
#7142 = CARTESIAN_POINT('',(42.249999999999,137.6,1.587713240273));
#7143 = DIRECTION('',(-1.,0.,4.015753532009E-14));
#7144 = DIRECTION('',(-4.015753532009E-14,-2.2E-16,-1.));
#7145 = ADVANCED_FACE('',(#7146),#7164,.F.);
#7146 = FACE_BOUND('',#7147,.F.);
#7147 = EDGE_LOOP('',(#7148,#7156,#7162,#7163));
#7148 = ORIENTED_EDGE('',*,*,#7149,.T.);
#7149 = EDGE_CURVE('',#3810,#7150,#7152,.T.);
#7150 = VERTEX_POINT('',#7151);
#7151 = CARTESIAN_POINT('',(45.000000000001,140.6,3.175426480542));
#7152 = LINE('',#7153,#7154);
#7153 = CARTESIAN_POINT('',(45.000000000001,137.6,3.175426480542));
#7154 = VECTOR('',#7155,1.);
#7155 = DIRECTION('',(2.694222958124E-32,1.,-2.2E-16));
#7156 = ORIENTED_EDGE('',*,*,#7157,.T.);
#7157 = EDGE_CURVE('',#7150,#7119,#7158,.T.);
#7158 = LINE('',#7159,#7160);
#7159 = CARTESIAN_POINT('',(45.000000000001,140.6,3.175426480542));
#7160 = VECTOR('',#7161,1.);
#7161 = DIRECTION('',(-0.866025403785,0.,-0.499999999999));
#7162 = ORIENTED_EDGE('',*,*,#7118,.F.);
#7163 = ORIENTED_EDGE('',*,*,#3809,.F.);
#7164 = PLANE('',#7165);
#7165 = AXIS2_PLACEMENT_3D('',#7166,#7167,#7168);
#7166 = CARTESIAN_POINT('',(45.000000000001,137.6,3.175426480542));
#7167 = DIRECTION('',(-0.499999999999,1.9E-16,0.866025403785));
#7168 = DIRECTION('',(-0.866025403785,-1.1E-16,-0.499999999999));
#7169 = ADVANCED_FACE('',(#7170),#7188,.F.);
#7170 = FACE_BOUND('',#7171,.F.);
#7171 = EDGE_LOOP('',(#7172,#7180,#7186,#7187));
#7172 = ORIENTED_EDGE('',*,*,#7173,.T.);
#7173 = EDGE_CURVE('',#3818,#7174,#7176,.T.);
#7174 = VERTEX_POINT('',#7175);
#7175 = CARTESIAN_POINT('',(47.749999999999,140.6,1.58771324027));
#7176 = LINE('',#7177,#7178);
#7177 = CARTESIAN_POINT('',(47.749999999999,137.6,1.58771324027));
#7178 = VECTOR('',#7179,1.);
#7179 = DIRECTION('',(2.694222958124E-32,1.,-2.2E-16));
#7180 = ORIENTED_EDGE('',*,*,#7181,.T.);
#7181 = EDGE_CURVE('',#7174,#7150,#7182,.T.);
#7182 = LINE('',#7183,#7184);
#7183 = CARTESIAN_POINT('',(47.749999999999,140.6,1.58771324027));
#7184 = VECTOR('',#7185,1.);
#7185 = DIRECTION('',(-0.866025403784,0.,0.5));
#7186 = ORIENTED_EDGE('',*,*,#7149,.F.);
#7187 = ORIENTED_EDGE('',*,*,#3817,.F.);
#7188 = PLANE('',#7189);
#7189 = AXIS2_PLACEMENT_3D('',#7190,#7191,#7192);
#7190 = CARTESIAN_POINT('',(47.749999999999,137.6,1.58771324027));
#7191 = DIRECTION('',(0.5,1.9E-16,0.866025403784));
#7192 = DIRECTION('',(-0.866025403784,1.1E-16,0.5));
#7193 = ADVANCED_FACE('',(#7194),#7212,.F.);
#7194 = FACE_BOUND('',#7195,.F.);
#7195 = EDGE_LOOP('',(#7196,#7204,#7210,#7211));
#7196 = ORIENTED_EDGE('',*,*,#7197,.T.);
#7197 = EDGE_CURVE('',#3826,#7198,#7200,.T.);
#7198 = VERTEX_POINT('',#7199);
#7199 = CARTESIAN_POINT('',(47.749999999999,140.6,-1.58771324027));
#7200 = LINE('',#7201,#7202);
#7201 = CARTESIAN_POINT('',(47.749999999999,137.6,-1.58771324027));
#7202 = VECTOR('',#7203,1.);
#7203 = DIRECTION('',(2.694222958124E-32,1.,-2.2E-16));
#7204 = ORIENTED_EDGE('',*,*,#7205,.T.);
#7205 = EDGE_CURVE('',#7198,#7174,#7206,.T.);
#7206 = LINE('',#7207,#7208);
#7207 = CARTESIAN_POINT('',(47.749999999999,140.6,-1.58771324027));
#7208 = VECTOR('',#7209,1.);
#7209 = DIRECTION('',(-1.224646799147E-16,0.,1.));
#7210 = ORIENTED_EDGE('',*,*,#7173,.F.);
#7211 = ORIENTED_EDGE('',*,*,#3825,.F.);
#7212 = PLANE('',#7213);
#7213 = AXIS2_PLACEMENT_3D('',#7214,#7215,#7216);
#7214 = CARTESIAN_POINT('',(47.749999999999,137.6,-1.58771324027));
#7215 = DIRECTION('',(1.,0.,1.224646799147E-16));
#7216 = DIRECTION('',(-1.224646799147E-16,2.2E-16,1.));
#7217 = ADVANCED_FACE('',(#7218),#7236,.F.);
#7218 = FACE_BOUND('',#7219,.F.);
#7219 = EDGE_LOOP('',(#7220,#7228,#7234,#7235));
#7220 = ORIENTED_EDGE('',*,*,#7221,.T.);
#7221 = EDGE_CURVE('',#3834,#7222,#7224,.T.);
#7222 = VERTEX_POINT('',#7223);
#7223 = CARTESIAN_POINT('',(45.000000000001,140.6,-3.175426480542));
#7224 = LINE('',#7225,#7226);
#7225 = CARTESIAN_POINT('',(45.000000000001,137.6,-3.175426480542));
#7226 = VECTOR('',#7227,1.);
#7227 = DIRECTION('',(2.694222958124E-32,1.,-2.2E-16));
#7228 = ORIENTED_EDGE('',*,*,#7229,.T.);
#7229 = EDGE_CURVE('',#7222,#7198,#7230,.T.);
#7230 = LINE('',#7231,#7232);
#7231 = CARTESIAN_POINT('',(45.000000000001,140.6,-3.175426480542));
#7232 = VECTOR('',#7233,1.);
#7233 = DIRECTION('',(0.866025403784,-0.,0.5));
#7234 = ORIENTED_EDGE('',*,*,#7197,.F.);
#7235 = ORIENTED_EDGE('',*,*,#3833,.F.);
#7236 = PLANE('',#7237);
#7237 = AXIS2_PLACEMENT_3D('',#7238,#7239,#7240);
#7238 = CARTESIAN_POINT('',(45.000000000001,137.6,-3.175426480542));
#7239 = DIRECTION('',(0.5,-1.9E-16,-0.866025403784));
#7240 = DIRECTION('',(0.866025403784,1.1E-16,0.5));
#7241 = ADVANCED_FACE('',(#7242),#7253,.F.);
#7242 = FACE_BOUND('',#7243,.F.);
#7243 = EDGE_LOOP('',(#7244,#7245,#7251,#7252));
#7244 = ORIENTED_EDGE('',*,*,#7134,.T.);
#7245 = ORIENTED_EDGE('',*,*,#7246,.T.);
#7246 = EDGE_CURVE('',#7127,#7222,#7247,.T.);
#7247 = LINE('',#7248,#7249);
#7248 = CARTESIAN_POINT('',(42.249999999999,140.6,-1.587713240269));
#7249 = VECTOR('',#7250,1.);
#7250 = DIRECTION('',(0.866025403784,0.,-0.5));
#7251 = ORIENTED_EDGE('',*,*,#7221,.F.);
#7252 = ORIENTED_EDGE('',*,*,#3841,.F.);
#7253 = PLANE('',#7254);
#7254 = AXIS2_PLACEMENT_3D('',#7255,#7256,#7257);
#7255 = CARTESIAN_POINT('',(42.249999999999,137.6,-1.587713240269));
#7256 = DIRECTION('',(-0.5,-1.9E-16,-0.866025403784));
#7257 = DIRECTION('',(0.866025403784,-1.1E-16,-0.5));
#7258 = ADVANCED_FACE('',(#7259),#7276,.T.);
#7259 = FACE_BOUND('',#7260,.T.);
#7260 = EDGE_LOOP('',(#7261,#7262,#7263,#7269,#7270));
#7261 = ORIENTED_EDGE('',*,*,#4083,.T.);
#7262 = ORIENTED_EDGE('',*,*,#4056,.T.);
#7263 = ORIENTED_EDGE('',*,*,#7264,.F.);
#7264 = EDGE_CURVE('',#6516,#4057,#7265,.T.);
#7265 = LINE('',#7266,#7267);
#7266 = CARTESIAN_POINT('',(62.206329386826,56.5625,-4.5));
#7267 = VECTOR('',#7268,1.);
#7268 = DIRECTION('',(-0.5,-0.866025403784,-6.123233995737E-17));
#7269 = ORIENTED_EDGE('',*,*,#6513,.F.);
#7270 = ORIENTED_EDGE('',*,*,#7271,.F.);
#7271 = EDGE_CURVE('',#4075,#6514,#7272,.T.);
#7272 = LINE('',#7273,#7274);
#7273 = CARTESIAN_POINT('',(62.206329386826,56.5625,-4.5));
#7274 = VECTOR('',#7275,1.);
#7275 = DIRECTION('',(-0.5,-0.866025403784,-6.123233995737E-17));
#7276 = PLANE('',#7277);
#7277 = AXIS2_PLACEMENT_3D('',#7278,#7279,#7280);
#7278 = CARTESIAN_POINT('',(29.75,53.,-4.5));
#7279 = DIRECTION('',(1.224646799147E-16,0.,-1.));
#7280 = DIRECTION('',(1.,0.,1.224646799147E-16));
#7281 = ADVANCED_FACE('',(#7282),#7298,.T.);
#7282 = FACE_BOUND('',#7283,.T.);
#7283 = EDGE_LOOP('',(#7284,#7285,#7291,#7292));
#7284 = ORIENTED_EDGE('',*,*,#4074,.T.);
#7285 = ORIENTED_EDGE('',*,*,#7286,.F.);
#7286 = EDGE_CURVE('',#6559,#4075,#7287,.T.);
#7287 = LINE('',#7288,#7289);
#7288 = CARTESIAN_POINT('',(56.793670613174,56.5625,-4.5));
#7289 = VECTOR('',#7290,1.);
#7290 = DIRECTION('',(1.,0.,1.224646799147E-16));
#7291 = ORIENTED_EDGE('',*,*,#6566,.F.);
#7292 = ORIENTED_EDGE('',*,*,#7293,.F.);
#7293 = EDGE_CURVE('',#4066,#6567,#7294,.T.);
#7294 = LINE('',#7295,#7296);
#7295 = CARTESIAN_POINT('',(56.793670613174,56.5625,-4.5));
#7296 = VECTOR('',#7297,1.);
#7297 = DIRECTION('',(1.,0.,1.224646799147E-16));
#7298 = PLANE('',#7299);
#7299 = AXIS2_PLACEMENT_3D('',#7300,#7301,#7302);
#7300 = CARTESIAN_POINT('',(29.75,53.,-4.5));
#7301 = DIRECTION('',(1.224646799147E-16,0.,-1.));
#7302 = DIRECTION('',(1.,0.,1.224646799147E-16));
#7303 = ADVANCED_FACE('',(#7304),#7320,.T.);
#7304 = FACE_BOUND('',#7305,.T.);
#7305 = EDGE_LOOP('',(#7306,#7312,#7313,#7319));
#7306 = ORIENTED_EDGE('',*,*,#7307,.F.);
#7307 = EDGE_CURVE('',#4057,#6601,#7308,.T.);
#7308 = LINE('',#7309,#7310);
#7309 = CARTESIAN_POINT('',(59.5,51.875,-4.5));
#7310 = VECTOR('',#7311,1.);
#7311 = DIRECTION('',(-0.5,0.866025403784,-6.123233995737E-17));
#7312 = ORIENTED_EDGE('',*,*,#4065,.T.);
#7313 = ORIENTED_EDGE('',*,*,#7314,.F.);
#7314 = EDGE_CURVE('',#6593,#4066,#7315,.T.);
#7315 = LINE('',#7316,#7317);
#7316 = CARTESIAN_POINT('',(59.5,51.875,-4.5));
#7317 = VECTOR('',#7318,1.);
#7318 = DIRECTION('',(-0.5,0.866025403784,-6.123233995737E-17));
#7319 = ORIENTED_EDGE('',*,*,#6600,.F.);
#7320 = PLANE('',#7321);
#7321 = AXIS2_PLACEMENT_3D('',#7322,#7323,#7324);
#7322 = CARTESIAN_POINT('',(29.75,53.,-4.5));
#7323 = DIRECTION('',(1.224646799147E-16,0.,-1.));
#7324 = DIRECTION('',(1.,0.,1.224646799147E-16));
#7325 = ADVANCED_FACE('',(#7326,#7343,#7417),#7491,.T.);
#7326 = FACE_BOUND('',#7327,.F.);
#7327 = EDGE_LOOP('',(#7328,#7329,#7330,#7331,#7332,#7333,#7334,#7335,
    #7336,#7337,#7338,#7339,#7340,#7341,#7342));
#7328 = ORIENTED_EDGE('',*,*,#4188,.T.);
#7329 = ORIENTED_EDGE('',*,*,#4238,.T.);
#7330 = ORIENTED_EDGE('',*,*,#4290,.T.);
#7331 = ORIENTED_EDGE('',*,*,#4342,.T.);
#7332 = ORIENTED_EDGE('',*,*,#4394,.T.);
#7333 = ORIENTED_EDGE('',*,*,#4446,.T.);
#7334 = ORIENTED_EDGE('',*,*,#4498,.T.);
#7335 = ORIENTED_EDGE('',*,*,#4479,.T.);
#7336 = ORIENTED_EDGE('',*,*,#4427,.T.);
#7337 = ORIENTED_EDGE('',*,*,#4375,.T.);
#7338 = ORIENTED_EDGE('',*,*,#4323,.T.);
#7339 = ORIENTED_EDGE('',*,*,#4271,.T.);
#7340 = ORIENTED_EDGE('',*,*,#4219,.T.);
#7341 = ORIENTED_EDGE('',*,*,#4171,.T.);
#7342 = ORIENTED_EDGE('',*,*,#4140,.T.);
#7343 = FACE_BOUND('',#7344,.F.);
#7344 = EDGE_LOOP('',(#7345,#7355,#7363,#7371,#7379,#7387,#7395,#7403,
    #7411));
#7345 = ORIENTED_EDGE('',*,*,#7346,.T.);
#7346 = EDGE_CURVE('',#7347,#7349,#7351,.T.);
#7347 = VERTEX_POINT('',#7348);
#7348 = CARTESIAN_POINT('',(1.579941760465,67.197674418605,-14.5));
#7349 = VERTEX_POINT('',#7350);
#7350 = CARTESIAN_POINT('',(1.579941760465,64.023255813953,-14.5));
#7351 = LINE('',#7352,#7353);
#7352 = CARTESIAN_POINT('',(1.579941760465,67.197674418605,-14.5));
#7353 = VECTOR('',#7354,1.);
#7354 = DIRECTION('',(0.,-1.,-0.));
#7355 = ORIENTED_EDGE('',*,*,#7356,.T.);
#7356 = EDGE_CURVE('',#7349,#7357,#7359,.T.);
#7357 = VERTEX_POINT('',#7358);
#7358 = CARTESIAN_POINT('',(-0.660247193023,64.023255813953,-14.5));
#7359 = LINE('',#7360,#7361);
#7360 = CARTESIAN_POINT('',(1.579941760465,64.023255813953,-14.5));
#7361 = VECTOR('',#7362,1.);
#7362 = DIRECTION('',(-1.,0.,-1.224646799147E-16));
#7363 = ORIENTED_EDGE('',*,*,#7364,.T.);
#7364 = EDGE_CURVE('',#7357,#7365,#7367,.T.);
#7365 = VERTEX_POINT('',#7366);
#7366 = CARTESIAN_POINT('',(-2.319949227907,64.096293604651,-14.5));
#7367 = B_SPLINE_CURVE_WITH_KNOTS('',2,(#7368,#7369,#7370),
  .UNSPECIFIED.,.F.,.F.,(3,3),(0.,1.),.PIECEWISE_BEZIER_KNOTS.);
#7368 = CARTESIAN_POINT('',(-0.660247193023,64.023255813953,-14.5));
#7369 = CARTESIAN_POINT('',(-1.968386727907,64.023255813953,-14.5));
#7370 = CARTESIAN_POINT('',(-2.319949227907,64.096293604651,-14.5));
#7371 = ORIENTED_EDGE('',*,*,#7372,.T.);
#7372 = EDGE_CURVE('',#7365,#7373,#7375,.T.);
#7373 = VERTEX_POINT('',#7374);
#7374 = CARTESIAN_POINT('',(-3.198582948837,64.569949127907,-14.5));
#7375 = B_SPLINE_CURVE_WITH_KNOTS('',2,(#7376,#7377,#7378),
  .UNSPECIFIED.,.F.,.F.,(3,3),(0.,1.),.PIECEWISE_BEZIER_KNOTS.);
#7376 = CARTESIAN_POINT('',(-2.319949227907,64.096293604651,-14.5));
#7377 = CARTESIAN_POINT('',(-2.859556786047,64.193313953488,-14.5));
#7378 = CARTESIAN_POINT('',(-3.198582948837,64.569949127907,-14.5));
#7379 = ORIENTED_EDGE('',*,*,#7380,.T.);
#7380 = EDGE_CURVE('',#7373,#7381,#7383,.T.);
#7381 = VERTEX_POINT('',#7382);
#7382 = CARTESIAN_POINT('',(-3.538154169767,65.578306686047,-14.5));
#7383 = B_SPLINE_CURVE_WITH_KNOTS('',2,(#7384,#7385,#7386),
  .UNSPECIFIED.,.F.,.F.,(3,3),(0.,1.),.PIECEWISE_BEZIER_KNOTS.);
#7384 = CARTESIAN_POINT('',(-3.198582948837,64.569949127907,-14.5));
#7385 = CARTESIAN_POINT('',(-3.538154169767,64.946584302326,-14.5));
#7386 = CARTESIAN_POINT('',(-3.538154169767,65.578306686047,-14.5));
#7387 = ORIENTED_EDGE('',*,*,#7388,.T.);
#7388 = EDGE_CURVE('',#7381,#7389,#7391,.T.);
#7389 = VERTEX_POINT('',#7390);
#7390 = CARTESIAN_POINT('',(-3.276526262791,66.484738372093,-14.5));
#7391 = B_SPLINE_CURVE_WITH_KNOTS('',2,(#7392,#7393,#7394),
  .UNSPECIFIED.,.F.,.F.,(3,3),(0.,1.),.PIECEWISE_BEZIER_KNOTS.);
#7392 = CARTESIAN_POINT('',(-3.538154169767,65.578306686047,-14.5));
#7393 = CARTESIAN_POINT('',(-3.538154169767,66.112463662791,-14.5));
#7394 = CARTESIAN_POINT('',(-3.276526262791,66.484738372093,-14.5));
#7395 = ORIENTED_EDGE('',*,*,#7396,.T.);
#7396 = EDGE_CURVE('',#7389,#7397,#7399,.T.);
#7397 = VERTEX_POINT('',#7398);
#7398 = CARTESIAN_POINT('',(-2.519985565116,67.02761627907,-14.5));
#7399 = B_SPLINE_CURVE_WITH_KNOTS('',2,(#7400,#7401,#7402),
  .UNSPECIFIED.,.F.,.F.,(3,3),(0.,1.),.PIECEWISE_BEZIER_KNOTS.);
#7400 = CARTESIAN_POINT('',(-3.276526262791,66.484738372093,-14.5));
#7401 = CARTESIAN_POINT('',(-3.014898355814,66.857558139535,-14.5));
#7402 = CARTESIAN_POINT('',(-2.519985565116,67.02761627907,-14.5));
#7403 = ORIENTED_EDGE('',*,*,#7404,.T.);
#7404 = EDGE_CURVE('',#7397,#7405,#7407,.T.);
#7405 = VERTEX_POINT('',#7406);
#7406 = CARTESIAN_POINT('',(-0.374091669767,67.197674418605,-14.5));
#7407 = B_SPLINE_CURVE_WITH_KNOTS('',2,(#7408,#7409,#7410),
  .UNSPECIFIED.,.F.,.F.,(3,3),(0.,1.),.PIECEWISE_BEZIER_KNOTS.);
#7408 = CARTESIAN_POINT('',(-2.519985565116,67.02761627907,-14.5));
#7409 = CARTESIAN_POINT('',(-2.025617832558,67.197674418605,-14.5));
#7410 = CARTESIAN_POINT('',(-0.374091669767,67.197674418605,-14.5));
#7411 = ORIENTED_EDGE('',*,*,#7412,.T.);
#7412 = EDGE_CURVE('',#7405,#7347,#7413,.T.);
#7413 = LINE('',#7414,#7415);
#7414 = CARTESIAN_POINT('',(-0.374091669767,67.197674418605,-14.5));
#7415 = VECTOR('',#7416,1.);
#7416 = DIRECTION('',(1.,0.,1.224646799147E-16));
#7417 = FACE_BOUND('',#7418,.F.);
#7418 = EDGE_LOOP('',(#7419,#7429,#7437,#7445,#7453,#7461,#7469,#7477,
    #7485));
#7419 = ORIENTED_EDGE('',*,*,#7420,.T.);
#7420 = EDGE_CURVE('',#7421,#7423,#7425,.T.);
#7421 = VERTEX_POINT('',#7422);
#7422 = CARTESIAN_POINT('',(1.579941760465,71.976744186047,-14.5));
#7423 = VERTEX_POINT('',#7424);
#7424 = CARTESIAN_POINT('',(1.579941760465,69.220930232558,-14.5));
#7425 = LINE('',#7426,#7427);
#7426 = CARTESIAN_POINT('',(1.579941760465,71.976744186047,-14.5));
#7427 = VECTOR('',#7428,1.);
#7428 = DIRECTION('',(0.,-1.,-0.));
#7429 = ORIENTED_EDGE('',*,*,#7430,.T.);
#7430 = EDGE_CURVE('',#7423,#7431,#7433,.T.);
#7431 = VERTEX_POINT('',#7432);
#7432 = CARTESIAN_POINT('',(-6.177425581395E-03,69.220930232558,-14.5));
#7433 = LINE('',#7434,#7435);
#7434 = CARTESIAN_POINT('',(1.579941760465,69.220930232558,-14.5));
#7435 = VECTOR('',#7436,1.);
#7436 = DIRECTION('',(-1.,0.,-1.224646799147E-16));
#7437 = ORIENTED_EDGE('',*,*,#7438,.T.);
#7438 = EDGE_CURVE('',#7431,#7439,#7441,.T.);
#7439 = VERTEX_POINT('',#7440);
#7440 = CARTESIAN_POINT('',(-1.763989925581,69.261809593023,-14.5));
#7441 = B_SPLINE_CURVE_WITH_KNOTS('',2,(#7442,#7443,#7444),
  .UNSPECIFIED.,.F.,.F.,(3,3),(0.,1.),.PIECEWISE_BEZIER_KNOTS.);
#7442 = CARTESIAN_POINT('',(-6.177425581395E-03,69.220930232558,-14.5));
#7443 = CARTESIAN_POINT('',(-1.420603297674,69.220930232558,-14.5));
#7444 = CARTESIAN_POINT('',(-1.763989925581,69.261809593023,-14.5));
#7445 = ORIENTED_EDGE('',*,*,#7446,.T.);
#7446 = EDGE_CURVE('',#7439,#7447,#7449,.T.);
#7447 = VERTEX_POINT('',#7448);
#7448 = CARTESIAN_POINT('',(-2.740734111628,69.68804505814,-14.5));
#7449 = B_SPLINE_CURVE_WITH_KNOTS('',2,(#7450,#7451,#7452),
  .UNSPECIFIED.,.F.,.F.,(3,3),(0.,1.),.PIECEWISE_BEZIER_KNOTS.);
#7450 = CARTESIAN_POINT('',(-1.763989925581,69.261809593023,-14.5));
#7451 = CARTESIAN_POINT('',(-2.385356204651,69.334847383721,-14.5));
#7452 = CARTESIAN_POINT('',(-2.740734111628,69.68804505814,-14.5));
#7453 = ORIENTED_EDGE('',*,*,#7454,.T.);
#7454 = EDGE_CURVE('',#7447,#7455,#7457,.T.);
#7455 = VERTEX_POINT('',#7456);
#7456 = CARTESIAN_POINT('',(-3.096657076744,70.619004360465,-14.5));
#7457 = B_SPLINE_CURVE_WITH_KNOTS('',2,(#7458,#7459,#7460),
  .UNSPECIFIED.,.F.,.F.,(3,3),(0.,1.),.PIECEWISE_BEZIER_KNOTS.);
#7458 = CARTESIAN_POINT('',(-2.740734111628,69.68804505814,-14.5));
#7459 = CARTESIAN_POINT('',(-3.096657076744,70.041787790698,-14.5));
#7460 = CARTESIAN_POINT('',(-3.096657076744,70.619004360465,-14.5));
#7461 = ORIENTED_EDGE('',*,*,#7462,.T.);
#7462 = EDGE_CURVE('',#7455,#7463,#7465,.T.);
#7463 = VERTEX_POINT('',#7464);
#7464 = CARTESIAN_POINT('',(-2.789789344186,71.517260174419,-14.5));
#7465 = B_SPLINE_CURVE_WITH_KNOTS('',2,(#7466,#7467,#7468),
  .UNSPECIFIED.,.F.,.F.,(3,3),(0.,1.),.PIECEWISE_BEZIER_KNOTS.);
#7466 = CARTESIAN_POINT('',(-3.096657076744,70.619004360465,-14.5));
#7467 = CARTESIAN_POINT('',(-3.096657076744,71.171693313953,-14.5));
#7468 = CARTESIAN_POINT('',(-2.789789344186,71.517260174419,-14.5));
#7469 = ORIENTED_EDGE('',*,*,#7470,.T.);
#7470 = EDGE_CURVE('',#7463,#7471,#7473,.T.);
#7471 = VERTEX_POINT('',#7472);
#7472 = CARTESIAN_POINT('',(-1.878452134884,71.935864825581,-14.5));
#7473 = B_SPLINE_CURVE_WITH_KNOTS('',2,(#7474,#7475,#7476),
  .UNSPECIFIED.,.F.,.F.,(3,3),(0.,1.),.PIECEWISE_BEZIER_KNOTS.);
#7474 = CARTESIAN_POINT('',(-2.789789344186,71.517260174419,-14.5));
#7475 = CARTESIAN_POINT('',(-2.483466669767,71.862827034884,-14.5));
#7476 = CARTESIAN_POINT('',(-1.878452134884,71.935864825581,-14.5));
#7477 = ORIENTED_EDGE('',*,*,#7478,.T.);
#7478 = EDGE_CURVE('',#7471,#7479,#7481,.T.);
#7479 = VERTEX_POINT('',#7480);
#7480 = CARTESIAN_POINT('',(0.190043504651,71.976744186047,-14.5));
#7481 = B_SPLINE_CURVE_WITH_KNOTS('',2,(#7482,#7483,#7484),
  .UNSPECIFIED.,.F.,.F.,(3,3),(0.,1.),.PIECEWISE_BEZIER_KNOTS.);
#7482 = CARTESIAN_POINT('',(-1.878452134884,71.935864825581,-14.5));
#7483 = CARTESIAN_POINT('',(-1.518713762791,71.976744186047,-14.5));
#7484 = CARTESIAN_POINT('',(0.190043504651,71.976744186047,-14.5));
#7485 = ORIENTED_EDGE('',*,*,#7486,.T.);
#7486 = EDGE_CURVE('',#7479,#7421,#7487,.T.);
#7487 = LINE('',#7488,#7489);
#7488 = CARTESIAN_POINT('',(0.190043504651,71.976744186047,-14.5));
#7489 = VECTOR('',#7490,1.);
#7490 = DIRECTION('',(1.,0.,1.224646799147E-16));
#7491 = PLANE('',#7492);
#7492 = AXIS2_PLACEMENT_3D('',#7493,#7494,#7495);
#7493 = CARTESIAN_POINT('',(-0.606995514532,67.95739610597,-14.5));
#7494 = DIRECTION('',(1.224646799147E-16,0.,-1.));
#7495 = DIRECTION('',(-1.,0.,-1.224646799147E-16));
#7496 = ADVANCED_FACE('',(#7497),#7515,.T.);
#7497 = FACE_BOUND('',#7498,.T.);
#7498 = EDGE_LOOP('',(#7499,#7506,#7507,#7514));
#7499 = ORIENTED_EDGE('',*,*,#7500,.F.);
#7500 = EDGE_CURVE('',#4794,#4517,#7501,.T.);
#7501 = CIRCLE('',#7502,6.21153744479);
#7502 = AXIS2_PLACEMENT_3D('',#7503,#7504,#7505);
#7503 = CARTESIAN_POINT('',(-0.9,131.66025403784,6.28846255521));
#7504 = DIRECTION('',(-1.,0.,-1.224646799147E-16));
#7505 = DIRECTION('',(0.,1.,0.));
#7506 = ORIENTED_EDGE('',*,*,#4802,.T.);
#7507 = ORIENTED_EDGE('',*,*,#7508,.T.);
#7508 = EDGE_CURVE('',#4803,#4519,#7509,.T.);
#7509 = CIRCLE('',#7510,6.21153744479);
#7510 = AXIS2_PLACEMENT_3D('',#7511,#7512,#7513);
#7511 = CARTESIAN_POINT('',(0.9,131.66025403784,6.28846255521));
#7512 = DIRECTION('',(-1.,0.,-1.224646799147E-16));
#7513 = DIRECTION('',(0.,1.,0.));
#7514 = ORIENTED_EDGE('',*,*,#4516,.F.);
#7515 = CYLINDRICAL_SURFACE('',#7516,6.21153744479);
#7516 = AXIS2_PLACEMENT_3D('',#7517,#7518,#7519);
#7517 = CARTESIAN_POINT('',(-170.18691809,131.66025403784,6.28846255521)
  );
#7518 = DIRECTION('',(-1.,0.,-1.224646799147E-16));
#7519 = DIRECTION('',(0.,1.,0.));
#7520 = ADVANCED_FACE('',(#7521),#7564,.T.);
#7521 = FACE_BOUND('',#7522,.F.);
#7522 = EDGE_LOOP('',(#7523,#7524,#7525,#7533,#7541,#7549,#7557,#7563));
#7523 = ORIENTED_EDGE('',*,*,#7500,.F.);
#7524 = ORIENTED_EDGE('',*,*,#4793,.T.);
#7525 = ORIENTED_EDGE('',*,*,#7526,.T.);
#7526 = EDGE_CURVE('',#4786,#7527,#7529,.T.);
#7527 = VERTEX_POINT('',#7528);
#7528 = CARTESIAN_POINT('',(-0.9,120.,-14.));
#7529 = LINE('',#7530,#7531);
#7530 = CARTESIAN_POINT('',(-0.9,120.,12.5));
#7531 = VECTOR('',#7532,1.);
#7532 = DIRECTION('',(1.224646799147E-16,0.,-1.));
#7533 = ORIENTED_EDGE('',*,*,#7534,.T.);
#7534 = EDGE_CURVE('',#7527,#7535,#7537,.T.);
#7535 = VERTEX_POINT('',#7536);
#7536 = CARTESIAN_POINT('',(-0.9,130.00001533747,-14.00000095367));
#7537 = LINE('',#7538,#7539);
#7538 = CARTESIAN_POINT('',(-0.9,120.,-14.));
#7539 = VECTOR('',#7540,1.);
#7540 = DIRECTION('',(-0.,1.,0.));
#7541 = ORIENTED_EDGE('',*,*,#7542,.T.);
#7542 = EDGE_CURVE('',#7535,#7543,#7545,.T.);
#7543 = VERTEX_POINT('',#7544);
#7544 = CARTESIAN_POINT('',(-0.9,130.00001533747,-13.00000190734));
#7545 = LINE('',#7546,#7547);
#7546 = CARTESIAN_POINT('',(-0.9,130.00001533747,-0.750000953674));
#7547 = VECTOR('',#7548,1.);
#7548 = DIRECTION('',(-1.224646799147E-16,0.,1.));
#7549 = ORIENTED_EDGE('',*,*,#7550,.F.);
#7550 = EDGE_CURVE('',#7551,#7543,#7553,.T.);
#7551 = VERTEX_POINT('',#7552);
#7552 = CARTESIAN_POINT('',(-0.9,140.2,-13.00000190734));
#7553 = LINE('',#7554,#7555);
#7554 = CARTESIAN_POINT('',(-0.9,121.84204500977,-13.00000190734));
#7555 = VECTOR('',#7556,1.);
#7556 = DIRECTION('',(0.,-1.,-0.));
#7557 = ORIENTED_EDGE('',*,*,#7558,.F.);
#7558 = EDGE_CURVE('',#4622,#7551,#7559,.T.);
#7559 = LINE('',#7560,#7561);
#7560 = CARTESIAN_POINT('',(-0.9,140.2,12.5));
#7561 = VECTOR('',#7562,1.);
#7562 = DIRECTION('',(1.224646799147E-16,0.,-1.));
#7563 = ORIENTED_EDGE('',*,*,#4629,.F.);
#7564 = PLANE('',#7565);
#7565 = AXIS2_PLACEMENT_3D('',#7566,#7567,#7568);
#7566 = CARTESIAN_POINT('',(-0.9,120.,12.5));
#7567 = DIRECTION('',(-1.,0.,-1.224646799147E-16));
#7568 = DIRECTION('',(0.,-1.,0.));
#7569 = ADVANCED_FACE('',(#7570),#7628,.F.);
#7570 = FACE_BOUND('',#7571,.T.);
#7571 = EDGE_LOOP('',(#7572,#7573,#7581,#7589,#7597,#7605,#7613,#7621,
    #7627));
#7572 = ORIENTED_EDGE('',*,*,#4621,.F.);
#7573 = ORIENTED_EDGE('',*,*,#7574,.T.);
#7574 = EDGE_CURVE('',#4614,#7575,#7577,.T.);
#7575 = VERTEX_POINT('',#7576);
#7576 = CARTESIAN_POINT('',(-27.14267691291,140.2,-13.));
#7577 = LINE('',#7578,#7579);
#7578 = CARTESIAN_POINT('',(-27.14267691291,140.2,12.5));
#7579 = VECTOR('',#7580,1.);
#7580 = DIRECTION('',(1.224646799147E-16,0.,-1.));
#7581 = ORIENTED_EDGE('',*,*,#7582,.T.);
#7582 = EDGE_CURVE('',#7575,#7583,#7585,.T.);
#7583 = VERTEX_POINT('',#7584);
#7584 = CARTESIAN_POINT('',(-20.99998774332,140.2,-13.00000127156));
#7585 = LINE('',#7586,#7587);
#7586 = CARTESIAN_POINT('',(-27.14267691291,140.2,-13.));
#7587 = VECTOR('',#7588,1.);
#7588 = DIRECTION('',(1.,0.,1.224646799147E-16));
#7589 = ORIENTED_EDGE('',*,*,#7590,.F.);
#7590 = EDGE_CURVE('',#7591,#7583,#7593,.T.);
#7591 = VERTEX_POINT('',#7592);
#7592 = CARTESIAN_POINT('',(-18.15001020388,140.2,-13.00000190734));
#7593 = LINE('',#7594,#7595);
#7594 = CARTESIAN_POINT('',(-13.57133305005,140.2,-13.00000190734));
#7595 = VECTOR('',#7596,1.);
#7596 = DIRECTION('',(-1.,0.,-1.224646799147E-16));
#7597 = ORIENTED_EDGE('',*,*,#7598,.F.);
#7598 = EDGE_CURVE('',#7599,#7591,#7601,.T.);
#7599 = VERTEX_POINT('',#7600);
#7600 = CARTESIAN_POINT('',(-18.15001020388,140.2,-10.50000190734));
#7601 = LINE('',#7602,#7603);
#7602 = CARTESIAN_POINT('',(-18.15001020388,140.2,-13.00000190734));
#7603 = VECTOR('',#7604,1.);
#7604 = DIRECTION('',(1.224646799147E-16,0.,-1.));
#7605 = ORIENTED_EDGE('',*,*,#7606,.T.);
#7606 = EDGE_CURVE('',#7599,#7607,#7609,.T.);
#7607 = VERTEX_POINT('',#7608);
#7608 = CARTESIAN_POINT('',(-11.84996601711,140.2,-10.50000190734));
#7609 = LINE('',#7610,#7611);
#7610 = CARTESIAN_POINT('',(-13.57133316737,140.2,-10.50000190734));
#7611 = VECTOR('',#7612,1.);
#7612 = DIRECTION('',(1.,0.,1.224646799147E-16));
#7613 = ORIENTED_EDGE('',*,*,#7614,.T.);
#7614 = EDGE_CURVE('',#7607,#7615,#7617,.T.);
#7615 = VERTEX_POINT('',#7616);
#7616 = CARTESIAN_POINT('',(-11.84996601711,140.2,-13.00000190734));
#7617 = LINE('',#7618,#7619);
#7618 = CARTESIAN_POINT('',(-11.84996601711,140.2,-13.00000190734));
#7619 = VECTOR('',#7620,1.);
#7620 = DIRECTION('',(1.224646799147E-16,0.,-1.));
#7621 = ORIENTED_EDGE('',*,*,#7622,.F.);
#7622 = EDGE_CURVE('',#7551,#7615,#7623,.T.);
#7623 = LINE('',#7624,#7625);
#7624 = CARTESIAN_POINT('',(-13.57133305005,140.2,-13.00000190734));
#7625 = VECTOR('',#7626,1.);
#7626 = DIRECTION('',(-1.,0.,-1.224646799147E-16));
#7627 = ORIENTED_EDGE('',*,*,#7558,.F.);
#7628 = PLANE('',#7629);
#7629 = AXIS2_PLACEMENT_3D('',#7630,#7631,#7632);
#7630 = CARTESIAN_POINT('',(-27.14267691291,140.2,12.5));
#7631 = DIRECTION('',(-0.,1.,0.));
#7632 = DIRECTION('',(-1.,-0.,-1.224646799147E-16));
#7633 = ADVANCED_FACE('',(#7634),#7652,.F.);
#7634 = FACE_BOUND('',#7635,.T.);
#7635 = EDGE_LOOP('',(#7636,#7637,#7645,#7651));
#7636 = ORIENTED_EDGE('',*,*,#4613,.F.);
#7637 = ORIENTED_EDGE('',*,*,#7638,.T.);
#7638 = EDGE_CURVE('',#4605,#7639,#7641,.T.);
#7639 = VERTEX_POINT('',#7640);
#7640 = CARTESIAN_POINT('',(-27.14267691291,139.2,-13.));
#7641 = LINE('',#7642,#7643);
#7642 = CARTESIAN_POINT('',(-27.14267691291,139.2,12.5));
#7643 = VECTOR('',#7644,1.);
#7644 = DIRECTION('',(1.224646799147E-16,0.,-1.));
#7645 = ORIENTED_EDGE('',*,*,#7646,.T.);
#7646 = EDGE_CURVE('',#7639,#7575,#7647,.T.);
#7647 = LINE('',#7648,#7649);
#7648 = CARTESIAN_POINT('',(-27.14267691291,139.2,-13.));
#7649 = VECTOR('',#7650,1.);
#7650 = DIRECTION('',(-0.,1.,0.));
#7651 = ORIENTED_EDGE('',*,*,#7574,.F.);
#7652 = PLANE('',#7653);
#7653 = AXIS2_PLACEMENT_3D('',#7654,#7655,#7656);
#7654 = CARTESIAN_POINT('',(-27.14267691291,139.2,12.5));
#7655 = DIRECTION('',(-1.,0.,-1.224646799147E-16));
#7656 = DIRECTION('',(0.,-1.,0.));
#7657 = ADVANCED_FACE('',(#7658),#7739,.T.);
#7658 = FACE_BOUND('',#7659,.T.);
#7659 = EDGE_LOOP('',(#7660,#7661,#7662,#7670,#7679,#7687,#7696,#7704,
    #7713,#7721,#7730,#7737,#7738));
#7660 = ORIENTED_EDGE('',*,*,#6727,.F.);
#7661 = ORIENTED_EDGE('',*,*,#4766,.T.);
#7662 = ORIENTED_EDGE('',*,*,#7663,.T.);
#7663 = EDGE_CURVE('',#4767,#7664,#7666,.T.);
#7664 = VERTEX_POINT('',#7665);
#7665 = CARTESIAN_POINT('',(-11.16500420796,120.,-14.));
#7666 = LINE('',#7667,#7668);
#7667 = CARTESIAN_POINT('',(-11.16500420796,120.,12.5));
#7668 = VECTOR('',#7669,1.);
#7669 = DIRECTION('',(1.224646799147E-16,0.,-1.));
#7670 = ORIENTED_EDGE('',*,*,#7671,.T.);
#7671 = EDGE_CURVE('',#7664,#7672,#7674,.T.);
#7672 = VERTEX_POINT('',#7673);
#7673 = CARTESIAN_POINT('',(-15.65681075209,130.00001662755,
    -14.00000095367));
#7674 = CIRCLE('',#7675,27.4);
#7675 = AXIS2_PLACEMENT_3D('',#7676,#7677,#7678);
#7676 = CARTESIAN_POINT('',(-37.9,114.,-14.));
#7677 = DIRECTION('',(-1.224646799147E-16,0.,1.));
#7678 = DIRECTION('',(-1.,0.,-1.224646799147E-16));
#7679 = ORIENTED_EDGE('',*,*,#7680,.T.);
#7680 = EDGE_CURVE('',#7672,#7681,#7683,.T.);
#7681 = VERTEX_POINT('',#7682);
#7682 = CARTESIAN_POINT('',(-15.65681075209,130.00001662755,
    -13.00000190734));
#7683 = LINE('',#7684,#7685);
#7684 = CARTESIAN_POINT('',(-15.65681075209,130.00001662755,12.5));
#7685 = VECTOR('',#7686,1.);
#7686 = DIRECTION('',(-1.224646799147E-16,0.,1.));
#7687 = ORIENTED_EDGE('',*,*,#7688,.T.);
#7688 = EDGE_CURVE('',#7681,#7689,#7691,.T.);
#7689 = VERTEX_POINT('',#7690);
#7690 = CARTESIAN_POINT('',(-16.35442930286,130.92774005396,
    -13.00000190734));
#7691 = CIRCLE('',#7692,27.4);
#7692 = AXIS2_PLACEMENT_3D('',#7693,#7694,#7695);
#7693 = CARTESIAN_POINT('',(-37.9,114.,-13.00000190734));
#7694 = DIRECTION('',(-1.224646799147E-16,-0.,1.));
#7695 = DIRECTION('',(-1.,0.,-1.224646799147E-16));
#7696 = ORIENTED_EDGE('',*,*,#7697,.T.);
#7697 = EDGE_CURVE('',#7689,#7698,#7700,.T.);
#7698 = VERTEX_POINT('',#7699);
#7699 = CARTESIAN_POINT('',(-16.35442930286,130.92774005396,
    -10.50000190734));
#7700 = LINE('',#7701,#7702);
#7701 = CARTESIAN_POINT('',(-16.35442930286,130.92774005396,12.5));
#7702 = VECTOR('',#7703,1.);
#7703 = DIRECTION('',(-1.224646799147E-16,0.,1.));
#7704 = ORIENTED_EDGE('',*,*,#7705,.T.);
#7705 = EDGE_CURVE('',#7698,#7706,#7708,.T.);
#7706 = VERTEX_POINT('',#7707);
#7707 = CARTESIAN_POINT('',(-20.12246658166,134.84992339458,
    -10.50000190734));
#7708 = CIRCLE('',#7709,27.4);
#7709 = AXIS2_PLACEMENT_3D('',#7710,#7711,#7712);
#7710 = CARTESIAN_POINT('',(-37.9,114.,-10.50000190734));
#7711 = DIRECTION('',(-1.224646799147E-16,-0.,1.));
#7712 = DIRECTION('',(-1.,0.,-1.224646799147E-16));
#7713 = ORIENTED_EDGE('',*,*,#7714,.F.);
#7714 = EDGE_CURVE('',#7715,#7706,#7717,.T.);
#7715 = VERTEX_POINT('',#7716);
#7716 = CARTESIAN_POINT('',(-20.12246658166,134.84992339458,
    -13.00000190734));
#7717 = LINE('',#7718,#7719);
#7718 = CARTESIAN_POINT('',(-20.12246658166,134.84992339458,12.5));
#7719 = VECTOR('',#7720,1.);
#7720 = DIRECTION('',(-1.224646799147E-16,0.,1.));
#7721 = ORIENTED_EDGE('',*,*,#7722,.T.);
#7722 = EDGE_CURVE('',#7715,#7723,#7725,.T.);
#7723 = VERTEX_POINT('',#7724);
#7724 = CARTESIAN_POINT('',(-20.99998814832,135.56732712724,
    -13.00000127156));
#7725 = CIRCLE('',#7726,27.4);
#7726 = AXIS2_PLACEMENT_3D('',#7727,#7728,#7729);
#7727 = CARTESIAN_POINT('',(-37.9,114.,-13.00000190734));
#7728 = DIRECTION('',(-1.224646799147E-16,-0.,1.));
#7729 = DIRECTION('',(-1.,0.,-1.224646799147E-16));
#7730 = ORIENTED_EDGE('',*,*,#7731,.T.);
#7731 = EDGE_CURVE('',#7723,#7639,#7732,.T.);
#7732 = CIRCLE('',#7733,27.4);
#7733 = AXIS2_PLACEMENT_3D('',#7734,#7735,#7736);
#7734 = CARTESIAN_POINT('',(-37.9,114.,-13.));
#7735 = DIRECTION('',(-1.224646799147E-16,0.,1.));
#7736 = DIRECTION('',(-1.,0.,-1.224646799147E-16));
#7737 = ORIENTED_EDGE('',*,*,#7638,.F.);
#7738 = ORIENTED_EDGE('',*,*,#4604,.F.);
#7739 = CYLINDRICAL_SURFACE('',#7740,27.4);
#7740 = AXIS2_PLACEMENT_3D('',#7741,#7742,#7743);
#7741 = CARTESIAN_POINT('',(-37.9,114.,12.5));
#7742 = DIRECTION('',(-1.224646799147E-16,0.,1.));
#7743 = DIRECTION('',(-1.,0.,-1.224646799147E-16));
#7744 = ADVANCED_FACE('',(#7745),#7833,.T.);
#7745 = FACE_BOUND('',#7746,.F.);
#7746 = EDGE_LOOP('',(#7747,#7748,#7749,#7757,#7766,#7774,#7783,#7791,
    #7800,#7808,#7817,#7826,#7832));
#7747 = ORIENTED_EDGE('',*,*,#4932,.F.);
#7748 = ORIENTED_EDGE('',*,*,#4827,.T.);
#7749 = ORIENTED_EDGE('',*,*,#7750,.T.);
#7750 = EDGE_CURVE('',#4820,#7751,#7753,.T.);
#7751 = VERTEX_POINT('',#7752);
#7752 = CARTESIAN_POINT('',(11.165004207967,120.,-14.));
#7753 = LINE('',#7754,#7755);
#7754 = CARTESIAN_POINT('',(11.165004207967,120.,12.5));
#7755 = VECTOR('',#7756,1.);
#7756 = DIRECTION('',(1.224646799147E-16,0.,-1.));
#7757 = ORIENTED_EDGE('',*,*,#7758,.T.);
#7758 = EDGE_CURVE('',#7751,#7759,#7761,.T.);
#7759 = VERTEX_POINT('',#7760);
#7760 = CARTESIAN_POINT('',(15.656808782936,130.00001389002,
    -14.00000095367));
#7761 = CIRCLE('',#7762,27.4);
#7762 = AXIS2_PLACEMENT_3D('',#7763,#7764,#7765);
#7763 = CARTESIAN_POINT('',(37.9,114.,-14.));
#7764 = DIRECTION('',(1.224646799147E-16,0.,-1.));
#7765 = DIRECTION('',(1.,0.,1.224646799147E-16));
#7766 = ORIENTED_EDGE('',*,*,#7767,.T.);
#7767 = EDGE_CURVE('',#7759,#7768,#7770,.T.);
#7768 = VERTEX_POINT('',#7769);
#7769 = CARTESIAN_POINT('',(15.656808782936,130.00001389002,
    -13.00000190734));
#7770 = LINE('',#7771,#7772);
#7771 = CARTESIAN_POINT('',(15.656808782936,130.00001389002,12.5));
#7772 = VECTOR('',#7773,1.);
#7773 = DIRECTION('',(-1.224646799147E-16,0.,1.));
#7774 = ORIENTED_EDGE('',*,*,#7775,.F.);
#7775 = EDGE_CURVE('',#7776,#7768,#7778,.T.);
#7776 = VERTEX_POINT('',#7777);
#7777 = CARTESIAN_POINT('',(16.354420382093,130.92772869963,
    -13.00000190734));
#7778 = CIRCLE('',#7779,27.4);
#7779 = AXIS2_PLACEMENT_3D('',#7780,#7781,#7782);
#7780 = CARTESIAN_POINT('',(37.9,114.,-13.00000190734));
#7781 = DIRECTION('',(-1.224646799147E-16,0.,1.));
#7782 = DIRECTION('',(1.,0.,1.224646799147E-16));
#7783 = ORIENTED_EDGE('',*,*,#7784,.T.);
#7784 = EDGE_CURVE('',#7776,#7785,#7787,.T.);
#7785 = VERTEX_POINT('',#7786);
#7786 = CARTESIAN_POINT('',(16.354420382093,130.92772869963,
    -10.50000190734));
#7787 = LINE('',#7788,#7789);
#7788 = CARTESIAN_POINT('',(16.354420382093,130.92772869963,12.5));
#7789 = VECTOR('',#7790,1.);
#7790 = DIRECTION('',(-1.224646799147E-16,0.,1.));
#7791 = ORIENTED_EDGE('',*,*,#7792,.F.);
#7792 = EDGE_CURVE('',#7793,#7785,#7795,.T.);
#7793 = VERTEX_POINT('',#7794);
#7794 = CARTESIAN_POINT('',(20.122496718674,134.84994909064,
    -10.50000190734));
#7795 = CIRCLE('',#7796,27.4);
#7796 = AXIS2_PLACEMENT_3D('',#7797,#7798,#7799);
#7797 = CARTESIAN_POINT('',(37.9,114.,-10.50000190734));
#7798 = DIRECTION('',(-1.224646799147E-16,0.,1.));
#7799 = DIRECTION('',(1.,0.,1.224646799147E-16));
#7800 = ORIENTED_EDGE('',*,*,#7801,.F.);
#7801 = EDGE_CURVE('',#7802,#7793,#7804,.T.);
#7802 = VERTEX_POINT('',#7803);
#7803 = CARTESIAN_POINT('',(20.122496718674,134.84994909064,
    -13.00000190734));
#7804 = LINE('',#7805,#7806);
#7805 = CARTESIAN_POINT('',(20.122496718674,134.84994909064,12.5));
#7806 = VECTOR('',#7807,1.);
#7807 = DIRECTION('',(-1.224646799147E-16,0.,1.));
#7808 = ORIENTED_EDGE('',*,*,#7809,.F.);
#7809 = EDGE_CURVE('',#7810,#7802,#7812,.T.);
#7810 = VERTEX_POINT('',#7811);
#7811 = CARTESIAN_POINT('',(21.000011851672,135.56734570099,
    -13.00000127156));
#7812 = CIRCLE('',#7813,27.4);
#7813 = AXIS2_PLACEMENT_3D('',#7814,#7815,#7816);
#7814 = CARTESIAN_POINT('',(37.9,114.,-13.00000190734));
#7815 = DIRECTION('',(-1.224646799147E-16,0.,1.));
#7816 = DIRECTION('',(1.,0.,1.224646799147E-16));
#7817 = ORIENTED_EDGE('',*,*,#7818,.T.);
#7818 = EDGE_CURVE('',#7810,#7819,#7821,.T.);
#7819 = VERTEX_POINT('',#7820);
#7820 = CARTESIAN_POINT('',(27.142676912912,139.2,-13.));
#7821 = CIRCLE('',#7822,27.4);
#7822 = AXIS2_PLACEMENT_3D('',#7823,#7824,#7825);
#7823 = CARTESIAN_POINT('',(37.9,114.,-13.));
#7824 = DIRECTION('',(1.224646799147E-16,0.,-1.));
#7825 = DIRECTION('',(1.,0.,1.224646799147E-16));
#7826 = ORIENTED_EDGE('',*,*,#7827,.F.);
#7827 = EDGE_CURVE('',#4543,#7819,#7828,.T.);
#7828 = LINE('',#7829,#7830);
#7829 = CARTESIAN_POINT('',(27.142676912912,139.2,12.5));
#7830 = VECTOR('',#7831,1.);
#7831 = DIRECTION('',(1.224646799147E-16,0.,-1.));
#7832 = ORIENTED_EDGE('',*,*,#4550,.F.);
#7833 = CYLINDRICAL_SURFACE('',#7834,27.4);
#7834 = AXIS2_PLACEMENT_3D('',#7835,#7836,#7837);
#7835 = CARTESIAN_POINT('',(37.9,114.,12.5));
#7836 = DIRECTION('',(-1.224646799147E-16,0.,1.));
#7837 = DIRECTION('',(1.,0.,1.224646799147E-16));
#7838 = ADVANCED_FACE('',(#7839),#7857,.F.);
#7839 = FACE_BOUND('',#7840,.F.);
#7840 = EDGE_LOOP('',(#7841,#7842,#7843,#7851));
#7841 = ORIENTED_EDGE('',*,*,#4542,.F.);
#7842 = ORIENTED_EDGE('',*,*,#7827,.T.);
#7843 = ORIENTED_EDGE('',*,*,#7844,.T.);
#7844 = EDGE_CURVE('',#7819,#7845,#7847,.T.);
#7845 = VERTEX_POINT('',#7846);
#7846 = CARTESIAN_POINT('',(27.142676912912,140.2,-13.));
#7847 = LINE('',#7848,#7849);
#7848 = CARTESIAN_POINT('',(27.142676912912,139.2,-13.));
#7849 = VECTOR('',#7850,1.);
#7850 = DIRECTION('',(0.,1.,0.));
#7851 = ORIENTED_EDGE('',*,*,#7852,.F.);
#7852 = EDGE_CURVE('',#4535,#7845,#7853,.T.);
#7853 = LINE('',#7854,#7855);
#7854 = CARTESIAN_POINT('',(27.142676912912,140.2,12.5));
#7855 = VECTOR('',#7856,1.);
#7856 = DIRECTION('',(1.224646799147E-16,0.,-1.));
#7857 = PLANE('',#7858);
#7858 = AXIS2_PLACEMENT_3D('',#7859,#7860,#7861);
#7859 = CARTESIAN_POINT('',(27.142676912912,139.2,12.5));
#7860 = DIRECTION('',(1.,0.,1.224646799147E-16));
#7861 = DIRECTION('',(0.,1.,0.));
#7862 = ADVANCED_FACE('',(#7863),#7921,.F.);
#7863 = FACE_BOUND('',#7864,.F.);
#7864 = EDGE_LOOP('',(#7865,#7866,#7867,#7875,#7883,#7891,#7899,#7907,
    #7915));
#7865 = ORIENTED_EDGE('',*,*,#4534,.F.);
#7866 = ORIENTED_EDGE('',*,*,#7852,.T.);
#7867 = ORIENTED_EDGE('',*,*,#7868,.T.);
#7868 = EDGE_CURVE('',#7845,#7869,#7871,.T.);
#7869 = VERTEX_POINT('',#7870);
#7870 = CARTESIAN_POINT('',(21.000012256672,140.2,-13.00000095367));
#7871 = LINE('',#7872,#7873);
#7872 = CARTESIAN_POINT('',(27.142676912912,140.2,-13.));
#7873 = VECTOR('',#7874,1.);
#7874 = DIRECTION('',(-1.,0.,-1.224646799147E-16));
#7875 = ORIENTED_EDGE('',*,*,#7876,.F.);
#7876 = EDGE_CURVE('',#7877,#7869,#7879,.T.);
#7877 = VERTEX_POINT('',#7878);
#7878 = CARTESIAN_POINT('',(18.150030486009,140.2,-13.00000190734));
#7879 = LINE('',#7880,#7881);
#7880 = CARTESIAN_POINT('',(13.571343862859,140.2,-13.00000190734));
#7881 = VECTOR('',#7882,1.);
#7882 = DIRECTION('',(1.,0.,1.224646799147E-16));
#7883 = ORIENTED_EDGE('',*,*,#7884,.F.);
#7884 = EDGE_CURVE('',#7885,#7877,#7887,.T.);
#7885 = VERTEX_POINT('',#7886);
#7886 = CARTESIAN_POINT('',(18.150030486009,140.2,-10.50000190734));
#7887 = LINE('',#7888,#7889);
#7888 = CARTESIAN_POINT('',(18.150030486009,140.2,-13.00000190734));
#7889 = VECTOR('',#7890,1.);
#7890 = DIRECTION('',(1.224646799147E-16,0.,-1.));
#7891 = ORIENTED_EDGE('',*,*,#7892,.T.);
#7892 = EDGE_CURVE('',#7885,#7893,#7895,.T.);
#7893 = VERTEX_POINT('',#7894);
#7894 = CARTESIAN_POINT('',(11.849993292987,140.2,-10.50000190734));
#7895 = LINE('',#7896,#7897);
#7896 = CARTESIAN_POINT('',(13.571343745534,140.2,-10.50000190734));
#7897 = VECTOR('',#7898,1.);
#7898 = DIRECTION('',(-1.,0.,-1.224646799147E-16));
#7899 = ORIENTED_EDGE('',*,*,#7900,.T.);
#7900 = EDGE_CURVE('',#7893,#7901,#7903,.T.);
#7901 = VERTEX_POINT('',#7902);
#7902 = CARTESIAN_POINT('',(11.849993292987,140.2,-13.00000190734));
#7903 = LINE('',#7904,#7905);
#7904 = CARTESIAN_POINT('',(11.849993292987,140.2,-13.00000190734));
#7905 = VECTOR('',#7906,1.);
#7906 = DIRECTION('',(1.224646799147E-16,0.,-1.));
#7907 = ORIENTED_EDGE('',*,*,#7908,.F.);
#7908 = EDGE_CURVE('',#7909,#7901,#7911,.T.);
#7909 = VERTEX_POINT('',#7910);
#7910 = CARTESIAN_POINT('',(0.9,140.2,-13.00000190734));
#7911 = LINE('',#7912,#7913);
#7912 = CARTESIAN_POINT('',(13.571343862859,140.2,-13.00000190734));
#7913 = VECTOR('',#7914,1.);
#7914 = DIRECTION('',(1.,0.,1.224646799147E-16));
#7915 = ORIENTED_EDGE('',*,*,#7916,.F.);
#7916 = EDGE_CURVE('',#4527,#7909,#7917,.T.);
#7917 = LINE('',#7918,#7919);
#7918 = CARTESIAN_POINT('',(0.9,140.2,12.5));
#7919 = VECTOR('',#7920,1.);
#7920 = DIRECTION('',(1.224646799147E-16,0.,-1.));
#7921 = PLANE('',#7922);
#7922 = AXIS2_PLACEMENT_3D('',#7923,#7924,#7925);
#7923 = CARTESIAN_POINT('',(27.142676912912,140.2,12.5));
#7924 = DIRECTION('',(0.,1.,0.));
#7925 = DIRECTION('',(-1.,0.,-1.224646799147E-16));
#7926 = ADVANCED_FACE('',(#7927),#7963,.T.);
#7927 = FACE_BOUND('',#7928,.T.);
#7928 = EDGE_LOOP('',(#7929,#7930,#7931,#7939,#7947,#7955,#7961,#7962));
#7929 = ORIENTED_EDGE('',*,*,#7508,.F.);
#7930 = ORIENTED_EDGE('',*,*,#4810,.T.);
#7931 = ORIENTED_EDGE('',*,*,#7932,.T.);
#7932 = EDGE_CURVE('',#4811,#7933,#7935,.T.);
#7933 = VERTEX_POINT('',#7934);
#7934 = CARTESIAN_POINT('',(0.9,120.,-14.));
#7935 = LINE('',#7936,#7937);
#7936 = CARTESIAN_POINT('',(0.9,120.,12.5));
#7937 = VECTOR('',#7938,1.);
#7938 = DIRECTION('',(1.224646799147E-16,0.,-1.));
#7939 = ORIENTED_EDGE('',*,*,#7940,.T.);
#7940 = EDGE_CURVE('',#7933,#7941,#7943,.T.);
#7941 = VERTEX_POINT('',#7942);
#7942 = CARTESIAN_POINT('',(0.9,130.00001518011,-14.00000095367));
#7943 = LINE('',#7944,#7945);
#7944 = CARTESIAN_POINT('',(0.9,120.,-14.));
#7945 = VECTOR('',#7946,1.);
#7946 = DIRECTION('',(0.,1.,0.));
#7947 = ORIENTED_EDGE('',*,*,#7948,.T.);
#7948 = EDGE_CURVE('',#7941,#7949,#7951,.T.);
#7949 = VERTEX_POINT('',#7950);
#7950 = CARTESIAN_POINT('',(0.9,130.00001518011,-13.00000190734));
#7951 = LINE('',#7952,#7953);
#7952 = CARTESIAN_POINT('',(0.9,130.00001518011,-0.750000953674));
#7953 = VECTOR('',#7954,1.);
#7954 = DIRECTION('',(-1.224646799147E-16,0.,1.));
#7955 = ORIENTED_EDGE('',*,*,#7956,.F.);
#7956 = EDGE_CURVE('',#7909,#7949,#7957,.T.);
#7957 = LINE('',#7958,#7959);
#7958 = CARTESIAN_POINT('',(0.9,121.84204500977,-13.00000190734));
#7959 = VECTOR('',#7960,1.);
#7960 = DIRECTION('',(0.,-1.,0.));
#7961 = ORIENTED_EDGE('',*,*,#7916,.F.);
#7962 = ORIENTED_EDGE('',*,*,#4526,.F.);
#7963 = PLANE('',#7964);
#7964 = AXIS2_PLACEMENT_3D('',#7965,#7966,#7967);
#7965 = CARTESIAN_POINT('',(0.9,120.,12.5));
#7966 = DIRECTION('',(1.,0.,1.224646799147E-16));
#7967 = DIRECTION('',(0.,1.,0.));
#7968 = ADVANCED_FACE('',(#7969),#7989,.T.);
#7969 = FACE_BOUND('',#7970,.F.);
#7970 = EDGE_LOOP('',(#7971,#7972,#7973,#7982,#7988));
#7971 = ORIENTED_EDGE('',*,*,#4728,.F.);
#7972 = ORIENTED_EDGE('',*,*,#5324,.T.);
#7973 = ORIENTED_EDGE('',*,*,#7974,.T.);
#7974 = EDGE_CURVE('',#5325,#7975,#7977,.T.);
#7975 = VERTEX_POINT('',#7976);
#7976 = CARTESIAN_POINT('',(10.823811198767,118.2,-14.));
#7977 = CIRCLE('',#7978,27.4);
#7978 = AXIS2_PLACEMENT_3D('',#7979,#7980,#7981);
#7979 = CARTESIAN_POINT('',(37.9,114.,-14.));
#7980 = DIRECTION('',(1.224646799147E-16,0.,-1.));
#7981 = DIRECTION('',(1.,0.,1.224646799147E-16));
#7982 = ORIENTED_EDGE('',*,*,#7983,.F.);
#7983 = EDGE_CURVE('',#4855,#7975,#7984,.T.);
#7984 = LINE('',#7985,#7986);
#7985 = CARTESIAN_POINT('',(10.823811198767,118.2,12.5));
#7986 = VECTOR('',#7987,1.);
#7987 = DIRECTION('',(1.224646799147E-16,0.,-1.));
#7988 = ORIENTED_EDGE('',*,*,#4854,.T.);
#7989 = CYLINDRICAL_SURFACE('',#7990,27.4);
#7990 = AXIS2_PLACEMENT_3D('',#7991,#7992,#7993);
#7991 = CARTESIAN_POINT('',(37.9,114.,12.5));
#7992 = DIRECTION('',(-1.224646799147E-16,0.,1.));
#7993 = DIRECTION('',(1.,0.,1.224646799147E-16));
#7994 = ADVANCED_FACE('',(#7995),#8015,.T.);
#7995 = FACE_BOUND('',#7996,.T.);
#7996 = EDGE_LOOP('',(#7997,#7998,#7999,#8008,#8014));
#7997 = ORIENTED_EDGE('',*,*,#4974,.F.);
#7998 = ORIENTED_EDGE('',*,*,#4994,.T.);
#7999 = ORIENTED_EDGE('',*,*,#8000,.T.);
#8000 = EDGE_CURVE('',#4995,#8001,#8003,.T.);
#8001 = VERTEX_POINT('',#8002);
#8002 = CARTESIAN_POINT('',(-10.82381119876,118.2,-14.));
#8003 = CIRCLE('',#8004,27.4);
#8004 = AXIS2_PLACEMENT_3D('',#8005,#8006,#8007);
#8005 = CARTESIAN_POINT('',(-37.9,114.,-14.));
#8006 = DIRECTION('',(-1.224646799147E-16,0.,1.));
#8007 = DIRECTION('',(-1.,0.,-1.224646799147E-16));
#8008 = ORIENTED_EDGE('',*,*,#8009,.F.);
#8009 = EDGE_CURVE('',#4900,#8001,#8010,.T.);
#8010 = LINE('',#8011,#8012);
#8011 = CARTESIAN_POINT('',(-10.82381119876,118.2,12.5));
#8012 = VECTOR('',#8013,1.);
#8013 = DIRECTION('',(1.224646799147E-16,0.,-1.));
#8014 = ORIENTED_EDGE('',*,*,#4907,.T.);
#8015 = CYLINDRICAL_SURFACE('',#8016,27.4);
#8016 = AXIS2_PLACEMENT_3D('',#8017,#8018,#8019);
#8017 = CARTESIAN_POINT('',(-37.9,114.,12.5));
#8018 = DIRECTION('',(-1.224646799147E-16,0.,1.));
#8019 = DIRECTION('',(-1.,0.,-1.224646799147E-16));
#8020 = ADVANCED_FACE('',(#8021),#8032,.T.);
#8021 = FACE_BOUND('',#8022,.F.);
#8022 = EDGE_LOOP('',(#8023,#8024,#8025,#8026));
#8023 = ORIENTED_EDGE('',*,*,#8009,.F.);
#8024 = ORIENTED_EDGE('',*,*,#4899,.F.);
#8025 = ORIENTED_EDGE('',*,*,#5178,.T.);
#8026 = ORIENTED_EDGE('',*,*,#8027,.T.);
#8027 = EDGE_CURVE('',#5171,#8001,#8028,.T.);
#8028 = LINE('',#8029,#8030);
#8029 = CARTESIAN_POINT('',(-0.9,118.2,-14.));
#8030 = VECTOR('',#8031,1.);
#8031 = DIRECTION('',(-1.,0.,-1.224646799147E-16));
#8032 = PLANE('',#8033);
#8033 = AXIS2_PLACEMENT_3D('',#8034,#8035,#8036);
#8034 = CARTESIAN_POINT('',(-0.9,118.2,12.5));
#8035 = DIRECTION('',(0.,-1.,0.));
#8036 = DIRECTION('',(1.,0.,1.224646799147E-16));
#8037 = ADVANCED_FACE('',(#8038),#8049,.T.);
#8038 = FACE_BOUND('',#8039,.T.);
#8039 = EDGE_LOOP('',(#8040,#8041,#8042,#8043));
#8040 = ORIENTED_EDGE('',*,*,#7983,.F.);
#8041 = ORIENTED_EDGE('',*,*,#4865,.T.);
#8042 = ORIENTED_EDGE('',*,*,#5285,.T.);
#8043 = ORIENTED_EDGE('',*,*,#8044,.T.);
#8044 = EDGE_CURVE('',#5278,#7975,#8045,.T.);
#8045 = LINE('',#8046,#8047);
#8046 = CARTESIAN_POINT('',(0.9,118.2,-14.));
#8047 = VECTOR('',#8048,1.);
#8048 = DIRECTION('',(1.,0.,1.224646799147E-16));
#8049 = PLANE('',#8050);
#8050 = AXIS2_PLACEMENT_3D('',#8051,#8052,#8053);
#8051 = CARTESIAN_POINT('',(0.9,118.2,12.5));
#8052 = DIRECTION('',(0.,-1.,0.));
#8053 = DIRECTION('',(1.,0.,1.224646799147E-16));
#8054 = ADVANCED_FACE('',(#8055),#8066,.T.);
#8055 = FACE_BOUND('',#8056,.T.);
#8056 = EDGE_LOOP('',(#8057,#8058,#8059,#8060));
#8057 = ORIENTED_EDGE('',*,*,#7932,.F.);
#8058 = ORIENTED_EDGE('',*,*,#4819,.F.);
#8059 = ORIENTED_EDGE('',*,*,#7750,.T.);
#8060 = ORIENTED_EDGE('',*,*,#8061,.T.);
#8061 = EDGE_CURVE('',#7751,#7933,#8062,.T.);
#8062 = LINE('',#8063,#8064);
#8063 = CARTESIAN_POINT('',(11.165004207967,120.,-14.));
#8064 = VECTOR('',#8065,1.);
#8065 = DIRECTION('',(-1.,0.,-1.224646799147E-16));
#8066 = PLANE('',#8067);
#8067 = AXIS2_PLACEMENT_3D('',#8068,#8069,#8070);
#8068 = CARTESIAN_POINT('',(11.165004207967,120.,12.5));
#8069 = DIRECTION('',(0.,1.,0.));
#8070 = DIRECTION('',(-1.,0.,-1.224646799147E-16));
#8071 = ADVANCED_FACE('',(#8072),#8083,.T.);
#8072 = FACE_BOUND('',#8073,.F.);
#8073 = EDGE_LOOP('',(#8074,#8075,#8076,#8077));
#8074 = ORIENTED_EDGE('',*,*,#7526,.F.);
#8075 = ORIENTED_EDGE('',*,*,#4785,.T.);
#8076 = ORIENTED_EDGE('',*,*,#7663,.T.);
#8077 = ORIENTED_EDGE('',*,*,#8078,.T.);
#8078 = EDGE_CURVE('',#7664,#7527,#8079,.T.);
#8079 = LINE('',#8080,#8081);
#8080 = CARTESIAN_POINT('',(-11.16500420796,120.,-14.));
#8081 = VECTOR('',#8082,1.);
#8082 = DIRECTION('',(1.,0.,1.224646799147E-16));
#8083 = PLANE('',#8084);
#8084 = AXIS2_PLACEMENT_3D('',#8085,#8086,#8087);
#8085 = CARTESIAN_POINT('',(-11.16500420796,120.,12.5));
#8086 = DIRECTION('',(-0.,1.,0.));
#8087 = DIRECTION('',(-1.,-0.,-1.224646799147E-16));
#8088 = ADVANCED_FACE('',(#8089),#8101,.F.);
#8089 = FACE_BOUND('',#8090,.T.);
#8090 = EDGE_LOOP('',(#8091,#8092,#8098,#8099,#8100));
#8091 = ORIENTED_EDGE('',*,*,#5067,.F.);
#8092 = ORIENTED_EDGE('',*,*,#8093,.T.);
#8093 = EDGE_CURVE('',#5060,#5163,#8094,.T.);
#8094 = LINE('',#8095,#8096);
#8095 = CARTESIAN_POINT('',(-11.49999025236,111.50001626415,
    -14.00000190734));
#8096 = VECTOR('',#8097,1.);
#8097 = DIRECTION('',(1.,-8.7422769E-08,1.224646799147E-16));
#8098 = ORIENTED_EDGE('',*,*,#5170,.T.);
#8099 = ORIENTED_EDGE('',*,*,#8027,.T.);
#8100 = ORIENTED_EDGE('',*,*,#8000,.F.);
#8101 = PLANE('',#8102);
#8102 = AXIS2_PLACEMENT_3D('',#8103,#8104,#8105);
#8103 = CARTESIAN_POINT('',(-7.421983365805,106.24791683778,-14.));
#8104 = DIRECTION('',(1.224646799147E-16,0.,-1.));
#8105 = DIRECTION('',(1.,0.,1.224646799147E-16));
#8106 = ADVANCED_FACE('',(#8107),#8118,.T.);
#8107 = FACE_BOUND('',#8108,.T.);
#8108 = EDGE_LOOP('',(#8109,#8110,#8111,#8117));
#8109 = ORIENTED_EDGE('',*,*,#8093,.F.);
#8110 = ORIENTED_EDGE('',*,*,#5059,.T.);
#8111 = ORIENTED_EDGE('',*,*,#8112,.T.);
#8112 = EDGE_CURVE('',#5052,#5155,#8113,.T.);
#8113 = LINE('',#8114,#8115);
#8114 = CARTESIAN_POINT('',(-11.49999025236,111.50001626415,
    -13.00000190734));
#8115 = VECTOR('',#8116,1.);
#8116 = DIRECTION('',(1.,-8.7422769E-08,1.224646799147E-16));
#8117 = ORIENTED_EDGE('',*,*,#5162,.F.);
#8118 = PLANE('',#8119);
#8119 = AXIS2_PLACEMENT_3D('',#8120,#8121,#8122);
#8120 = CARTESIAN_POINT('',(-11.49999025236,111.50001626415,
    -14.00000190734));
#8121 = DIRECTION('',(8.7422769E-08,1.,1.070620142284E-23));
#8122 = DIRECTION('',(1.,-8.7422769E-08,1.224646799147E-16));
#8123 = ADVANCED_FACE('',(#8124),#8136,.T.);
#8124 = FACE_BOUND('',#8125,.T.);
#8125 = EDGE_LOOP('',(#8126,#8127,#8128,#8129));
#8126 = ORIENTED_EDGE('',*,*,#5154,.F.);
#8127 = ORIENTED_EDGE('',*,*,#8112,.F.);
#8128 = ORIENTED_EDGE('',*,*,#5051,.T.);
#8129 = ORIENTED_EDGE('',*,*,#8130,.T.);
#8130 = EDGE_CURVE('',#5044,#5147,#8131,.T.);
#8131 = CIRCLE('',#8132,5.25);
#8132 = AXIS2_PLACEMENT_3D('',#8133,#8134,#8135);
#8133 = CARTESIAN_POINT('',(-5.999990733185,106.00001578332,
    -13.00000190734));
#8134 = DIRECTION('',(1.224646799147E-16,0.,-1.));
#8135 = DIRECTION('',(1.,-8.7422769E-08,1.224646799147E-16));
#8136 = PLANE('',#8137);
#8137 = AXIS2_PLACEMENT_3D('',#8138,#8139,#8140);
#8138 = CARTESIAN_POINT('',(1.081280534538E-05,123.68409001955,
    -13.00000190734));
#8139 = DIRECTION('',(-1.224646799147E-16,0.,1.));
#8140 = DIRECTION('',(-1.,8.7422769E-08,-1.224646799147E-16));
#8141 = ADVANCED_FACE('',(#8142),#8154,.T.);
#8142 = FACE_BOUND('',#8143,.T.);
#8143 = EDGE_LOOP('',(#8144,#8145,#8146,#8147));
#8144 = ORIENTED_EDGE('',*,*,#5146,.T.);
#8145 = ORIENTED_EDGE('',*,*,#8130,.F.);
#8146 = ORIENTED_EDGE('',*,*,#5043,.F.);
#8147 = ORIENTED_EDGE('',*,*,#8148,.T.);
#8148 = EDGE_CURVE('',#5036,#5139,#8149,.T.);
#8149 = CIRCLE('',#8150,5.25);
#8150 = AXIS2_PLACEMENT_3D('',#8151,#8152,#8153);
#8151 = CARTESIAN_POINT('',(-5.999990733185,106.00001578332,
    -10.50000190734));
#8152 = DIRECTION('',(1.224646799147E-16,0.,-1.));
#8153 = DIRECTION('',(1.,-8.7422769E-08,1.224646799147E-16));
#8154 = CYLINDRICAL_SURFACE('',#8155,5.25);
#8155 = AXIS2_PLACEMENT_3D('',#8156,#8157,#8158);
#8156 = CARTESIAN_POINT('',(-5.999990733185,106.00001578332,
    -13.00000190734));
#8157 = DIRECTION('',(1.224646799147E-16,0.,-1.));
#8158 = DIRECTION('',(1.,-8.7422769E-08,1.224646799147E-16));
#8159 = ADVANCED_FACE('',(#8160,#8172),#8213,.F.);
#8160 = FACE_BOUND('',#8161,.F.);
#8161 = EDGE_LOOP('',(#8162,#8163,#8170,#8171));
#8162 = ORIENTED_EDGE('',*,*,#5138,.F.);
#8163 = ORIENTED_EDGE('',*,*,#8164,.T.);
#8164 = EDGE_CURVE('',#5131,#5028,#8165,.T.);
#8165 = CIRCLE('',#8166,5.25);
#8166 = AXIS2_PLACEMENT_3D('',#8167,#8168,#8169);
#8167 = CARTESIAN_POINT('',(-5.999990733185,106.00001578332,
    -10.50000190734));
#8168 = DIRECTION('',(1.224646799147E-16,0.,-1.));
#8169 = DIRECTION('',(1.,-8.7422769E-08,1.224646799147E-16));
#8170 = ORIENTED_EDGE('',*,*,#5035,.T.);
#8171 = ORIENTED_EDGE('',*,*,#8148,.T.);
#8172 = FACE_BOUND('',#8173,.F.);
#8173 = EDGE_LOOP('',(#8174,#8175,#8183,#8191,#8199,#8207));
#8174 = ORIENTED_EDGE('',*,*,#390,.F.);
#8175 = ORIENTED_EDGE('',*,*,#8176,.F.);
#8176 = EDGE_CURVE('',#8177,#383,#8179,.T.);
#8177 = VERTEX_POINT('',#8178);
#8178 = CARTESIAN_POINT('',(-3.199990591859,107.61659629227,
    -10.50000190734));
#8179 = LINE('',#8180,#8181);
#8180 = CARTESIAN_POINT('',(-3.199990591859,107.61659629227,
    -10.50000190734));
#8181 = VECTOR('',#8182,1.);
#8182 = DIRECTION('',(-8.7422769E-08,-1.,-1.070620142284E-23));
#8183 = ORIENTED_EDGE('',*,*,#8184,.F.);
#8184 = EDGE_CURVE('',#8185,#8177,#8187,.T.);
#8185 = VERTEX_POINT('',#8186);
#8186 = CARTESIAN_POINT('',(-5.999990450534,109.23317729078,
    -10.50000190734));
#8187 = LINE('',#8188,#8189);
#8188 = CARTESIAN_POINT('',(-5.999990450533,109.23317729078,
    -10.50000190734));
#8189 = VECTOR('',#8190,1.);
#8190 = DIRECTION('',(0.866025360073,-0.50000007571,1.060575185194E-16)
  );
#8191 = ORIENTED_EDGE('',*,*,#8192,.F.);
#8192 = EDGE_CURVE('',#8193,#8185,#8195,.T.);
#8193 = VERTEX_POINT('',#8194);
#8194 = CARTESIAN_POINT('',(-8.799990591859,107.61659678184,
    -10.50000190734));
#8195 = LINE('',#8196,#8197);
#8196 = CARTESIAN_POINT('',(-8.799990591859,107.61659678184,
    -10.50000190734));
#8197 = VECTOR('',#8198,1.);
#8198 = DIRECTION('',(0.866025447496,0.49999992429,1.060575292256E-16));
#8199 = ORIENTED_EDGE('',*,*,#8200,.F.);
#8200 = EDGE_CURVE('',#8201,#8193,#8203,.T.);
#8201 = VERTEX_POINT('',#8202);
#8202 = CARTESIAN_POINT('',(-8.799990874511,104.38343527437,
    -10.50000190734));
#8203 = LINE('',#8204,#8205);
#8204 = CARTESIAN_POINT('',(-8.799990874511,104.38343527437,
    -10.50000190734));
#8205 = VECTOR('',#8206,1.);
#8206 = DIRECTION('',(8.7422769E-08,1.,1.070620142284E-23));
#8207 = ORIENTED_EDGE('',*,*,#8208,.F.);
#8208 = EDGE_CURVE('',#391,#8201,#8209,.T.);
#8209 = LINE('',#8210,#8211);
#8210 = CARTESIAN_POINT('',(-5.999991015837,102.76685427586,
    -10.50000190734));
#8211 = VECTOR('',#8212,1.);
#8212 = DIRECTION('',(-0.866025360073,0.50000007571,-1.060575185194E-16)
  );
#8213 = PLANE('',#8214);
#8214 = AXIS2_PLACEMENT_3D('',#8215,#8216,#8217);
#8215 = CARTESIAN_POINT('',(1.057815558006E-05,121.00001525879,
    -10.50000190734));
#8216 = DIRECTION('',(1.224646799147E-16,0.,-1.));
#8217 = DIRECTION('',(1.,-8.7422769E-08,1.224646799147E-16));
#8218 = ADVANCED_FACE('',(#8219),#8231,.T.);
#8219 = FACE_BOUND('',#8220,.T.);
#8220 = EDGE_LOOP('',(#8221,#8228,#8229,#8230));
#8221 = ORIENTED_EDGE('',*,*,#8222,.F.);
#8222 = EDGE_CURVE('',#5123,#5020,#8223,.T.);
#8223 = CIRCLE('',#8224,5.25);
#8224 = AXIS2_PLACEMENT_3D('',#8225,#8226,#8227);
#8225 = CARTESIAN_POINT('',(-5.999990733185,106.00001578332,
    -13.00000190734));
#8226 = DIRECTION('',(1.224646799147E-16,0.,-1.));
#8227 = DIRECTION('',(1.,-8.7422769E-08,1.224646799147E-16));
#8228 = ORIENTED_EDGE('',*,*,#5130,.F.);
#8229 = ORIENTED_EDGE('',*,*,#8164,.T.);
#8230 = ORIENTED_EDGE('',*,*,#5027,.T.);
#8231 = CYLINDRICAL_SURFACE('',#8232,5.25);
#8232 = AXIS2_PLACEMENT_3D('',#8233,#8234,#8235);
#8233 = CARTESIAN_POINT('',(-5.999990733185,106.00001578332,
    -13.00000190734));
#8234 = DIRECTION('',(1.224646799147E-16,0.,-1.));
#8235 = DIRECTION('',(1.,-8.7422769E-08,1.224646799147E-16));
#8236 = ADVANCED_FACE('',(#8237),#8248,.T.);
#8237 = FACE_BOUND('',#8238,.T.);
#8238 = EDGE_LOOP('',(#8239,#8240,#8241,#8247));
#8239 = ORIENTED_EDGE('',*,*,#8222,.T.);
#8240 = ORIENTED_EDGE('',*,*,#5019,.T.);
#8241 = ORIENTED_EDGE('',*,*,#8242,.F.);
#8242 = EDGE_CURVE('',#5115,#5012,#8243,.T.);
#8243 = LINE('',#8244,#8245);
#8244 = CARTESIAN_POINT('',(11.500008785989,100.50001425342,
    -13.00000190734));
#8245 = VECTOR('',#8246,1.);
#8246 = DIRECTION('',(-1.,8.7422769E-08,-1.224646799147E-16));
#8247 = ORIENTED_EDGE('',*,*,#5122,.F.);
#8248 = PLANE('',#8249);
#8249 = AXIS2_PLACEMENT_3D('',#8250,#8251,#8252);
#8250 = CARTESIAN_POINT('',(1.081280534538E-05,123.68409001955,
    -13.00000190734));
#8251 = DIRECTION('',(-1.224646799147E-16,0.,1.));
#8252 = DIRECTION('',(-1.,8.7422769E-08,-1.224646799147E-16));
#8253 = ADVANCED_FACE('',(#8254),#8260,.F.);
#8254 = FACE_BOUND('',#8255,.T.);
#8255 = EDGE_LOOP('',(#8256,#8257,#8258,#8259));
#8256 = ORIENTED_EDGE('',*,*,#5011,.F.);
#8257 = ORIENTED_EDGE('',*,*,#5091,.T.);
#8258 = ORIENTED_EDGE('',*,*,#5114,.T.);
#8259 = ORIENTED_EDGE('',*,*,#8242,.T.);
#8260 = PLANE('',#8261);
#8261 = AXIS2_PLACEMENT_3D('',#8262,#8263,#8264);
#8262 = CARTESIAN_POINT('',(-7.421983365805,106.24791683778,-13.));
#8263 = DIRECTION('',(1.224646799147E-16,0.,-1.));
#8264 = DIRECTION('',(1.,0.,1.224646799147E-16));
#8265 = ADVANCED_FACE('',(#8266),#8278,.F.);
#8266 = FACE_BOUND('',#8267,.F.);
#8267 = EDGE_LOOP('',(#8268,#8269,#8275,#8276,#8277));
#8268 = ORIENTED_EDGE('',*,*,#5390,.F.);
#8269 = ORIENTED_EDGE('',*,*,#8270,.F.);
#8270 = EDGE_CURVE('',#5270,#5383,#8271,.T.);
#8271 = LINE('',#8272,#8273);
#8272 = CARTESIAN_POINT('',(-11.49999025236,111.50001626415,
    -14.00000190734));
#8273 = VECTOR('',#8274,1.);
#8274 = DIRECTION('',(1.,-8.7422769E-08,1.224646799147E-16));
#8275 = ORIENTED_EDGE('',*,*,#5277,.T.);
#8276 = ORIENTED_EDGE('',*,*,#8044,.T.);
#8277 = ORIENTED_EDGE('',*,*,#7974,.F.);
#8278 = PLANE('',#8279);
#8279 = AXIS2_PLACEMENT_3D('',#8280,#8281,#8282);
#8280 = CARTESIAN_POINT('',(7.421983365805,106.24791683778,-14.));
#8281 = DIRECTION('',(1.224646799147E-16,0.,-1.));
#8282 = DIRECTION('',(1.,0.,1.224646799147E-16));
#8283 = ADVANCED_FACE('',(#8284),#8295,.T.);
#8284 = FACE_BOUND('',#8285,.T.);
#8285 = EDGE_LOOP('',(#8286,#8287,#8288,#8294));
#8286 = ORIENTED_EDGE('',*,*,#8270,.F.);
#8287 = ORIENTED_EDGE('',*,*,#5269,.T.);
#8288 = ORIENTED_EDGE('',*,*,#8289,.T.);
#8289 = EDGE_CURVE('',#5262,#5375,#8290,.T.);
#8290 = LINE('',#8291,#8292);
#8291 = CARTESIAN_POINT('',(-11.49999025236,111.50001626415,
    -13.00000190734));
#8292 = VECTOR('',#8293,1.);
#8293 = DIRECTION('',(1.,-8.7422769E-08,1.224646799147E-16));
#8294 = ORIENTED_EDGE('',*,*,#5382,.F.);
#8295 = PLANE('',#8296);
#8296 = AXIS2_PLACEMENT_3D('',#8297,#8298,#8299);
#8297 = CARTESIAN_POINT('',(-11.49999025236,111.50001626415,
    -14.00000190734));
#8298 = DIRECTION('',(8.7422769E-08,1.,1.070620142284E-23));
#8299 = DIRECTION('',(1.,-8.7422769E-08,1.224646799147E-16));
#8300 = ADVANCED_FACE('',(#8301),#8313,.T.);
#8301 = FACE_BOUND('',#8302,.T.);
#8302 = EDGE_LOOP('',(#8303,#8304,#8305,#8312));
#8303 = ORIENTED_EDGE('',*,*,#8289,.F.);
#8304 = ORIENTED_EDGE('',*,*,#5261,.T.);
#8305 = ORIENTED_EDGE('',*,*,#8306,.T.);
#8306 = EDGE_CURVE('',#5254,#5367,#8307,.T.);
#8307 = CIRCLE('',#8308,5.25);
#8308 = AXIS2_PLACEMENT_3D('',#8309,#8310,#8311);
#8309 = CARTESIAN_POINT('',(6.000009266815,106.00001473425,
    -13.00000190734));
#8310 = DIRECTION('',(1.224646799147E-16,0.,-1.));
#8311 = DIRECTION('',(1.,-8.7422769E-08,1.224646799147E-16));
#8312 = ORIENTED_EDGE('',*,*,#5374,.F.);
#8313 = PLANE('',#8314);
#8314 = AXIS2_PLACEMENT_3D('',#8315,#8316,#8317);
#8315 = CARTESIAN_POINT('',(1.081280534538E-05,123.68409001955,
    -13.00000190734));
#8316 = DIRECTION('',(-1.224646799147E-16,0.,1.));
#8317 = DIRECTION('',(-1.,8.7422769E-08,-1.224646799147E-16));
#8318 = ADVANCED_FACE('',(#8319),#8331,.T.);
#8319 = FACE_BOUND('',#8320,.T.);
#8320 = EDGE_LOOP('',(#8321,#8322,#8323,#8324));
#8321 = ORIENTED_EDGE('',*,*,#5366,.T.);
#8322 = ORIENTED_EDGE('',*,*,#8306,.F.);
#8323 = ORIENTED_EDGE('',*,*,#5253,.F.);
#8324 = ORIENTED_EDGE('',*,*,#8325,.T.);
#8325 = EDGE_CURVE('',#5246,#5359,#8326,.T.);
#8326 = CIRCLE('',#8327,5.25);
#8327 = AXIS2_PLACEMENT_3D('',#8328,#8329,#8330);
#8328 = CARTESIAN_POINT('',(6.000009266815,106.00001473425,
    -10.50000190734));
#8329 = DIRECTION('',(1.224646799147E-16,0.,-1.));
#8330 = DIRECTION('',(1.,-8.7422769E-08,1.224646799147E-16));
#8331 = CYLINDRICAL_SURFACE('',#8332,5.25);
#8332 = AXIS2_PLACEMENT_3D('',#8333,#8334,#8335);
#8333 = CARTESIAN_POINT('',(6.000009266815,106.00001473425,
    -13.00000190734));
#8334 = DIRECTION('',(1.224646799147E-16,0.,-1.));
#8335 = DIRECTION('',(1.,-8.7422769E-08,1.224646799147E-16));
#8336 = ADVANCED_FACE('',(#8337,#8349),#8390,.F.);
#8337 = FACE_BOUND('',#8338,.F.);
#8338 = EDGE_LOOP('',(#8339,#8340,#8347,#8348));
#8339 = ORIENTED_EDGE('',*,*,#5358,.F.);
#8340 = ORIENTED_EDGE('',*,*,#8341,.T.);
#8341 = EDGE_CURVE('',#5351,#5238,#8342,.T.);
#8342 = CIRCLE('',#8343,5.25);
#8343 = AXIS2_PLACEMENT_3D('',#8344,#8345,#8346);
#8344 = CARTESIAN_POINT('',(6.000009266815,106.00001473425,
    -10.50000190734));
#8345 = DIRECTION('',(1.224646799147E-16,0.,-1.));
#8346 = DIRECTION('',(1.,-8.7422769E-08,1.224646799147E-16));
#8347 = ORIENTED_EDGE('',*,*,#5245,.T.);
#8348 = ORIENTED_EDGE('',*,*,#8325,.T.);
#8349 = FACE_BOUND('',#8350,.F.);
#8350 = EDGE_LOOP('',(#8351,#8352,#8360,#8368,#8376,#8384));
#8351 = ORIENTED_EDGE('',*,*,#292,.F.);
#8352 = ORIENTED_EDGE('',*,*,#8353,.F.);
#8353 = EDGE_CURVE('',#8354,#285,#8356,.T.);
#8354 = VERTEX_POINT('',#8355);
#8355 = CARTESIAN_POINT('',(8.80000940814,107.6165952432,-10.50000190734
    ));
#8356 = LINE('',#8357,#8358);
#8357 = CARTESIAN_POINT('',(8.80000940814,107.6165952432,-10.50000190734
    ));
#8358 = VECTOR('',#8359,1.);
#8359 = DIRECTION('',(-8.7422769E-08,-1.,-1.070620142284E-23));
#8360 = ORIENTED_EDGE('',*,*,#8361,.F.);
#8361 = EDGE_CURVE('',#8362,#8354,#8364,.T.);
#8362 = VERTEX_POINT('',#8363);
#8363 = CARTESIAN_POINT('',(6.000009549466,109.23317624171,
    -10.50000190734));
#8364 = LINE('',#8365,#8366);
#8365 = CARTESIAN_POINT('',(6.000009549466,109.23317624171,
    -10.50000190734));
#8366 = VECTOR('',#8367,1.);
#8367 = DIRECTION('',(0.866025360073,-0.50000007571,1.060575185194E-16)
  );
#8368 = ORIENTED_EDGE('',*,*,#8369,.F.);
#8369 = EDGE_CURVE('',#8370,#8362,#8372,.T.);
#8370 = VERTEX_POINT('',#8371);
#8371 = CARTESIAN_POINT('',(3.200009408141,107.61659573276,
    -10.50000190734));
#8372 = LINE('',#8373,#8374);
#8373 = CARTESIAN_POINT('',(3.200009408141,107.61659573276,
    -10.50000190734));
#8374 = VECTOR('',#8375,1.);
#8375 = DIRECTION('',(0.866025447496,0.49999992429,1.060575292256E-16));
#8376 = ORIENTED_EDGE('',*,*,#8377,.F.);
#8377 = EDGE_CURVE('',#8378,#8370,#8380,.T.);
#8378 = VERTEX_POINT('',#8379);
#8379 = CARTESIAN_POINT('',(3.200009125489,104.3834342253,
    -10.50000190734));
#8380 = LINE('',#8381,#8382);
#8381 = CARTESIAN_POINT('',(3.200009125489,104.3834342253,
    -10.50000190734));
#8382 = VECTOR('',#8383,1.);
#8383 = DIRECTION('',(8.7422769E-08,1.,1.070620142284E-23));
#8384 = ORIENTED_EDGE('',*,*,#8385,.F.);
#8385 = EDGE_CURVE('',#293,#8378,#8386,.T.);
#8386 = LINE('',#8387,#8388);
#8387 = CARTESIAN_POINT('',(6.000008984163,102.76685322679,
    -10.50000190734));
#8388 = VECTOR('',#8389,1.);
#8389 = DIRECTION('',(-0.866025360073,0.50000007571,-1.060575185194E-16)
  );
#8390 = PLANE('',#8391);
#8391 = AXIS2_PLACEMENT_3D('',#8392,#8393,#8394);
#8392 = CARTESIAN_POINT('',(1.057815558006E-05,121.00001525879,
    -10.50000190734));
#8393 = DIRECTION('',(1.224646799147E-16,0.,-1.));
#8394 = DIRECTION('',(1.,-8.7422769E-08,1.224646799147E-16));
#8395 = ADVANCED_FACE('',(#8396),#8408,.T.);
#8396 = FACE_BOUND('',#8397,.T.);
#8397 = EDGE_LOOP('',(#8398,#8405,#8406,#8407));
#8398 = ORIENTED_EDGE('',*,*,#8399,.F.);
#8399 = EDGE_CURVE('',#5343,#5230,#8400,.T.);
#8400 = CIRCLE('',#8401,5.25);
#8401 = AXIS2_PLACEMENT_3D('',#8402,#8403,#8404);
#8402 = CARTESIAN_POINT('',(6.000009266815,106.00001473425,
    -13.00000190734));
#8403 = DIRECTION('',(1.224646799147E-16,0.,-1.));
#8404 = DIRECTION('',(1.,-8.7422769E-08,1.224646799147E-16));
#8405 = ORIENTED_EDGE('',*,*,#5350,.F.);
#8406 = ORIENTED_EDGE('',*,*,#8341,.T.);
#8407 = ORIENTED_EDGE('',*,*,#5237,.T.);
#8408 = CYLINDRICAL_SURFACE('',#8409,5.25);
#8409 = AXIS2_PLACEMENT_3D('',#8410,#8411,#8412);
#8410 = CARTESIAN_POINT('',(6.000009266815,106.00001473425,
    -13.00000190734));
#8411 = DIRECTION('',(1.224646799147E-16,0.,-1.));
#8412 = DIRECTION('',(1.,-8.7422769E-08,1.224646799147E-16));
#8413 = ADVANCED_FACE('',(#8414),#8425,.T.);
#8414 = FACE_BOUND('',#8415,.T.);
#8415 = EDGE_LOOP('',(#8416,#8417,#8418,#8424));
#8416 = ORIENTED_EDGE('',*,*,#8399,.T.);
#8417 = ORIENTED_EDGE('',*,*,#5229,.T.);
#8418 = ORIENTED_EDGE('',*,*,#8419,.F.);
#8419 = EDGE_CURVE('',#5335,#5222,#8420,.T.);
#8420 = LINE('',#8421,#8422);
#8421 = CARTESIAN_POINT('',(11.500008785989,100.50001425342,
    -13.00000190734));
#8422 = VECTOR('',#8423,1.);
#8423 = DIRECTION('',(-1.,8.7422769E-08,-1.224646799147E-16));
#8424 = ORIENTED_EDGE('',*,*,#5342,.F.);
#8425 = PLANE('',#8426);
#8426 = AXIS2_PLACEMENT_3D('',#8427,#8428,#8429);
#8427 = CARTESIAN_POINT('',(1.081280534538E-05,123.68409001955,
    -13.00000190734));
#8428 = DIRECTION('',(-1.224646799147E-16,0.,1.));
#8429 = DIRECTION('',(-1.,8.7422769E-08,-1.224646799147E-16));
#8430 = ADVANCED_FACE('',(#8431),#8437,.F.);
#8431 = FACE_BOUND('',#8432,.F.);
#8432 = EDGE_LOOP('',(#8433,#8434,#8435,#8436));
#8433 = ORIENTED_EDGE('',*,*,#5334,.F.);
#8434 = ORIENTED_EDGE('',*,*,#5310,.T.);
#8435 = ORIENTED_EDGE('',*,*,#5221,.T.);
#8436 = ORIENTED_EDGE('',*,*,#8419,.F.);
#8437 = PLANE('',#8438);
#8438 = AXIS2_PLACEMENT_3D('',#8439,#8440,#8441);
#8439 = CARTESIAN_POINT('',(7.421983365805,106.24791683778,-13.));
#8440 = DIRECTION('',(1.224646799147E-16,0.,-1.));
#8441 = DIRECTION('',(1.,0.,1.224646799147E-16));
#8442 = ADVANCED_FACE('',(#8443),#8453,.F.);
#8443 = FACE_BOUND('',#8444,.F.);
#8444 = EDGE_LOOP('',(#8445,#8446,#8447,#8448,#8449,#8450,#8451,#8452));
#8445 = ORIENTED_EDGE('',*,*,#5421,.F.);
#8446 = ORIENTED_EDGE('',*,*,#5445,.T.);
#8447 = ORIENTED_EDGE('',*,*,#5487,.T.);
#8448 = ORIENTED_EDGE('',*,*,#5543,.T.);
#8449 = ORIENTED_EDGE('',*,*,#5585,.T.);
#8450 = ORIENTED_EDGE('',*,*,#5568,.F.);
#8451 = ORIENTED_EDGE('',*,*,#5519,.F.);
#8452 = ORIENTED_EDGE('',*,*,#5470,.F.);
#8453 = PLANE('',#8454);
#8454 = AXIS2_PLACEMENT_3D('',#8455,#8456,#8457);
#8455 = CARTESIAN_POINT('',(6.345055188063E-16,89.2,-14.));
#8456 = DIRECTION('',(1.224646799147E-16,0.,-1.));
#8457 = DIRECTION('',(-1.,0.,-1.224646799147E-16));
#8458 = ADVANCED_FACE('',(#8459),#8470,.T.);
#8459 = FACE_BOUND('',#8460,.F.);
#8460 = EDGE_LOOP('',(#8461,#8462,#8463,#8469));
#8461 = ORIENTED_EDGE('',*,*,#5876,.T.);
#8462 = ORIENTED_EDGE('',*,*,#5753,.T.);
#8463 = ORIENTED_EDGE('',*,*,#8464,.F.);
#8464 = EDGE_CURVE('',#5924,#5754,#8465,.T.);
#8465 = LINE('',#8466,#8467);
#8466 = CARTESIAN_POINT('',(-56.7,50.7,-2.5));
#8467 = VECTOR('',#8468,1.);
#8468 = DIRECTION('',(1.224646799147E-16,0.,-1.));
#8469 = ORIENTED_EDGE('',*,*,#5931,.F.);
#8470 = PLANE('',#8471);
#8471 = AXIS2_PLACEMENT_3D('',#8472,#8473,#8474);
#8472 = CARTESIAN_POINT('',(-55.2,52.,-2.5));
#8473 = DIRECTION('',(0.654930538418,-0.75568908279,8.020585875373E-17)
  );
#8474 = DIRECTION('',(0.75568908279,0.654930538418,9.254522163891E-17));
#8475 = ADVANCED_FACE('',(#8476),#8487,.T.);
#8476 = FACE_BOUND('',#8477,.F.);
#8477 = EDGE_LOOP('',(#8478,#8479,#8480,#8486));
#8478 = ORIENTED_EDGE('',*,*,#8464,.T.);
#8479 = ORIENTED_EDGE('',*,*,#5761,.T.);
#8480 = ORIENTED_EDGE('',*,*,#8481,.F.);
#8481 = EDGE_CURVE('',#5916,#5762,#8482,.T.);
#8482 = LINE('',#8483,#8484);
#8483 = CARTESIAN_POINT('',(-62.7,50.7,-2.5));
#8484 = VECTOR('',#8485,1.);
#8485 = DIRECTION('',(1.224646799147E-16,0.,-1.));
#8486 = ORIENTED_EDGE('',*,*,#5923,.F.);
#8487 = PLANE('',#8488);
#8488 = AXIS2_PLACEMENT_3D('',#8489,#8490,#8491);
#8489 = CARTESIAN_POINT('',(-56.7,50.7,-2.5));
#8490 = DIRECTION('',(0.,-1.,0.));
#8491 = DIRECTION('',(1.,0.,1.224646799147E-16));
#8492 = ADVANCED_FACE('',(#8493),#8504,.T.);
#8493 = FACE_BOUND('',#8494,.F.);
#8494 = EDGE_LOOP('',(#8495,#8496,#8497,#8503));
#8495 = ORIENTED_EDGE('',*,*,#8481,.T.);
#8496 = ORIENTED_EDGE('',*,*,#5769,.T.);
#8497 = ORIENTED_EDGE('',*,*,#8498,.F.);
#8498 = EDGE_CURVE('',#5908,#5770,#8499,.T.);
#8499 = LINE('',#8500,#8501);
#8500 = CARTESIAN_POINT('',(-62.7,47.3,-2.5));
#8501 = VECTOR('',#8502,1.);
#8502 = DIRECTION('',(1.224646799147E-16,0.,-1.));
#8503 = ORIENTED_EDGE('',*,*,#5915,.F.);
#8504 = PLANE('',#8505);
#8505 = AXIS2_PLACEMENT_3D('',#8506,#8507,#8508);
#8506 = CARTESIAN_POINT('',(-62.7,50.7,-2.5));
#8507 = DIRECTION('',(1.,0.,1.224646799147E-16));
#8508 = DIRECTION('',(0.,1.,0.));
#8509 = ADVANCED_FACE('',(#8510),#8516,.T.);
#8510 = FACE_BOUND('',#8511,.F.);
#8511 = EDGE_LOOP('',(#8512,#8513,#8514,#8515));
#8512 = ORIENTED_EDGE('',*,*,#8498,.T.);
#8513 = ORIENTED_EDGE('',*,*,#5777,.T.);
#8514 = ORIENTED_EDGE('',*,*,#5989,.F.);
#8515 = ORIENTED_EDGE('',*,*,#5907,.F.);
#8516 = PLANE('',#8517);
#8517 = AXIS2_PLACEMENT_3D('',#8518,#8519,#8520);
#8518 = CARTESIAN_POINT('',(-62.7,47.3,-2.5));
#8519 = DIRECTION('',(-0.,1.,0.));
#8520 = DIRECTION('',(-1.,-0.,-1.224646799147E-16));
#8521 = ADVANCED_FACE('',(#8522),#8547,.F.);
#8522 = FACE_BOUND('',#8523,.T.);
#8523 = EDGE_LOOP('',(#8524,#8532,#8540,#8546));
#8524 = ORIENTED_EDGE('',*,*,#8525,.T.);
#8525 = EDGE_CURVE('',#5801,#8526,#8528,.T.);
#8526 = VERTEX_POINT('',#8527);
#8527 = CARTESIAN_POINT('',(-53.4,58.2,-14.));
#8528 = LINE('',#8529,#8530);
#8529 = CARTESIAN_POINT('',(-53.4,58.2,-10.));
#8530 = VECTOR('',#8531,1.);
#8531 = DIRECTION('',(1.224646799147E-16,0.,-1.));
#8532 = ORIENTED_EDGE('',*,*,#8533,.T.);
#8533 = EDGE_CURVE('',#8526,#8534,#8536,.T.);
#8534 = VERTEX_POINT('',#8535);
#8535 = CARTESIAN_POINT('',(-16.6,58.2,-14.));
#8536 = LINE('',#8537,#8538);
#8537 = CARTESIAN_POINT('',(-53.4,58.2,-14.));
#8538 = VECTOR('',#8539,1.);
#8539 = DIRECTION('',(1.,0.,1.224646799147E-16));
#8540 = ORIENTED_EDGE('',*,*,#8541,.F.);
#8541 = EDGE_CURVE('',#5803,#8534,#8542,.T.);
#8542 = LINE('',#8543,#8544);
#8543 = CARTESIAN_POINT('',(-16.6,58.2,-10.));
#8544 = VECTOR('',#8545,1.);
#8545 = DIRECTION('',(1.224646799147E-16,0.,-1.));
#8546 = ORIENTED_EDGE('',*,*,#5800,.F.);
#8547 = PLANE('',#8548);
#8548 = AXIS2_PLACEMENT_3D('',#8549,#8550,#8551);
#8549 = CARTESIAN_POINT('',(-53.4,58.2,-10.));
#8550 = DIRECTION('',(-0.,1.,0.));
#8551 = DIRECTION('',(-1.,-0.,-1.224646799147E-16));
#8552 = ADVANCED_FACE('',(#8553),#8571,.F.);
#8553 = FACE_BOUND('',#8554,.T.);
#8554 = EDGE_LOOP('',(#8555,#8563,#8569,#8570));
#8555 = ORIENTED_EDGE('',*,*,#8556,.T.);
#8556 = EDGE_CURVE('',#5819,#8557,#8559,.T.);
#8557 = VERTEX_POINT('',#8558);
#8558 = CARTESIAN_POINT('',(-53.4,52.,-14.));
#8559 = LINE('',#8560,#8561);
#8560 = CARTESIAN_POINT('',(-53.4,52.,-10.));
#8561 = VECTOR('',#8562,1.);
#8562 = DIRECTION('',(1.224646799147E-16,0.,-1.));
#8563 = ORIENTED_EDGE('',*,*,#8564,.T.);
#8564 = EDGE_CURVE('',#8557,#8526,#8565,.T.);
#8565 = LINE('',#8566,#8567);
#8566 = CARTESIAN_POINT('',(-53.4,52.,-14.));
#8567 = VECTOR('',#8568,1.);
#8568 = DIRECTION('',(0.,1.,0.));
#8569 = ORIENTED_EDGE('',*,*,#8525,.F.);
#8570 = ORIENTED_EDGE('',*,*,#5826,.F.);
#8571 = PLANE('',#8572);
#8572 = AXIS2_PLACEMENT_3D('',#8573,#8574,#8575);
#8573 = CARTESIAN_POINT('',(-53.4,52.,-10.));
#8574 = DIRECTION('',(-1.,0.,-1.224646799147E-16));
#8575 = DIRECTION('',(0.,-1.,0.));
#8576 = ADVANCED_FACE('',(#8577),#8595,.F.);
#8577 = FACE_BOUND('',#8578,.T.);
#8578 = EDGE_LOOP('',(#8579,#8587,#8593,#8594));
#8579 = ORIENTED_EDGE('',*,*,#8580,.T.);
#8580 = EDGE_CURVE('',#5811,#8581,#8583,.T.);
#8581 = VERTEX_POINT('',#8582);
#8582 = CARTESIAN_POINT('',(-16.6,52.,-14.));
#8583 = LINE('',#8584,#8585);
#8584 = CARTESIAN_POINT('',(-16.6,52.,-10.));
#8585 = VECTOR('',#8586,1.);
#8586 = DIRECTION('',(1.224646799147E-16,0.,-1.));
#8587 = ORIENTED_EDGE('',*,*,#8588,.T.);
#8588 = EDGE_CURVE('',#8581,#8557,#8589,.T.);
#8589 = LINE('',#8590,#8591);
#8590 = CARTESIAN_POINT('',(-16.6,52.,-14.));
#8591 = VECTOR('',#8592,1.);
#8592 = DIRECTION('',(-1.,-0.,-1.224646799147E-16));
#8593 = ORIENTED_EDGE('',*,*,#8556,.F.);
#8594 = ORIENTED_EDGE('',*,*,#5818,.F.);
#8595 = PLANE('',#8596);
#8596 = AXIS2_PLACEMENT_3D('',#8597,#8598,#8599);
#8597 = CARTESIAN_POINT('',(-16.6,52.,-10.));
#8598 = DIRECTION('',(0.,-1.,0.));
#8599 = DIRECTION('',(1.,0.,1.224646799147E-16));
#8600 = ADVANCED_FACE('',(#8601),#8612,.F.);
#8601 = FACE_BOUND('',#8602,.T.);
#8602 = EDGE_LOOP('',(#8603,#8604,#8610,#8611));
#8603 = ORIENTED_EDGE('',*,*,#8541,.T.);
#8604 = ORIENTED_EDGE('',*,*,#8605,.T.);
#8605 = EDGE_CURVE('',#8534,#8581,#8606,.T.);
#8606 = LINE('',#8607,#8608);
#8607 = CARTESIAN_POINT('',(-16.6,58.2,-14.));
#8608 = VECTOR('',#8609,1.);
#8609 = DIRECTION('',(0.,-1.,-0.));
#8610 = ORIENTED_EDGE('',*,*,#8580,.F.);
#8611 = ORIENTED_EDGE('',*,*,#5810,.F.);
#8612 = PLANE('',#8613);
#8613 = AXIS2_PLACEMENT_3D('',#8614,#8615,#8616);
#8614 = CARTESIAN_POINT('',(-16.6,58.2,-10.));
#8615 = DIRECTION('',(1.,0.,1.224646799147E-16));
#8616 = DIRECTION('',(0.,1.,0.));
#8617 = ADVANCED_FACE('',(#8618),#8643,.F.);
#8618 = FACE_BOUND('',#8619,.T.);
#8619 = EDGE_LOOP('',(#8620,#8628,#8636,#8642));
#8620 = ORIENTED_EDGE('',*,*,#8621,.T.);
#8621 = EDGE_CURVE('',#5835,#8622,#8624,.T.);
#8622 = VERTEX_POINT('',#8623);
#8623 = CARTESIAN_POINT('',(-53.4,50.2,-14.));
#8624 = LINE('',#8625,#8626);
#8625 = CARTESIAN_POINT('',(-53.4,50.2,-10.));
#8626 = VECTOR('',#8627,1.);
#8627 = DIRECTION('',(1.224646799147E-16,0.,-1.));
#8628 = ORIENTED_EDGE('',*,*,#8629,.T.);
#8629 = EDGE_CURVE('',#8622,#8630,#8632,.T.);
#8630 = VERTEX_POINT('',#8631);
#8631 = CARTESIAN_POINT('',(-16.6,50.2,-14.));
#8632 = LINE('',#8633,#8634);
#8633 = CARTESIAN_POINT('',(-53.4,50.2,-14.));
#8634 = VECTOR('',#8635,1.);
#8635 = DIRECTION('',(1.,0.,1.224646799147E-16));
#8636 = ORIENTED_EDGE('',*,*,#8637,.F.);
#8637 = EDGE_CURVE('',#5837,#8630,#8638,.T.);
#8638 = LINE('',#8639,#8640);
#8639 = CARTESIAN_POINT('',(-16.6,50.2,-10.));
#8640 = VECTOR('',#8641,1.);
#8641 = DIRECTION('',(1.224646799147E-16,0.,-1.));
#8642 = ORIENTED_EDGE('',*,*,#5834,.F.);
#8643 = PLANE('',#8644);
#8644 = AXIS2_PLACEMENT_3D('',#8645,#8646,#8647);
#8645 = CARTESIAN_POINT('',(-53.4,50.2,-10.));
#8646 = DIRECTION('',(-0.,1.,0.));
#8647 = DIRECTION('',(-1.,-0.,-1.224646799147E-16));
#8648 = ADVANCED_FACE('',(#8649),#8667,.F.);
#8649 = FACE_BOUND('',#8650,.T.);
#8650 = EDGE_LOOP('',(#8651,#8659,#8665,#8666));
#8651 = ORIENTED_EDGE('',*,*,#8652,.T.);
#8652 = EDGE_CURVE('',#5853,#8653,#8655,.T.);
#8653 = VERTEX_POINT('',#8654);
#8654 = CARTESIAN_POINT('',(-53.4,47.1,-14.));
#8655 = LINE('',#8656,#8657);
#8656 = CARTESIAN_POINT('',(-53.4,47.1,-10.));
#8657 = VECTOR('',#8658,1.);
#8658 = DIRECTION('',(1.224646799147E-16,0.,-1.));
#8659 = ORIENTED_EDGE('',*,*,#8660,.T.);
#8660 = EDGE_CURVE('',#8653,#8622,#8661,.T.);
#8661 = LINE('',#8662,#8663);
#8662 = CARTESIAN_POINT('',(-53.4,47.1,-14.));
#8663 = VECTOR('',#8664,1.);
#8664 = DIRECTION('',(0.,1.,0.));
#8665 = ORIENTED_EDGE('',*,*,#8621,.F.);
#8666 = ORIENTED_EDGE('',*,*,#5860,.F.);
#8667 = PLANE('',#8668);
#8668 = AXIS2_PLACEMENT_3D('',#8669,#8670,#8671);
#8669 = CARTESIAN_POINT('',(-53.4,47.1,-10.));
#8670 = DIRECTION('',(-1.,0.,-1.224646799147E-16));
#8671 = DIRECTION('',(0.,-1.,0.));
#8672 = ADVANCED_FACE('',(#8673),#8691,.F.);
#8673 = FACE_BOUND('',#8674,.T.);
#8674 = EDGE_LOOP('',(#8675,#8683,#8689,#8690));
#8675 = ORIENTED_EDGE('',*,*,#8676,.T.);
#8676 = EDGE_CURVE('',#5845,#8677,#8679,.T.);
#8677 = VERTEX_POINT('',#8678);
#8678 = CARTESIAN_POINT('',(-16.6,47.1,-14.));
#8679 = LINE('',#8680,#8681);
#8680 = CARTESIAN_POINT('',(-16.6,47.1,-10.));
#8681 = VECTOR('',#8682,1.);
#8682 = DIRECTION('',(1.224646799147E-16,0.,-1.));
#8683 = ORIENTED_EDGE('',*,*,#8684,.T.);
#8684 = EDGE_CURVE('',#8677,#8653,#8685,.T.);
#8685 = LINE('',#8686,#8687);
#8686 = CARTESIAN_POINT('',(-16.6,47.1,-14.));
#8687 = VECTOR('',#8688,1.);
#8688 = DIRECTION('',(-1.,-0.,-1.224646799147E-16));
#8689 = ORIENTED_EDGE('',*,*,#8652,.F.);
#8690 = ORIENTED_EDGE('',*,*,#5852,.F.);
#8691 = PLANE('',#8692);
#8692 = AXIS2_PLACEMENT_3D('',#8693,#8694,#8695);
#8693 = CARTESIAN_POINT('',(-16.6,47.1,-10.));
#8694 = DIRECTION('',(0.,-1.,0.));
#8695 = DIRECTION('',(1.,0.,1.224646799147E-16));
#8696 = ADVANCED_FACE('',(#8697),#8708,.F.);
#8697 = FACE_BOUND('',#8698,.T.);
#8698 = EDGE_LOOP('',(#8699,#8700,#8706,#8707));
#8699 = ORIENTED_EDGE('',*,*,#8637,.T.);
#8700 = ORIENTED_EDGE('',*,*,#8701,.T.);
#8701 = EDGE_CURVE('',#8630,#8677,#8702,.T.);
#8702 = LINE('',#8703,#8704);
#8703 = CARTESIAN_POINT('',(-16.6,50.2,-14.));
#8704 = VECTOR('',#8705,1.);
#8705 = DIRECTION('',(0.,-1.,-0.));
#8706 = ORIENTED_EDGE('',*,*,#8676,.F.);
#8707 = ORIENTED_EDGE('',*,*,#5844,.F.);
#8708 = PLANE('',#8709);
#8709 = AXIS2_PLACEMENT_3D('',#8710,#8711,#8712);
#8710 = CARTESIAN_POINT('',(-16.6,50.2,-10.));
#8711 = DIRECTION('',(1.,0.,1.224646799147E-16));
#8712 = DIRECTION('',(0.,1.,0.));
#8713 = ADVANCED_FACE('',(#8714),#8805,.F.);
#8714 = FACE_BOUND('',#8715,.T.);
#8715 = EDGE_LOOP('',(#8716,#8717,#8725,#8734,#8740,#8741,#8742,#8751,
    #8757,#8758,#8766,#8775,#8781,#8782,#8790,#8799));
#8716 = ORIENTED_EDGE('',*,*,#7031,.F.);
#8717 = ORIENTED_EDGE('',*,*,#8718,.F.);
#8718 = EDGE_CURVE('',#8719,#7032,#8721,.T.);
#8719 = VERTEX_POINT('',#8720);
#8720 = CARTESIAN_POINT('',(-61.24721220006,54.901260302121,-4.25));
#8721 = LINE('',#8722,#8723);
#8722 = CARTESIAN_POINT('',(-61.24721220006,54.901260302121,-15.));
#8723 = VECTOR('',#8724,1.);
#8724 = DIRECTION('',(1.224646799147E-16,0.,-1.));
#8725 = ORIENTED_EDGE('',*,*,#8726,.F.);
#8726 = EDGE_CURVE('',#8727,#8719,#8729,.T.);
#8727 = VERTEX_POINT('',#8728);
#8728 = CARTESIAN_POINT('',(-61.25,54.999999999994,-4.25));
#8729 = CIRCLE('',#8730,1.75);
#8730 = AXIS2_PLACEMENT_3D('',#8731,#8732,#8733);
#8731 = CARTESIAN_POINT('',(-59.5,54.999999999994,-4.25));
#8732 = DIRECTION('',(-1.224646799147E-16,0.,1.));
#8733 = DIRECTION('',(-1.,0.,-1.224646799147E-16));
#8734 = ORIENTED_EDGE('',*,*,#8735,.T.);
#8735 = EDGE_CURVE('',#8727,#5944,#8736,.T.);
#8736 = LINE('',#8737,#8738);
#8737 = CARTESIAN_POINT('',(-61.25,54.999999999994,-15.));
#8738 = VECTOR('',#8739,1.);
#8739 = DIRECTION('',(-1.224646799147E-16,0.,1.));
#8740 = ORIENTED_EDGE('',*,*,#5943,.T.);
#8741 = ORIENTED_EDGE('',*,*,#8735,.F.);
#8742 = ORIENTED_EDGE('',*,*,#8743,.F.);
#8743 = EDGE_CURVE('',#8744,#8727,#8746,.T.);
#8744 = VERTEX_POINT('',#8745);
#8745 = CARTESIAN_POINT('',(-60.28809501329,56.5625,-4.25));
#8746 = CIRCLE('',#8747,1.75);
#8747 = AXIS2_PLACEMENT_3D('',#8748,#8749,#8750);
#8748 = CARTESIAN_POINT('',(-59.5,54.999999999994,-4.25));
#8749 = DIRECTION('',(-1.224646799147E-16,0.,1.));
#8750 = DIRECTION('',(-1.,0.,-1.224646799147E-16));
#8751 = ORIENTED_EDGE('',*,*,#8752,.T.);
#8752 = EDGE_CURVE('',#8744,#7056,#8753,.T.);
#8753 = LINE('',#8754,#8755);
#8754 = CARTESIAN_POINT('',(-60.28809501329,56.5625,-15.));
#8755 = VECTOR('',#8756,1.);
#8756 = DIRECTION('',(1.224646799147E-16,0.,-1.));
#8757 = ORIENTED_EDGE('',*,*,#7063,.F.);
#8758 = ORIENTED_EDGE('',*,*,#8759,.F.);
#8759 = EDGE_CURVE('',#8760,#7064,#8762,.T.);
#8760 = VERTEX_POINT('',#8761);
#8761 = CARTESIAN_POINT('',(-58.7119049867,56.5625,-4.25));
#8762 = LINE('',#8763,#8764);
#8763 = CARTESIAN_POINT('',(-58.7119049867,56.5625,-15.));
#8764 = VECTOR('',#8765,1.);
#8765 = DIRECTION('',(1.224646799147E-16,0.,-1.));
#8766 = ORIENTED_EDGE('',*,*,#8767,.F.);
#8767 = EDGE_CURVE('',#8768,#8760,#8770,.T.);
#8768 = VERTEX_POINT('',#8769);
#8769 = CARTESIAN_POINT('',(-57.75278779993,54.901260302121,-4.25));
#8770 = CIRCLE('',#8771,1.75);
#8771 = AXIS2_PLACEMENT_3D('',#8772,#8773,#8774);
#8772 = CARTESIAN_POINT('',(-59.5,54.999999999994,-4.25));
#8773 = DIRECTION('',(-1.224646799147E-16,0.,1.));
#8774 = DIRECTION('',(-1.,0.,-1.224646799147E-16));
#8775 = ORIENTED_EDGE('',*,*,#8776,.T.);
#8776 = EDGE_CURVE('',#8768,#7096,#8777,.T.);
#8777 = LINE('',#8778,#8779);
#8778 = CARTESIAN_POINT('',(-57.75278779993,54.901260302121,-15.));
#8779 = VECTOR('',#8780,1.);
#8780 = DIRECTION('',(1.224646799147E-16,0.,-1.));
#8781 = ORIENTED_EDGE('',*,*,#7103,.F.);
#8782 = ORIENTED_EDGE('',*,*,#8783,.F.);
#8783 = EDGE_CURVE('',#8784,#7087,#8786,.T.);
#8784 = VERTEX_POINT('',#8785);
#8785 = CARTESIAN_POINT('',(-58.54088281324,53.536239697869,-4.25));
#8786 = LINE('',#8787,#8788);
#8787 = CARTESIAN_POINT('',(-58.54088281324,53.53623969787,-15.));
#8788 = VECTOR('',#8789,1.);
#8789 = DIRECTION('',(1.224646799147E-16,0.,-1.));
#8790 = ORIENTED_EDGE('',*,*,#8791,.F.);
#8791 = EDGE_CURVE('',#8792,#8784,#8794,.T.);
#8792 = VERTEX_POINT('',#8793);
#8793 = CARTESIAN_POINT('',(-60.45911718675,53.536239697869,-4.25));
#8794 = CIRCLE('',#8795,1.75);
#8795 = AXIS2_PLACEMENT_3D('',#8796,#8797,#8798);
#8796 = CARTESIAN_POINT('',(-59.5,54.999999999994,-4.25));
#8797 = DIRECTION('',(-1.224646799147E-16,0.,1.));
#8798 = DIRECTION('',(-1.,0.,-1.224646799147E-16));
#8799 = ORIENTED_EDGE('',*,*,#8800,.T.);
#8800 = EDGE_CURVE('',#8792,#7024,#8801,.T.);
#8801 = LINE('',#8802,#8803);
#8802 = CARTESIAN_POINT('',(-60.45911718675,53.53623969787,-15.));
#8803 = VECTOR('',#8804,1.);
#8804 = DIRECTION('',(1.224646799147E-16,0.,-1.));
#8805 = CYLINDRICAL_SURFACE('',#8806,1.75);
#8806 = AXIS2_PLACEMENT_3D('',#8807,#8808,#8809);
#8807 = CARTESIAN_POINT('',(-59.5,54.999999999994,-15.));
#8808 = DIRECTION('',(1.224646799147E-16,0.,-1.));
#8809 = DIRECTION('',(-1.,0.,-1.224646799147E-16));
#8810 = ADVANCED_FACE('',(#8811),#8817,.F.);
#8811 = FACE_BOUND('',#8812,.T.);
#8812 = EDGE_LOOP('',(#8813,#8814,#8815,#8816));
#8813 = ORIENTED_EDGE('',*,*,#6401,.T.);
#8814 = ORIENTED_EDGE('',*,*,#6384,.T.);
#8815 = ORIENTED_EDGE('',*,*,#6360,.T.);
#8816 = ORIENTED_EDGE('',*,*,#6329,.T.);
#8817 = PLANE('',#8818);
#8818 = AXIS2_PLACEMENT_3D('',#8819,#8820,#8821);
#8819 = CARTESIAN_POINT('',(35.,51.995597104946,-14.));
#8820 = DIRECTION('',(1.224646799147E-16,0.,-1.));
#8821 = DIRECTION('',(1.,0.,1.224646799147E-16));
#8822 = ADVANCED_FACE('',(#8823),#8829,.F.);
#8823 = FACE_BOUND('',#8824,.T.);
#8824 = EDGE_LOOP('',(#8825,#8826,#8827,#8828));
#8825 = ORIENTED_EDGE('',*,*,#6497,.T.);
#8826 = ORIENTED_EDGE('',*,*,#6480,.T.);
#8827 = ORIENTED_EDGE('',*,*,#6456,.T.);
#8828 = ORIENTED_EDGE('',*,*,#6425,.T.);
#8829 = PLANE('',#8830);
#8830 = AXIS2_PLACEMENT_3D('',#8831,#8832,#8833);
#8831 = CARTESIAN_POINT('',(35.,51.995597104946,-14.));
#8832 = DIRECTION('',(1.224646799147E-16,0.,-1.));
#8833 = DIRECTION('',(1.,0.,1.224646799147E-16));
#8834 = ADVANCED_FACE('',(#8835),#8853,.F.);
#8835 = FACE_BOUND('',#8836,.F.);
#8836 = EDGE_LOOP('',(#8837,#8838,#8839,#8847));
#8837 = ORIENTED_EDGE('',*,*,#7264,.F.);
#8838 = ORIENTED_EDGE('',*,*,#6626,.F.);
#8839 = ORIENTED_EDGE('',*,*,#8840,.T.);
#8840 = EDGE_CURVE('',#6618,#8841,#8843,.T.);
#8841 = VERTEX_POINT('',#8842);
#8842 = CARTESIAN_POINT('',(59.5,51.875,-4.25));
#8843 = LINE('',#8844,#8845);
#8844 = CARTESIAN_POINT('',(62.206329386826,56.5625,-4.25));
#8845 = VECTOR('',#8846,1.);
#8846 = DIRECTION('',(-0.5,-0.866025403784,-6.123233995737E-17));
#8847 = ORIENTED_EDGE('',*,*,#8848,.F.);
#8848 = EDGE_CURVE('',#4057,#8841,#8849,.T.);
#8849 = LINE('',#8850,#8851);
#8850 = CARTESIAN_POINT('',(59.5,51.875,-4.5));
#8851 = VECTOR('',#8852,1.);
#8852 = DIRECTION('',(-1.224646799147E-16,0.,1.));
#8853 = PLANE('',#8854);
#8854 = AXIS2_PLACEMENT_3D('',#8855,#8856,#8857);
#8855 = CARTESIAN_POINT('',(62.206329386826,56.5625,-4.5));
#8856 = DIRECTION('',(0.866025403784,-0.5,1.060575238725E-16));
#8857 = DIRECTION('',(-0.5,-0.866025403784,-6.123233995737E-17));
#8858 = ADVANCED_FACE('',(#8859),#8869,.T.);
#8859 = FACE_BOUND('',#8860,.T.);
#8860 = EDGE_LOOP('',(#8861,#8862,#8868));
#8861 = ORIENTED_EDGE('',*,*,#8840,.T.);
#8862 = ORIENTED_EDGE('',*,*,#8863,.T.);
#8863 = EDGE_CURVE('',#8841,#6610,#8864,.T.);
#8864 = LINE('',#8865,#8866);
#8865 = CARTESIAN_POINT('',(59.5,51.875,-4.25));
#8866 = VECTOR('',#8867,1.);
#8867 = DIRECTION('',(-0.5,0.866025403784,-6.123233995737E-17));
#8868 = ORIENTED_EDGE('',*,*,#6617,.F.);
#8869 = PLANE('',#8870);
#8870 = AXIS2_PLACEMENT_3D('',#8871,#8872,#8873);
#8871 = CARTESIAN_POINT('',(29.749999999987,53.000000000001,-4.25));
#8872 = DIRECTION('',(1.224646799147E-16,0.,-1.));
#8873 = DIRECTION('',(1.,0.,1.224646799147E-16));
#8874 = ADVANCED_FACE('',(#8875),#8881,.F.);
#8875 = FACE_BOUND('',#8876,.F.);
#8876 = EDGE_LOOP('',(#8877,#8878,#8879,#8880));
#8877 = ORIENTED_EDGE('',*,*,#7307,.F.);
#8878 = ORIENTED_EDGE('',*,*,#8848,.T.);
#8879 = ORIENTED_EDGE('',*,*,#8863,.T.);
#8880 = ORIENTED_EDGE('',*,*,#6609,.T.);
#8881 = PLANE('',#8882);
#8882 = AXIS2_PLACEMENT_3D('',#8883,#8884,#8885);
#8883 = CARTESIAN_POINT('',(59.5,51.875,-4.5));
#8884 = DIRECTION('',(-0.866025403784,-0.5,-1.060575238725E-16));
#8885 = DIRECTION('',(-0.5,0.866025403784,-6.123233995737E-17));
#8886 = ADVANCED_FACE('',(#8887),#8905,.F.);
#8887 = FACE_BOUND('',#8888,.F.);
#8888 = EDGE_LOOP('',(#8889,#8890,#8891,#8899));
#8889 = ORIENTED_EDGE('',*,*,#7314,.F.);
#8890 = ORIENTED_EDGE('',*,*,#6592,.F.);
#8891 = ORIENTED_EDGE('',*,*,#8892,.T.);
#8892 = EDGE_CURVE('',#6584,#8893,#8895,.T.);
#8893 = VERTEX_POINT('',#8894);
#8894 = CARTESIAN_POINT('',(56.793670613174,56.5625,-4.25));
#8895 = LINE('',#8896,#8897);
#8896 = CARTESIAN_POINT('',(59.5,51.875,-4.25));
#8897 = VECTOR('',#8898,1.);
#8898 = DIRECTION('',(-0.5,0.866025403784,-6.123233995737E-17));
#8899 = ORIENTED_EDGE('',*,*,#8900,.F.);
#8900 = EDGE_CURVE('',#4066,#8893,#8901,.T.);
#8901 = LINE('',#8902,#8903);
#8902 = CARTESIAN_POINT('',(56.793670613174,56.5625,-4.5));
#8903 = VECTOR('',#8904,1.);
#8904 = DIRECTION('',(-1.224646799147E-16,0.,1.));
#8905 = PLANE('',#8906);
#8906 = AXIS2_PLACEMENT_3D('',#8907,#8908,#8909);
#8907 = CARTESIAN_POINT('',(59.5,51.875,-4.5));
#8908 = DIRECTION('',(-0.866025403784,-0.5,-1.060575238725E-16));
#8909 = DIRECTION('',(-0.5,0.866025403784,-6.123233995737E-17));
#8910 = ADVANCED_FACE('',(#8911),#8921,.T.);
#8911 = FACE_BOUND('',#8912,.T.);
#8912 = EDGE_LOOP('',(#8913,#8914,#8915));
#8913 = ORIENTED_EDGE('',*,*,#6583,.F.);
#8914 = ORIENTED_EDGE('',*,*,#8892,.T.);
#8915 = ORIENTED_EDGE('',*,*,#8916,.T.);
#8916 = EDGE_CURVE('',#8893,#6576,#8917,.T.);
#8917 = LINE('',#8918,#8919);
#8918 = CARTESIAN_POINT('',(56.793670613174,56.5625,-4.25));
#8919 = VECTOR('',#8920,1.);
#8920 = DIRECTION('',(1.,0.,1.224646799147E-16));
#8921 = PLANE('',#8922);
#8922 = AXIS2_PLACEMENT_3D('',#8923,#8924,#8925);
#8923 = CARTESIAN_POINT('',(29.749999999987,53.000000000001,-4.25));
#8924 = DIRECTION('',(1.224646799147E-16,0.,-1.));
#8925 = DIRECTION('',(1.,0.,1.224646799147E-16));
#8926 = ADVANCED_FACE('',(#8927),#8933,.F.);
#8927 = FACE_BOUND('',#8928,.F.);
#8928 = EDGE_LOOP('',(#8929,#8930,#8931,#8932));
#8929 = ORIENTED_EDGE('',*,*,#7293,.F.);
#8930 = ORIENTED_EDGE('',*,*,#8900,.T.);
#8931 = ORIENTED_EDGE('',*,*,#8916,.T.);
#8932 = ORIENTED_EDGE('',*,*,#6575,.T.);
#8933 = PLANE('',#8934);
#8934 = AXIS2_PLACEMENT_3D('',#8935,#8936,#8937);
#8935 = CARTESIAN_POINT('',(56.793670613174,56.5625,-4.5));
#8936 = DIRECTION('',(0.,1.,0.));
#8937 = DIRECTION('',(1.,0.,1.224646799147E-16));
#8938 = ADVANCED_FACE('',(#8939),#8957,.F.);
#8939 = FACE_BOUND('',#8940,.F.);
#8940 = EDGE_LOOP('',(#8941,#8942,#8943,#8951));
#8941 = ORIENTED_EDGE('',*,*,#7286,.F.);
#8942 = ORIENTED_EDGE('',*,*,#6558,.F.);
#8943 = ORIENTED_EDGE('',*,*,#8944,.T.);
#8944 = EDGE_CURVE('',#6550,#8945,#8947,.T.);
#8945 = VERTEX_POINT('',#8946);
#8946 = CARTESIAN_POINT('',(62.206329386826,56.5625,-4.25));
#8947 = LINE('',#8948,#8949);
#8948 = CARTESIAN_POINT('',(56.793670613174,56.5625,-4.25));
#8949 = VECTOR('',#8950,1.);
#8950 = DIRECTION('',(1.,0.,1.224646799147E-16));
#8951 = ORIENTED_EDGE('',*,*,#8952,.F.);
#8952 = EDGE_CURVE('',#4075,#8945,#8953,.T.);
#8953 = LINE('',#8954,#8955);
#8954 = CARTESIAN_POINT('',(62.206329386826,56.5625,-4.5));
#8955 = VECTOR('',#8956,1.);
#8956 = DIRECTION('',(-1.224646799147E-16,0.,1.));
#8957 = PLANE('',#8958);
#8958 = AXIS2_PLACEMENT_3D('',#8959,#8960,#8961);
#8959 = CARTESIAN_POINT('',(56.793670613174,56.5625,-4.5));
#8960 = DIRECTION('',(0.,1.,0.));
#8961 = DIRECTION('',(1.,0.,1.224646799147E-16));
#8962 = ADVANCED_FACE('',(#8963),#8974,.T.);
#8963 = FACE_BOUND('',#8964,.T.);
#8964 = EDGE_LOOP('',(#8965,#8971,#8972,#8973));
#8965 = ORIENTED_EDGE('',*,*,#8966,.T.);
#8966 = EDGE_CURVE('',#8945,#6525,#8967,.T.);
#8967 = LINE('',#8968,#8969);
#8968 = CARTESIAN_POINT('',(62.206329386826,56.5625,-4.25));
#8969 = VECTOR('',#8970,1.);
#8970 = DIRECTION('',(-0.5,-0.866025403784,-6.123233995737E-17));
#8971 = ORIENTED_EDGE('',*,*,#6532,.F.);
#8972 = ORIENTED_EDGE('',*,*,#6549,.F.);
#8973 = ORIENTED_EDGE('',*,*,#8944,.T.);
#8974 = PLANE('',#8975);
#8975 = AXIS2_PLACEMENT_3D('',#8976,#8977,#8978);
#8976 = CARTESIAN_POINT('',(29.749999999987,53.000000000001,-4.25));
#8977 = DIRECTION('',(1.224646799147E-16,0.,-1.));
#8978 = DIRECTION('',(1.,0.,1.224646799147E-16));
#8979 = ADVANCED_FACE('',(#8980),#8986,.F.);
#8980 = FACE_BOUND('',#8981,.F.);
#8981 = EDGE_LOOP('',(#8982,#8983,#8984,#8985));
#8982 = ORIENTED_EDGE('',*,*,#7271,.F.);
#8983 = ORIENTED_EDGE('',*,*,#8952,.T.);
#8984 = ORIENTED_EDGE('',*,*,#8966,.T.);
#8985 = ORIENTED_EDGE('',*,*,#6524,.T.);
#8986 = PLANE('',#8987);
#8987 = AXIS2_PLACEMENT_3D('',#8988,#8989,#8990);
#8988 = CARTESIAN_POINT('',(62.206329386826,56.5625,-4.5));
#8989 = DIRECTION('',(0.866025403784,-0.5,1.060575238725E-16));
#8990 = DIRECTION('',(-0.5,-0.866025403784,-6.123233995737E-17));
#8991 = ADVANCED_FACE('',(#8992,#9000),#9003,.T.);
#8992 = FACE_BOUND('',#8993,.F.);
#8993 = EDGE_LOOP('',(#8994,#8995,#8996,#8997,#8998,#8999));
#8994 = ORIENTED_EDGE('',*,*,#6792,.T.);
#8995 = ORIENTED_EDGE('',*,*,#6912,.T.);
#8996 = ORIENTED_EDGE('',*,*,#6895,.T.);
#8997 = ORIENTED_EDGE('',*,*,#6871,.T.);
#8998 = ORIENTED_EDGE('',*,*,#6847,.T.);
#8999 = ORIENTED_EDGE('',*,*,#6823,.T.);
#9000 = FACE_BOUND('',#9001,.F.);
#9001 = EDGE_LOOP('',(#9002));
#9002 = ORIENTED_EDGE('',*,*,#6971,.F.);
#9003 = PLANE('',#9004);
#9004 = AXIS2_PLACEMENT_3D('',#9005,#9006,#9007);
#9005 = CARTESIAN_POINT('',(-44.99999999999,140.6,4.402690894038E-13));
#9006 = DIRECTION('',(0.,-1.,0.));
#9007 = DIRECTION('',(-1.224646799147E-16,-0.,1.));
#9008 = ADVANCED_FACE('',(#9009,#9017),#9020,.T.);
#9009 = FACE_BOUND('',#9010,.T.);
#9010 = EDGE_LOOP('',(#9011,#9012,#9013,#9014,#9015,#9016));
#9011 = ORIENTED_EDGE('',*,*,#7126,.T.);
#9012 = ORIENTED_EDGE('',*,*,#7246,.T.);
#9013 = ORIENTED_EDGE('',*,*,#7229,.T.);
#9014 = ORIENTED_EDGE('',*,*,#7205,.T.);
#9015 = ORIENTED_EDGE('',*,*,#7181,.T.);
#9016 = ORIENTED_EDGE('',*,*,#7157,.T.);
#9017 = FACE_BOUND('',#9018,.T.);
#9018 = EDGE_LOOP('',(#9019));
#9019 = ORIENTED_EDGE('',*,*,#6996,.F.);
#9020 = PLANE('',#9021);
#9021 = AXIS2_PLACEMENT_3D('',#9022,#9023,#9024);
#9022 = CARTESIAN_POINT('',(44.999999999999,140.6,4.512909105962E-13));
#9023 = DIRECTION('',(0.,-1.,0.));
#9024 = DIRECTION('',(1.224646799147E-16,0.,-1.));
#9025 = ADVANCED_FACE('',(#9026),#9044,.F.);
#9026 = FACE_BOUND('',#9027,.T.);
#9027 = EDGE_LOOP('',(#9028,#9029,#9037,#9043));
#9028 = ORIENTED_EDGE('',*,*,#7040,.F.);
#9029 = ORIENTED_EDGE('',*,*,#9030,.T.);
#9030 = EDGE_CURVE('',#3740,#9031,#9033,.T.);
#9031 = VERTEX_POINT('',#9032);
#9032 = CARTESIAN_POINT('',(-62.20632938682,56.5625,-4.25));
#9033 = LINE('',#9034,#9035);
#9034 = CARTESIAN_POINT('',(-62.20632938682,56.5625,-4.5));
#9035 = VECTOR('',#9036,1.);
#9036 = DIRECTION('',(-1.224646799147E-16,0.,1.));
#9037 = ORIENTED_EDGE('',*,*,#9038,.T.);
#9038 = EDGE_CURVE('',#9031,#8719,#9039,.T.);
#9039 = LINE('',#9040,#9041);
#9040 = CARTESIAN_POINT('',(-62.20632938682,56.5625,-4.25));
#9041 = VECTOR('',#9042,1.);
#9042 = DIRECTION('',(0.5,-0.866025403784,6.123233995737E-17));
#9043 = ORIENTED_EDGE('',*,*,#8718,.T.);
#9044 = PLANE('',#9045);
#9045 = AXIS2_PLACEMENT_3D('',#9046,#9047,#9048);
#9046 = CARTESIAN_POINT('',(-62.20632938682,56.5625,-4.5));
#9047 = DIRECTION('',(-0.866025403784,-0.5,-1.060575238725E-16));
#9048 = DIRECTION('',(-0.5,0.866025403784,-6.123233995737E-17));
#9049 = ADVANCED_FACE('',(#9050),#9068,.F.);
#9050 = FACE_BOUND('',#9051,.T.);
#9051 = EDGE_LOOP('',(#9052,#9053,#9054,#9062));
#9052 = ORIENTED_EDGE('',*,*,#7023,.F.);
#9053 = ORIENTED_EDGE('',*,*,#8800,.F.);
#9054 = ORIENTED_EDGE('',*,*,#9055,.T.);
#9055 = EDGE_CURVE('',#8792,#9056,#9058,.T.);
#9056 = VERTEX_POINT('',#9057);
#9057 = CARTESIAN_POINT('',(-59.5,51.875,-4.25));
#9058 = LINE('',#9059,#9060);
#9059 = CARTESIAN_POINT('',(-62.20632938682,56.5625,-4.25));
#9060 = VECTOR('',#9061,1.);
#9061 = DIRECTION('',(0.5,-0.866025403784,6.123233995737E-17));
#9062 = ORIENTED_EDGE('',*,*,#9063,.F.);
#9063 = EDGE_CURVE('',#3722,#9056,#9064,.T.);
#9064 = LINE('',#9065,#9066);
#9065 = CARTESIAN_POINT('',(-59.5,51.875,-4.5));
#9066 = VECTOR('',#9067,1.);
#9067 = DIRECTION('',(-1.224646799147E-16,0.,1.));
#9068 = PLANE('',#9069);
#9069 = AXIS2_PLACEMENT_3D('',#9070,#9071,#9072);
#9070 = CARTESIAN_POINT('',(-62.20632938682,56.5625,-4.5));
#9071 = DIRECTION('',(-0.866025403784,-0.5,-1.060575238725E-16));
#9072 = DIRECTION('',(-0.5,0.866025403784,-6.123233995737E-17));
#9073 = ADVANCED_FACE('',(#9074),#9092,.F.);
#9074 = FACE_BOUND('',#9075,.T.);
#9075 = EDGE_LOOP('',(#9076,#9077,#9085,#9091));
#9076 = ORIENTED_EDGE('',*,*,#7072,.F.);
#9077 = ORIENTED_EDGE('',*,*,#9078,.T.);
#9078 = EDGE_CURVE('',#3731,#9079,#9081,.T.);
#9079 = VERTEX_POINT('',#9080);
#9080 = CARTESIAN_POINT('',(-56.79367061317,56.5625,-4.25));
#9081 = LINE('',#9082,#9083);
#9082 = CARTESIAN_POINT('',(-56.79367061317,56.5625,-4.5));
#9083 = VECTOR('',#9084,1.);
#9084 = DIRECTION('',(-1.224646799147E-16,0.,1.));
#9085 = ORIENTED_EDGE('',*,*,#9086,.T.);
#9086 = EDGE_CURVE('',#9079,#8760,#9087,.T.);
#9087 = LINE('',#9088,#9089);
#9088 = CARTESIAN_POINT('',(-56.79367061317,56.5625,-4.25));
#9089 = VECTOR('',#9090,1.);
#9090 = DIRECTION('',(-1.,0.,-1.224646799147E-16));
#9091 = ORIENTED_EDGE('',*,*,#8759,.T.);
#9092 = PLANE('',#9093);
#9093 = AXIS2_PLACEMENT_3D('',#9094,#9095,#9096);
#9094 = CARTESIAN_POINT('',(-56.79367061317,56.5625,-4.5));
#9095 = DIRECTION('',(-0.,1.,0.));
#9096 = DIRECTION('',(1.,0.,1.224646799147E-16));
#9097 = ADVANCED_FACE('',(#9098),#9109,.F.);
#9098 = FACE_BOUND('',#9099,.T.);
#9099 = EDGE_LOOP('',(#9100,#9101,#9102,#9108));
#9100 = ORIENTED_EDGE('',*,*,#7055,.F.);
#9101 = ORIENTED_EDGE('',*,*,#8752,.F.);
#9102 = ORIENTED_EDGE('',*,*,#9103,.T.);
#9103 = EDGE_CURVE('',#8744,#9031,#9104,.T.);
#9104 = LINE('',#9105,#9106);
#9105 = CARTESIAN_POINT('',(-56.79367061317,56.5625,-4.25));
#9106 = VECTOR('',#9107,1.);
#9107 = DIRECTION('',(-1.,0.,-1.224646799147E-16));
#9108 = ORIENTED_EDGE('',*,*,#9030,.F.);
#9109 = PLANE('',#9110);
#9110 = AXIS2_PLACEMENT_3D('',#9111,#9112,#9113);
#9111 = CARTESIAN_POINT('',(-56.79367061317,56.5625,-4.5));
#9112 = DIRECTION('',(-0.,1.,0.));
#9113 = DIRECTION('',(1.,0.,1.224646799147E-16));
#9114 = ADVANCED_FACE('',(#9115),#9126,.F.);
#9115 = FACE_BOUND('',#9116,.T.);
#9116 = EDGE_LOOP('',(#9117,#9118,#9119,#9125));
#9117 = ORIENTED_EDGE('',*,*,#7086,.F.);
#9118 = ORIENTED_EDGE('',*,*,#9063,.T.);
#9119 = ORIENTED_EDGE('',*,*,#9120,.T.);
#9120 = EDGE_CURVE('',#9056,#8784,#9121,.T.);
#9121 = LINE('',#9122,#9123);
#9122 = CARTESIAN_POINT('',(-59.5,51.875,-4.25));
#9123 = VECTOR('',#9124,1.);
#9124 = DIRECTION('',(0.5,0.866025403784,6.123233995737E-17));
#9125 = ORIENTED_EDGE('',*,*,#8783,.T.);
#9126 = PLANE('',#9127);
#9127 = AXIS2_PLACEMENT_3D('',#9128,#9129,#9130);
#9128 = CARTESIAN_POINT('',(-59.5,51.875,-4.5));
#9129 = DIRECTION('',(0.866025403784,-0.5,1.060575238725E-16));
#9130 = DIRECTION('',(-0.5,-0.866025403784,-6.123233995737E-17));
#9131 = ADVANCED_FACE('',(#9132),#9143,.F.);
#9132 = FACE_BOUND('',#9133,.T.);
#9133 = EDGE_LOOP('',(#9134,#9135,#9136,#9142));
#9134 = ORIENTED_EDGE('',*,*,#7095,.F.);
#9135 = ORIENTED_EDGE('',*,*,#8776,.F.);
#9136 = ORIENTED_EDGE('',*,*,#9137,.T.);
#9137 = EDGE_CURVE('',#8768,#9079,#9138,.T.);
#9138 = LINE('',#9139,#9140);
#9139 = CARTESIAN_POINT('',(-59.5,51.875,-4.25));
#9140 = VECTOR('',#9141,1.);
#9141 = DIRECTION('',(0.5,0.866025403784,6.123233995737E-17));
#9142 = ORIENTED_EDGE('',*,*,#9078,.F.);
#9143 = PLANE('',#9144);
#9144 = AXIS2_PLACEMENT_3D('',#9145,#9146,#9147);
#9145 = CARTESIAN_POINT('',(-59.5,51.875,-4.5));
#9146 = DIRECTION('',(0.866025403784,-0.5,1.060575238725E-16));
#9147 = DIRECTION('',(-0.5,-0.866025403784,-6.123233995737E-17));
#9148 = ADVANCED_FACE('',(#9149),#9174,.T.);
#9149 = FACE_BOUND('',#9150,.T.);
#9150 = EDGE_LOOP('',(#9151,#9159,#9160,#9168));
#9151 = ORIENTED_EDGE('',*,*,#9152,.T.);
#9152 = EDGE_CURVE('',#9153,#7347,#9155,.T.);
#9153 = VERTEX_POINT('',#9154);
#9154 = CARTESIAN_POINT('',(1.579941760465,67.197674418605,-15.));
#9155 = LINE('',#9156,#9157);
#9156 = CARTESIAN_POINT('',(1.579941760465,67.197674418605,-15.));
#9157 = VECTOR('',#9158,1.);
#9158 = DIRECTION('',(-1.224646799147E-16,-0.,1.));
#9159 = ORIENTED_EDGE('',*,*,#7346,.T.);
#9160 = ORIENTED_EDGE('',*,*,#9161,.F.);
#9161 = EDGE_CURVE('',#9162,#7349,#9164,.T.);
#9162 = VERTEX_POINT('',#9163);
#9163 = CARTESIAN_POINT('',(1.579941760465,64.023255813953,-15.));
#9164 = LINE('',#9165,#9166);
#9165 = CARTESIAN_POINT('',(1.579941760465,64.023255813953,-15.));
#9166 = VECTOR('',#9167,1.);
#9167 = DIRECTION('',(-1.224646799147E-16,-0.,1.));
#9168 = ORIENTED_EDGE('',*,*,#9169,.F.);
#9169 = EDGE_CURVE('',#9153,#9162,#9170,.T.);
#9170 = LINE('',#9171,#9172);
#9171 = CARTESIAN_POINT('',(1.579941760465,67.197674418605,-15.));
#9172 = VECTOR('',#9173,1.);
#9173 = DIRECTION('',(0.,-1.,-0.));
#9174 = PLANE('',#9175);
#9175 = AXIS2_PLACEMENT_3D('',#9176,#9177,#9178);
#9176 = CARTESIAN_POINT('',(1.579941760465,67.197674418605,-15.));
#9177 = DIRECTION('',(1.,0.,1.224646799147E-16));
#9178 = DIRECTION('',(0.,-1.,-0.));
#9179 = ADVANCED_FACE('',(#9180),#9198,.T.);
#9180 = FACE_BOUND('',#9181,.T.);
#9181 = EDGE_LOOP('',(#9182,#9183,#9184,#9192));
#9182 = ORIENTED_EDGE('',*,*,#9161,.T.);
#9183 = ORIENTED_EDGE('',*,*,#7356,.T.);
#9184 = ORIENTED_EDGE('',*,*,#9185,.F.);
#9185 = EDGE_CURVE('',#9186,#7357,#9188,.T.);
#9186 = VERTEX_POINT('',#9187);
#9187 = CARTESIAN_POINT('',(-0.660247193023,64.023255813953,-15.));
#9188 = LINE('',#9189,#9190);
#9189 = CARTESIAN_POINT('',(-0.660247193023,64.023255813953,-15.));
#9190 = VECTOR('',#9191,1.);
#9191 = DIRECTION('',(-1.224646799147E-16,-0.,1.));
#9192 = ORIENTED_EDGE('',*,*,#9193,.F.);
#9193 = EDGE_CURVE('',#9162,#9186,#9194,.T.);
#9194 = LINE('',#9195,#9196);
#9195 = CARTESIAN_POINT('',(1.579941760465,64.023255813953,-15.));
#9196 = VECTOR('',#9197,1.);
#9197 = DIRECTION('',(-1.,0.,-1.224646799147E-16));
#9198 = PLANE('',#9199);
#9199 = AXIS2_PLACEMENT_3D('',#9200,#9201,#9202);
#9200 = CARTESIAN_POINT('',(1.579941760465,64.023255813953,-15.));
#9201 = DIRECTION('',(0.,-1.,-0.));
#9202 = DIRECTION('',(-1.,0.,-1.224646799147E-16));
#9203 = ADVANCED_FACE('',(#9204),#9222,.T.);
#9204 = FACE_BOUND('',#9205,.T.);
#9205 = EDGE_LOOP('',(#9206,#9207,#9208,#9216));
#9206 = ORIENTED_EDGE('',*,*,#9185,.T.);
#9207 = ORIENTED_EDGE('',*,*,#7364,.T.);
#9208 = ORIENTED_EDGE('',*,*,#9209,.F.);
#9209 = EDGE_CURVE('',#9210,#7365,#9212,.T.);
#9210 = VERTEX_POINT('',#9211);
#9211 = CARTESIAN_POINT('',(-2.319949227907,64.096293604651,-15.));
#9212 = LINE('',#9213,#9214);
#9213 = CARTESIAN_POINT('',(-2.319949227907,64.096293604651,-15.));
#9214 = VECTOR('',#9215,1.);
#9215 = DIRECTION('',(-1.224646799147E-16,-0.,1.));
#9216 = ORIENTED_EDGE('',*,*,#9217,.F.);
#9217 = EDGE_CURVE('',#9186,#9210,#9218,.T.);
#9218 = B_SPLINE_CURVE_WITH_KNOTS('',2,(#9219,#9220,#9221),
  .UNSPECIFIED.,.F.,.F.,(3,3),(0.,1.),.PIECEWISE_BEZIER_KNOTS.);
#9219 = CARTESIAN_POINT('',(-0.660247193023,64.023255813953,-15.));
#9220 = CARTESIAN_POINT('',(-1.968386727907,64.023255813953,-15.));
#9221 = CARTESIAN_POINT('',(-2.319949227907,64.096293604651,-15.));
#9222 = SURFACE_OF_LINEAR_EXTRUSION('',#9223,#9227);
#9223 = B_SPLINE_CURVE_WITH_KNOTS('',2,(#9224,#9225,#9226),
  .UNSPECIFIED.,.F.,.F.,(3,3),(0.,1.),.PIECEWISE_BEZIER_KNOTS.);
#9224 = CARTESIAN_POINT('',(-0.660247193023,64.023255813953,-15.));
#9225 = CARTESIAN_POINT('',(-1.968386727907,64.023255813953,-15.));
#9226 = CARTESIAN_POINT('',(-2.319949227907,64.096293604651,-15.));
#9227 = VECTOR('',#9228,1.);
#9228 = DIRECTION('',(1.224646799147E-16,0.,-1.));
#9229 = ADVANCED_FACE('',(#9230),#9248,.T.);
#9230 = FACE_BOUND('',#9231,.T.);
#9231 = EDGE_LOOP('',(#9232,#9233,#9234,#9242));
#9232 = ORIENTED_EDGE('',*,*,#9209,.T.);
#9233 = ORIENTED_EDGE('',*,*,#7372,.T.);
#9234 = ORIENTED_EDGE('',*,*,#9235,.F.);
#9235 = EDGE_CURVE('',#9236,#7373,#9238,.T.);
#9236 = VERTEX_POINT('',#9237);
#9237 = CARTESIAN_POINT('',(-3.198582948837,64.569949127907,-15.));
#9238 = LINE('',#9239,#9240);
#9239 = CARTESIAN_POINT('',(-3.198582948837,64.569949127907,-15.));
#9240 = VECTOR('',#9241,1.);
#9241 = DIRECTION('',(-1.224646799147E-16,-0.,1.));
#9242 = ORIENTED_EDGE('',*,*,#9243,.F.);
#9243 = EDGE_CURVE('',#9210,#9236,#9244,.T.);
#9244 = B_SPLINE_CURVE_WITH_KNOTS('',2,(#9245,#9246,#9247),
  .UNSPECIFIED.,.F.,.F.,(3,3),(0.,1.),.PIECEWISE_BEZIER_KNOTS.);
#9245 = CARTESIAN_POINT('',(-2.319949227907,64.096293604651,-15.));
#9246 = CARTESIAN_POINT('',(-2.859556786047,64.193313953488,-15.));
#9247 = CARTESIAN_POINT('',(-3.198582948837,64.569949127907,-15.));
#9248 = SURFACE_OF_LINEAR_EXTRUSION('',#9249,#9253);
#9249 = B_SPLINE_CURVE_WITH_KNOTS('',2,(#9250,#9251,#9252),
  .UNSPECIFIED.,.F.,.F.,(3,3),(0.,1.),.PIECEWISE_BEZIER_KNOTS.);
#9250 = CARTESIAN_POINT('',(-2.319949227907,64.096293604651,-15.));
#9251 = CARTESIAN_POINT('',(-2.859556786047,64.193313953488,-15.));
#9252 = CARTESIAN_POINT('',(-3.198582948837,64.569949127907,-15.));
#9253 = VECTOR('',#9254,1.);
#9254 = DIRECTION('',(1.224646799147E-16,0.,-1.));
#9255 = ADVANCED_FACE('',(#9256),#9274,.T.);
#9256 = FACE_BOUND('',#9257,.T.);
#9257 = EDGE_LOOP('',(#9258,#9259,#9260,#9268));
#9258 = ORIENTED_EDGE('',*,*,#9235,.T.);
#9259 = ORIENTED_EDGE('',*,*,#7380,.T.);
#9260 = ORIENTED_EDGE('',*,*,#9261,.F.);
#9261 = EDGE_CURVE('',#9262,#7381,#9264,.T.);
#9262 = VERTEX_POINT('',#9263);
#9263 = CARTESIAN_POINT('',(-3.538154169767,65.578306686047,-15.));
#9264 = LINE('',#9265,#9266);
#9265 = CARTESIAN_POINT('',(-3.538154169767,65.578306686047,-15.));
#9266 = VECTOR('',#9267,1.);
#9267 = DIRECTION('',(-1.224646799147E-16,-0.,1.));
#9268 = ORIENTED_EDGE('',*,*,#9269,.F.);
#9269 = EDGE_CURVE('',#9236,#9262,#9270,.T.);
#9270 = B_SPLINE_CURVE_WITH_KNOTS('',2,(#9271,#9272,#9273),
  .UNSPECIFIED.,.F.,.F.,(3,3),(0.,1.),.PIECEWISE_BEZIER_KNOTS.);
#9271 = CARTESIAN_POINT('',(-3.198582948837,64.569949127907,-15.));
#9272 = CARTESIAN_POINT('',(-3.538154169767,64.946584302326,-15.));
#9273 = CARTESIAN_POINT('',(-3.538154169767,65.578306686047,-15.));
#9274 = SURFACE_OF_LINEAR_EXTRUSION('',#9275,#9279);
#9275 = B_SPLINE_CURVE_WITH_KNOTS('',2,(#9276,#9277,#9278),
  .UNSPECIFIED.,.F.,.F.,(3,3),(0.,1.),.PIECEWISE_BEZIER_KNOTS.);
#9276 = CARTESIAN_POINT('',(-3.198582948837,64.569949127907,-15.));
#9277 = CARTESIAN_POINT('',(-3.538154169767,64.946584302326,-15.));
#9278 = CARTESIAN_POINT('',(-3.538154169767,65.578306686047,-15.));
#9279 = VECTOR('',#9280,1.);
#9280 = DIRECTION('',(1.224646799147E-16,0.,-1.));
#9281 = ADVANCED_FACE('',(#9282),#9300,.T.);
#9282 = FACE_BOUND('',#9283,.T.);
#9283 = EDGE_LOOP('',(#9284,#9285,#9286,#9294));
#9284 = ORIENTED_EDGE('',*,*,#9261,.T.);
#9285 = ORIENTED_EDGE('',*,*,#7388,.T.);
#9286 = ORIENTED_EDGE('',*,*,#9287,.F.);
#9287 = EDGE_CURVE('',#9288,#7389,#9290,.T.);
#9288 = VERTEX_POINT('',#9289);
#9289 = CARTESIAN_POINT('',(-3.276526262791,66.484738372093,-15.));
#9290 = LINE('',#9291,#9292);
#9291 = CARTESIAN_POINT('',(-3.276526262791,66.484738372093,-15.));
#9292 = VECTOR('',#9293,1.);
#9293 = DIRECTION('',(-1.224646799147E-16,-0.,1.));
#9294 = ORIENTED_EDGE('',*,*,#9295,.F.);
#9295 = EDGE_CURVE('',#9262,#9288,#9296,.T.);
#9296 = B_SPLINE_CURVE_WITH_KNOTS('',2,(#9297,#9298,#9299),
  .UNSPECIFIED.,.F.,.F.,(3,3),(0.,1.),.PIECEWISE_BEZIER_KNOTS.);
#9297 = CARTESIAN_POINT('',(-3.538154169767,65.578306686047,-15.));
#9298 = CARTESIAN_POINT('',(-3.538154169767,66.112463662791,-15.));
#9299 = CARTESIAN_POINT('',(-3.276526262791,66.484738372093,-15.));
#9300 = SURFACE_OF_LINEAR_EXTRUSION('',#9301,#9305);
#9301 = B_SPLINE_CURVE_WITH_KNOTS('',2,(#9302,#9303,#9304),
  .UNSPECIFIED.,.F.,.F.,(3,3),(0.,1.),.PIECEWISE_BEZIER_KNOTS.);
#9302 = CARTESIAN_POINT('',(-3.538154169767,65.578306686047,-15.));
#9303 = CARTESIAN_POINT('',(-3.538154169767,66.112463662791,-15.));
#9304 = CARTESIAN_POINT('',(-3.276526262791,66.484738372093,-15.));
#9305 = VECTOR('',#9306,1.);
#9306 = DIRECTION('',(1.224646799147E-16,0.,-1.));
#9307 = ADVANCED_FACE('',(#9308),#9326,.T.);
#9308 = FACE_BOUND('',#9309,.T.);
#9309 = EDGE_LOOP('',(#9310,#9311,#9312,#9320));
#9310 = ORIENTED_EDGE('',*,*,#9287,.T.);
#9311 = ORIENTED_EDGE('',*,*,#7396,.T.);
#9312 = ORIENTED_EDGE('',*,*,#9313,.F.);
#9313 = EDGE_CURVE('',#9314,#7397,#9316,.T.);
#9314 = VERTEX_POINT('',#9315);
#9315 = CARTESIAN_POINT('',(-2.519985565116,67.02761627907,-15.));
#9316 = LINE('',#9317,#9318);
#9317 = CARTESIAN_POINT('',(-2.519985565116,67.02761627907,-15.));
#9318 = VECTOR('',#9319,1.);
#9319 = DIRECTION('',(-1.224646799147E-16,-0.,1.));
#9320 = ORIENTED_EDGE('',*,*,#9321,.F.);
#9321 = EDGE_CURVE('',#9288,#9314,#9322,.T.);
#9322 = B_SPLINE_CURVE_WITH_KNOTS('',2,(#9323,#9324,#9325),
  .UNSPECIFIED.,.F.,.F.,(3,3),(0.,1.),.PIECEWISE_BEZIER_KNOTS.);
#9323 = CARTESIAN_POINT('',(-3.276526262791,66.484738372093,-15.));
#9324 = CARTESIAN_POINT('',(-3.014898355814,66.857558139535,-15.));
#9325 = CARTESIAN_POINT('',(-2.519985565116,67.02761627907,-15.));
#9326 = SURFACE_OF_LINEAR_EXTRUSION('',#9327,#9331);
#9327 = B_SPLINE_CURVE_WITH_KNOTS('',2,(#9328,#9329,#9330),
  .UNSPECIFIED.,.F.,.F.,(3,3),(0.,1.),.PIECEWISE_BEZIER_KNOTS.);
#9328 = CARTESIAN_POINT('',(-3.276526262791,66.484738372093,-15.));
#9329 = CARTESIAN_POINT('',(-3.014898355814,66.857558139535,-15.));
#9330 = CARTESIAN_POINT('',(-2.519985565116,67.02761627907,-15.));
#9331 = VECTOR('',#9332,1.);
#9332 = DIRECTION('',(1.224646799147E-16,0.,-1.));
#9333 = ADVANCED_FACE('',(#9334),#9352,.T.);
#9334 = FACE_BOUND('',#9335,.T.);
#9335 = EDGE_LOOP('',(#9336,#9337,#9338,#9346));
#9336 = ORIENTED_EDGE('',*,*,#9313,.T.);
#9337 = ORIENTED_EDGE('',*,*,#7404,.T.);
#9338 = ORIENTED_EDGE('',*,*,#9339,.F.);
#9339 = EDGE_CURVE('',#9340,#7405,#9342,.T.);
#9340 = VERTEX_POINT('',#9341);
#9341 = CARTESIAN_POINT('',(-0.374091669767,67.197674418605,-15.));
#9342 = LINE('',#9343,#9344);
#9343 = CARTESIAN_POINT('',(-0.374091669767,67.197674418605,-15.));
#9344 = VECTOR('',#9345,1.);
#9345 = DIRECTION('',(-1.224646799147E-16,-0.,1.));
#9346 = ORIENTED_EDGE('',*,*,#9347,.F.);
#9347 = EDGE_CURVE('',#9314,#9340,#9348,.T.);
#9348 = B_SPLINE_CURVE_WITH_KNOTS('',2,(#9349,#9350,#9351),
  .UNSPECIFIED.,.F.,.F.,(3,3),(0.,1.),.PIECEWISE_BEZIER_KNOTS.);
#9349 = CARTESIAN_POINT('',(-2.519985565116,67.02761627907,-15.));
#9350 = CARTESIAN_POINT('',(-2.025617832558,67.197674418605,-15.));
#9351 = CARTESIAN_POINT('',(-0.374091669767,67.197674418605,-15.));
#9352 = SURFACE_OF_LINEAR_EXTRUSION('',#9353,#9357);
#9353 = B_SPLINE_CURVE_WITH_KNOTS('',2,(#9354,#9355,#9356),
  .UNSPECIFIED.,.F.,.F.,(3,3),(0.,1.),.PIECEWISE_BEZIER_KNOTS.);
#9354 = CARTESIAN_POINT('',(-2.519985565116,67.02761627907,-15.));
#9355 = CARTESIAN_POINT('',(-2.025617832558,67.197674418605,-15.));
#9356 = CARTESIAN_POINT('',(-0.374091669767,67.197674418605,-15.));
#9357 = VECTOR('',#9358,1.);
#9358 = DIRECTION('',(1.224646799147E-16,0.,-1.));
#9359 = ADVANCED_FACE('',(#9360),#9371,.T.);
#9360 = FACE_BOUND('',#9361,.T.);
#9361 = EDGE_LOOP('',(#9362,#9363,#9364,#9365));
#9362 = ORIENTED_EDGE('',*,*,#9339,.T.);
#9363 = ORIENTED_EDGE('',*,*,#7412,.T.);
#9364 = ORIENTED_EDGE('',*,*,#9152,.F.);
#9365 = ORIENTED_EDGE('',*,*,#9366,.F.);
#9366 = EDGE_CURVE('',#9340,#9153,#9367,.T.);
#9367 = LINE('',#9368,#9369);
#9368 = CARTESIAN_POINT('',(-0.374091669767,67.197674418605,-15.));
#9369 = VECTOR('',#9370,1.);
#9370 = DIRECTION('',(1.,0.,1.224646799147E-16));
#9371 = PLANE('',#9372);
#9372 = AXIS2_PLACEMENT_3D('',#9373,#9374,#9375);
#9373 = CARTESIAN_POINT('',(-0.374091669767,67.197674418605,-15.));
#9374 = DIRECTION('',(0.,1.,0.));
#9375 = DIRECTION('',(1.,0.,1.224646799147E-16));
#9376 = ADVANCED_FACE('',(#9377),#9402,.T.);
#9377 = FACE_BOUND('',#9378,.T.);
#9378 = EDGE_LOOP('',(#9379,#9387,#9388,#9396));
#9379 = ORIENTED_EDGE('',*,*,#9380,.T.);
#9380 = EDGE_CURVE('',#9381,#7421,#9383,.T.);
#9381 = VERTEX_POINT('',#9382);
#9382 = CARTESIAN_POINT('',(1.579941760465,71.976744186047,-15.));
#9383 = LINE('',#9384,#9385);
#9384 = CARTESIAN_POINT('',(1.579941760465,71.976744186047,-15.));
#9385 = VECTOR('',#9386,1.);
#9386 = DIRECTION('',(-1.224646799147E-16,-0.,1.));
#9387 = ORIENTED_EDGE('',*,*,#7420,.T.);
#9388 = ORIENTED_EDGE('',*,*,#9389,.F.);
#9389 = EDGE_CURVE('',#9390,#7423,#9392,.T.);
#9390 = VERTEX_POINT('',#9391);
#9391 = CARTESIAN_POINT('',(1.579941760465,69.220930232558,-15.));
#9392 = LINE('',#9393,#9394);
#9393 = CARTESIAN_POINT('',(1.579941760465,69.220930232558,-15.));
#9394 = VECTOR('',#9395,1.);
#9395 = DIRECTION('',(-1.224646799147E-16,-0.,1.));
#9396 = ORIENTED_EDGE('',*,*,#9397,.F.);
#9397 = EDGE_CURVE('',#9381,#9390,#9398,.T.);
#9398 = LINE('',#9399,#9400);
#9399 = CARTESIAN_POINT('',(1.579941760465,71.976744186047,-15.));
#9400 = VECTOR('',#9401,1.);
#9401 = DIRECTION('',(0.,-1.,-0.));
#9402 = PLANE('',#9403);
#9403 = AXIS2_PLACEMENT_3D('',#9404,#9405,#9406);
#9404 = CARTESIAN_POINT('',(1.579941760465,71.976744186047,-15.));
#9405 = DIRECTION('',(1.,0.,1.224646799147E-16));
#9406 = DIRECTION('',(0.,-1.,-0.));
#9407 = ADVANCED_FACE('',(#9408),#9426,.T.);
#9408 = FACE_BOUND('',#9409,.T.);
#9409 = EDGE_LOOP('',(#9410,#9411,#9412,#9420));
#9410 = ORIENTED_EDGE('',*,*,#9389,.T.);
#9411 = ORIENTED_EDGE('',*,*,#7430,.T.);
#9412 = ORIENTED_EDGE('',*,*,#9413,.F.);
#9413 = EDGE_CURVE('',#9414,#7431,#9416,.T.);
#9414 = VERTEX_POINT('',#9415);
#9415 = CARTESIAN_POINT('',(-6.177425581395E-03,69.220930232558,-15.));
#9416 = LINE('',#9417,#9418);
#9417 = CARTESIAN_POINT('',(-6.177425581395E-03,69.220930232558,-15.));
#9418 = VECTOR('',#9419,1.);
#9419 = DIRECTION('',(-1.224646799147E-16,-0.,1.));
#9420 = ORIENTED_EDGE('',*,*,#9421,.F.);
#9421 = EDGE_CURVE('',#9390,#9414,#9422,.T.);
#9422 = LINE('',#9423,#9424);
#9423 = CARTESIAN_POINT('',(1.579941760465,69.220930232558,-15.));
#9424 = VECTOR('',#9425,1.);
#9425 = DIRECTION('',(-1.,0.,-1.224646799147E-16));
#9426 = PLANE('',#9427);
#9427 = AXIS2_PLACEMENT_3D('',#9428,#9429,#9430);
#9428 = CARTESIAN_POINT('',(1.579941760465,69.220930232558,-15.));
#9429 = DIRECTION('',(0.,-1.,-0.));
#9430 = DIRECTION('',(-1.,0.,-1.224646799147E-16));
#9431 = ADVANCED_FACE('',(#9432),#9450,.T.);
#9432 = FACE_BOUND('',#9433,.T.);
#9433 = EDGE_LOOP('',(#9434,#9435,#9436,#9444));
#9434 = ORIENTED_EDGE('',*,*,#9413,.T.);
#9435 = ORIENTED_EDGE('',*,*,#7438,.T.);
#9436 = ORIENTED_EDGE('',*,*,#9437,.F.);
#9437 = EDGE_CURVE('',#9438,#7439,#9440,.T.);
#9438 = VERTEX_POINT('',#9439);
#9439 = CARTESIAN_POINT('',(-1.763989925581,69.261809593023,-15.));
#9440 = LINE('',#9441,#9442);
#9441 = CARTESIAN_POINT('',(-1.763989925581,69.261809593023,-15.));
#9442 = VECTOR('',#9443,1.);
#9443 = DIRECTION('',(-1.224646799147E-16,-0.,1.));
#9444 = ORIENTED_EDGE('',*,*,#9445,.F.);
#9445 = EDGE_CURVE('',#9414,#9438,#9446,.T.);
#9446 = B_SPLINE_CURVE_WITH_KNOTS('',2,(#9447,#9448,#9449),
  .UNSPECIFIED.,.F.,.F.,(3,3),(0.,1.),.PIECEWISE_BEZIER_KNOTS.);
#9447 = CARTESIAN_POINT('',(-6.177425581395E-03,69.220930232558,-15.));
#9448 = CARTESIAN_POINT('',(-1.420603297674,69.220930232558,-15.));
#9449 = CARTESIAN_POINT('',(-1.763989925581,69.261809593023,-15.));
#9450 = SURFACE_OF_LINEAR_EXTRUSION('',#9451,#9455);
#9451 = B_SPLINE_CURVE_WITH_KNOTS('',2,(#9452,#9453,#9454),
  .UNSPECIFIED.,.F.,.F.,(3,3),(0.,1.),.PIECEWISE_BEZIER_KNOTS.);
#9452 = CARTESIAN_POINT('',(-6.177425581395E-03,69.220930232558,-15.));
#9453 = CARTESIAN_POINT('',(-1.420603297674,69.220930232558,-15.));
#9454 = CARTESIAN_POINT('',(-1.763989925581,69.261809593023,-15.));
#9455 = VECTOR('',#9456,1.);
#9456 = DIRECTION('',(1.224646799147E-16,0.,-1.));
#9457 = ADVANCED_FACE('',(#9458),#9476,.T.);
#9458 = FACE_BOUND('',#9459,.T.);
#9459 = EDGE_LOOP('',(#9460,#9461,#9462,#9470));
#9460 = ORIENTED_EDGE('',*,*,#9437,.T.);
#9461 = ORIENTED_EDGE('',*,*,#7446,.T.);
#9462 = ORIENTED_EDGE('',*,*,#9463,.F.);
#9463 = EDGE_CURVE('',#9464,#7447,#9466,.T.);
#9464 = VERTEX_POINT('',#9465);
#9465 = CARTESIAN_POINT('',(-2.740734111628,69.68804505814,-15.));
#9466 = LINE('',#9467,#9468);
#9467 = CARTESIAN_POINT('',(-2.740734111628,69.68804505814,-15.));
#9468 = VECTOR('',#9469,1.);
#9469 = DIRECTION('',(-1.224646799147E-16,-0.,1.));
#9470 = ORIENTED_EDGE('',*,*,#9471,.F.);
#9471 = EDGE_CURVE('',#9438,#9464,#9472,.T.);
#9472 = B_SPLINE_CURVE_WITH_KNOTS('',2,(#9473,#9474,#9475),
  .UNSPECIFIED.,.F.,.F.,(3,3),(0.,1.),.PIECEWISE_BEZIER_KNOTS.);
#9473 = CARTESIAN_POINT('',(-1.763989925581,69.261809593023,-15.));
#9474 = CARTESIAN_POINT('',(-2.385356204651,69.334847383721,-15.));
#9475 = CARTESIAN_POINT('',(-2.740734111628,69.68804505814,-15.));
#9476 = SURFACE_OF_LINEAR_EXTRUSION('',#9477,#9481);
#9477 = B_SPLINE_CURVE_WITH_KNOTS('',2,(#9478,#9479,#9480),
  .UNSPECIFIED.,.F.,.F.,(3,3),(0.,1.),.PIECEWISE_BEZIER_KNOTS.);
#9478 = CARTESIAN_POINT('',(-1.763989925581,69.261809593023,-15.));
#9479 = CARTESIAN_POINT('',(-2.385356204651,69.334847383721,-15.));
#9480 = CARTESIAN_POINT('',(-2.740734111628,69.68804505814,-15.));
#9481 = VECTOR('',#9482,1.);
#9482 = DIRECTION('',(1.224646799147E-16,0.,-1.));
#9483 = ADVANCED_FACE('',(#9484),#9502,.T.);
#9484 = FACE_BOUND('',#9485,.T.);
#9485 = EDGE_LOOP('',(#9486,#9487,#9488,#9496));
#9486 = ORIENTED_EDGE('',*,*,#9463,.T.);
#9487 = ORIENTED_EDGE('',*,*,#7454,.T.);
#9488 = ORIENTED_EDGE('',*,*,#9489,.F.);
#9489 = EDGE_CURVE('',#9490,#7455,#9492,.T.);
#9490 = VERTEX_POINT('',#9491);
#9491 = CARTESIAN_POINT('',(-3.096657076744,70.619004360465,-15.));
#9492 = LINE('',#9493,#9494);
#9493 = CARTESIAN_POINT('',(-3.096657076744,70.619004360465,-15.));
#9494 = VECTOR('',#9495,1.);
#9495 = DIRECTION('',(-1.224646799147E-16,-0.,1.));
#9496 = ORIENTED_EDGE('',*,*,#9497,.F.);
#9497 = EDGE_CURVE('',#9464,#9490,#9498,.T.);
#9498 = B_SPLINE_CURVE_WITH_KNOTS('',2,(#9499,#9500,#9501),
  .UNSPECIFIED.,.F.,.F.,(3,3),(0.,1.),.PIECEWISE_BEZIER_KNOTS.);
#9499 = CARTESIAN_POINT('',(-2.740734111628,69.68804505814,-15.));
#9500 = CARTESIAN_POINT('',(-3.096657076744,70.041787790698,-15.));
#9501 = CARTESIAN_POINT('',(-3.096657076744,70.619004360465,-15.));
#9502 = SURFACE_OF_LINEAR_EXTRUSION('',#9503,#9507);
#9503 = B_SPLINE_CURVE_WITH_KNOTS('',2,(#9504,#9505,#9506),
  .UNSPECIFIED.,.F.,.F.,(3,3),(0.,1.),.PIECEWISE_BEZIER_KNOTS.);
#9504 = CARTESIAN_POINT('',(-2.740734111628,69.68804505814,-15.));
#9505 = CARTESIAN_POINT('',(-3.096657076744,70.041787790698,-15.));
#9506 = CARTESIAN_POINT('',(-3.096657076744,70.619004360465,-15.));
#9507 = VECTOR('',#9508,1.);
#9508 = DIRECTION('',(1.224646799147E-16,0.,-1.));
#9509 = ADVANCED_FACE('',(#9510),#9528,.T.);
#9510 = FACE_BOUND('',#9511,.T.);
#9511 = EDGE_LOOP('',(#9512,#9513,#9514,#9522));
#9512 = ORIENTED_EDGE('',*,*,#9489,.T.);
#9513 = ORIENTED_EDGE('',*,*,#7462,.T.);
#9514 = ORIENTED_EDGE('',*,*,#9515,.F.);
#9515 = EDGE_CURVE('',#9516,#7463,#9518,.T.);
#9516 = VERTEX_POINT('',#9517);
#9517 = CARTESIAN_POINT('',(-2.789789344186,71.517260174419,-15.));
#9518 = LINE('',#9519,#9520);
#9519 = CARTESIAN_POINT('',(-2.789789344186,71.517260174419,-15.));
#9520 = VECTOR('',#9521,1.);
#9521 = DIRECTION('',(-1.224646799147E-16,-0.,1.));
#9522 = ORIENTED_EDGE('',*,*,#9523,.F.);
#9523 = EDGE_CURVE('',#9490,#9516,#9524,.T.);
#9524 = B_SPLINE_CURVE_WITH_KNOTS('',2,(#9525,#9526,#9527),
  .UNSPECIFIED.,.F.,.F.,(3,3),(0.,1.),.PIECEWISE_BEZIER_KNOTS.);
#9525 = CARTESIAN_POINT('',(-3.096657076744,70.619004360465,-15.));
#9526 = CARTESIAN_POINT('',(-3.096657076744,71.171693313953,-15.));
#9527 = CARTESIAN_POINT('',(-2.789789344186,71.517260174419,-15.));
#9528 = SURFACE_OF_LINEAR_EXTRUSION('',#9529,#9533);
#9529 = B_SPLINE_CURVE_WITH_KNOTS('',2,(#9530,#9531,#9532),
  .UNSPECIFIED.,.F.,.F.,(3,3),(0.,1.),.PIECEWISE_BEZIER_KNOTS.);
#9530 = CARTESIAN_POINT('',(-3.096657076744,70.619004360465,-15.));
#9531 = CARTESIAN_POINT('',(-3.096657076744,71.171693313953,-15.));
#9532 = CARTESIAN_POINT('',(-2.789789344186,71.517260174419,-15.));
#9533 = VECTOR('',#9534,1.);
#9534 = DIRECTION('',(1.224646799147E-16,0.,-1.));
#9535 = ADVANCED_FACE('',(#9536),#9554,.T.);
#9536 = FACE_BOUND('',#9537,.T.);
#9537 = EDGE_LOOP('',(#9538,#9539,#9540,#9548));
#9538 = ORIENTED_EDGE('',*,*,#9515,.T.);
#9539 = ORIENTED_EDGE('',*,*,#7470,.T.);
#9540 = ORIENTED_EDGE('',*,*,#9541,.F.);
#9541 = EDGE_CURVE('',#9542,#7471,#9544,.T.);
#9542 = VERTEX_POINT('',#9543);
#9543 = CARTESIAN_POINT('',(-1.878452134884,71.935864825581,-15.));
#9544 = LINE('',#9545,#9546);
#9545 = CARTESIAN_POINT('',(-1.878452134884,71.935864825581,-15.));
#9546 = VECTOR('',#9547,1.);
#9547 = DIRECTION('',(-1.224646799147E-16,-0.,1.));
#9548 = ORIENTED_EDGE('',*,*,#9549,.F.);
#9549 = EDGE_CURVE('',#9516,#9542,#9550,.T.);
#9550 = B_SPLINE_CURVE_WITH_KNOTS('',2,(#9551,#9552,#9553),
  .UNSPECIFIED.,.F.,.F.,(3,3),(0.,1.),.PIECEWISE_BEZIER_KNOTS.);
#9551 = CARTESIAN_POINT('',(-2.789789344186,71.517260174419,-15.));
#9552 = CARTESIAN_POINT('',(-2.483466669767,71.862827034884,-15.));
#9553 = CARTESIAN_POINT('',(-1.878452134884,71.935864825581,-15.));
#9554 = SURFACE_OF_LINEAR_EXTRUSION('',#9555,#9559);
#9555 = B_SPLINE_CURVE_WITH_KNOTS('',2,(#9556,#9557,#9558),
  .UNSPECIFIED.,.F.,.F.,(3,3),(0.,1.),.PIECEWISE_BEZIER_KNOTS.);
#9556 = CARTESIAN_POINT('',(-2.789789344186,71.517260174419,-15.));
#9557 = CARTESIAN_POINT('',(-2.483466669767,71.862827034884,-15.));
#9558 = CARTESIAN_POINT('',(-1.878452134884,71.935864825581,-15.));
#9559 = VECTOR('',#9560,1.);
#9560 = DIRECTION('',(1.224646799147E-16,0.,-1.));
#9561 = ADVANCED_FACE('',(#9562),#9580,.T.);
#9562 = FACE_BOUND('',#9563,.T.);
#9563 = EDGE_LOOP('',(#9564,#9565,#9566,#9574));
#9564 = ORIENTED_EDGE('',*,*,#9541,.T.);
#9565 = ORIENTED_EDGE('',*,*,#7478,.T.);
#9566 = ORIENTED_EDGE('',*,*,#9567,.F.);
#9567 = EDGE_CURVE('',#9568,#7479,#9570,.T.);
#9568 = VERTEX_POINT('',#9569);
#9569 = CARTESIAN_POINT('',(0.190043504651,71.976744186047,-15.));
#9570 = LINE('',#9571,#9572);
#9571 = CARTESIAN_POINT('',(0.190043504651,71.976744186047,-15.));
#9572 = VECTOR('',#9573,1.);
#9573 = DIRECTION('',(-1.224646799147E-16,-0.,1.));
#9574 = ORIENTED_EDGE('',*,*,#9575,.F.);
#9575 = EDGE_CURVE('',#9542,#9568,#9576,.T.);
#9576 = B_SPLINE_CURVE_WITH_KNOTS('',2,(#9577,#9578,#9579),
  .UNSPECIFIED.,.F.,.F.,(3,3),(0.,1.),.PIECEWISE_BEZIER_KNOTS.);
#9577 = CARTESIAN_POINT('',(-1.878452134884,71.935864825581,-15.));
#9578 = CARTESIAN_POINT('',(-1.518713762791,71.976744186047,-15.));
#9579 = CARTESIAN_POINT('',(0.190043504651,71.976744186047,-15.));
#9580 = SURFACE_OF_LINEAR_EXTRUSION('',#9581,#9585);
#9581 = B_SPLINE_CURVE_WITH_KNOTS('',2,(#9582,#9583,#9584),
  .UNSPECIFIED.,.F.,.F.,(3,3),(0.,1.),.PIECEWISE_BEZIER_KNOTS.);
#9582 = CARTESIAN_POINT('',(-1.878452134884,71.935864825581,-15.));
#9583 = CARTESIAN_POINT('',(-1.518713762791,71.976744186047,-15.));
#9584 = CARTESIAN_POINT('',(0.190043504651,71.976744186047,-15.));
#9585 = VECTOR('',#9586,1.);
#9586 = DIRECTION('',(1.224646799147E-16,0.,-1.));
#9587 = ADVANCED_FACE('',(#9588),#9599,.T.);
#9588 = FACE_BOUND('',#9589,.T.);
#9589 = EDGE_LOOP('',(#9590,#9591,#9592,#9593));
#9590 = ORIENTED_EDGE('',*,*,#9567,.T.);
#9591 = ORIENTED_EDGE('',*,*,#7486,.T.);
#9592 = ORIENTED_EDGE('',*,*,#9380,.F.);
#9593 = ORIENTED_EDGE('',*,*,#9594,.F.);
#9594 = EDGE_CURVE('',#9568,#9381,#9595,.T.);
#9595 = LINE('',#9596,#9597);
#9596 = CARTESIAN_POINT('',(0.190043504651,71.976744186047,-15.));
#9597 = VECTOR('',#9598,1.);
#9598 = DIRECTION('',(1.,0.,1.224646799147E-16));
#9599 = PLANE('',#9600);
#9600 = AXIS2_PLACEMENT_3D('',#9601,#9602,#9603);
#9601 = CARTESIAN_POINT('',(0.190043504651,71.976744186047,-15.));
#9602 = DIRECTION('',(0.,1.,0.));
#9603 = DIRECTION('',(1.,0.,1.224646799147E-16));
#9604 = ADVANCED_FACE('',(#9605),#9632,.T.);
#9605 = FACE_BOUND('',#9606,.T.);
#9606 = EDGE_LOOP('',(#9607,#9608,#9617,#9624,#9625,#9631));
#9607 = ORIENTED_EDGE('',*,*,#7622,.T.);
#9608 = ORIENTED_EDGE('',*,*,#9609,.T.);
#9609 = EDGE_CURVE('',#7615,#9610,#9612,.T.);
#9610 = VERTEX_POINT('',#9611);
#9611 = CARTESIAN_POINT('',(-9.749988110502,136.00001611116,
    -13.00000190734));
#9612 = CIRCLE('',#9613,5.25);
#9613 = AXIS2_PLACEMENT_3D('',#9614,#9615,#9616);
#9614 = CARTESIAN_POINT('',(-14.9999881105,136.00001657013,
    -13.00000190734));
#9615 = DIRECTION('',(1.224646799147E-16,0.,-1.));
#9616 = DIRECTION('',(1.,-8.7422769E-08,1.224646799147E-16));
#9617 = ORIENTED_EDGE('',*,*,#9618,.T.);
#9618 = EDGE_CURVE('',#9610,#7689,#9619,.T.);
#9619 = CIRCLE('',#9620,5.25);
#9620 = AXIS2_PLACEMENT_3D('',#9621,#9622,#9623);
#9621 = CARTESIAN_POINT('',(-14.9999881105,136.00001657013,
    -13.00000190734));
#9622 = DIRECTION('',(1.224646799147E-16,0.,-1.));
#9623 = DIRECTION('',(1.,-8.7422769E-08,1.224646799147E-16));
#9624 = ORIENTED_EDGE('',*,*,#7688,.F.);
#9625 = ORIENTED_EDGE('',*,*,#9626,.T.);
#9626 = EDGE_CURVE('',#7681,#7543,#9627,.T.);
#9627 = LINE('',#9628,#9629);
#9628 = CARTESIAN_POINT('',(-16.49998863503,130.00001670126,
    -13.00000190734));
#9629 = VECTOR('',#9630,1.);
#9630 = DIRECTION('',(1.,-8.7422769E-08,1.224646799147E-16));
#9631 = ORIENTED_EDGE('',*,*,#7550,.F.);
#9632 = PLANE('',#9633);
#9633 = AXIS2_PLACEMENT_3D('',#9634,#9635,#9636);
#9634 = CARTESIAN_POINT('',(1.081280534538E-05,123.68409001955,
    -13.00000190734));
#9635 = DIRECTION('',(-1.224646799147E-16,0.,1.));
#9636 = DIRECTION('',(-1.,8.7422769E-08,-1.224646799147E-16));
#9637 = ADVANCED_FACE('',(#9638),#9649,.F.);
#9638 = FACE_BOUND('',#9639,.F.);
#9639 = EDGE_LOOP('',(#9640,#9646,#9647,#9648));
#9640 = ORIENTED_EDGE('',*,*,#9641,.F.);
#9641 = EDGE_CURVE('',#7672,#7535,#9642,.T.);
#9642 = LINE('',#9643,#9644);
#9643 = CARTESIAN_POINT('',(-16.49998863503,130.00001670126,
    -14.00000190734));
#9644 = VECTOR('',#9645,1.);
#9645 = DIRECTION('',(1.,-8.7422769E-08,1.224646799147E-16));
#9646 = ORIENTED_EDGE('',*,*,#7680,.T.);
#9647 = ORIENTED_EDGE('',*,*,#9626,.T.);
#9648 = ORIENTED_EDGE('',*,*,#7542,.F.);
#9649 = PLANE('',#9650);
#9650 = AXIS2_PLACEMENT_3D('',#9651,#9652,#9653);
#9651 = CARTESIAN_POINT('',(-16.49998863503,130.00001670126,
    -14.00000190734));
#9652 = DIRECTION('',(8.7422769E-08,1.,1.070620142284E-23));
#9653 = DIRECTION('',(1.,-8.7422769E-08,1.224646799147E-16));
#9654 = ADVANCED_FACE('',(#9655),#9661,.F.);
#9655 = FACE_BOUND('',#9656,.T.);
#9656 = EDGE_LOOP('',(#9657,#9658,#9659,#9660));
#9657 = ORIENTED_EDGE('',*,*,#7671,.F.);
#9658 = ORIENTED_EDGE('',*,*,#8078,.T.);
#9659 = ORIENTED_EDGE('',*,*,#7534,.T.);
#9660 = ORIENTED_EDGE('',*,*,#9641,.F.);
#9661 = PLANE('',#9662);
#9662 = AXIS2_PLACEMENT_3D('',#9663,#9664,#9665);
#9663 = CARTESIAN_POINT('',(-7.421983365805,106.24791683778,-14.));
#9664 = DIRECTION('',(1.224646799147E-16,0.,-1.));
#9665 = DIRECTION('',(1.,0.,1.224646799147E-16));
#9666 = ADVANCED_FACE('',(#9667),#9689,.T.);
#9667 = FACE_BOUND('',#9668,.T.);
#9668 = EDGE_LOOP('',(#9669,#9678,#9679,#9680,#9681,#9682));
#9669 = ORIENTED_EDGE('',*,*,#9670,.T.);
#9670 = EDGE_CURVE('',#9671,#7698,#9673,.T.);
#9671 = VERTEX_POINT('',#9672);
#9672 = CARTESIAN_POINT('',(-9.749988110502,136.00001611116,
    -10.50000190734));
#9673 = CIRCLE('',#9674,5.25);
#9674 = AXIS2_PLACEMENT_3D('',#9675,#9676,#9677);
#9675 = CARTESIAN_POINT('',(-14.9999881105,136.00001657013,
    -10.50000190734));
#9676 = DIRECTION('',(1.224646799147E-16,0.,-1.));
#9677 = DIRECTION('',(1.,-8.7422769E-08,1.224646799147E-16));
#9678 = ORIENTED_EDGE('',*,*,#7697,.F.);
#9679 = ORIENTED_EDGE('',*,*,#9618,.F.);
#9680 = ORIENTED_EDGE('',*,*,#9609,.F.);
#9681 = ORIENTED_EDGE('',*,*,#7614,.F.);
#9682 = ORIENTED_EDGE('',*,*,#9683,.T.);
#9683 = EDGE_CURVE('',#7607,#9671,#9684,.T.);
#9684 = CIRCLE('',#9685,5.25);
#9685 = AXIS2_PLACEMENT_3D('',#9686,#9687,#9688);
#9686 = CARTESIAN_POINT('',(-14.9999881105,136.00001657013,
    -10.50000190734));
#9687 = DIRECTION('',(1.224646799147E-16,0.,-1.));
#9688 = DIRECTION('',(1.,-8.7422769E-08,1.224646799147E-16));
#9689 = CYLINDRICAL_SURFACE('',#9690,5.25);
#9690 = AXIS2_PLACEMENT_3D('',#9691,#9692,#9693);
#9691 = CARTESIAN_POINT('',(-14.9999881105,136.00001657013,
    -13.00000190734));
#9692 = DIRECTION('',(1.224646799147E-16,0.,-1.));
#9693 = DIRECTION('',(1.,-8.742276947E-08,1.224646799147E-16));
#9694 = ADVANCED_FACE('',(#9695,#9708),#9749,.F.);
#9695 = FACE_BOUND('',#9696,.F.);
#9696 = EDGE_LOOP('',(#9697,#9698,#9699,#9700,#9707));
#9697 = ORIENTED_EDGE('',*,*,#9683,.T.);
#9698 = ORIENTED_EDGE('',*,*,#9670,.T.);
#9699 = ORIENTED_EDGE('',*,*,#7705,.T.);
#9700 = ORIENTED_EDGE('',*,*,#9701,.T.);
#9701 = EDGE_CURVE('',#7706,#7599,#9702,.T.);
#9702 = CIRCLE('',#9703,5.25);
#9703 = AXIS2_PLACEMENT_3D('',#9704,#9705,#9706);
#9704 = CARTESIAN_POINT('',(-14.9999881105,136.00001657013,
    -10.50000190734));
#9705 = DIRECTION('',(1.224646799147E-16,0.,-1.));
#9706 = DIRECTION('',(1.,-8.7422769E-08,1.224646799147E-16));
#9707 = ORIENTED_EDGE('',*,*,#7606,.T.);
#9708 = FACE_BOUND('',#9709,.F.);
#9709 = EDGE_LOOP('',(#9710,#9711,#9719,#9727,#9735,#9743));
#9710 = ORIENTED_EDGE('',*,*,#96,.F.);
#9711 = ORIENTED_EDGE('',*,*,#9712,.F.);
#9712 = EDGE_CURVE('',#9713,#89,#9715,.T.);
#9713 = VERTEX_POINT('',#9714);
#9714 = CARTESIAN_POINT('',(-12.19998796917,137.61659707907,
    -10.50000190734));
#9715 = LINE('',#9716,#9717);
#9716 = CARTESIAN_POINT('',(-12.19998796917,137.61659707907,
    -10.50000190734));
#9717 = VECTOR('',#9718,1.);
#9718 = DIRECTION('',(-8.742352005E-08,-1.,-1.070629339994E-23));
#9719 = ORIENTED_EDGE('',*,*,#9720,.F.);
#9720 = EDGE_CURVE('',#9721,#9713,#9723,.T.);
#9721 = VERTEX_POINT('',#9722);
#9722 = CARTESIAN_POINT('',(-14.99998782785,139.23317807759,
    -10.50000190734));
#9723 = LINE('',#9724,#9725);
#9724 = CARTESIAN_POINT('',(-14.99998782785,139.23317807759,
    -10.50000190734));
#9725 = VECTOR('',#9726,1.);
#9726 = DIRECTION('',(0.866025360073,-0.500000075711,1.060575185194E-16)
  );
#9727 = ORIENTED_EDGE('',*,*,#9728,.F.);
#9728 = EDGE_CURVE('',#9729,#9721,#9731,.T.);
#9729 = VERTEX_POINT('',#9730);
#9730 = CARTESIAN_POINT('',(-17.79998796917,137.61659756864,
    -10.50000190734));
#9731 = LINE('',#9732,#9733);
#9732 = CARTESIAN_POINT('',(-17.79998796917,137.61659756864,
    -10.50000190734));
#9733 = VECTOR('',#9734,1.);
#9734 = DIRECTION('',(0.866025447496,0.49999992429,1.060575292256E-16));
#9735 = ORIENTED_EDGE('',*,*,#9736,.F.);
#9736 = EDGE_CURVE('',#9737,#9729,#9739,.T.);
#9737 = VERTEX_POINT('',#9738);
#9738 = CARTESIAN_POINT('',(-17.79998825182,134.38343606118,
    -10.50000190734));
#9739 = LINE('',#9740,#9741);
#9740 = CARTESIAN_POINT('',(-17.79998825182,134.38343606118,
    -10.50000190734));
#9741 = VECTOR('',#9742,1.);
#9742 = DIRECTION('',(8.7422769E-08,1.,1.070620142284E-23));
#9743 = ORIENTED_EDGE('',*,*,#9744,.F.);
#9744 = EDGE_CURVE('',#97,#9737,#9745,.T.);
#9745 = LINE('',#9746,#9747);
#9746 = CARTESIAN_POINT('',(-14.99998839315,132.76685506266,
    -10.50000190734));
#9747 = VECTOR('',#9748,1.);
#9748 = DIRECTION('',(-0.866025360073,0.500000075711,-1.060575185193E-16
    ));
#9749 = PLANE('',#9750);
#9750 = AXIS2_PLACEMENT_3D('',#9751,#9752,#9753);
#9751 = CARTESIAN_POINT('',(1.057815558006E-05,121.00001525879,
    -10.50000190734));
#9752 = DIRECTION('',(1.224646799147E-16,0.,-1.));
#9753 = DIRECTION('',(1.,-8.7422769E-08,1.224646799147E-16));
#9754 = ADVANCED_FACE('',(#9755),#9767,.T.);
#9755 = FACE_BOUND('',#9756,.T.);
#9756 = EDGE_LOOP('',(#9757,#9764,#9765,#9766));
#9757 = ORIENTED_EDGE('',*,*,#9758,.F.);
#9758 = EDGE_CURVE('',#7715,#7591,#9759,.T.);
#9759 = CIRCLE('',#9760,5.25);
#9760 = AXIS2_PLACEMENT_3D('',#9761,#9762,#9763);
#9761 = CARTESIAN_POINT('',(-14.9999881105,136.00001657013,
    -13.00000190734));
#9762 = DIRECTION('',(1.224646799147E-16,0.,-1.));
#9763 = DIRECTION('',(1.,-8.7422769E-08,1.224646799147E-16));
#9764 = ORIENTED_EDGE('',*,*,#7714,.T.);
#9765 = ORIENTED_EDGE('',*,*,#9701,.T.);
#9766 = ORIENTED_EDGE('',*,*,#7598,.T.);
#9767 = CYLINDRICAL_SURFACE('',#9768,5.25);
#9768 = AXIS2_PLACEMENT_3D('',#9769,#9770,#9771);
#9769 = CARTESIAN_POINT('',(-14.9999881105,136.00001657013,
    -13.00000190734));
#9770 = DIRECTION('',(1.224646799147E-16,0.,-1.));
#9771 = DIRECTION('',(1.,-8.7422769E-08,1.224646799147E-16));
#9772 = ADVANCED_FACE('',(#9773),#9784,.T.);
#9773 = FACE_BOUND('',#9774,.T.);
#9774 = EDGE_LOOP('',(#9775,#9776,#9782,#9783));
#9775 = ORIENTED_EDGE('',*,*,#7590,.T.);
#9776 = ORIENTED_EDGE('',*,*,#9777,.T.);
#9777 = EDGE_CURVE('',#7583,#7723,#9778,.T.);
#9778 = LINE('',#9779,#9780);
#9779 = CARTESIAN_POINT('',(-20.99998758596,142.00001709466,
    -13.00000190734));
#9780 = VECTOR('',#9781,1.);
#9781 = DIRECTION('',(-8.7422769E-08,-1.,-1.070620142284E-23));
#9782 = ORIENTED_EDGE('',*,*,#7722,.F.);
#9783 = ORIENTED_EDGE('',*,*,#9758,.T.);
#9784 = PLANE('',#9785);
#9785 = AXIS2_PLACEMENT_3D('',#9786,#9787,#9788);
#9786 = CARTESIAN_POINT('',(1.081280534538E-05,123.68409001955,
    -13.00000190734));
#9787 = DIRECTION('',(-1.224646799147E-16,0.,1.));
#9788 = DIRECTION('',(-1.,8.7422769E-08,-1.224646799147E-16));
#9789 = ADVANCED_FACE('',(#9790),#9796,.F.);
#9790 = FACE_BOUND('',#9791,.T.);
#9791 = EDGE_LOOP('',(#9792,#9793,#9794,#9795));
#9792 = ORIENTED_EDGE('',*,*,#7731,.F.);
#9793 = ORIENTED_EDGE('',*,*,#9777,.F.);
#9794 = ORIENTED_EDGE('',*,*,#7582,.F.);
#9795 = ORIENTED_EDGE('',*,*,#7646,.F.);
#9796 = PLANE('',#9797);
#9797 = AXIS2_PLACEMENT_3D('',#9798,#9799,#9800);
#9798 = CARTESIAN_POINT('',(-7.421983365805,106.24791683778,-13.));
#9799 = DIRECTION('',(1.224646799147E-16,0.,-1.));
#9800 = DIRECTION('',(1.,0.,1.224646799147E-16));
#9801 = ADVANCED_FACE('',(#9802),#9813,.F.);
#9802 = FACE_BOUND('',#9803,.F.);
#9803 = EDGE_LOOP('',(#9804,#9805,#9811,#9812));
#9804 = ORIENTED_EDGE('',*,*,#7818,.F.);
#9805 = ORIENTED_EDGE('',*,*,#9806,.T.);
#9806 = EDGE_CURVE('',#7810,#7869,#9807,.T.);
#9807 = LINE('',#9808,#9809);
#9808 = CARTESIAN_POINT('',(21.000011758363,134.50001342291,
    -13.00000190734));
#9809 = VECTOR('',#9810,1.);
#9810 = DIRECTION('',(8.7422769E-08,1.,1.070620142284E-23));
#9811 = ORIENTED_EDGE('',*,*,#7868,.F.);
#9812 = ORIENTED_EDGE('',*,*,#7844,.F.);
#9813 = PLANE('',#9814);
#9814 = AXIS2_PLACEMENT_3D('',#9815,#9816,#9817);
#9815 = CARTESIAN_POINT('',(7.421983365805,106.24791683778,-13.));
#9816 = DIRECTION('',(1.224646799147E-16,0.,-1.));
#9817 = DIRECTION('',(1.,0.,1.224646799147E-16));
#9818 = ADVANCED_FACE('',(#9819),#9840,.T.);
#9819 = FACE_BOUND('',#9820,.T.);
#9820 = EDGE_LOOP('',(#9821,#9822,#9823,#9832,#9839));
#9821 = ORIENTED_EDGE('',*,*,#9806,.T.);
#9822 = ORIENTED_EDGE('',*,*,#7876,.F.);
#9823 = ORIENTED_EDGE('',*,*,#9824,.T.);
#9824 = EDGE_CURVE('',#7877,#9825,#9827,.T.);
#9825 = VERTEX_POINT('',#9826);
#9826 = CARTESIAN_POINT('',(20.250011889498,136.00001348847,
    -13.00000190734));
#9827 = CIRCLE('',#9828,5.25);
#9828 = AXIS2_PLACEMENT_3D('',#9829,#9830,#9831);
#9829 = CARTESIAN_POINT('',(15.000011889498,136.00001394744,
    -13.00000190734));
#9830 = DIRECTION('',(1.224646799147E-16,0.,-1.));
#9831 = DIRECTION('',(1.,-8.7422769E-08,1.224646799147E-16));
#9832 = ORIENTED_EDGE('',*,*,#9833,.T.);
#9833 = EDGE_CURVE('',#9825,#7802,#9834,.T.);
#9834 = CIRCLE('',#9835,5.25);
#9835 = AXIS2_PLACEMENT_3D('',#9836,#9837,#9838);
#9836 = CARTESIAN_POINT('',(15.000011889498,136.00001394744,
    -13.00000190734));
#9837 = DIRECTION('',(1.224646799147E-16,0.,-1.));
#9838 = DIRECTION('',(1.,-8.7422769E-08,1.224646799147E-16));
#9839 = ORIENTED_EDGE('',*,*,#7809,.F.);
#9840 = PLANE('',#9841);
#9841 = AXIS2_PLACEMENT_3D('',#9842,#9843,#9844);
#9842 = CARTESIAN_POINT('',(1.081280534538E-05,123.68409001955,
    -13.00000190734));
#9843 = DIRECTION('',(-1.224646799147E-16,0.,1.));
#9844 = DIRECTION('',(-1.,8.7422769E-08,-1.224646799147E-16));
#9845 = ADVANCED_FACE('',(#9846),#9868,.T.);
#9846 = FACE_BOUND('',#9847,.T.);
#9847 = EDGE_LOOP('',(#9848,#9849,#9850,#9859,#9866,#9867));
#9848 = ORIENTED_EDGE('',*,*,#9824,.F.);
#9849 = ORIENTED_EDGE('',*,*,#7884,.F.);
#9850 = ORIENTED_EDGE('',*,*,#9851,.T.);
#9851 = EDGE_CURVE('',#7885,#9852,#9854,.T.);
#9852 = VERTEX_POINT('',#9853);
#9853 = CARTESIAN_POINT('',(20.250011889498,136.00001348847,
    -10.50000190734));
#9854 = CIRCLE('',#9855,5.25);
#9855 = AXIS2_PLACEMENT_3D('',#9856,#9857,#9858);
#9856 = CARTESIAN_POINT('',(15.000011889498,136.00001394744,
    -10.50000190734));
#9857 = DIRECTION('',(1.224646799147E-16,0.,-1.));
#9858 = DIRECTION('',(1.,-8.7422769E-08,1.224646799147E-16));
#9859 = ORIENTED_EDGE('',*,*,#9860,.T.);
#9860 = EDGE_CURVE('',#9852,#7793,#9861,.T.);
#9861 = CIRCLE('',#9862,5.25);
#9862 = AXIS2_PLACEMENT_3D('',#9863,#9864,#9865);
#9863 = CARTESIAN_POINT('',(15.000011889498,136.00001394744,
    -10.50000190734));
#9864 = DIRECTION('',(1.224646799147E-16,0.,-1.));
#9865 = DIRECTION('',(1.,-8.7422769E-08,1.224646799147E-16));
#9866 = ORIENTED_EDGE('',*,*,#7801,.F.);
#9867 = ORIENTED_EDGE('',*,*,#9833,.F.);
#9868 = CYLINDRICAL_SURFACE('',#9869,5.25);
#9869 = AXIS2_PLACEMENT_3D('',#9870,#9871,#9872);
#9870 = CARTESIAN_POINT('',(15.000011889498,136.00001394744,
    -13.00000190734));
#9871 = DIRECTION('',(1.224646799147E-16,0.,-1.));
#9872 = DIRECTION('',(1.,-8.742276947E-08,1.224646799147E-16));
#9873 = ADVANCED_FACE('',(#9874,#9887),#9928,.F.);
#9874 = FACE_BOUND('',#9875,.F.);
#9875 = EDGE_LOOP('',(#9876,#9877,#9878,#9879,#9886));
#9876 = ORIENTED_EDGE('',*,*,#9851,.T.);
#9877 = ORIENTED_EDGE('',*,*,#9860,.T.);
#9878 = ORIENTED_EDGE('',*,*,#7792,.T.);
#9879 = ORIENTED_EDGE('',*,*,#9880,.T.);
#9880 = EDGE_CURVE('',#7785,#7893,#9881,.T.);
#9881 = CIRCLE('',#9882,5.25);
#9882 = AXIS2_PLACEMENT_3D('',#9883,#9884,#9885);
#9883 = CARTESIAN_POINT('',(15.000011889498,136.00001394744,
    -10.50000190734));
#9884 = DIRECTION('',(1.224646799147E-16,0.,-1.));
#9885 = DIRECTION('',(1.,-8.7422769E-08,1.224646799147E-16));
#9886 = ORIENTED_EDGE('',*,*,#7892,.F.);
#9887 = FACE_BOUND('',#9888,.F.);
#9888 = EDGE_LOOP('',(#9889,#9890,#9898,#9906,#9914,#9922));
#9889 = ORIENTED_EDGE('',*,*,#194,.F.);
#9890 = ORIENTED_EDGE('',*,*,#9891,.F.);
#9891 = EDGE_CURVE('',#9892,#187,#9894,.T.);
#9892 = VERTEX_POINT('',#9893);
#9893 = CARTESIAN_POINT('',(17.800012030826,137.6165944564,
    -10.50000190734));
#9894 = LINE('',#9895,#9896);
#9895 = CARTESIAN_POINT('',(17.800012030826,137.6165944564,
    -10.50000190734));
#9896 = VECTOR('',#9897,1.);
#9897 = DIRECTION('',(-8.742332501E-08,-1.,-1.070626951443E-23));
#9898 = ORIENTED_EDGE('',*,*,#9899,.F.);
#9899 = EDGE_CURVE('',#9900,#9892,#9902,.T.);
#9900 = VERTEX_POINT('',#9901);
#9901 = CARTESIAN_POINT('',(15.000012172149,139.23317545491,
    -10.50000190734));
#9902 = LINE('',#9903,#9904);
#9903 = CARTESIAN_POINT('',(15.000012172149,139.23317545491,
    -10.50000190734));
#9904 = VECTOR('',#9905,1.);
#9905 = DIRECTION('',(0.866025360074,-0.500000075709,1.060575185195E-16)
  );
#9906 = ORIENTED_EDGE('',*,*,#9907,.F.);
#9907 = EDGE_CURVE('',#9908,#9900,#9910,.T.);
#9908 = VERTEX_POINT('',#9909);
#9909 = CARTESIAN_POINT('',(12.200012030824,137.61659494596,
    -10.50000190734));
#9910 = LINE('',#9911,#9912);
#9911 = CARTESIAN_POINT('',(12.200012030824,137.61659494596,
    -10.50000190734));
#9912 = VECTOR('',#9913,1.);
#9913 = DIRECTION('',(0.866025447495,0.49999992429,1.060575292255E-16));
#9914 = ORIENTED_EDGE('',*,*,#9915,.F.);
#9915 = EDGE_CURVE('',#9916,#9908,#9918,.T.);
#9916 = VERTEX_POINT('',#9917);
#9917 = CARTESIAN_POINT('',(12.200011748172,134.38343343849,
    -10.50000190734));
#9918 = LINE('',#9919,#9920);
#9919 = CARTESIAN_POINT('',(12.200011748172,134.38343343849,
    -10.50000190734));
#9920 = VECTOR('',#9921,1.);
#9921 = DIRECTION('',(8.7422769E-08,1.,1.070620142284E-23));
#9922 = ORIENTED_EDGE('',*,*,#9923,.F.);
#9923 = EDGE_CURVE('',#195,#9916,#9924,.T.);
#9924 = LINE('',#9925,#9926);
#9925 = CARTESIAN_POINT('',(15.000011606848,132.76685243998,
    -10.50000190734));
#9926 = VECTOR('',#9927,1.);
#9927 = DIRECTION('',(-0.866025360074,0.50000007571,-1.060575185194E-16)
  );
#9928 = PLANE('',#9929);
#9929 = AXIS2_PLACEMENT_3D('',#9930,#9931,#9932);
#9930 = CARTESIAN_POINT('',(1.057815558006E-05,121.00001525879,
    -10.50000190734));
#9931 = DIRECTION('',(1.224646799147E-16,0.,-1.));
#9932 = DIRECTION('',(1.,-8.7422769E-08,1.224646799147E-16));
#9933 = ADVANCED_FACE('',(#9934),#9946,.T.);
#9934 = FACE_BOUND('',#9935,.T.);
#9935 = EDGE_LOOP('',(#9936,#9943,#9944,#9945));
#9936 = ORIENTED_EDGE('',*,*,#9937,.F.);
#9937 = EDGE_CURVE('',#7776,#7901,#9938,.T.);
#9938 = CIRCLE('',#9939,5.25);
#9939 = AXIS2_PLACEMENT_3D('',#9940,#9941,#9942);
#9940 = CARTESIAN_POINT('',(15.000011889498,136.00001394744,
    -13.00000190734));
#9941 = DIRECTION('',(1.224646799147E-16,0.,-1.));
#9942 = DIRECTION('',(1.,-8.7422769E-08,1.224646799147E-16));
#9943 = ORIENTED_EDGE('',*,*,#7784,.T.);
#9944 = ORIENTED_EDGE('',*,*,#9880,.T.);
#9945 = ORIENTED_EDGE('',*,*,#7900,.T.);
#9946 = CYLINDRICAL_SURFACE('',#9947,5.25);
#9947 = AXIS2_PLACEMENT_3D('',#9948,#9949,#9950);
#9948 = CARTESIAN_POINT('',(15.000011889498,136.00001394744,
    -13.00000190734));
#9949 = DIRECTION('',(1.224646799147E-16,0.,-1.));
#9950 = DIRECTION('',(1.,-8.7422769E-08,1.224646799147E-16));
#9951 = ADVANCED_FACE('',(#9952),#9964,.T.);
#9952 = FACE_BOUND('',#9953,.T.);
#9953 = EDGE_LOOP('',(#9954,#9955,#9956,#9957,#9963));
#9954 = ORIENTED_EDGE('',*,*,#9937,.T.);
#9955 = ORIENTED_EDGE('',*,*,#7908,.F.);
#9956 = ORIENTED_EDGE('',*,*,#7956,.T.);
#9957 = ORIENTED_EDGE('',*,*,#9958,.T.);
#9958 = EDGE_CURVE('',#7949,#7768,#9959,.T.);
#9959 = LINE('',#9960,#9961);
#9960 = CARTESIAN_POINT('',(-16.49998863503,130.00001670126,
    -13.00000190734));
#9961 = VECTOR('',#9962,1.);
#9962 = DIRECTION('',(1.,-8.7422769E-08,1.224646799147E-16));
#9963 = ORIENTED_EDGE('',*,*,#7775,.F.);
#9964 = PLANE('',#9965);
#9965 = AXIS2_PLACEMENT_3D('',#9966,#9967,#9968);
#9966 = CARTESIAN_POINT('',(1.081280534538E-05,123.68409001955,
    -13.00000190734));
#9967 = DIRECTION('',(-1.224646799147E-16,0.,1.));
#9968 = DIRECTION('',(-1.,8.7422769E-08,-1.224646799147E-16));
#9969 = ADVANCED_FACE('',(#9970),#9981,.F.);
#9970 = FACE_BOUND('',#9971,.F.);
#9971 = EDGE_LOOP('',(#9972,#9978,#9979,#9980));
#9972 = ORIENTED_EDGE('',*,*,#9973,.F.);
#9973 = EDGE_CURVE('',#7941,#7759,#9974,.T.);
#9974 = LINE('',#9975,#9976);
#9975 = CARTESIAN_POINT('',(-16.49998863503,130.00001670126,
    -14.00000190734));
#9976 = VECTOR('',#9977,1.);
#9977 = DIRECTION('',(1.,-8.7422769E-08,1.224646799147E-16));
#9978 = ORIENTED_EDGE('',*,*,#7948,.T.);
#9979 = ORIENTED_EDGE('',*,*,#9958,.T.);
#9980 = ORIENTED_EDGE('',*,*,#7767,.F.);
#9981 = PLANE('',#9982);
#9982 = AXIS2_PLACEMENT_3D('',#9983,#9984,#9985);
#9983 = CARTESIAN_POINT('',(-16.49998863503,130.00001670126,
    -14.00000190734));
#9984 = DIRECTION('',(8.7422769E-08,1.,1.070620142284E-23));
#9985 = DIRECTION('',(1.,-8.7422769E-08,1.224646799147E-16));
#9986 = ADVANCED_FACE('',(#9987),#9993,.F.);
#9987 = FACE_BOUND('',#9988,.F.);
#9988 = EDGE_LOOP('',(#9989,#9990,#9991,#9992));
#9989 = ORIENTED_EDGE('',*,*,#7758,.F.);
#9990 = ORIENTED_EDGE('',*,*,#8061,.T.);
#9991 = ORIENTED_EDGE('',*,*,#7940,.T.);
#9992 = ORIENTED_EDGE('',*,*,#9973,.T.);
#9993 = PLANE('',#9994);
#9994 = AXIS2_PLACEMENT_3D('',#9995,#9996,#9997);
#9995 = CARTESIAN_POINT('',(7.421983365805,106.24791683778,-14.));
#9996 = DIRECTION('',(1.224646799147E-16,0.,-1.));
#9997 = DIRECTION('',(1.,0.,1.224646799147E-16));
#9998 = ADVANCED_FACE('',(#9999),#10010,.F.);
#9999 = FACE_BOUND('',#10000,.F.);
#10000 = EDGE_LOOP('',(#10001,#10007,#10008,#10009));
#10001 = ORIENTED_EDGE('',*,*,#10002,.T.);
#10002 = EDGE_CURVE('',#326,#8177,#10003,.T.);
#10003 = LINE('',#10004,#10005);
#10004 = CARTESIAN_POINT('',(-3.199990591859,107.61659629227,
    -13.00000190734));
#10005 = VECTOR('',#10006,1.);
#10006 = DIRECTION('',(-1.224646799147E-16,0.,1.));
#10007 = ORIENTED_EDGE('',*,*,#8176,.T.);
#10008 = ORIENTED_EDGE('',*,*,#382,.F.);
#10009 = ORIENTED_EDGE('',*,*,#325,.F.);
#10010 = PLANE('',#10011);
#10011 = AXIS2_PLACEMENT_3D('',#10012,#10013,#10014);
#10012 = CARTESIAN_POINT('',(-3.199990591859,107.61659629227,
    -13.00000190734));
#10013 = DIRECTION('',(1.,-8.7422769E-08,1.224646799147E-16));
#10014 = DIRECTION('',(-8.7422769E-08,-1.,-1.070620142284E-23));
#10015 = ADVANCED_FACE('',(#10016),#10027,.F.);
#10016 = FACE_BOUND('',#10017,.F.);
#10017 = EDGE_LOOP('',(#10018,#10019,#10020,#10026));
#10018 = ORIENTED_EDGE('',*,*,#398,.T.);
#10019 = ORIENTED_EDGE('',*,*,#8208,.T.);
#10020 = ORIENTED_EDGE('',*,*,#10021,.F.);
#10021 = EDGE_CURVE('',#350,#8201,#10022,.T.);
#10022 = LINE('',#10023,#10024);
#10023 = CARTESIAN_POINT('',(-8.799990874511,104.38343527437,
    -13.00000190734));
#10024 = VECTOR('',#10025,1.);
#10025 = DIRECTION('',(-1.224646799147E-16,0.,1.));
#10026 = ORIENTED_EDGE('',*,*,#357,.F.);
#10027 = PLANE('',#10028);
#10028 = AXIS2_PLACEMENT_3D('',#10029,#10030,#10031);
#10029 = CARTESIAN_POINT('',(-5.999991015837,102.76685427586,
    -13.00000190734));
#10030 = DIRECTION('',(-0.50000007571,-0.866025360073,
    -6.123234922921E-17));
#10031 = DIRECTION('',(-0.866025360073,0.50000007571,-1.060575185194E-16
    ));
#10032 = ADVANCED_FACE('',(#10033),#10044,.F.);
#10033 = FACE_BOUND('',#10034,.F.);
#10034 = EDGE_LOOP('',(#10035,#10041,#10042,#10043));
#10035 = ORIENTED_EDGE('',*,*,#10036,.T.);
#10036 = EDGE_CURVE('',#334,#8185,#10037,.T.);
#10037 = LINE('',#10038,#10039);
#10038 = CARTESIAN_POINT('',(-5.999990450533,109.23317729078,
    -13.00000190734));
#10039 = VECTOR('',#10040,1.);
#10040 = DIRECTION('',(-1.224646799147E-16,0.,1.));
#10041 = ORIENTED_EDGE('',*,*,#8184,.T.);
#10042 = ORIENTED_EDGE('',*,*,#10002,.F.);
#10043 = ORIENTED_EDGE('',*,*,#333,.F.);
#10044 = PLANE('',#10045);
#10045 = AXIS2_PLACEMENT_3D('',#10046,#10047,#10048);
#10046 = CARTESIAN_POINT('',(-5.999990450533,109.23317729078,
    -13.00000190734));
#10047 = DIRECTION('',(0.50000007571,0.866025360073,6.123234922921E-17)
  );
#10048 = DIRECTION('',(0.866025360073,-0.50000007571,1.060575185194E-16)
  );
#10049 = ADVANCED_FACE('',(#10050),#10061,.F.);
#10050 = FACE_BOUND('',#10051,.F.);
#10051 = EDGE_LOOP('',(#10052,#10053,#10054,#10060));
#10052 = ORIENTED_EDGE('',*,*,#10021,.T.);
#10053 = ORIENTED_EDGE('',*,*,#8200,.T.);
#10054 = ORIENTED_EDGE('',*,*,#10055,.F.);
#10055 = EDGE_CURVE('',#342,#8193,#10056,.T.);
#10056 = LINE('',#10057,#10058);
#10057 = CARTESIAN_POINT('',(-8.799990591859,107.61659678184,
    -13.00000190734));
#10058 = VECTOR('',#10059,1.);
#10059 = DIRECTION('',(-1.224646799147E-16,0.,1.));
#10060 = ORIENTED_EDGE('',*,*,#349,.F.);
#10061 = PLANE('',#10062);
#10062 = AXIS2_PLACEMENT_3D('',#10063,#10064,#10065);
#10063 = CARTESIAN_POINT('',(-8.799990874511,104.38343527437,
    -13.00000190734));
#10064 = DIRECTION('',(-1.,8.7422769E-08,-1.224646799147E-16));
#10065 = DIRECTION('',(8.7422769E-08,1.,1.070620142284E-23));
#10066 = ADVANCED_FACE('',(#10067),#10073,.F.);
#10067 = FACE_BOUND('',#10068,.F.);
#10068 = EDGE_LOOP('',(#10069,#10070,#10071,#10072));
#10069 = ORIENTED_EDGE('',*,*,#10055,.T.);
#10070 = ORIENTED_EDGE('',*,*,#8192,.T.);
#10071 = ORIENTED_EDGE('',*,*,#10036,.F.);
#10072 = ORIENTED_EDGE('',*,*,#341,.F.);
#10073 = PLANE('',#10074);
#10074 = AXIS2_PLACEMENT_3D('',#10075,#10076,#10077);
#10075 = CARTESIAN_POINT('',(-8.799990591859,107.61659678184,
    -13.00000190734));
#10076 = DIRECTION('',(-0.49999992429,0.866025447496,-6.123233068552E-17
    ));
#10077 = DIRECTION('',(0.866025447496,0.49999992429,1.060575292256E-16)
  );
#10078 = ADVANCED_FACE('',(#10079),#10090,.F.);
#10079 = FACE_BOUND('',#10080,.F.);
#10080 = EDGE_LOOP('',(#10081,#10087,#10088,#10089));
#10081 = ORIENTED_EDGE('',*,*,#10082,.T.);
#10082 = EDGE_CURVE('',#228,#8354,#10083,.T.);
#10083 = LINE('',#10084,#10085);
#10084 = CARTESIAN_POINT('',(8.80000940814,107.6165952432,
    -13.00000190734));
#10085 = VECTOR('',#10086,1.);
#10086 = DIRECTION('',(-1.224646799147E-16,0.,1.));
#10087 = ORIENTED_EDGE('',*,*,#8353,.T.);
#10088 = ORIENTED_EDGE('',*,*,#284,.F.);
#10089 = ORIENTED_EDGE('',*,*,#227,.F.);
#10090 = PLANE('',#10091);
#10091 = AXIS2_PLACEMENT_3D('',#10092,#10093,#10094);
#10092 = CARTESIAN_POINT('',(8.80000940814,107.6165952432,
    -13.00000190734));
#10093 = DIRECTION('',(1.,-8.7422769E-08,1.224646799147E-16));
#10094 = DIRECTION('',(-8.7422769E-08,-1.,-1.070620142284E-23));
#10095 = ADVANCED_FACE('',(#10096),#10107,.F.);
#10096 = FACE_BOUND('',#10097,.F.);
#10097 = EDGE_LOOP('',(#10098,#10099,#10100,#10106));
#10098 = ORIENTED_EDGE('',*,*,#300,.T.);
#10099 = ORIENTED_EDGE('',*,*,#8385,.T.);
#10100 = ORIENTED_EDGE('',*,*,#10101,.F.);
#10101 = EDGE_CURVE('',#252,#8378,#10102,.T.);
#10102 = LINE('',#10103,#10104);
#10103 = CARTESIAN_POINT('',(3.200009125489,104.3834342253,
    -13.00000190734));
#10104 = VECTOR('',#10105,1.);
#10105 = DIRECTION('',(-1.224646799147E-16,0.,1.));
#10106 = ORIENTED_EDGE('',*,*,#259,.F.);
#10107 = PLANE('',#10108);
#10108 = AXIS2_PLACEMENT_3D('',#10109,#10110,#10111);
#10109 = CARTESIAN_POINT('',(6.000008984163,102.76685322679,
    -13.00000190734));
#10110 = DIRECTION('',(-0.50000007571,-0.866025360073,
    -6.123234922921E-17));
#10111 = DIRECTION('',(-0.866025360073,0.50000007571,-1.060575185194E-16
    ));
#10112 = ADVANCED_FACE('',(#10113),#10124,.F.);
#10113 = FACE_BOUND('',#10114,.F.);
#10114 = EDGE_LOOP('',(#10115,#10121,#10122,#10123));
#10115 = ORIENTED_EDGE('',*,*,#10116,.T.);
#10116 = EDGE_CURVE('',#236,#8362,#10117,.T.);
#10117 = LINE('',#10118,#10119);
#10118 = CARTESIAN_POINT('',(6.000009549466,109.23317624171,
    -13.00000190734));
#10119 = VECTOR('',#10120,1.);
#10120 = DIRECTION('',(-1.224646799147E-16,0.,1.));
#10121 = ORIENTED_EDGE('',*,*,#8361,.T.);
#10122 = ORIENTED_EDGE('',*,*,#10082,.F.);
#10123 = ORIENTED_EDGE('',*,*,#235,.F.);
#10124 = PLANE('',#10125);
#10125 = AXIS2_PLACEMENT_3D('',#10126,#10127,#10128);
#10126 = CARTESIAN_POINT('',(6.000009549466,109.23317624171,
    -13.00000190734));
#10127 = DIRECTION('',(0.50000007571,0.866025360073,6.123234922921E-17)
  );
#10128 = DIRECTION('',(0.866025360073,-0.50000007571,1.060575185194E-16)
  );
#10129 = ADVANCED_FACE('',(#10130),#10141,.F.);
#10130 = FACE_BOUND('',#10131,.F.);
#10131 = EDGE_LOOP('',(#10132,#10133,#10134,#10140));
#10132 = ORIENTED_EDGE('',*,*,#10101,.T.);
#10133 = ORIENTED_EDGE('',*,*,#8377,.T.);
#10134 = ORIENTED_EDGE('',*,*,#10135,.F.);
#10135 = EDGE_CURVE('',#244,#8370,#10136,.T.);
#10136 = LINE('',#10137,#10138);
#10137 = CARTESIAN_POINT('',(3.200009408141,107.61659573276,
    -13.00000190734));
#10138 = VECTOR('',#10139,1.);
#10139 = DIRECTION('',(-1.224646799147E-16,0.,1.));
#10140 = ORIENTED_EDGE('',*,*,#251,.F.);
#10141 = PLANE('',#10142);
#10142 = AXIS2_PLACEMENT_3D('',#10143,#10144,#10145);
#10143 = CARTESIAN_POINT('',(3.200009125489,104.3834342253,
    -13.00000190734));
#10144 = DIRECTION('',(-1.,8.7422769E-08,-1.224646799147E-16));
#10145 = DIRECTION('',(8.7422769E-08,1.,1.070620142284E-23));
#10146 = ADVANCED_FACE('',(#10147),#10153,.F.);
#10147 = FACE_BOUND('',#10148,.F.);
#10148 = EDGE_LOOP('',(#10149,#10150,#10151,#10152));
#10149 = ORIENTED_EDGE('',*,*,#10135,.T.);
#10150 = ORIENTED_EDGE('',*,*,#8369,.T.);
#10151 = ORIENTED_EDGE('',*,*,#10116,.F.);
#10152 = ORIENTED_EDGE('',*,*,#243,.F.);
#10153 = PLANE('',#10154);
#10154 = AXIS2_PLACEMENT_3D('',#10155,#10156,#10157);
#10155 = CARTESIAN_POINT('',(3.200009408141,107.61659573276,
    -13.00000190734));
#10156 = DIRECTION('',(-0.49999992429,0.866025447496,-6.123233068552E-17
    ));
#10157 = DIRECTION('',(0.866025447496,0.49999992429,1.060575292256E-16)
  );
#10158 = ADVANCED_FACE('',(#10159),#10165,.F.);
#10159 = FACE_BOUND('',#10160,.F.);
#10160 = EDGE_LOOP('',(#10161,#10162,#10163,#10164));
#10161 = ORIENTED_EDGE('',*,*,#8605,.T.);
#10162 = ORIENTED_EDGE('',*,*,#8588,.T.);
#10163 = ORIENTED_EDGE('',*,*,#8564,.T.);
#10164 = ORIENTED_EDGE('',*,*,#8533,.T.);
#10165 = PLANE('',#10166);
#10166 = AXIS2_PLACEMENT_3D('',#10167,#10168,#10169);
#10167 = CARTESIAN_POINT('',(-35.,51.995597104946,-14.));
#10168 = DIRECTION('',(1.224646799147E-16,0.,-1.));
#10169 = DIRECTION('',(1.,0.,1.224646799147E-16));
#10170 = ADVANCED_FACE('',(#10171),#10177,.F.);
#10171 = FACE_BOUND('',#10172,.F.);
#10172 = EDGE_LOOP('',(#10173,#10174,#10175,#10176));
#10173 = ORIENTED_EDGE('',*,*,#8701,.T.);
#10174 = ORIENTED_EDGE('',*,*,#8684,.T.);
#10175 = ORIENTED_EDGE('',*,*,#8660,.T.);
#10176 = ORIENTED_EDGE('',*,*,#8629,.T.);
#10177 = PLANE('',#10178);
#10178 = AXIS2_PLACEMENT_3D('',#10179,#10180,#10181);
#10179 = CARTESIAN_POINT('',(-35.,51.995597104946,-14.));
#10180 = DIRECTION('',(1.224646799147E-16,0.,-1.));
#10181 = DIRECTION('',(1.,0.,1.224646799147E-16));
#10182 = ADVANCED_FACE('',(#10183),#10188,.T.);
#10183 = FACE_BOUND('',#10184,.F.);
#10184 = EDGE_LOOP('',(#10185,#10186,#10187));
#10185 = ORIENTED_EDGE('',*,*,#9055,.T.);
#10186 = ORIENTED_EDGE('',*,*,#9120,.T.);
#10187 = ORIENTED_EDGE('',*,*,#8791,.F.);
#10188 = PLANE('',#10189);
#10189 = AXIS2_PLACEMENT_3D('',#10190,#10191,#10192);
#10190 = CARTESIAN_POINT('',(-29.74999999998,53.000000000001,-4.25));
#10191 = DIRECTION('',(1.224646799147E-16,0.,-1.));
#10192 = DIRECTION('',(1.,0.,1.224646799147E-16));
#10193 = ADVANCED_FACE('',(#10194),#10199,.T.);
#10194 = FACE_BOUND('',#10195,.F.);
#10195 = EDGE_LOOP('',(#10196,#10197,#10198));
#10196 = ORIENTED_EDGE('',*,*,#8767,.F.);
#10197 = ORIENTED_EDGE('',*,*,#9137,.T.);
#10198 = ORIENTED_EDGE('',*,*,#9086,.T.);
#10199 = PLANE('',#10200);
#10200 = AXIS2_PLACEMENT_3D('',#10201,#10202,#10203);
#10201 = CARTESIAN_POINT('',(-29.74999999998,53.000000000001,-4.25));
#10202 = DIRECTION('',(1.224646799147E-16,0.,-1.));
#10203 = DIRECTION('',(1.,0.,1.224646799147E-16));
#10204 = ADVANCED_FACE('',(#10205),#10211,.T.);
#10205 = FACE_BOUND('',#10206,.F.);
#10206 = EDGE_LOOP('',(#10207,#10208,#10209,#10210));
#10207 = ORIENTED_EDGE('',*,*,#9038,.T.);
#10208 = ORIENTED_EDGE('',*,*,#8726,.F.);
#10209 = ORIENTED_EDGE('',*,*,#8743,.F.);
#10210 = ORIENTED_EDGE('',*,*,#9103,.T.);
#10211 = PLANE('',#10212);
#10212 = AXIS2_PLACEMENT_3D('',#10213,#10214,#10215);
#10213 = CARTESIAN_POINT('',(-29.74999999998,53.000000000001,-4.25));
#10214 = DIRECTION('',(1.224646799147E-16,0.,-1.));
#10215 = DIRECTION('',(1.,0.,1.224646799147E-16));
#10216 = ADVANCED_FACE('',(#10217),#10228,.T.);
#10217 = FACE_BOUND('',#10218,.T.);
#10218 = EDGE_LOOP('',(#10219,#10220,#10221,#10222,#10223,#10224,#10225,
    #10226,#10227));
#10219 = ORIENTED_EDGE('',*,*,#9366,.T.);
#10220 = ORIENTED_EDGE('',*,*,#9169,.T.);
#10221 = ORIENTED_EDGE('',*,*,#9193,.T.);
#10222 = ORIENTED_EDGE('',*,*,#9217,.T.);
#10223 = ORIENTED_EDGE('',*,*,#9243,.T.);
#10224 = ORIENTED_EDGE('',*,*,#9269,.T.);
#10225 = ORIENTED_EDGE('',*,*,#9295,.T.);
#10226 = ORIENTED_EDGE('',*,*,#9321,.T.);
#10227 = ORIENTED_EDGE('',*,*,#9347,.T.);
#10228 = PLANE('',#10229);
#10229 = AXIS2_PLACEMENT_3D('',#10230,#10231,#10232);
#10230 = CARTESIAN_POINT('',(-3.133029801279E-15,57.302391546584,-15.));
#10231 = DIRECTION('',(1.224646799147E-16,0.,-1.));
#10232 = DIRECTION('',(-1.,0.,-1.224646799147E-16));
#10233 = ADVANCED_FACE('',(#10234),#10245,.T.);
#10234 = FACE_BOUND('',#10235,.T.);
#10235 = EDGE_LOOP('',(#10236,#10237,#10238,#10239,#10240,#10241,#10242,
    #10243,#10244));
#10236 = ORIENTED_EDGE('',*,*,#9594,.T.);
#10237 = ORIENTED_EDGE('',*,*,#9397,.T.);
#10238 = ORIENTED_EDGE('',*,*,#9421,.T.);
#10239 = ORIENTED_EDGE('',*,*,#9445,.T.);
#10240 = ORIENTED_EDGE('',*,*,#9471,.T.);
#10241 = ORIENTED_EDGE('',*,*,#9497,.T.);
#10242 = ORIENTED_EDGE('',*,*,#9523,.T.);
#10243 = ORIENTED_EDGE('',*,*,#9549,.T.);
#10244 = ORIENTED_EDGE('',*,*,#9575,.T.);
#10245 = PLANE('',#10246);
#10246 = AXIS2_PLACEMENT_3D('',#10247,#10248,#10249);
#10247 = CARTESIAN_POINT('',(-3.133029801279E-15,57.302391546584,-15.));
#10248 = DIRECTION('',(1.224646799147E-16,0.,-1.));
#10249 = DIRECTION('',(-1.,0.,-1.224646799147E-16));
#10250 = ADVANCED_FACE('',(#10251),#10262,.F.);
#10251 = FACE_BOUND('',#10252,.F.);
#10252 = EDGE_LOOP('',(#10253,#10254,#10255,#10261));
#10253 = ORIENTED_EDGE('',*,*,#202,.T.);
#10254 = ORIENTED_EDGE('',*,*,#9923,.T.);
#10255 = ORIENTED_EDGE('',*,*,#10256,.F.);
#10256 = EDGE_CURVE('',#154,#9916,#10257,.T.);
#10257 = LINE('',#10258,#10259);
#10258 = CARTESIAN_POINT('',(12.200011748172,134.38343343849,
    -13.00000190734));
#10259 = VECTOR('',#10260,1.);
#10260 = DIRECTION('',(-1.224646799147E-16,0.,1.));
#10261 = ORIENTED_EDGE('',*,*,#161,.F.);
#10262 = PLANE('',#10263);
#10263 = AXIS2_PLACEMENT_3D('',#10264,#10265,#10266);
#10264 = CARTESIAN_POINT('',(15.000011606848,132.76685243998,
    -13.00000190734));
#10265 = DIRECTION('',(-0.50000007571,-0.866025360074,
    -6.123234922911E-17));
#10266 = DIRECTION('',(-0.866025360074,0.50000007571,-1.060575185194E-16
    ));
#10267 = ADVANCED_FACE('',(#10268),#10279,.F.);
#10268 = FACE_BOUND('',#10269,.F.);
#10269 = EDGE_LOOP('',(#10270,#10271,#10272,#10278));
#10270 = ORIENTED_EDGE('',*,*,#10256,.T.);
#10271 = ORIENTED_EDGE('',*,*,#9915,.T.);
#10272 = ORIENTED_EDGE('',*,*,#10273,.F.);
#10273 = EDGE_CURVE('',#146,#9908,#10274,.T.);
#10274 = LINE('',#10275,#10276);
#10275 = CARTESIAN_POINT('',(12.200012030824,137.61659494596,
    -13.00000190734));
#10276 = VECTOR('',#10277,1.);
#10277 = DIRECTION('',(-1.224646799147E-16,0.,1.));
#10278 = ORIENTED_EDGE('',*,*,#153,.F.);
#10279 = PLANE('',#10280);
#10280 = AXIS2_PLACEMENT_3D('',#10281,#10282,#10283);
#10281 = CARTESIAN_POINT('',(12.200011748172,134.38343343849,
    -13.00000190734));
#10282 = DIRECTION('',(-1.,8.7422769E-08,-1.224646799147E-16));
#10283 = DIRECTION('',(8.7422769E-08,1.,1.070620142284E-23));
#10284 = ADVANCED_FACE('',(#10285),#10296,.F.);
#10285 = FACE_BOUND('',#10286,.F.);
#10286 = EDGE_LOOP('',(#10287,#10288,#10289,#10295));
#10287 = ORIENTED_EDGE('',*,*,#10273,.T.);
#10288 = ORIENTED_EDGE('',*,*,#9907,.T.);
#10289 = ORIENTED_EDGE('',*,*,#10290,.F.);
#10290 = EDGE_CURVE('',#138,#9900,#10291,.T.);
#10291 = LINE('',#10292,#10293);
#10292 = CARTESIAN_POINT('',(15.000012172149,139.23317545491,
    -13.00000190734));
#10293 = VECTOR('',#10294,1.);
#10294 = DIRECTION('',(-1.224646799147E-16,0.,1.));
#10295 = ORIENTED_EDGE('',*,*,#145,.F.);
#10296 = PLANE('',#10297);
#10297 = AXIS2_PLACEMENT_3D('',#10298,#10299,#10300);
#10298 = CARTESIAN_POINT('',(12.200012030824,137.61659494596,
    -13.00000190734));
#10299 = DIRECTION('',(-0.49999992429,0.866025447495,-6.12323306856E-17)
  );
#10300 = DIRECTION('',(0.866025447495,0.49999992429,1.060575292255E-16)
  );
#10301 = ADVANCED_FACE('',(#10302),#10313,.F.);
#10302 = FACE_BOUND('',#10303,.F.);
#10303 = EDGE_LOOP('',(#10304,#10305,#10306,#10312));
#10304 = ORIENTED_EDGE('',*,*,#10290,.T.);
#10305 = ORIENTED_EDGE('',*,*,#9899,.T.);
#10306 = ORIENTED_EDGE('',*,*,#10307,.F.);
#10307 = EDGE_CURVE('',#130,#9892,#10308,.T.);
#10308 = LINE('',#10309,#10310);
#10309 = CARTESIAN_POINT('',(17.800012030826,137.6165944564,
    -13.00000190734));
#10310 = VECTOR('',#10311,1.);
#10311 = DIRECTION('',(-1.224646799147E-16,0.,1.));
#10312 = ORIENTED_EDGE('',*,*,#137,.F.);
#10313 = PLANE('',#10314);
#10314 = AXIS2_PLACEMENT_3D('',#10315,#10316,#10317);
#10315 = CARTESIAN_POINT('',(15.000012172149,139.23317545491,
    -13.00000190734));
#10316 = DIRECTION('',(0.500000075709,0.866025360074,6.123234922903E-17)
  );
#10317 = DIRECTION('',(0.866025360074,-0.500000075709,1.060575185195E-16
    ));
#10318 = ADVANCED_FACE('',(#10319),#10325,.F.);
#10319 = FACE_BOUND('',#10320,.F.);
#10320 = EDGE_LOOP('',(#10321,#10322,#10323,#10324));
#10321 = ORIENTED_EDGE('',*,*,#10307,.T.);
#10322 = ORIENTED_EDGE('',*,*,#9891,.T.);
#10323 = ORIENTED_EDGE('',*,*,#186,.F.);
#10324 = ORIENTED_EDGE('',*,*,#129,.F.);
#10325 = PLANE('',#10326);
#10326 = AXIS2_PLACEMENT_3D('',#10327,#10328,#10329);
#10327 = CARTESIAN_POINT('',(17.800012030826,137.6165944564,
    -13.00000190734));
#10328 = DIRECTION('',(1.,-8.742332501E-08,1.224646799147E-16));
#10329 = DIRECTION('',(-8.742332501E-08,-1.,-1.070626951443E-23));
#10330 = ADVANCED_FACE('',(#10331),#10342,.F.);
#10331 = FACE_BOUND('',#10332,.F.);
#10332 = EDGE_LOOP('',(#10333,#10334,#10335,#10341));
#10333 = ORIENTED_EDGE('',*,*,#104,.T.);
#10334 = ORIENTED_EDGE('',*,*,#9744,.T.);
#10335 = ORIENTED_EDGE('',*,*,#10336,.F.);
#10336 = EDGE_CURVE('',#56,#9737,#10337,.T.);
#10337 = LINE('',#10338,#10339);
#10338 = CARTESIAN_POINT('',(-17.79998825182,134.38343606118,
    -13.00000190734));
#10339 = VECTOR('',#10340,1.);
#10340 = DIRECTION('',(-1.224646799147E-16,0.,1.));
#10341 = ORIENTED_EDGE('',*,*,#63,.F.);
#10342 = PLANE('',#10343);
#10343 = AXIS2_PLACEMENT_3D('',#10344,#10345,#10346);
#10344 = CARTESIAN_POINT('',(-14.99998839315,132.76685506266,
    -13.00000190734));
#10345 = DIRECTION('',(-0.500000075711,-0.866025360073,
    -6.123234922933E-17));
#10346 = DIRECTION('',(-0.866025360073,0.500000075711,
    -1.060575185193E-16));
#10347 = ADVANCED_FACE('',(#10348),#10359,.F.);
#10348 = FACE_BOUND('',#10349,.F.);
#10349 = EDGE_LOOP('',(#10350,#10351,#10352,#10358));
#10350 = ORIENTED_EDGE('',*,*,#10336,.T.);
#10351 = ORIENTED_EDGE('',*,*,#9736,.T.);
#10352 = ORIENTED_EDGE('',*,*,#10353,.F.);
#10353 = EDGE_CURVE('',#48,#9729,#10354,.T.);
#10354 = LINE('',#10355,#10356);
#10355 = CARTESIAN_POINT('',(-17.79998796917,137.61659756864,
    -13.00000190734));
#10356 = VECTOR('',#10357,1.);
#10357 = DIRECTION('',(-1.224646799147E-16,0.,1.));
#10358 = ORIENTED_EDGE('',*,*,#55,.F.);
#10359 = PLANE('',#10360);
#10360 = AXIS2_PLACEMENT_3D('',#10361,#10362,#10363);
#10361 = CARTESIAN_POINT('',(-17.79998825182,134.38343606118,
    -13.00000190734));
#10362 = DIRECTION('',(-1.,8.7422769E-08,-1.224646799147E-16));
#10363 = DIRECTION('',(8.7422769E-08,1.,1.070620142284E-23));
#10364 = ADVANCED_FACE('',(#10365),#10376,.F.);
#10365 = FACE_BOUND('',#10366,.F.);
#10366 = EDGE_LOOP('',(#10367,#10368,#10369,#10375));
#10367 = ORIENTED_EDGE('',*,*,#10353,.T.);
#10368 = ORIENTED_EDGE('',*,*,#9728,.T.);
#10369 = ORIENTED_EDGE('',*,*,#10370,.F.);
#10370 = EDGE_CURVE('',#40,#9721,#10371,.T.);
#10371 = LINE('',#10372,#10373);
#10372 = CARTESIAN_POINT('',(-14.99998782785,139.23317807759,
    -13.00000190734));
#10373 = VECTOR('',#10374,1.);
#10374 = DIRECTION('',(-1.224646799147E-16,0.,1.));
#10375 = ORIENTED_EDGE('',*,*,#47,.F.);
#10376 = PLANE('',#10377);
#10377 = AXIS2_PLACEMENT_3D('',#10378,#10379,#10380);
#10378 = CARTESIAN_POINT('',(-17.79998796917,137.61659756864,
    -13.00000190734));
#10379 = DIRECTION('',(-0.49999992429,0.866025447496,-6.123233068555E-17
    ));
#10380 = DIRECTION('',(0.866025447496,0.49999992429,1.060575292256E-16)
  );
#10381 = ADVANCED_FACE('',(#10382),#10393,.F.);
#10382 = FACE_BOUND('',#10383,.F.);
#10383 = EDGE_LOOP('',(#10384,#10385,#10386,#10392));
#10384 = ORIENTED_EDGE('',*,*,#10370,.T.);
#10385 = ORIENTED_EDGE('',*,*,#9720,.T.);
#10386 = ORIENTED_EDGE('',*,*,#10387,.F.);
#10387 = EDGE_CURVE('',#32,#9713,#10388,.T.);
#10388 = LINE('',#10389,#10390);
#10389 = CARTESIAN_POINT('',(-12.19998796917,137.61659707907,
    -13.00000190734));
#10390 = VECTOR('',#10391,1.);
#10391 = DIRECTION('',(-1.224646799147E-16,0.,1.));
#10392 = ORIENTED_EDGE('',*,*,#39,.F.);
#10393 = PLANE('',#10394);
#10394 = AXIS2_PLACEMENT_3D('',#10395,#10396,#10397);
#10395 = CARTESIAN_POINT('',(-14.99998782785,139.23317807759,
    -13.00000190734));
#10396 = DIRECTION('',(0.500000075711,0.866025360073,6.123234922925E-17)
  );
#10397 = DIRECTION('',(0.866025360073,-0.500000075711,1.060575185194E-16
    ));
#10398 = ADVANCED_FACE('',(#10399),#10405,.F.);
#10399 = FACE_BOUND('',#10400,.F.);
#10400 = EDGE_LOOP('',(#10401,#10402,#10403,#10404));
#10401 = ORIENTED_EDGE('',*,*,#10387,.T.);
#10402 = ORIENTED_EDGE('',*,*,#9712,.T.);
#10403 = ORIENTED_EDGE('',*,*,#88,.F.);
#10404 = ORIENTED_EDGE('',*,*,#31,.F.);
#10405 = PLANE('',#10406);
#10406 = AXIS2_PLACEMENT_3D('',#10407,#10408,#10409);
#10407 = CARTESIAN_POINT('',(-12.19998796917,137.61659707907,
    -13.00000190734));
#10408 = DIRECTION('',(1.,-8.742352005E-08,1.224646799147E-16));
#10409 = DIRECTION('',(-8.742352005E-08,-1.,-1.070629339994E-23));
#10410 = ADVANCED_FACE('',(#10411),#10421,.F.);
#10411 = FACE_BOUND('',#10412,.T.);
#10412 = EDGE_LOOP('',(#10413,#10414,#10419,#10420));
#10413 = ORIENTED_EDGE('',*,*,#267,.F.);
#10414 = ORIENTED_EDGE('',*,*,#10415,.F.);
#10415 = EDGE_CURVE('',#1530,#268,#10416,.T.);
#10416 = B_SPLINE_CURVE_WITH_KNOTS('',1,(#10417,#10418),.UNSPECIFIED.,
  .F.,.F.,(2,2),(-0.999998092651,1.),.PIECEWISE_BEZIER_KNOTS.);
#10417 = CARTESIAN_POINT('',(7.875009266815,106.00001457033,-15.));
#10418 = CARTESIAN_POINT('',(7.875009266815,106.00001457033,
    -13.00000190734));
#10419 = ORIENTED_EDGE('',*,*,#1529,.F.);
#10420 = ORIENTED_EDGE('',*,*,#10415,.T.);
#10421 = CYLINDRICAL_SURFACE('',#10422,1.875);
#10422 = AXIS2_PLACEMENT_3D('',#10423,#10424,#10425);
#10423 = CARTESIAN_POINT('',(6.000009266815,106.00001473425,
    -14.00000190734));
#10424 = DIRECTION('',(-1.224646799147E-16,-0.,1.));
#10425 = DIRECTION('',(1.,-8.742276947E-08,1.224646799147E-16));
#10426 = ADVANCED_FACE('',(#10427),#10437,.F.);
#10427 = FACE_BOUND('',#10428,.T.);
#10428 = EDGE_LOOP('',(#10429,#10430,#10435,#10436));
#10429 = ORIENTED_EDGE('',*,*,#169,.F.);
#10430 = ORIENTED_EDGE('',*,*,#10431,.F.);
#10431 = EDGE_CURVE('',#1541,#170,#10432,.T.);
#10432 = B_SPLINE_CURVE_WITH_KNOTS('',1,(#10433,#10434),.UNSPECIFIED.,
  .F.,.F.,(2,2),(-0.999998092651,1.),.PIECEWISE_BEZIER_KNOTS.);
#10433 = CARTESIAN_POINT('',(16.875011889498,136.00001378353,-15.));
#10434 = CARTESIAN_POINT('',(16.875011889498,136.00001378353,
    -13.00000190734));
#10435 = ORIENTED_EDGE('',*,*,#1540,.F.);
#10436 = ORIENTED_EDGE('',*,*,#10431,.T.);
#10437 = CYLINDRICAL_SURFACE('',#10438,1.875);
#10438 = AXIS2_PLACEMENT_3D('',#10439,#10440,#10441);
#10439 = CARTESIAN_POINT('',(15.000011889498,136.00001394744,
    -14.00000190734));
#10440 = DIRECTION('',(-1.224646799147E-16,-0.,1.));
#10441 = DIRECTION('',(1.,-8.742276947E-08,1.224646799147E-16));
#10442 = ADVANCED_FACE('',(#10443),#10453,.F.);
#10443 = FACE_BOUND('',#10444,.T.);
#10444 = EDGE_LOOP('',(#10445,#10446,#10451,#10452));
#10445 = ORIENTED_EDGE('',*,*,#365,.F.);
#10446 = ORIENTED_EDGE('',*,*,#10447,.F.);
#10447 = EDGE_CURVE('',#1552,#366,#10448,.T.);
#10448 = B_SPLINE_CURVE_WITH_KNOTS('',1,(#10449,#10450),.UNSPECIFIED.,
  .F.,.F.,(2,2),(-0.999998092651,1.),.PIECEWISE_BEZIER_KNOTS.);
#10449 = CARTESIAN_POINT('',(-4.124990733185,106.0000156194,-15.));
#10450 = CARTESIAN_POINT('',(-4.124990733185,106.0000156194,
    -13.00000190734));
#10451 = ORIENTED_EDGE('',*,*,#1551,.F.);
#10452 = ORIENTED_EDGE('',*,*,#10447,.T.);
#10453 = CYLINDRICAL_SURFACE('',#10454,1.875);
#10454 = AXIS2_PLACEMENT_3D('',#10455,#10456,#10457);
#10455 = CARTESIAN_POINT('',(-5.999990733185,106.00001578332,
    -14.00000190734));
#10456 = DIRECTION('',(-1.224646799147E-16,-0.,1.));
#10457 = DIRECTION('',(1.,-8.742276947E-08,1.224646799147E-16));
#10458 = ADVANCED_FACE('',(#10459),#10469,.F.);
#10459 = FACE_BOUND('',#10460,.T.);
#10460 = EDGE_LOOP('',(#10461,#10462,#10467,#10468));
#10461 = ORIENTED_EDGE('',*,*,#71,.F.);
#10462 = ORIENTED_EDGE('',*,*,#10463,.F.);
#10463 = EDGE_CURVE('',#1563,#72,#10464,.T.);
#10464 = B_SPLINE_CURVE_WITH_KNOTS('',1,(#10465,#10466),.UNSPECIFIED.,
  .F.,.F.,(2,2),(-0.999998092651,1.),.PIECEWISE_BEZIER_KNOTS.);
#10465 = CARTESIAN_POINT('',(-13.1249881105,136.00001640621,-15.));
#10466 = CARTESIAN_POINT('',(-13.1249881105,136.00001640621,
    -13.00000190734));
#10467 = ORIENTED_EDGE('',*,*,#1562,.F.);
#10468 = ORIENTED_EDGE('',*,*,#10463,.T.);
#10469 = CYLINDRICAL_SURFACE('',#10470,1.875);
#10470 = AXIS2_PLACEMENT_3D('',#10471,#10472,#10473);
#10471 = CARTESIAN_POINT('',(-14.9999881105,136.00001657013,
    -14.00000190734));
#10472 = DIRECTION('',(-1.224646799147E-16,-0.,1.));
#10473 = DIRECTION('',(1.,-8.742276947E-08,1.224646799147E-16));
#10474 = ORIENTED_CLOSED_SHELL('',*,#10475,.F.);
#10475 = CLOSED_SHELL('',(#10476,#10516,#10573,#10597,#10647,#10664,
    #10681,#10698,#10715));
#10476 = ADVANCED_FACE('',(#10477),#10511,.F.);
#10477 = FACE_BOUND('',#10478,.F.);
#10478 = EDGE_LOOP('',(#10479,#10489,#10497,#10505));
#10479 = ORIENTED_EDGE('',*,*,#10480,.F.);
#10480 = EDGE_CURVE('',#10481,#10483,#10485,.T.);
#10481 = VERTEX_POINT('',#10482);
#10482 = CARTESIAN_POINT('',(10.5,80.4,6.5));
#10483 = VERTEX_POINT('',#10484);
#10484 = CARTESIAN_POINT('',(10.5,80.4,-13.));
#10485 = LINE('',#10486,#10487);
#10486 = CARTESIAN_POINT('',(10.5,80.4,12.5));
#10487 = VECTOR('',#10488,1.);
#10488 = DIRECTION('',(1.224646799147E-16,0.,-1.));
#10489 = ORIENTED_EDGE('',*,*,#10490,.T.);
#10490 = EDGE_CURVE('',#10481,#10491,#10493,.T.);
#10491 = VERTEX_POINT('',#10492);
#10492 = CARTESIAN_POINT('',(0.9,80.4,6.5));
#10493 = LINE('',#10494,#10495);
#10494 = CARTESIAN_POINT('',(12.3,80.4,6.5));
#10495 = VECTOR('',#10496,1.);
#10496 = DIRECTION('',(-1.,0.,-1.224646799147E-16));
#10497 = ORIENTED_EDGE('',*,*,#10498,.T.);
#10498 = EDGE_CURVE('',#10491,#10499,#10501,.T.);
#10499 = VERTEX_POINT('',#10500);
#10500 = CARTESIAN_POINT('',(0.9,80.4,-13.));
#10501 = LINE('',#10502,#10503);
#10502 = CARTESIAN_POINT('',(0.9,80.4,12.5));
#10503 = VECTOR('',#10504,1.);
#10504 = DIRECTION('',(1.224646799147E-16,0.,-1.));
#10505 = ORIENTED_EDGE('',*,*,#10506,.T.);
#10506 = EDGE_CURVE('',#10499,#10483,#10507,.T.);
#10507 = LINE('',#10508,#10509);
#10508 = CARTESIAN_POINT('',(0.9,80.4,-13.));
#10509 = VECTOR('',#10510,1.);
#10510 = DIRECTION('',(1.,0.,1.224646799147E-16));
#10511 = PLANE('',#10512);
#10512 = AXIS2_PLACEMENT_3D('',#10513,#10514,#10515);
#10513 = CARTESIAN_POINT('',(0.9,80.4,12.5));
#10514 = DIRECTION('',(0.,-1.,0.));
#10515 = DIRECTION('',(1.,0.,1.224646799147E-16));
#10516 = ADVANCED_FACE('',(#10517),#10568,.F.);
#10517 = FACE_BOUND('',#10518,.F.);
#10518 = EDGE_LOOP('',(#10519,#10529,#10537,#10546,#10555,#10561,#10562)
  );
#10519 = ORIENTED_EDGE('',*,*,#10520,.F.);
#10520 = EDGE_CURVE('',#10521,#10523,#10525,.T.);
#10521 = VERTEX_POINT('',#10522);
#10522 = CARTESIAN_POINT('',(10.5,61.4,11.5));
#10523 = VERTEX_POINT('',#10524);
#10524 = CARTESIAN_POINT('',(10.5,61.4,-13.));
#10525 = LINE('',#10526,#10527);
#10526 = CARTESIAN_POINT('',(10.5,61.4,12.5));
#10527 = VECTOR('',#10528,1.);
#10528 = DIRECTION('',(1.224646799147E-16,0.,-1.));
#10529 = ORIENTED_EDGE('',*,*,#10530,.T.);
#10530 = EDGE_CURVE('',#10521,#10531,#10533,.T.);
#10531 = VERTEX_POINT('',#10532);
#10532 = CARTESIAN_POINT('',(10.5,65.339745962156,11.5));
#10533 = LINE('',#10534,#10535);
#10534 = CARTESIAN_POINT('',(10.5,67.836918799376,11.5));
#10535 = VECTOR('',#10536,1.);
#10536 = DIRECTION('',(0.,1.,0.));
#10537 = ORIENTED_EDGE('',*,*,#10538,.F.);
#10538 = EDGE_CURVE('',#10539,#10531,#10541,.T.);
#10539 = VERTEX_POINT('',#10540);
#10540 = CARTESIAN_POINT('',(10.5,68.803847577293,9.5));
#10541 = CIRCLE('',#10542,4.);
#10542 = AXIS2_PLACEMENT_3D('',#10543,#10544,#10545);
#10543 = CARTESIAN_POINT('',(10.5,65.339745962156,7.5));
#10544 = DIRECTION('',(1.,0.,1.224646799147E-16));
#10545 = DIRECTION('',(0.,-1.,-0.));
#10546 = ORIENTED_EDGE('',*,*,#10547,.T.);
#10547 = EDGE_CURVE('',#10539,#10548,#10550,.T.);
#10548 = VERTEX_POINT('',#10549);
#10549 = CARTESIAN_POINT('',(10.5,74.,6.5));
#10550 = CIRCLE('',#10551,6.);
#10551 = AXIS2_PLACEMENT_3D('',#10552,#10553,#10554);
#10552 = CARTESIAN_POINT('',(10.5,74.,12.5));
#10553 = DIRECTION('',(1.,0.,1.224646799147E-16));
#10554 = DIRECTION('',(0.,-1.,-0.));
#10555 = ORIENTED_EDGE('',*,*,#10556,.T.);
#10556 = EDGE_CURVE('',#10548,#10481,#10557,.T.);
#10557 = LINE('',#10558,#10559);
#10558 = CARTESIAN_POINT('',(10.5,75.367045818298,6.5));
#10559 = VECTOR('',#10560,1.);
#10560 = DIRECTION('',(0.,1.,0.));
#10561 = ORIENTED_EDGE('',*,*,#10480,.T.);
#10562 = ORIENTED_EDGE('',*,*,#10563,.T.);
#10563 = EDGE_CURVE('',#10483,#10523,#10564,.T.);
#10564 = LINE('',#10565,#10566);
#10565 = CARTESIAN_POINT('',(10.5,80.4,-13.));
#10566 = VECTOR('',#10567,1.);
#10567 = DIRECTION('',(1.2E-16,-1.,1.469576158977E-32));
#10568 = PLANE('',#10569);
#10569 = AXIS2_PLACEMENT_3D('',#10570,#10571,#10572);
#10570 = CARTESIAN_POINT('',(10.5,70.334091636596,-1.758394100142));
#10571 = DIRECTION('',(-1.,0.,-1.224646799147E-16));
#10572 = DIRECTION('',(1.224646799147E-16,0.,-1.));
#10573 = ADVANCED_FACE('',(#10574),#10592,.T.);
#10574 = FACE_BOUND('',#10575,.T.);
#10575 = EDGE_LOOP('',(#10576,#10577,#10585,#10591));
#10576 = ORIENTED_EDGE('',*,*,#10563,.T.);
#10577 = ORIENTED_EDGE('',*,*,#10578,.T.);
#10578 = EDGE_CURVE('',#10523,#10579,#10581,.T.);
#10579 = VERTEX_POINT('',#10580);
#10580 = CARTESIAN_POINT('',(0.9,61.4,-13.));
#10581 = LINE('',#10582,#10583);
#10582 = CARTESIAN_POINT('',(10.5,61.4,-13.));
#10583 = VECTOR('',#10584,1.);
#10584 = DIRECTION('',(-1.,0.,-1.224646799147E-16));
#10585 = ORIENTED_EDGE('',*,*,#10586,.T.);
#10586 = EDGE_CURVE('',#10579,#10499,#10587,.T.);
#10587 = LINE('',#10588,#10589);
#10588 = CARTESIAN_POINT('',(0.9,74.5,-13.));
#10589 = VECTOR('',#10590,1.);
#10590 = DIRECTION('',(-1.2E-16,1.,-1.469576158977E-32));
#10591 = ORIENTED_EDGE('',*,*,#10506,.T.);
#10592 = PLANE('',#10593);
#10593 = AXIS2_PLACEMENT_3D('',#10594,#10595,#10596);
#10594 = CARTESIAN_POINT('',(5.7,70.9,-13.));
#10595 = DIRECTION('',(1.224646799147E-16,0.,-1.));
#10596 = DIRECTION('',(-1.,0.,-1.224646799147E-16));
#10597 = ADVANCED_FACE('',(#10598),#10642,.F.);
#10598 = FACE_BOUND('',#10599,.F.);
#10599 = EDGE_LOOP('',(#10600,#10601,#10609,#10618,#10627,#10635,#10641)
  );
#10600 = ORIENTED_EDGE('',*,*,#10498,.F.);
#10601 = ORIENTED_EDGE('',*,*,#10602,.T.);
#10602 = EDGE_CURVE('',#10491,#10603,#10605,.T.);
#10603 = VERTEX_POINT('',#10604);
#10604 = CARTESIAN_POINT('',(0.9,74.,6.5));
#10605 = LINE('',#10606,#10607);
#10606 = CARTESIAN_POINT('',(0.9,75.367045818298,6.5));
#10607 = VECTOR('',#10608,1.);
#10608 = DIRECTION('',(0.,-1.,-0.));
#10609 = ORIENTED_EDGE('',*,*,#10610,.F.);
#10610 = EDGE_CURVE('',#10611,#10603,#10613,.T.);
#10611 = VERTEX_POINT('',#10612);
#10612 = CARTESIAN_POINT('',(0.9,68.803847577293,9.5));
#10613 = CIRCLE('',#10614,6.);
#10614 = AXIS2_PLACEMENT_3D('',#10615,#10616,#10617);
#10615 = CARTESIAN_POINT('',(0.9,74.,12.5));
#10616 = DIRECTION('',(1.,0.,1.224646799147E-16));
#10617 = DIRECTION('',(0.,-1.,-0.));
#10618 = ORIENTED_EDGE('',*,*,#10619,.T.);
#10619 = EDGE_CURVE('',#10611,#10620,#10622,.T.);
#10620 = VERTEX_POINT('',#10621);
#10621 = CARTESIAN_POINT('',(0.9,65.339745962156,11.5));
#10622 = CIRCLE('',#10623,4.);
#10623 = AXIS2_PLACEMENT_3D('',#10624,#10625,#10626);
#10624 = CARTESIAN_POINT('',(0.9,65.339745962156,7.5));
#10625 = DIRECTION('',(1.,0.,1.224646799147E-16));
#10626 = DIRECTION('',(0.,-1.,-0.));
#10627 = ORIENTED_EDGE('',*,*,#10628,.T.);
#10628 = EDGE_CURVE('',#10620,#10629,#10631,.T.);
#10629 = VERTEX_POINT('',#10630);
#10630 = CARTESIAN_POINT('',(0.9,61.4,11.5));
#10631 = LINE('',#10632,#10633);
#10632 = CARTESIAN_POINT('',(0.9,67.836918799376,11.5));
#10633 = VECTOR('',#10634,1.);
#10634 = DIRECTION('',(0.,-1.,-0.));
#10635 = ORIENTED_EDGE('',*,*,#10636,.T.);
#10636 = EDGE_CURVE('',#10629,#10579,#10637,.T.);
#10637 = LINE('',#10638,#10639);
#10638 = CARTESIAN_POINT('',(0.9,61.4,12.5));
#10639 = VECTOR('',#10640,1.);
#10640 = DIRECTION('',(1.224646799147E-16,0.,-1.));
#10641 = ORIENTED_EDGE('',*,*,#10586,.T.);
#10642 = PLANE('',#10643);
#10643 = AXIS2_PLACEMENT_3D('',#10644,#10645,#10646);
#10644 = CARTESIAN_POINT('',(0.9,70.334091636596,-1.758394100142));
#10645 = DIRECTION('',(1.,-0.,1.224646799147E-16));
#10646 = DIRECTION('',(-1.224646799147E-16,0.,1.));
#10647 = ADVANCED_FACE('',(#10648),#10659,.T.);
#10648 = FACE_BOUND('',#10649,.T.);
#10649 = EDGE_LOOP('',(#10650,#10651,#10652,#10653));
#10650 = ORIENTED_EDGE('',*,*,#10556,.T.);
#10651 = ORIENTED_EDGE('',*,*,#10490,.T.);
#10652 = ORIENTED_EDGE('',*,*,#10602,.T.);
#10653 = ORIENTED_EDGE('',*,*,#10654,.F.);
#10654 = EDGE_CURVE('',#10548,#10603,#10655,.T.);
#10655 = LINE('',#10656,#10657);
#10656 = CARTESIAN_POINT('',(12.3,74.,6.5));
#10657 = VECTOR('',#10658,1.);
#10658 = DIRECTION('',(-1.,0.,-1.224646799147E-16));
#10659 = PLANE('',#10660);
#10660 = AXIS2_PLACEMENT_3D('',#10661,#10662,#10663);
#10661 = CARTESIAN_POINT('',(12.3,80.4,6.5));
#10662 = DIRECTION('',(-1.224646799147E-16,-0.,1.));
#10663 = DIRECTION('',(0.,-1.,-0.));
#10664 = ADVANCED_FACE('',(#10665),#10676,.F.);
#10665 = FACE_BOUND('',#10666,.F.);
#10666 = EDGE_LOOP('',(#10667,#10673,#10674,#10675));
#10667 = ORIENTED_EDGE('',*,*,#10668,.F.);
#10668 = EDGE_CURVE('',#10521,#10629,#10669,.T.);
#10669 = LINE('',#10670,#10671);
#10670 = CARTESIAN_POINT('',(12.3,61.4,11.5));
#10671 = VECTOR('',#10672,1.);
#10672 = DIRECTION('',(-1.,0.,-1.224646799147E-16));
#10673 = ORIENTED_EDGE('',*,*,#10520,.T.);
#10674 = ORIENTED_EDGE('',*,*,#10578,.T.);
#10675 = ORIENTED_EDGE('',*,*,#10636,.F.);
#10676 = PLANE('',#10677);
#10677 = AXIS2_PLACEMENT_3D('',#10678,#10679,#10680);
#10678 = CARTESIAN_POINT('',(10.5,61.4,12.5));
#10679 = DIRECTION('',(0.,1.,0.));
#10680 = DIRECTION('',(-1.,0.,-1.224646799147E-16));
#10681 = ADVANCED_FACE('',(#10682),#10693,.F.);
#10682 = FACE_BOUND('',#10683,.F.);
#10683 = EDGE_LOOP('',(#10684,#10685,#10691,#10692));
#10684 = ORIENTED_EDGE('',*,*,#10547,.F.);
#10685 = ORIENTED_EDGE('',*,*,#10686,.T.);
#10686 = EDGE_CURVE('',#10539,#10611,#10687,.T.);
#10687 = LINE('',#10688,#10689);
#10688 = CARTESIAN_POINT('',(12.3,68.803847577293,9.5));
#10689 = VECTOR('',#10690,1.);
#10690 = DIRECTION('',(-1.,0.,-1.224646799147E-16));
#10691 = ORIENTED_EDGE('',*,*,#10610,.T.);
#10692 = ORIENTED_EDGE('',*,*,#10654,.F.);
#10693 = CYLINDRICAL_SURFACE('',#10694,6.);
#10694 = AXIS2_PLACEMENT_3D('',#10695,#10696,#10697);
#10695 = CARTESIAN_POINT('',(12.3,74.,12.5));
#10696 = DIRECTION('',(1.,0.,1.224646799147E-16));
#10697 = DIRECTION('',(0.,-1.,-0.));
#10698 = ADVANCED_FACE('',(#10699),#10710,.T.);
#10699 = FACE_BOUND('',#10700,.T.);
#10700 = EDGE_LOOP('',(#10701,#10702,#10703,#10704));
#10701 = ORIENTED_EDGE('',*,*,#10538,.F.);
#10702 = ORIENTED_EDGE('',*,*,#10686,.T.);
#10703 = ORIENTED_EDGE('',*,*,#10619,.T.);
#10704 = ORIENTED_EDGE('',*,*,#10705,.F.);
#10705 = EDGE_CURVE('',#10531,#10620,#10706,.T.);
#10706 = LINE('',#10707,#10708);
#10707 = CARTESIAN_POINT('',(12.3,65.339745962156,11.5));
#10708 = VECTOR('',#10709,1.);
#10709 = DIRECTION('',(-1.,0.,-1.224646799147E-16));
#10710 = CYLINDRICAL_SURFACE('',#10711,4.);
#10711 = AXIS2_PLACEMENT_3D('',#10712,#10713,#10714);
#10712 = CARTESIAN_POINT('',(12.3,65.339745962156,7.5));
#10713 = DIRECTION('',(1.,0.,1.224646799147E-16));
#10714 = DIRECTION('',(0.,-1.,-0.));
#10715 = ADVANCED_FACE('',(#10716),#10722,.T.);
#10716 = FACE_BOUND('',#10717,.T.);
#10717 = EDGE_LOOP('',(#10718,#10719,#10720,#10721));
#10718 = ORIENTED_EDGE('',*,*,#10530,.T.);
#10719 = ORIENTED_EDGE('',*,*,#10705,.T.);
#10720 = ORIENTED_EDGE('',*,*,#10628,.T.);
#10721 = ORIENTED_EDGE('',*,*,#10668,.F.);
#10722 = PLANE('',#10723);
#10723 = AXIS2_PLACEMENT_3D('',#10724,#10725,#10726);
#10724 = CARTESIAN_POINT('',(12.3,65.339745962156,11.5));
#10725 = DIRECTION('',(-1.224646799147E-16,-0.,1.));
#10726 = DIRECTION('',(0.,-1.,-0.));
#10727 = ORIENTED_CLOSED_SHELL('',*,#10728,.F.);
#10728 = CLOSED_SHELL('',(#10729,#10769,#10826,#10850,#10900,#10917,
    #10934,#10951,#10968));
#10729 = ADVANCED_FACE('',(#10730),#10764,.F.);
#10730 = FACE_BOUND('',#10731,.T.);
#10731 = EDGE_LOOP('',(#10732,#10742,#10750,#10758));
#10732 = ORIENTED_EDGE('',*,*,#10733,.F.);
#10733 = EDGE_CURVE('',#10734,#10736,#10738,.T.);
#10734 = VERTEX_POINT('',#10735);
#10735 = CARTESIAN_POINT('',(-10.5,80.4,6.5));
#10736 = VERTEX_POINT('',#10737);
#10737 = CARTESIAN_POINT('',(-10.5,80.4,-13.));
#10738 = LINE('',#10739,#10740);
#10739 = CARTESIAN_POINT('',(-10.5,80.4,12.5));
#10740 = VECTOR('',#10741,1.);
#10741 = DIRECTION('',(1.224646799147E-16,0.,-1.));
#10742 = ORIENTED_EDGE('',*,*,#10743,.F.);
#10743 = EDGE_CURVE('',#10744,#10734,#10746,.T.);
#10744 = VERTEX_POINT('',#10745);
#10745 = CARTESIAN_POINT('',(-0.9,80.4,6.5));
#10746 = LINE('',#10747,#10748);
#10747 = CARTESIAN_POINT('',(12.3,80.4,6.5));
#10748 = VECTOR('',#10749,1.);
#10749 = DIRECTION('',(-1.,0.,-1.224646799147E-16));
#10750 = ORIENTED_EDGE('',*,*,#10751,.T.);
#10751 = EDGE_CURVE('',#10744,#10752,#10754,.T.);
#10752 = VERTEX_POINT('',#10753);
#10753 = CARTESIAN_POINT('',(-0.9,80.4,-13.));
#10754 = LINE('',#10755,#10756);
#10755 = CARTESIAN_POINT('',(-0.9,80.4,12.5));
#10756 = VECTOR('',#10757,1.);
#10757 = DIRECTION('',(1.224646799147E-16,0.,-1.));
#10758 = ORIENTED_EDGE('',*,*,#10759,.T.);
#10759 = EDGE_CURVE('',#10752,#10736,#10760,.T.);
#10760 = LINE('',#10761,#10762);
#10761 = CARTESIAN_POINT('',(-0.9,80.4,-13.));
#10762 = VECTOR('',#10763,1.);
#10763 = DIRECTION('',(-1.,0.,-1.224646799147E-16));
#10764 = PLANE('',#10765);
#10765 = AXIS2_PLACEMENT_3D('',#10766,#10767,#10768);
#10766 = CARTESIAN_POINT('',(-0.9,80.4,12.5));
#10767 = DIRECTION('',(0.,-1.,0.));
#10768 = DIRECTION('',(1.,0.,1.224646799147E-16));
#10769 = ADVANCED_FACE('',(#10770),#10821,.F.);
#10770 = FACE_BOUND('',#10771,.F.);
#10771 = EDGE_LOOP('',(#10772,#10773,#10781,#10790,#10799,#10807,#10815)
  );
#10772 = ORIENTED_EDGE('',*,*,#10733,.F.);
#10773 = ORIENTED_EDGE('',*,*,#10774,.T.);
#10774 = EDGE_CURVE('',#10734,#10775,#10777,.T.);
#10775 = VERTEX_POINT('',#10776);
#10776 = CARTESIAN_POINT('',(-10.5,74.,6.5));
#10777 = LINE('',#10778,#10779);
#10778 = CARTESIAN_POINT('',(-10.5,75.367045818298,6.5));
#10779 = VECTOR('',#10780,1.);
#10780 = DIRECTION('',(0.,-1.,-0.));
#10781 = ORIENTED_EDGE('',*,*,#10782,.F.);
#10782 = EDGE_CURVE('',#10783,#10775,#10785,.T.);
#10783 = VERTEX_POINT('',#10784);
#10784 = CARTESIAN_POINT('',(-10.5,68.803847577293,9.5));
#10785 = CIRCLE('',#10786,6.);
#10786 = AXIS2_PLACEMENT_3D('',#10787,#10788,#10789);
#10787 = CARTESIAN_POINT('',(-10.5,74.,12.5));
#10788 = DIRECTION('',(1.,0.,1.224646799147E-16));
#10789 = DIRECTION('',(0.,-1.,-0.));
#10790 = ORIENTED_EDGE('',*,*,#10791,.T.);
#10791 = EDGE_CURVE('',#10783,#10792,#10794,.T.);
#10792 = VERTEX_POINT('',#10793);
#10793 = CARTESIAN_POINT('',(-10.5,65.339745962156,11.5));
#10794 = CIRCLE('',#10795,4.);
#10795 = AXIS2_PLACEMENT_3D('',#10796,#10797,#10798);
#10796 = CARTESIAN_POINT('',(-10.5,65.339745962156,7.5));
#10797 = DIRECTION('',(1.,0.,1.224646799147E-16));
#10798 = DIRECTION('',(0.,-1.,-0.));
#10799 = ORIENTED_EDGE('',*,*,#10800,.T.);
#10800 = EDGE_CURVE('',#10792,#10801,#10803,.T.);
#10801 = VERTEX_POINT('',#10802);
#10802 = CARTESIAN_POINT('',(-10.5,61.4,11.5));
#10803 = LINE('',#10804,#10805);
#10804 = CARTESIAN_POINT('',(-10.5,67.836918799376,11.5));
#10805 = VECTOR('',#10806,1.);
#10806 = DIRECTION('',(0.,-1.,-0.));
#10807 = ORIENTED_EDGE('',*,*,#10808,.T.);
#10808 = EDGE_CURVE('',#10801,#10809,#10811,.T.);
#10809 = VERTEX_POINT('',#10810);
#10810 = CARTESIAN_POINT('',(-10.5,61.4,-13.));
#10811 = LINE('',#10812,#10813);
#10812 = CARTESIAN_POINT('',(-10.5,61.4,12.5));
#10813 = VECTOR('',#10814,1.);
#10814 = DIRECTION('',(1.224646799147E-16,0.,-1.));
#10815 = ORIENTED_EDGE('',*,*,#10816,.F.);
#10816 = EDGE_CURVE('',#10736,#10809,#10817,.T.);
#10817 = LINE('',#10818,#10819);
#10818 = CARTESIAN_POINT('',(-10.5,75.4,-13.));
#10819 = VECTOR('',#10820,1.);
#10820 = DIRECTION('',(1.2E-16,-1.,1.469576158977E-32));
#10821 = PLANE('',#10822);
#10822 = AXIS2_PLACEMENT_3D('',#10823,#10824,#10825);
#10823 = CARTESIAN_POINT('',(-10.5,70.334091636596,-1.758394100142));
#10824 = DIRECTION('',(1.,-0.,1.224646799147E-16));
#10825 = DIRECTION('',(-1.224646799147E-16,0.,1.));
#10826 = ADVANCED_FACE('',(#10827),#10845,.T.);
#10827 = FACE_BOUND('',#10828,.T.);
#10828 = EDGE_LOOP('',(#10829,#10830,#10831,#10839));
#10829 = ORIENTED_EDGE('',*,*,#10816,.F.);
#10830 = ORIENTED_EDGE('',*,*,#10759,.F.);
#10831 = ORIENTED_EDGE('',*,*,#10832,.F.);
#10832 = EDGE_CURVE('',#10833,#10752,#10835,.T.);
#10833 = VERTEX_POINT('',#10834);
#10834 = CARTESIAN_POINT('',(-0.9,61.4,-13.));
#10835 = LINE('',#10836,#10837);
#10836 = CARTESIAN_POINT('',(-0.9,66.4,-13.));
#10837 = VECTOR('',#10838,1.);
#10838 = DIRECTION('',(-1.2E-16,1.,-1.469576158977E-32));
#10839 = ORIENTED_EDGE('',*,*,#10840,.F.);
#10840 = EDGE_CURVE('',#10809,#10833,#10841,.T.);
#10841 = LINE('',#10842,#10843);
#10842 = CARTESIAN_POINT('',(-10.5,61.4,-13.));
#10843 = VECTOR('',#10844,1.);
#10844 = DIRECTION('',(1.,0.,1.224646799147E-16));
#10845 = PLANE('',#10846);
#10846 = AXIS2_PLACEMENT_3D('',#10847,#10848,#10849);
#10847 = CARTESIAN_POINT('',(-5.7,70.9,-13.));
#10848 = DIRECTION('',(1.224646799147E-16,0.,-1.));
#10849 = DIRECTION('',(-1.,0.,-1.224646799147E-16));
#10850 = ADVANCED_FACE('',(#10851),#10895,.F.);
#10851 = FACE_BOUND('',#10852,.F.);
#10852 = EDGE_LOOP('',(#10853,#10864,#10870,#10871,#10872,#10880,#10888)
  );
#10853 = ORIENTED_EDGE('',*,*,#10854,.T.);
#10854 = EDGE_CURVE('',#10855,#10857,#10859,.T.);
#10855 = VERTEX_POINT('',#10856);
#10856 = CARTESIAN_POINT('',(-0.9,68.803847577293,9.5));
#10857 = VERTEX_POINT('',#10858);
#10858 = CARTESIAN_POINT('',(-0.9,74.,6.5));
#10859 = CIRCLE('',#10860,6.);
#10860 = AXIS2_PLACEMENT_3D('',#10861,#10862,#10863);
#10861 = CARTESIAN_POINT('',(-0.9,74.,12.5));
#10862 = DIRECTION('',(1.,0.,1.224646799147E-16));
#10863 = DIRECTION('',(0.,-1.,-0.));
#10864 = ORIENTED_EDGE('',*,*,#10865,.T.);
#10865 = EDGE_CURVE('',#10857,#10744,#10866,.T.);
#10866 = LINE('',#10867,#10868);
#10867 = CARTESIAN_POINT('',(-0.9,75.367045818298,6.5));
#10868 = VECTOR('',#10869,1.);
#10869 = DIRECTION('',(0.,1.,0.));
#10870 = ORIENTED_EDGE('',*,*,#10751,.T.);
#10871 = ORIENTED_EDGE('',*,*,#10832,.F.);
#10872 = ORIENTED_EDGE('',*,*,#10873,.F.);
#10873 = EDGE_CURVE('',#10874,#10833,#10876,.T.);
#10874 = VERTEX_POINT('',#10875);
#10875 = CARTESIAN_POINT('',(-0.9,61.4,11.5));
#10876 = LINE('',#10877,#10878);
#10877 = CARTESIAN_POINT('',(-0.9,61.4,12.5));
#10878 = VECTOR('',#10879,1.);
#10879 = DIRECTION('',(1.224646799147E-16,0.,-1.));
#10880 = ORIENTED_EDGE('',*,*,#10881,.T.);
#10881 = EDGE_CURVE('',#10874,#10882,#10884,.T.);
#10882 = VERTEX_POINT('',#10883);
#10883 = CARTESIAN_POINT('',(-0.9,65.339745962156,11.5));
#10884 = LINE('',#10885,#10886);
#10885 = CARTESIAN_POINT('',(-0.9,67.836918799376,11.5));
#10886 = VECTOR('',#10887,1.);
#10887 = DIRECTION('',(0.,1.,0.));
#10888 = ORIENTED_EDGE('',*,*,#10889,.F.);
#10889 = EDGE_CURVE('',#10855,#10882,#10890,.T.);
#10890 = CIRCLE('',#10891,4.);
#10891 = AXIS2_PLACEMENT_3D('',#10892,#10893,#10894);
#10892 = CARTESIAN_POINT('',(-0.9,65.339745962156,7.5));
#10893 = DIRECTION('',(1.,0.,1.224646799147E-16));
#10894 = DIRECTION('',(0.,-1.,-0.));
#10895 = PLANE('',#10896);
#10896 = AXIS2_PLACEMENT_3D('',#10897,#10898,#10899);
#10897 = CARTESIAN_POINT('',(-0.9,70.334091636596,-1.758394100142));
#10898 = DIRECTION('',(-1.,0.,-1.224646799147E-16));
#10899 = DIRECTION('',(1.224646799147E-16,0.,-1.));
#10900 = ADVANCED_FACE('',(#10901),#10912,.T.);
#10901 = FACE_BOUND('',#10902,.T.);
#10902 = EDGE_LOOP('',(#10903,#10904,#10905,#10906));
#10903 = ORIENTED_EDGE('',*,*,#10865,.T.);
#10904 = ORIENTED_EDGE('',*,*,#10743,.T.);
#10905 = ORIENTED_EDGE('',*,*,#10774,.T.);
#10906 = ORIENTED_EDGE('',*,*,#10907,.F.);
#10907 = EDGE_CURVE('',#10857,#10775,#10908,.T.);
#10908 = LINE('',#10909,#10910);
#10909 = CARTESIAN_POINT('',(12.3,74.,6.5));
#10910 = VECTOR('',#10911,1.);
#10911 = DIRECTION('',(-1.,0.,-1.224646799147E-16));
#10912 = PLANE('',#10913);
#10913 = AXIS2_PLACEMENT_3D('',#10914,#10915,#10916);
#10914 = CARTESIAN_POINT('',(12.3,80.4,6.5));
#10915 = DIRECTION('',(-1.224646799147E-16,-0.,1.));
#10916 = DIRECTION('',(0.,-1.,-0.));
#10917 = ADVANCED_FACE('',(#10918),#10929,.F.);
#10918 = FACE_BOUND('',#10919,.T.);
#10919 = EDGE_LOOP('',(#10920,#10921,#10927,#10928));
#10920 = ORIENTED_EDGE('',*,*,#10873,.F.);
#10921 = ORIENTED_EDGE('',*,*,#10922,.T.);
#10922 = EDGE_CURVE('',#10874,#10801,#10923,.T.);
#10923 = LINE('',#10924,#10925);
#10924 = CARTESIAN_POINT('',(12.3,61.4,11.5));
#10925 = VECTOR('',#10926,1.);
#10926 = DIRECTION('',(-1.,0.,-1.224646799147E-16));
#10927 = ORIENTED_EDGE('',*,*,#10808,.T.);
#10928 = ORIENTED_EDGE('',*,*,#10840,.T.);
#10929 = PLANE('',#10930);
#10930 = AXIS2_PLACEMENT_3D('',#10931,#10932,#10933);
#10931 = CARTESIAN_POINT('',(-10.5,61.4,12.5));
#10932 = DIRECTION('',(-0.,1.,0.));
#10933 = DIRECTION('',(-1.,-0.,-1.224646799147E-16));
#10934 = ADVANCED_FACE('',(#10935),#10946,.T.);
#10935 = FACE_BOUND('',#10936,.T.);
#10936 = EDGE_LOOP('',(#10937,#10938,#10944,#10945));
#10937 = ORIENTED_EDGE('',*,*,#10881,.T.);
#10938 = ORIENTED_EDGE('',*,*,#10939,.T.);
#10939 = EDGE_CURVE('',#10882,#10792,#10940,.T.);
#10940 = LINE('',#10941,#10942);
#10941 = CARTESIAN_POINT('',(12.3,65.339745962156,11.5));
#10942 = VECTOR('',#10943,1.);
#10943 = DIRECTION('',(-1.,0.,-1.224646799147E-16));
#10944 = ORIENTED_EDGE('',*,*,#10800,.T.);
#10945 = ORIENTED_EDGE('',*,*,#10922,.F.);
#10946 = PLANE('',#10947);
#10947 = AXIS2_PLACEMENT_3D('',#10948,#10949,#10950);
#10948 = CARTESIAN_POINT('',(12.3,65.339745962156,11.5));
#10949 = DIRECTION('',(-1.224646799147E-16,-0.,1.));
#10950 = DIRECTION('',(0.,-1.,-0.));
#10951 = ADVANCED_FACE('',(#10952),#10963,.T.);
#10952 = FACE_BOUND('',#10953,.T.);
#10953 = EDGE_LOOP('',(#10954,#10955,#10961,#10962));
#10954 = ORIENTED_EDGE('',*,*,#10889,.F.);
#10955 = ORIENTED_EDGE('',*,*,#10956,.T.);
#10956 = EDGE_CURVE('',#10855,#10783,#10957,.T.);
#10957 = LINE('',#10958,#10959);
#10958 = CARTESIAN_POINT('',(12.3,68.803847577293,9.5));
#10959 = VECTOR('',#10960,1.);
#10960 = DIRECTION('',(-1.,0.,-1.224646799147E-16));
#10961 = ORIENTED_EDGE('',*,*,#10791,.T.);
#10962 = ORIENTED_EDGE('',*,*,#10939,.F.);
#10963 = CYLINDRICAL_SURFACE('',#10964,4.);
#10964 = AXIS2_PLACEMENT_3D('',#10965,#10966,#10967);
#10965 = CARTESIAN_POINT('',(12.3,65.339745962156,7.5));
#10966 = DIRECTION('',(1.,0.,1.224646799147E-16));
#10967 = DIRECTION('',(0.,-1.,-0.));
#10968 = ADVANCED_FACE('',(#10969),#10975,.F.);
#10969 = FACE_BOUND('',#10970,.F.);
#10970 = EDGE_LOOP('',(#10971,#10972,#10973,#10974));
#10971 = ORIENTED_EDGE('',*,*,#10854,.F.);
#10972 = ORIENTED_EDGE('',*,*,#10956,.T.);
#10973 = ORIENTED_EDGE('',*,*,#10782,.T.);
#10974 = ORIENTED_EDGE('',*,*,#10907,.F.);
#10975 = CYLINDRICAL_SURFACE('',#10976,6.);
#10976 = AXIS2_PLACEMENT_3D('',#10977,#10978,#10979);
#10977 = CARTESIAN_POINT('',(12.3,74.,12.5));
#10978 = DIRECTION('',(1.,0.,1.224646799147E-16));
#10979 = DIRECTION('',(0.,-1.,-0.));
#10980 = ( GEOMETRIC_REPRESENTATION_CONTEXT(3) 
GLOBAL_UNCERTAINTY_ASSIGNED_CONTEXT((#10984)) 
GLOBAL_UNIT_ASSIGNED_CONTEXT((#10981,#10982,#10983)) 
REPRESENTATION_CONTEXT('Context #1',
  '3D Context with UNIT and UNCERTAINTY') );
#10981 = ( LENGTH_UNIT() NAMED_UNIT(*) SI_UNIT(.MILLI.,.METRE.) );
#10982 = ( NAMED_UNIT(*) PLANE_ANGLE_UNIT() SI_UNIT($,.RADIAN.) );
#10983 = ( NAMED_UNIT(*) SI_UNIT($,.STERADIAN.) SOLID_ANGLE_UNIT() );
#10984 = UNCERTAINTY_MEASURE_WITH_UNIT(LENGTH_MEASURE(1.E-04),#10981,
  'distance_accuracy_value','confusion accuracy');
#10985 = PRODUCT_RELATED_PRODUCT_CATEGORY('part',$,(#7));
ENDSEC;
END-ISO-10303-21;
