ISO-10303-21;
HEADER;
FILE_DESCRIPTION(('FreeCAD Model'),'2;1');
FILE_NAME('Open CASCADE Shape Model','2025-12-01T23:19:59',('FreeCAD'),(
    'FreeCAD'),'Open CASCADE STEP processor 7.8','FreeCAD','Unknown');
FILE_SCHEMA(('AUTOMOTIVE_DESIGN { 1 0 10303 214 1 1 1 1 }'));
ENDSEC;
DATA;
#1 = APPLICATION_PROTOCOL_DEFINITION('international standard',
  'automotive_design',2000,#2);
#2 = APPLICATION_CONTEXT(
  'core data for automotive mechanical design processes');
#3 = SHAPE_DEFINITION_REPRESENTATION(#4,#10);
#4 = PRODUCT_DEFINITION_SHAPE('','',#5);
#5 = PRODUCT_DEFINITION('design','',#6,#9);
#6 = PRODUCT_DEFINITION_FORMATION('','',#7);
#7 = PRODUCT('Open CASCADE STEP translator 7.8 1',
  'Open CASCADE STEP translator 7.8 1','',(#8));
#8 = PRODUCT_CONTEXT('',#2,'mechanical');
#9 = PRODUCT_DEFINITION_CONTEXT('part definition',#2,'design');
#10 = ADVANCED_BREP_SHAPE_REPRESENTATION('',(#11,#15),#8283);
#11 = AXIS2_PLACEMENT_3D('',#12,#13,#14);
#12 = CARTESIAN_POINT('',(0.,0.,0.));
#13 = DIRECTION('',(0.,0.,1.));
#14 = DIRECTION('',(1.,0.,-0.));
#15 = MANIFOLD_SOLID_BREP('',#16);
#16 = CLOSED_SHELL('',(#17,#981,#1015,#1067,#1092,#1119,#1144,#1196,
    #1221,#1246,#1271,#1289,#1471,#1710,#1807,#1817,#1850,#2093,#2124,
    #2148,#2514,#2538,#2675,#3024,#3055,#3150,#3174,#3198,#3437,#3447,
    #3478,#3502,#3526,#3616,#3687,#3713,#3737,#3980,#4044,#4075,#4099,
    #4130,#4154,#4178,#4202,#4233,#4257,#4281,#4306,#4337,#4362,#4387,
    #4411,#4435,#4453,#4478,#4509,#4534,#4559,#4583,#4607,#4625,#4833,
    #4902,#4933,#4966,#4998,#5023,#5047,#5072,#5104,#5137,#5161,#5185,
    #5218,#5251,#5276,#5294,#5325,#5349,#5373,#5404,#5428,#5452,#5483,
    #5507,#5531,#5556,#5580,#5605,#5639,#5656,#5673,#5690,#5716,#5732,
    #5756,#5787,#5821,#5853,#5878,#5902,#5927,#5959,#5992,#6016,#6040,
    #6074,#6107,#6132,#6150,#6191,#6216,#6240,#6258,#6289,#6313,#6337,
    #6368,#6392,#6416,#6447,#6471,#6495,#6519,#6530,#6547,#6564,#6581,
    #6730,#6879,#6902,#6919,#6973,#6991,#7043,#7097,#7149,#7381,#7418,
    #7431,#7443,#7456,#7468,#7480,#7492,#7529,#7542,#7554,#7567,#7579,
    #7591,#7603,#7900,#7910,#7943,#8240,#8250));
#17 = ADVANCED_FACE('',(#18,#138,#848,#859,#912,#923),#976,.T.);
#18 = FACE_BOUND('',#19,.T.);
#19 = EDGE_LOOP('',(#20,#31,#40,#49,#58,#67,#76,#85,#108,#117));
#20 = ORIENTED_EDGE('',*,*,#21,.F.);
#21 = EDGE_CURVE('',#22,#24,#26,.T.);
#22 = VERTEX_POINT('',#23);
#23 = CARTESIAN_POINT('',(-152.5,-3.433929668666,-178.8));
#24 = VERTEX_POINT('',#25);
#25 = CARTESIAN_POINT('',(-141.7316594059,-11.30860620214,-178.8));
#26 = CIRCLE('',#27,11.299999999998);
#27 = AXIS2_PLACEMENT_3D('',#28,#29,#30);
#28 = CARTESIAN_POINT('',(-152.5,-14.73392966866,-178.8));
#29 = DIRECTION('',(0.,-3.310223024625E-16,-1.));
#30 = DIRECTION('',(1.,0.,0.));
#31 = ORIENTED_EDGE('',*,*,#32,.T.);
#32 = EDGE_CURVE('',#22,#33,#35,.T.);
#33 = VERTEX_POINT('',#34);
#34 = CARTESIAN_POINT('',(-152.5,-1.033929668666,-178.8));
#35 = CIRCLE('',#36,1.2);
#36 = AXIS2_PLACEMENT_3D('',#37,#38,#39);
#37 = CARTESIAN_POINT('',(-152.5,-2.233929668666,-178.8));
#38 = DIRECTION('',(0.,-3.310223024625E-16,-1.));
#39 = DIRECTION('',(1.,0.,0.));
#40 = ORIENTED_EDGE('',*,*,#41,.T.);
#41 = EDGE_CURVE('',#33,#42,#44,.T.);
#42 = VERTEX_POINT('',#43);
#43 = CARTESIAN_POINT('',(-141.0067114093,-7.277769975294,-178.8));
#44 = CIRCLE('',#45,13.699999999998);
#45 = AXIS2_PLACEMENT_3D('',#46,#47,#48);
#46 = CARTESIAN_POINT('',(-152.5,-14.73392966866,-178.8));
#47 = DIRECTION('',(0.,-3.310223024625E-16,-1.));
#48 = DIRECTION('',(1.,0.,0.));
#49 = ORIENTED_EDGE('',*,*,#50,.F.);
#50 = EDGE_CURVE('',#51,#42,#53,.T.);
#51 = VERTEX_POINT('',#52);
#52 = CARTESIAN_POINT('',(-138.9932885906,-7.277769975294,-178.8));
#53 = CIRCLE('',#54,1.2);
#54 = AXIS2_PLACEMENT_3D('',#55,#56,#57);
#55 = CARTESIAN_POINT('',(-140.,-6.624675695582,-178.8));
#56 = DIRECTION('',(0.,-3.310223024625E-16,-1.));
#57 = DIRECTION('',(1.,0.,0.));
#58 = ORIENTED_EDGE('',*,*,#59,.T.);
#59 = EDGE_CURVE('',#51,#60,#62,.T.);
#60 = VERTEX_POINT('',#61);
#61 = CARTESIAN_POINT('',(-127.5,-1.033929668666,-178.8));
#62 = CIRCLE('',#63,13.699999999998);
#63 = AXIS2_PLACEMENT_3D('',#64,#65,#66);
#64 = CARTESIAN_POINT('',(-127.5,-14.73392966866,-178.8));
#65 = DIRECTION('',(0.,-3.310223024625E-16,-1.));
#66 = DIRECTION('',(1.,0.,0.));
#67 = ORIENTED_EDGE('',*,*,#68,.T.);
#68 = EDGE_CURVE('',#60,#69,#71,.T.);
#69 = VERTEX_POINT('',#70);
#70 = CARTESIAN_POINT('',(-127.5,-3.433929668666,-178.8));
#71 = CIRCLE('',#72,1.2);
#72 = AXIS2_PLACEMENT_3D('',#73,#74,#75);
#73 = CARTESIAN_POINT('',(-127.5,-2.233929668666,-178.8));
#74 = DIRECTION('',(0.,-3.310223024625E-16,-1.));
#75 = DIRECTION('',(1.,0.,0.));
#76 = ORIENTED_EDGE('',*,*,#77,.F.);
#77 = EDGE_CURVE('',#78,#69,#80,.T.);
#78 = VERTEX_POINT('',#79);
#79 = CARTESIAN_POINT('',(-138.268340594,-11.30860620214,-178.8));
#80 = CIRCLE('',#81,11.299999999998);
#81 = AXIS2_PLACEMENT_3D('',#82,#83,#84);
#82 = CARTESIAN_POINT('',(-127.5,-14.73392966866,-178.8));
#83 = DIRECTION('',(0.,-3.310223024625E-16,-1.));
#84 = DIRECTION('',(1.,0.,0.));
#85 = ORIENTED_EDGE('',*,*,#86,.F.);
#86 = EDGE_CURVE('',#87,#78,#89,.T.);
#87 = VERTEX_POINT('',#88);
#88 = CARTESIAN_POINT('',(-137.9462857142,-12.54709231013,-178.8));
#89 = B_SPLINE_CURVE_WITH_KNOTS('',5,(#90,#91,#92,#93,#94,#95,#96,#97,
    #98,#99,#100,#101,#102,#103,#104,#105,#106,#107),.UNSPECIFIED.,.F.,
  .F.,(6,4,4,4,6),(0.,0.148357163459,0.5,0.851642836541,1.),
  .UNSPECIFIED.);
#90 = CARTESIAN_POINT('',(-137.9462857142,-12.54709231013,-178.8));
#91 = CARTESIAN_POINT('',(-137.9747810099,-12.52033165709,-178.8));
#92 = CARTESIAN_POINT('',(-138.0023436637,-12.49226326851,-178.8));
#93 = CARTESIAN_POINT('',(-138.0288696043,-12.46293646746,-178.8));
#94 = CARTESIAN_POINT('',(-138.0542623128,-12.43241352106,-178.8));
#95 = CARTESIAN_POINT('',(-138.1357228527,-12.32576588843,-178.8));
#96 = CARTESIAN_POINT('',(-138.1861543906,-12.2444540303,-178.8));
#97 = CARTESIAN_POINT('',(-138.2285311139,-12.157856178,-178.8));
#98 = CARTESIAN_POINT('',(-138.2620049269,-12.06731199237,-178.8));
#99 = CARTESIAN_POINT('',(-138.3103469392,-11.88140917135,-178.8));
#100 = CARTESIAN_POINT('',(-138.3252209204,-11.7860283012,-178.8));
#101 = CARTESIAN_POINT('',(-138.3303973584,-11.68975691817,-178.8));
#102 = CARTESIAN_POINT('',(-138.3259643168,-11.59417812118,-178.8));
#103 = CARTESIAN_POINT('',(-138.3067748847,-11.46135755497,-178.8));
#104 = CARTESIAN_POINT('',(-138.2994676786,-11.42233135046,-178.8));
#105 = CARTESIAN_POINT('',(-138.2905881047,-11.38379772936,-178.8));
#106 = CARTESIAN_POINT('',(-138.2801901229,-11.34585808923,-178.8));
#107 = CARTESIAN_POINT('',(-138.268340594,-11.30860620214,-178.8));
#108 = ORIENTED_EDGE('',*,*,#109,.T.);
#109 = EDGE_CURVE('',#87,#110,#112,.T.);
#110 = VERTEX_POINT('',#111);
#111 = CARTESIAN_POINT('',(-142.0537142857,-12.54709231013,-178.8));
#112 = CIRCLE('',#113,3.);
#113 = AXIS2_PLACEMENT_3D('',#114,#115,#116);
#114 = CARTESIAN_POINT('',(-140.,-14.73392966866,-178.8));
#115 = DIRECTION('',(0.,-3.310223024625E-16,-1.));
#116 = DIRECTION('',(1.,0.,0.));
#117 = ORIENTED_EDGE('',*,*,#118,.F.);
#118 = EDGE_CURVE('',#24,#110,#119,.T.);
#119 = B_SPLINE_CURVE_WITH_KNOTS('',5,(#120,#121,#122,#123,#124,#125,
    #126,#127,#128,#129,#130,#131,#132,#133,#134,#135,#136,#137),
  .UNSPECIFIED.,.F.,.F.,(6,4,4,4,6),(0.,0.148357163459,0.5,
    0.851642836541,1.),.UNSPECIFIED.);
#120 = CARTESIAN_POINT('',(-141.7316594059,-11.30860620214,-178.8));
#121 = CARTESIAN_POINT('',(-141.719809877,-11.34585808923,-178.8));
#122 = CARTESIAN_POINT('',(-141.7094118952,-11.38379772936,-178.8));
#123 = CARTESIAN_POINT('',(-141.7005323213,-11.42233135046,-178.8));
#124 = CARTESIAN_POINT('',(-141.6932251152,-11.46135755497,-178.8));
#125 = CARTESIAN_POINT('',(-141.6740356831,-11.59417812118,-178.8));
#126 = CARTESIAN_POINT('',(-141.6696026415,-11.68975691817,-178.8));
#127 = CARTESIAN_POINT('',(-141.6747790795,-11.7860283012,-178.8));
#128 = CARTESIAN_POINT('',(-141.6896530607,-11.88140917135,-178.8));
#129 = CARTESIAN_POINT('',(-141.737995073,-12.06731199237,-178.8));
#130 = CARTESIAN_POINT('',(-141.771468886,-12.157856178,-178.8));
#131 = CARTESIAN_POINT('',(-141.8138456093,-12.2444540303,-178.8));
#132 = CARTESIAN_POINT('',(-141.8642771472,-12.32576588843,-178.8));
#133 = CARTESIAN_POINT('',(-141.9457376871,-12.43241352106,-178.8));
#134 = CARTESIAN_POINT('',(-141.9711303956,-12.46293646746,-178.8));
#135 = CARTESIAN_POINT('',(-141.9976563362,-12.49226326851,-178.8));
#136 = CARTESIAN_POINT('',(-142.02521899,-12.52033165709,-178.8));
#137 = CARTESIAN_POINT('',(-142.0537142857,-12.54709231013,-178.8));
#138 = FACE_BOUND('',#139,.T.);
#139 = EDGE_LOOP('',(#140,#191,#201,#216,#225,#233,#241,#249,#257,#265,
    #273,#281,#289,#297,#305,#313,#321,#329,#338,#346,#355,#363,#371,
    #379,#387,#395,#403,#411,#419,#427,#435,#443,#451,#459,#468,#483,
    #493,#542,#577,#585,#617,#660,#670,#692,#700,#722,#732,#775,#807,
    #815));
#140 = ORIENTED_EDGE('',*,*,#141,.F.);
#141 = EDGE_CURVE('',#142,#144,#146,.T.);
#142 = VERTEX_POINT('',#143);
#143 = CARTESIAN_POINT('',(-79.05584105173,-57.15202610056,-178.8));
#144 = VERTEX_POINT('',#145);
#145 = CARTESIAN_POINT('',(-88.31534238459,-83.96423542356,
    -178.8000000052));
#146 = B_SPLINE_CURVE_WITH_KNOTS('',7,(#147,#148,#149,#150,#151,#152,
    #153,#154,#155,#156,#157,#158,#159,#160,#161,#162,#163,#164,#165,
    #166,#167,#168,#169,#170,#171,#172,#173,#174,#175,#176,#177,#178,
    #179,#180,#181,#182,#183,#184,#185,#186,#187,#188,#189,#190),
  .UNSPECIFIED.,.F.,.F.,(8,6,6,6,6,6,6,8),(0.,0.340098668585,
    0.574186051587,0.735260109486,0.84528924075,0.920190522721,
    0.971845938802,1.),.UNSPECIFIED.);
#147 = CARTESIAN_POINT('',(-78.32342291847,-55.01522823157,-178.8));
#148 = CARTESIAN_POINT('',(-78.83479773781,-56.50723006011,-178.8));
#149 = CARTESIAN_POINT('',(-79.34621366314,-57.99921767334,-178.8));
#150 = CARTESIAN_POINT('',(-79.85767852019,-59.49118839785,-178.8));
#151 = CARTESIAN_POINT('',(-80.36920371243,-60.98313828282,-178.8));
#152 = CARTESIAN_POINT('',(-80.88080348462,-62.47506235541,-178.8));
#153 = CARTESIAN_POINT('',(-81.39249945187,-63.96695305506,-178.8));
#154 = CARTESIAN_POINT('',(-82.2566198234,-66.48562182837,-178.8));
#155 = CARTESIAN_POINT('',(-82.60897329416,-67.51242445482,-178.8));
#156 = CARTESIAN_POINT('',(-82.96140314776,-68.53920051659,-178.8));
#157 = CARTESIAN_POINT('',(-83.31392742664,-69.56594369638,-178.8));
#158 = CARTESIAN_POINT('',(-83.66656865789,-70.59264599534,-178.8));
#159 = CARTESIAN_POINT('',(-84.0193611432,-71.61929519209,-178.8));
#160 = CARTESIAN_POINT('',(-84.61526769923,-73.3522485544,-178.8));
#161 = CARTESIAN_POINT('',(-84.85826966996,-74.05859190315,-178.8));
#162 = CARTESIAN_POINT('',(-85.1013923734,-74.76489268062,-178.8));
#163 = CARTESIAN_POINT('',(-85.34466463787,-75.47114060055,-178.8));
#164 = CARTESIAN_POINT('',(-85.5881224301,-76.17732249958,-178.8));
#165 = CARTESIAN_POINT('',(-85.83182063216,-76.88341817013,-178.8));
#166 = CARTESIAN_POINT('',(-86.24256005587,-78.07163913026,-178.8));
#167 = CARTESIAN_POINT('',(-86.40942012168,-78.55382889775,-178.8));
#168 = CARTESIAN_POINT('',(-86.57646988967,-79.03595009614,-178.8));
#169 = CARTESIAN_POINT('',(-86.74375450397,-79.51798605857,-178.8));
#170 = CARTESIAN_POINT('',(-86.91133024977,-79.9999150523,-178.8));
#171 = CARTESIAN_POINT('',(-87.07928272388,-80.48170366502,-178.8));
#172 = CARTESIAN_POINT('',(-87.3624594941,-81.29112950794,-178.8));
#173 = CARTESIAN_POINT('',(-87.47739863858,-81.61887159457,-178.8));
#174 = CARTESIAN_POINT('',(-87.59263172475,-81.9465026086,-178.8));
#175 = CARTESIAN_POINT('',(-87.7082275512,-82.27399552485,-178.8));
#176 = CARTESIAN_POINT('',(-87.8242716474,-82.6013140192,-178.8));
#177 = CARTESIAN_POINT('',(-87.94089302752,-82.92840217916,-178.8));
#178 = CARTESIAN_POINT('',(-88.13930571749,-83.48051139824,-178.8));
#179 = CARTESIAN_POINT('',(-88.22067150985,-83.70569772423,-178.8));
#180 = CARTESIAN_POINT('',(-88.30249803188,-83.93069535746,-178.8));
#181 = CARTESIAN_POINT('',(-88.3848840842,-84.15546100329,-178.8));
#182 = CARTESIAN_POINT('',(-88.46797006082,-84.37992441436,-178.8));
#183 = CARTESIAN_POINT('',(-88.5519443372,-84.60398587092,-178.8));
#184 = CARTESIAN_POINT('',(-88.68360356184,-84.9492714429,-178.8));
#185 = CARTESIAN_POINT('',(-88.73041481515,-85.07089820157,-178.8));
#186 = CARTESIAN_POINT('',(-88.77765030452,-85.19232156725,-178.8));
#187 = CARTESIAN_POINT('',(-88.82538162728,-85.31350125153,-178.8));
#188 = CARTESIAN_POINT('',(-88.87369625115,-85.43438084807,-178.8));
#189 = CARTESIAN_POINT('',(-88.92271150112,-85.5548807179,-178.8));
#190 = CARTESIAN_POINT('',(-88.97260039384,-85.67488476923,-178.8));
#191 = ORIENTED_EDGE('',*,*,#192,.F.);
#192 = EDGE_CURVE('',#193,#142,#195,.T.);
#193 = VERTEX_POINT('',#194);
#194 = CARTESIAN_POINT('',(-78.33034951534,-55.03543837516,
    -178.7999999999));
#195 = B_SPLINE_CURVE_WITH_KNOTS('',4,(#196,#197,#198,#199,#200),
  .UNSPECIFIED.,.F.,.F.,(5,5),(0.,1.),.PIECEWISE_BEZIER_KNOTS.);
#196 = CARTESIAN_POINT('',(-78.32342291847,-55.01522823157,-178.8));
#197 = CARTESIAN_POINT('',(-78.62202234725,-55.88643048265,-178.8));
#198 = CARTESIAN_POINT('',(-78.92063778911,-56.75762720725,-178.8));
#199 = CARTESIAN_POINT('',(-79.21927179871,-57.62881752003,-178.8));
#200 = CARTESIAN_POINT('',(-79.51792846496,-58.5,-178.8));
#201 = ORIENTED_EDGE('',*,*,#202,.F.);
#202 = EDGE_CURVE('',#203,#193,#205,.T.);
#203 = VERTEX_POINT('',#204);
#204 = CARTESIAN_POINT('',(-78.14062873584,-54.68534029415,-178.8));
#205 = B_SPLINE_CURVE_WITH_KNOTS('',5,(#206,#207,#208,#209,#210,#211,
    #212,#213,#214,#215),.UNSPECIFIED.,.F.,.F.,(6,4,6),(0.,0.51199601779
    ,1.),.UNSPECIFIED.);
#206 = CARTESIAN_POINT('',(-78.14062873584,-54.68534029415,-178.8));
#207 = CARTESIAN_POINT('',(-78.16573589592,-54.71748994619,-178.8));
#208 = CARTESIAN_POINT('',(-78.18955761237,-54.75080491532,-178.8));
#209 = CARTESIAN_POINT('',(-78.21199073559,-54.78518828498,-178.8));
#210 = CARTESIAN_POINT('',(-78.23294720223,-54.82052553525,-178.8));
#211 = CARTESIAN_POINT('',(-78.27086213112,-54.89116074928,-178.8));
#212 = CARTESIAN_POINT('',(-78.28796205838,-54.92638337281,-178.8));
#213 = CARTESIAN_POINT('',(-78.30360037379,-54.96224794851,-178.8));
#214 = CARTESIAN_POINT('',(-78.31773633123,-54.9986383021,-178.8));
#215 = CARTESIAN_POINT('',(-78.33034734136,-55.0354324906,-178.8));
#216 = ORIENTED_EDGE('',*,*,#217,.F.);
#217 = EDGE_CURVE('',#218,#203,#220,.T.);
#218 = VERTEX_POINT('',#219);
#219 = CARTESIAN_POINT('',(-76.7,-50.5,-178.8));
#220 = CIRCLE('',#221,6.8);
#221 = AXIS2_PLACEMENT_3D('',#222,#223,#224);
#222 = CARTESIAN_POINT('',(-83.5,-50.5,-178.8));
#223 = DIRECTION('',(0.,-3.310223024625E-16,-1.));
#224 = DIRECTION('',(1.,0.,0.));
#225 = ORIENTED_EDGE('',*,*,#226,.F.);
#226 = EDGE_CURVE('',#227,#218,#229,.T.);
#227 = VERTEX_POINT('',#228);
#228 = CARTESIAN_POINT('',(-76.7,-22.76607033133,-178.8));
#229 = LINE('',#230,#231);
#230 = CARTESIAN_POINT('',(-76.7,-36.13656600715,-178.8));
#231 = VECTOR('',#232,1.);
#232 = DIRECTION('',(0.,-1.,3.410223024625E-16));
#233 = ORIENTED_EDGE('',*,*,#234,.F.);
#234 = EDGE_CURVE('',#235,#227,#237,.T.);
#235 = VERTEX_POINT('',#236);
#236 = CARTESIAN_POINT('',(-101.5,-22.76607033133,-178.8));
#237 = LINE('',#238,#239);
#238 = CARTESIAN_POINT('',(-107.7499999916,-22.76607033133,-178.8));
#239 = VECTOR('',#240,1.);
#240 = DIRECTION('',(1.,0.,0.));
#241 = ORIENTED_EDGE('',*,*,#242,.F.);
#242 = EDGE_CURVE('',#243,#235,#245,.T.);
#243 = VERTEX_POINT('',#244);
#244 = CARTESIAN_POINT('',(-101.5,-21.76607033133,-178.8));
#245 = LINE('',#246,#247);
#246 = CARTESIAN_POINT('',(-101.5,-27.42346551618,-178.8));
#247 = VECTOR('',#248,1.);
#248 = DIRECTION('',(0.,-1.,-7.323897769754E-14));
#249 = ORIENTED_EDGE('',*,*,#250,.F.);
#250 = EDGE_CURVE('',#251,#243,#253,.T.);
#251 = VERTEX_POINT('',#252);
#252 = CARTESIAN_POINT('',(-76.7,-21.76607033133,-178.8));
#253 = LINE('',#254,#255);
#254 = CARTESIAN_POINT('',(-120.7499999916,-21.76607033133,-178.8));
#255 = VECTOR('',#256,1.);
#256 = DIRECTION('',(-1.,0.,0.));
#257 = ORIENTED_EDGE('',*,*,#258,.F.);
#258 = EDGE_CURVE('',#259,#251,#261,.T.);
#259 = VERTEX_POINT('',#260);
#260 = CARTESIAN_POINT('',(-76.7,-13.,-178.8));
#261 = LINE('',#262,#263);
#262 = CARTESIAN_POINT('',(-76.7,-36.13656600715,-178.8));
#263 = VECTOR('',#264,1.);
#264 = DIRECTION('',(0.,-1.,3.410223024625E-16));
#265 = ORIENTED_EDGE('',*,*,#266,.F.);
#266 = EDGE_CURVE('',#267,#259,#269,.T.);
#267 = VERTEX_POINT('',#268);
#268 = CARTESIAN_POINT('',(-101.5,-13.,-178.8));
#269 = LINE('',#270,#271);
#270 = CARTESIAN_POINT('',(-107.7499999916,-13.,-178.8));
#271 = VECTOR('',#272,1.);
#272 = DIRECTION('',(1.,0.,0.));
#273 = ORIENTED_EDGE('',*,*,#274,.F.);
#274 = EDGE_CURVE('',#275,#267,#277,.T.);
#275 = VERTEX_POINT('',#276);
#276 = CARTESIAN_POINT('',(-101.5,-12.,-178.8));
#277 = LINE('',#278,#279);
#278 = CARTESIAN_POINT('',(-101.5,-22.54043035051,-178.8));
#279 = VECTOR('',#280,1.);
#280 = DIRECTION('',(0.,-1.,-7.323897769754E-14));
#281 = ORIENTED_EDGE('',*,*,#282,.F.);
#282 = EDGE_CURVE('',#283,#275,#285,.T.);
#283 = VERTEX_POINT('',#284);
#284 = CARTESIAN_POINT('',(-76.7,-12.,-178.8));
#285 = LINE('',#286,#287);
#286 = CARTESIAN_POINT('',(-120.7499999916,-12.,-178.8));
#287 = VECTOR('',#288,1.);
#288 = DIRECTION('',(-1.,0.,0.));
#289 = ORIENTED_EDGE('',*,*,#290,.F.);
#290 = EDGE_CURVE('',#291,#283,#293,.T.);
#291 = VERTEX_POINT('',#292);
#292 = CARTESIAN_POINT('',(-76.7,-3.233929668666,-178.8));
#293 = LINE('',#294,#295);
#294 = CARTESIAN_POINT('',(-76.7,-36.13656600715,-178.8));
#295 = VECTOR('',#296,1.);
#296 = DIRECTION('',(0.,-1.,3.410223024625E-16));
#297 = ORIENTED_EDGE('',*,*,#298,.F.);
#298 = EDGE_CURVE('',#299,#291,#301,.T.);
#299 = VERTEX_POINT('',#300);
#300 = CARTESIAN_POINT('',(-101.5,-3.233929668666,-178.8));
#301 = LINE('',#302,#303);
#302 = CARTESIAN_POINT('',(-107.7499999916,-3.233929668666,-178.8));
#303 = VECTOR('',#304,1.);
#304 = DIRECTION('',(1.,0.,0.));
#305 = ORIENTED_EDGE('',*,*,#306,.F.);
#306 = EDGE_CURVE('',#307,#299,#309,.T.);
#307 = VERTEX_POINT('',#308);
#308 = CARTESIAN_POINT('',(-101.5,-2.233929668666,-178.8));
#309 = LINE('',#310,#311);
#310 = CARTESIAN_POINT('',(-101.5,-17.65739518484,-178.8));
#311 = VECTOR('',#312,1.);
#312 = DIRECTION('',(0.,-1.,-7.323897769754E-14));
#313 = ORIENTED_EDGE('',*,*,#314,.F.);
#314 = EDGE_CURVE('',#315,#307,#317,.T.);
#315 = VERTEX_POINT('',#316);
#316 = CARTESIAN_POINT('',(-76.7,-2.233929668666,-178.8));
#317 = LINE('',#318,#319);
#318 = CARTESIAN_POINT('',(-120.7499999916,-2.233929668666,-178.8));
#319 = VECTOR('',#320,1.);
#320 = DIRECTION('',(-1.,0.,0.));
#321 = ORIENTED_EDGE('',*,*,#322,.F.);
#322 = EDGE_CURVE('',#323,#315,#325,.T.);
#323 = VERTEX_POINT('',#324);
#324 = CARTESIAN_POINT('',(-76.7,7.,-178.8));
#325 = LINE('',#326,#327);
#326 = CARTESIAN_POINT('',(-76.7,-36.13656600715,-178.8));
#327 = VECTOR('',#328,1.);
#328 = DIRECTION('',(0.,-1.,3.410223024625E-16));
#329 = ORIENTED_EDGE('',*,*,#330,.F.);
#330 = EDGE_CURVE('',#331,#323,#333,.T.);
#331 = VERTEX_POINT('',#332);
#332 = CARTESIAN_POINT('',(-83.5,13.8,-178.8));
#333 = CIRCLE('',#334,6.8);
#334 = AXIS2_PLACEMENT_3D('',#335,#336,#337);
#335 = CARTESIAN_POINT('',(-83.5,7.,-178.8));
#336 = DIRECTION('',(0.,-3.310223024625E-16,-1.));
#337 = DIRECTION('',(1.,0.,0.));
#338 = ORIENTED_EDGE('',*,*,#339,.T.);
#339 = EDGE_CURVE('',#331,#340,#342,.T.);
#340 = VERTEX_POINT('',#341);
#341 = CARTESIAN_POINT('',(-196.5,13.8,-178.8));
#342 = LINE('',#343,#344);
#343 = CARTESIAN_POINT('',(-140.,13.8,-178.8));
#344 = VECTOR('',#345,1.);
#345 = DIRECTION('',(-1.,0.,0.));
#346 = ORIENTED_EDGE('',*,*,#347,.F.);
#347 = EDGE_CURVE('',#348,#340,#350,.T.);
#348 = VERTEX_POINT('',#349);
#349 = CARTESIAN_POINT('',(-203.3,7.,-178.8));
#350 = CIRCLE('',#351,6.8);
#351 = AXIS2_PLACEMENT_3D('',#352,#353,#354);
#352 = CARTESIAN_POINT('',(-196.5,7.,-178.8));
#353 = DIRECTION('',(-0.,-3.310223024625E-16,-1.));
#354 = DIRECTION('',(-1.,0.,0.));
#355 = ORIENTED_EDGE('',*,*,#356,.T.);
#356 = EDGE_CURVE('',#348,#357,#359,.T.);
#357 = VERTEX_POINT('',#358);
#358 = CARTESIAN_POINT('',(-203.3,-2.233929668666,-178.8));
#359 = LINE('',#360,#361);
#360 = CARTESIAN_POINT('',(-203.3,-36.13656600715,-178.8));
#361 = VECTOR('',#362,1.);
#362 = DIRECTION('',(0.,-1.,3.410223024625E-16));
#363 = ORIENTED_EDGE('',*,*,#364,.T.);
#364 = EDGE_CURVE('',#357,#365,#367,.T.);
#365 = VERTEX_POINT('',#366);
#366 = CARTESIAN_POINT('',(-178.5,-2.233929668666,-178.8));
#367 = LINE('',#368,#369);
#368 = CARTESIAN_POINT('',(-159.2499999916,-2.233929668666,-178.8));
#369 = VECTOR('',#370,1.);
#370 = DIRECTION('',(1.,0.,0.));
#371 = ORIENTED_EDGE('',*,*,#372,.T.);
#372 = EDGE_CURVE('',#365,#373,#375,.T.);
#373 = VERTEX_POINT('',#374);
#374 = CARTESIAN_POINT('',(-178.5,-3.233929668666,-178.8));
#375 = LINE('',#376,#377);
#376 = CARTESIAN_POINT('',(-178.5,-17.65739518484,-178.8));
#377 = VECTOR('',#378,1.);
#378 = DIRECTION('',(0.,-1.,-7.323897769754E-14));
#379 = ORIENTED_EDGE('',*,*,#380,.T.);
#380 = EDGE_CURVE('',#373,#381,#383,.T.);
#381 = VERTEX_POINT('',#382);
#382 = CARTESIAN_POINT('',(-203.3,-3.233929668666,-178.8));
#383 = LINE('',#384,#385);
#384 = CARTESIAN_POINT('',(-172.2499999916,-3.233929668666,-178.8));
#385 = VECTOR('',#386,1.);
#386 = DIRECTION('',(-1.,0.,0.));
#387 = ORIENTED_EDGE('',*,*,#388,.T.);
#388 = EDGE_CURVE('',#381,#389,#391,.T.);
#389 = VERTEX_POINT('',#390);
#390 = CARTESIAN_POINT('',(-203.3,-12.,-178.8));
#391 = LINE('',#392,#393);
#392 = CARTESIAN_POINT('',(-203.3,-36.13656600715,-178.8));
#393 = VECTOR('',#394,1.);
#394 = DIRECTION('',(0.,-1.,3.410223024625E-16));
#395 = ORIENTED_EDGE('',*,*,#396,.T.);
#396 = EDGE_CURVE('',#389,#397,#399,.T.);
#397 = VERTEX_POINT('',#398);
#398 = CARTESIAN_POINT('',(-178.5,-12.,-178.8));
#399 = LINE('',#400,#401);
#400 = CARTESIAN_POINT('',(-159.2499999916,-12.,-178.8));
#401 = VECTOR('',#402,1.);
#402 = DIRECTION('',(1.,0.,0.));
#403 = ORIENTED_EDGE('',*,*,#404,.T.);
#404 = EDGE_CURVE('',#397,#405,#407,.T.);
#405 = VERTEX_POINT('',#406);
#406 = CARTESIAN_POINT('',(-178.5,-13.,-178.8));
#407 = LINE('',#408,#409);
#408 = CARTESIAN_POINT('',(-178.5,-22.54043035051,-178.8));
#409 = VECTOR('',#410,1.);
#410 = DIRECTION('',(0.,-1.,-7.323897769754E-14));
#411 = ORIENTED_EDGE('',*,*,#412,.T.);
#412 = EDGE_CURVE('',#405,#413,#415,.T.);
#413 = VERTEX_POINT('',#414);
#414 = CARTESIAN_POINT('',(-203.3,-13.,-178.8));
#415 = LINE('',#416,#417);
#416 = CARTESIAN_POINT('',(-172.2499999916,-13.,-178.8));
#417 = VECTOR('',#418,1.);
#418 = DIRECTION('',(-1.,0.,0.));
#419 = ORIENTED_EDGE('',*,*,#420,.T.);
#420 = EDGE_CURVE('',#413,#421,#423,.T.);
#421 = VERTEX_POINT('',#422);
#422 = CARTESIAN_POINT('',(-203.3,-21.76607033133,-178.8));
#423 = LINE('',#424,#425);
#424 = CARTESIAN_POINT('',(-203.3,-36.13656600715,-178.8));
#425 = VECTOR('',#426,1.);
#426 = DIRECTION('',(0.,-1.,3.410223024625E-16));
#427 = ORIENTED_EDGE('',*,*,#428,.T.);
#428 = EDGE_CURVE('',#421,#429,#431,.T.);
#429 = VERTEX_POINT('',#430);
#430 = CARTESIAN_POINT('',(-178.5,-21.76607033133,-178.8));
#431 = LINE('',#432,#433);
#432 = CARTESIAN_POINT('',(-159.2499999916,-21.76607033133,-178.8));
#433 = VECTOR('',#434,1.);
#434 = DIRECTION('',(1.,0.,0.));
#435 = ORIENTED_EDGE('',*,*,#436,.T.);
#436 = EDGE_CURVE('',#429,#437,#439,.T.);
#437 = VERTEX_POINT('',#438);
#438 = CARTESIAN_POINT('',(-178.5,-22.76607033133,-178.8));
#439 = LINE('',#440,#441);
#440 = CARTESIAN_POINT('',(-178.5,-27.42346551618,-178.8));
#441 = VECTOR('',#442,1.);
#442 = DIRECTION('',(0.,-1.,-7.323897769754E-14));
#443 = ORIENTED_EDGE('',*,*,#444,.T.);
#444 = EDGE_CURVE('',#437,#445,#447,.T.);
#445 = VERTEX_POINT('',#446);
#446 = CARTESIAN_POINT('',(-203.3,-22.76607033133,-178.8));
#447 = LINE('',#448,#449);
#448 = CARTESIAN_POINT('',(-172.2499999916,-22.76607033133,-178.8));
#449 = VECTOR('',#450,1.);
#450 = DIRECTION('',(-1.,0.,0.));
#451 = ORIENTED_EDGE('',*,*,#452,.T.);
#452 = EDGE_CURVE('',#445,#453,#455,.T.);
#453 = VERTEX_POINT('',#454);
#454 = CARTESIAN_POINT('',(-203.3,-50.5,-178.8));
#455 = LINE('',#456,#457);
#456 = CARTESIAN_POINT('',(-203.3,-36.13656600715,-178.8));
#457 = VECTOR('',#458,1.);
#458 = DIRECTION('',(0.,-1.,3.410223024625E-16));
#459 = ORIENTED_EDGE('',*,*,#460,.F.);
#460 = EDGE_CURVE('',#461,#453,#463,.T.);
#461 = VERTEX_POINT('',#462);
#462 = CARTESIAN_POINT('',(-201.8593712641,-54.68534029415,-178.8));
#463 = CIRCLE('',#464,6.8);
#464 = AXIS2_PLACEMENT_3D('',#465,#466,#467);
#465 = CARTESIAN_POINT('',(-196.5,-50.5,-178.8));
#466 = DIRECTION('',(-0.,-3.310223024625E-16,-1.));
#467 = DIRECTION('',(-1.,0.,0.));
#468 = ORIENTED_EDGE('',*,*,#469,.T.);
#469 = EDGE_CURVE('',#461,#470,#472,.T.);
#470 = VERTEX_POINT('',#471);
#471 = CARTESIAN_POINT('',(-201.6696504846,-55.03543837516,
    -178.7999999999));
#472 = B_SPLINE_CURVE_WITH_KNOTS('',5,(#473,#474,#475,#476,#477,#478,
    #479,#480,#481,#482),.UNSPECIFIED.,.F.,.F.,(6,4,6),(0.,0.51199601779
    ,1.),.UNSPECIFIED.);
#473 = CARTESIAN_POINT('',(-201.8593712641,-54.68534029415,-178.8));
#474 = CARTESIAN_POINT('',(-201.834264104,-54.71748994619,-178.8));
#475 = CARTESIAN_POINT('',(-201.8104423876,-54.75080491532,-178.8));
#476 = CARTESIAN_POINT('',(-201.7880092644,-54.78518828498,-178.8));
#477 = CARTESIAN_POINT('',(-201.7670527977,-54.82052553525,-178.8));
#478 = CARTESIAN_POINT('',(-201.7291378688,-54.89116074928,-178.8));
#479 = CARTESIAN_POINT('',(-201.7120379416,-54.92638337281,-178.8));
#480 = CARTESIAN_POINT('',(-201.6963996262,-54.96224794851,-178.8));
#481 = CARTESIAN_POINT('',(-201.6822636687,-54.9986383021,-178.8));
#482 = CARTESIAN_POINT('',(-201.6696526586,-55.0354324906,-178.8));
#483 = ORIENTED_EDGE('',*,*,#484,.T.);
#484 = EDGE_CURVE('',#470,#485,#487,.T.);
#485 = VERTEX_POINT('',#486);
#486 = CARTESIAN_POINT('',(-200.9441589482,-57.15202610056,-178.8));
#487 = B_SPLINE_CURVE_WITH_KNOTS('',4,(#488,#489,#490,#491,#492),
  .UNSPECIFIED.,.F.,.F.,(5,5),(0.,1.),.PIECEWISE_BEZIER_KNOTS.);
#488 = CARTESIAN_POINT('',(-201.6765770815,-55.01522823157,-178.8));
#489 = CARTESIAN_POINT('',(-201.3779776527,-55.88643048265,-178.8));
#490 = CARTESIAN_POINT('',(-201.0793622108,-56.75762720725,-178.8));
#491 = CARTESIAN_POINT('',(-200.7807282012,-57.62881752003,-178.8));
#492 = CARTESIAN_POINT('',(-200.482071535,-58.5,-178.8));
#493 = ORIENTED_EDGE('',*,*,#494,.T.);
#494 = EDGE_CURVE('',#485,#495,#497,.T.);
#495 = VERTEX_POINT('',#496);
#496 = CARTESIAN_POINT('',(-191.6846576154,-83.96423542356,
    -178.8000000052));
#497 = B_SPLINE_CURVE_WITH_KNOTS('',7,(#498,#499,#500,#501,#502,#503,
    #504,#505,#506,#507,#508,#509,#510,#511,#512,#513,#514,#515,#516,
    #517,#518,#519,#520,#521,#522,#523,#524,#525,#526,#527,#528,#529,
    #530,#531,#532,#533,#534,#535,#536,#537,#538,#539,#540,#541),
  .UNSPECIFIED.,.F.,.F.,(8,6,6,6,6,6,6,8),(0.,0.340098668585,
    0.574186051587,0.735260109486,0.84528924075,0.920190522721,
    0.971845938802,1.),.UNSPECIFIED.);
#498 = CARTESIAN_POINT('',(-201.6765770815,-55.01522823157,-178.8));
#499 = CARTESIAN_POINT('',(-201.1652022621,-56.50723006011,-178.8));
#500 = CARTESIAN_POINT('',(-200.6537863368,-57.99921767334,-178.8));
#501 = CARTESIAN_POINT('',(-200.1423214798,-59.49118839785,-178.8));
#502 = CARTESIAN_POINT('',(-199.6307962875,-60.98313828282,-178.8));
#503 = CARTESIAN_POINT('',(-199.1191965153,-62.47506235541,-178.8));
#504 = CARTESIAN_POINT('',(-198.6075005481,-63.96695305506,-178.8));
#505 = CARTESIAN_POINT('',(-197.7433801765,-66.48562182837,-178.8));
#506 = CARTESIAN_POINT('',(-197.3910267058,-67.51242445482,-178.8));
#507 = CARTESIAN_POINT('',(-197.0385968522,-68.53920051659,-178.8));
#508 = CARTESIAN_POINT('',(-196.6860725733,-69.56594369638,-178.8));
#509 = CARTESIAN_POINT('',(-196.3334313421,-70.59264599534,-178.8));
#510 = CARTESIAN_POINT('',(-195.9806388567,-71.61929519209,-178.8));
#511 = CARTESIAN_POINT('',(-195.3847323007,-73.3522485544,-178.8));
#512 = CARTESIAN_POINT('',(-195.14173033,-74.05859190315,-178.8));
#513 = CARTESIAN_POINT('',(-194.8986076266,-74.76489268062,-178.8));
#514 = CARTESIAN_POINT('',(-194.6553353621,-75.47114060055,-178.8));
#515 = CARTESIAN_POINT('',(-194.4118775698,-76.17732249958,-178.8));
#516 = CARTESIAN_POINT('',(-194.1681793678,-76.88341817013,-178.8));
#517 = CARTESIAN_POINT('',(-193.7574399441,-78.07163913026,-178.8));
#518 = CARTESIAN_POINT('',(-193.5905798783,-78.55382889775,-178.8));
#519 = CARTESIAN_POINT('',(-193.4235301103,-79.03595009614,-178.8));
#520 = CARTESIAN_POINT('',(-193.256245496,-79.51798605857,-178.8));
#521 = CARTESIAN_POINT('',(-193.0886697502,-79.9999150523,-178.8));
#522 = CARTESIAN_POINT('',(-192.9207172761,-80.48170366502,-178.8));
#523 = CARTESIAN_POINT('',(-192.6375405058,-81.29112950794,-178.8));
#524 = CARTESIAN_POINT('',(-192.5226013614,-81.61887159457,-178.8));
#525 = CARTESIAN_POINT('',(-192.4073682752,-81.9465026086,-178.8));
#526 = CARTESIAN_POINT('',(-192.2917724487,-82.27399552485,-178.8));
#527 = CARTESIAN_POINT('',(-192.1757283525,-82.6013140192,-178.8));
#528 = CARTESIAN_POINT('',(-192.0591069724,-82.92840217916,-178.8));
#529 = CARTESIAN_POINT('',(-191.8606942825,-83.48051139824,-178.8));
#530 = CARTESIAN_POINT('',(-191.7793284901,-83.70569772423,-178.8));
#531 = CARTESIAN_POINT('',(-191.6975019681,-83.93069535746,-178.8));
#532 = CARTESIAN_POINT('',(-191.6151159157,-84.15546100329,-178.8));
#533 = CARTESIAN_POINT('',(-191.5320299391,-84.37992441436,-178.8));
#534 = CARTESIAN_POINT('',(-191.4480556627,-84.60398587092,-178.8));
#535 = CARTESIAN_POINT('',(-191.3163964381,-84.9492714429,-178.8));
#536 = CARTESIAN_POINT('',(-191.2695851848,-85.07089820157,-178.8));
#537 = CARTESIAN_POINT('',(-191.2223496954,-85.19232156725,-178.8));
#538 = CARTESIAN_POINT('',(-191.1746183727,-85.31350125153,-178.8));
#539 = CARTESIAN_POINT('',(-191.1263037488,-85.43438084807,-178.8));
#540 = CARTESIAN_POINT('',(-191.0772884988,-85.5548807179,-178.8));
#541 = CARTESIAN_POINT('',(-191.0273996061,-85.67488476923,-178.8));
#542 = ORIENTED_EDGE('',*,*,#543,.F.);
#543 = EDGE_CURVE('',#544,#495,#546,.T.);
#544 = VERTEX_POINT('',#545);
#545 = CARTESIAN_POINT('',(-189.2941665674,-85.8,-178.8));
#546 = B_SPLINE_CURVE_WITH_KNOTS('',8,(#547,#548,#549,#550,#551,#552,
    #553,#554,#555,#556,#557,#558,#559,#560,#561,#562,#563,#564,#565,
    #566,#567,#568,#569,#570,#571,#572,#573,#574,#575,#576),
  .UNSPECIFIED.,.F.,.F.,(9,7,7,7,9),(0.,0.156306703085,0.369774134267,
    0.581220389452,1.),.UNSPECIFIED.);
#547 = CARTESIAN_POINT('',(-189.2941665674,-85.79999999999,-178.8));
#548 = CARTESIAN_POINT('',(-189.3239546785,-85.8,-178.8));
#549 = CARTESIAN_POINT('',(-189.3563895685,-85.79914547309,-178.8));
#550 = CARTESIAN_POINT('',(-189.3917635509,-85.7972615484,-178.8));
#551 = CARTESIAN_POINT('',(-189.430267389,-85.79414113619,-178.8));
#552 = CARTESIAN_POINT('',(-189.4719074105,-85.78957600806,-178.8));
#553 = CARTESIAN_POINT('',(-189.5165225647,-85.7833878304,-178.8));
#554 = CARTESIAN_POINT('',(-189.5638465369,-85.77544527277,-178.8));
#555 = CARTESIAN_POINT('',(-189.6814535505,-85.75228047185,-178.8));
#556 = CARTESIAN_POINT('',(-189.7538084077,-85.7354576047,-178.8));
#557 = CARTESIAN_POINT('',(-189.8298220161,-85.71494145585,-178.8));
#558 = CARTESIAN_POINT('',(-189.9085335613,-85.69061790572,-178.8));
#559 = CARTESIAN_POINT('',(-189.9890816969,-85.66246853174,-178.8));
#560 = CARTESIAN_POINT('',(-190.0707295529,-85.6305152218,-178.8));
#561 = CARTESIAN_POINT('',(-190.1528403334,-85.59482072039,-178.8));
#562 = CARTESIAN_POINT('',(-190.3161225352,-85.51649902365,-178.8));
#563 = CARTESIAN_POINT('',(-190.3973000515,-85.4739384193,-178.8));
#564 = CARTESIAN_POINT('',(-190.4778807366,-85.42787407787,-178.8));
#565 = CARTESIAN_POINT('',(-190.55742385,-85.37841475114,-178.8));
#566 = CARTESIAN_POINT('',(-190.6355526311,-85.32569260123,-178.8));
#567 = CARTESIAN_POINT('',(-190.7119420827,-85.26986015153,-178.8));
#568 = CARTESIAN_POINT('',(-190.786311404,-85.21108723571,-178.8));
#569 = CARTESIAN_POINT('',(-191.0012377875,-85.02769618672,-178.8));
#570 = CARTESIAN_POINT('',(-191.1351803319,-84.89503066919,-178.8));
#571 = CARTESIAN_POINT('',(-191.2583800235,-84.75300161549,-178.8));
#572 = CARTESIAN_POINT('',(-191.3695492245,-84.60329808525,-178.8));
#573 = CARTESIAN_POINT('',(-191.4678997322,-84.44776341385,-178.8));
#574 = CARTESIAN_POINT('',(-191.5531009089,-84.28826163746,-178.8));
#575 = CARTESIAN_POINT('',(-191.6252289853,-84.12655411499,-178.8));
#576 = CARTESIAN_POINT('',(-191.6846589703,-83.96423555778,-178.8));
#577 = ORIENTED_EDGE('',*,*,#578,.T.);
#578 = EDGE_CURVE('',#544,#579,#581,.T.);
#579 = VERTEX_POINT('',#580);
#580 = CARTESIAN_POINT('',(-186.1209965904,-85.8,-178.8));
#581 = LINE('',#582,#583);
#582 = CARTESIAN_POINT('',(-186.0625,-85.8,-178.8));
#583 = VECTOR('',#584,1.);
#584 = DIRECTION('',(1.,0.,0.));
#585 = ORIENTED_EDGE('',*,*,#586,.T.);
#586 = EDGE_CURVE('',#579,#587,#589,.T.);
#587 = VERTEX_POINT('',#588);
#588 = CARTESIAN_POINT('',(-183.9015634296,-84.74449043919,
    -178.7999999899));
#589 = B_SPLINE_CURVE_WITH_KNOTS('',6,(#590,#591,#592,#593,#594,#595,
    #596,#597,#598,#599,#600,#601,#602,#603,#604,#605,#606,#607,#608,
    #609,#610,#611,#612,#613,#614,#615,#616),.UNSPECIFIED.,.F.,.F.,(7,5,
    5,5,5,7),(0.,1.919984656669E-02,0.26562732085,0.510743268067,
    0.755167552787,1.),.UNSPECIFIED.);
#590 = CARTESIAN_POINT('',(-186.1209965904,-85.8,-178.8));
#591 = CARTESIAN_POINT('',(-186.1139306884,-85.8,-178.8));
#592 = CARTESIAN_POINT('',(-186.1068432267,-85.79997829766,-178.8));
#593 = CARTESIAN_POINT('',(-186.0997344812,-85.79993467748,-178.8));
#594 = CARTESIAN_POINT('',(-186.0926047365,-85.79986892773,-178.8));
#595 = CARTESIAN_POINT('',(-186.0854542856,-85.79978084042,-178.8));
#596 = CARTESIAN_POINT('',(-185.9862464506,-85.7982503014,-178.8));
#597 = CARTESIAN_POINT('',(-185.8908470991,-85.79311725323,-178.8));
#598 = CARTESIAN_POINT('',(-185.7927266174,-85.78383760681,-178.8));
#599 = CARTESIAN_POINT('',(-185.6927196058,-85.77009474553,-178.8));
#600 = CARTESIAN_POINT('',(-185.591584073,-85.75171596423,-178.8));
#601 = CARTESIAN_POINT('',(-185.3889973373,-85.70566095294,-178.8));
#602 = CARTESIAN_POINT('',(-185.2875488001,-85.6780345935,-178.8));
#603 = CARTESIAN_POINT('',(-185.1863577704,-85.64567502678,-178.8));
#604 = CARTESIAN_POINT('',(-185.0860387207,-85.60861019404,-178.8));
#605 = CARTESIAN_POINT('',(-184.9871331651,-85.5669475842,-178.8));
#606 = CARTESIAN_POINT('',(-184.7933747067,-85.4749008266,-178.8));
#607 = CARTESIAN_POINT('',(-184.69851187,-85.42454199904,-178.8));
#608 = CARTESIAN_POINT('',(-184.6060005548,-85.36995341852,-178.8));
#609 = CARTESIAN_POINT('',(-184.5162495988,-85.31137120258,-178.8));
#610 = CARTESIAN_POINT('',(-184.4296038828,-85.24908098035,-178.8));
#611 = CARTESIAN_POINT('',(-184.2629441728,-85.11761335882,-178.8));
#612 = CARTESIAN_POINT('',(-184.1829415188,-85.04842467566,-178.8));
#613 = CARTESIAN_POINT('',(-184.106617763,-84.97615693389,-178.8));
#614 = CARTESIAN_POINT('',(-184.0341889174,-84.90116457282,-178.8));
#615 = CARTESIAN_POINT('',(-183.9658071582,-84.82381873914,-178.8));
#616 = CARTESIAN_POINT('',(-183.9015631578,-84.7444905304,-178.8));
#617 = ORIENTED_EDGE('',*,*,#618,.F.);
#618 = EDGE_CURVE('',#619,#587,#621,.T.);
#619 = VERTEX_POINT('',#620);
#620 = CARTESIAN_POINT('',(-163.6592843887,-58.5,-178.8));
#621 = B_SPLINE_CURVE_WITH_KNOTS('',7,(#622,#623,#624,#625,#626,#627,
    #628,#629,#630,#631,#632,#633,#634,#635,#636,#637,#638,#639,#640,
    #641,#642,#643,#644,#645,#646,#647,#648,#649,#650,#651,#652,#653,
    #654,#655,#656,#657,#658,#659),.UNSPECIFIED.,.F.,.F.,(8,6,6,6,6,6,8)
  ,(0.,0.345161943634,0.582677196893,0.745560639141,0.858325393687,
    0.935432297998,1.),.UNSPECIFIED.);
#622 = CARTESIAN_POINT('',(-163.1835751626,-57.88016257732,-178.8));
#623 = CARTESIAN_POINT('',(-164.2263556295,-59.23889342992,-178.8));
#624 = CARTESIAN_POINT('',(-165.2691688047,-60.59759901861,-178.8));
#625 = CARTESIAN_POINT('',(-166.3120209695,-61.95627453513,-178.8));
#626 = CARTESIAN_POINT('',(-167.3549212932,-63.31491288839,-178.8));
#627 = CARTESIAN_POINT('',(-168.3978812093,-64.67350518707,-178.8));
#628 = CARTESIAN_POINT('',(-169.4409181192,-66.03203788049,-178.8));
#629 = CARTESIAN_POINT('',(-171.2018798747,-68.32527177212,-178.8));
#630 = CARTESIAN_POINT('',(-171.9197476967,-69.26001704008,-178.8));
#631 = CARTESIAN_POINT('',(-172.6376769036,-70.19471470452,-178.8));
#632 = CARTESIAN_POINT('',(-173.3556821413,-71.129353354,-178.8));
#633 = CARTESIAN_POINT('',(-174.0737816454,-72.06391863468,-178.8));
#634 = CARTESIAN_POINT('',(-174.7920032667,-72.9983885717,-178.8));
#635 = CARTESIAN_POINT('',(-176.0030587135,-74.57347245009,-178.8));
#636 = CARTESIAN_POINT('',(-176.4958010589,-75.21415759201,-178.8));
#637 = CARTESIAN_POINT('',(-176.9886406509,-75.85476657637,-178.8));
#638 = CARTESIAN_POINT('',(-177.4816008318,-76.49528097113,-178.8));
#639 = CARTESIAN_POINT('',(-177.9747106205,-77.13567743737,-178.8));
#640 = CARTESIAN_POINT('',(-178.4680143329,-77.77592018395,-178.8));
#641 = CARTESIAN_POINT('',(-179.3032982236,-78.85903565565,-178.8));
#642 = CARTESIAN_POINT('',(-179.645135243,-79.30202112587,-178.8));
#643 = CARTESIAN_POINT('',(-179.9871300184,-79.74488088294,-178.8));
#644 = CARTESIAN_POINT('',(-180.3293208173,-80.18758398574,-178.8));
#645 = CARTESIAN_POINT('',(-180.6717549667,-80.63009085708,-178.8));
#646 = CARTESIAN_POINT('',(-181.0145048232,-81.07234051506,-178.8));
#647 = CARTESIAN_POINT('',(-181.5923759264,-81.81637559934,-178.8));
#648 = CARTESIAN_POINT('',(-181.8272575579,-82.11835413158,-178.8));
#649 = CARTESIAN_POINT('',(-182.062390114,-82.42012621934,-178.8));
#650 = CARTESIAN_POINT('',(-182.2978335014,-82.72164121213,-178.8));
#651 = CARTESIAN_POINT('',(-182.5336613027,-83.02283297061,-178.8));
#652 = CARTESIAN_POINT('',(-182.7699849014,-83.32359983898,-178.8));
#653 = CARTESIAN_POINT('',(-183.2054809196,-83.87511087221,-178.8));
#654 = CARTESIAN_POINT('',(-183.4044274418,-84.1260134716,-178.8));
#655 = CARTESIAN_POINT('',(-183.6039863532,-84.37638627022,-178.8));
#656 = CARTESIAN_POINT('',(-183.8043178563,-84.6260881962,-178.8));
#657 = CARTESIAN_POINT('',(-184.0056674078,-84.87485947335,-178.8));
#658 = CARTESIAN_POINT('',(-184.2083491678,-85.12233488406,-178.8));
#659 = CARTESIAN_POINT('',(-184.4131337961,-85.36769605938,-178.8));
#660 = ORIENTED_EDGE('',*,*,#661,.F.);
#661 = EDGE_CURVE('',#662,#619,#664,.T.);
#662 = VERTEX_POINT('',#663);
#663 = CARTESIAN_POINT('',(-163.0986155155,-57.76946345727,
    -178.8000000017));
#664 = B_SPLINE_CURVE_WITH_KNOTS('',4,(#665,#666,#667,#668,#669),
  .UNSPECIFIED.,.F.,.F.,(5,5),(0.,1.),.PIECEWISE_BEZIER_KNOTS.);
#665 = CARTESIAN_POINT('',(-160.7228773586,-54.6737563923,-178.8));
#666 = CARTESIAN_POINT('',(-161.4569561595,-55.63033498887,-178.8));
#667 = CARTESIAN_POINT('',(-162.1910484414,-56.58690319818,-178.8));
#668 = CARTESIAN_POINT('',(-162.9251565412,-57.54345921533,-178.8));
#669 = CARTESIAN_POINT('',(-163.6592843875,-58.5,-178.8));
#670 = ORIENTED_EDGE('',*,*,#671,.F.);
#671 = EDGE_CURVE('',#672,#662,#674,.T.);
#672 = VERTEX_POINT('',#673);
#673 = CARTESIAN_POINT('',(-162.146488904,-57.3,-178.8));
#674 = B_SPLINE_CURVE_WITH_KNOTS('',6,(#675,#676,#677,#678,#679,#680,
    #681,#682,#683,#684,#685,#686,#687,#688,#689,#690,#691),
  .UNSPECIFIED.,.F.,.F.,(7,5,5,7),(0.,0.148292691588,0.501024302898,1.),
  .UNSPECIFIED.);
#675 = CARTESIAN_POINT('',(-162.1464868687,-57.3,-178.8));
#676 = CARTESIAN_POINT('',(-162.1732271733,-57.3,-178.8));
#677 = CARTESIAN_POINT('',(-162.2000459127,-57.30071485379,-178.8));
#678 = CARTESIAN_POINT('',(-162.2269130447,-57.30215245532,-178.8));
#679 = CARTESIAN_POINT('',(-162.2537981144,-57.30431853715,-178.8));
#680 = CARTESIAN_POINT('',(-162.2806702545,-57.30721667041,-178.8));
#681 = CARTESIAN_POINT('',(-162.3713115727,-57.31948643941,-178.8));
#682 = CARTESIAN_POINT('',(-162.43487807,-57.33227487417,-178.8));
#683 = CARTESIAN_POINT('',(-162.4977725566,-57.34923150867,-178.8));
#684 = CARTESIAN_POINT('',(-162.5595740371,-57.37030409367,-178.8));
#685 = CARTESIAN_POINT('',(-162.6198751909,-57.39537103782,-178.8));
#686 = CARTESIAN_POINT('',(-162.760928489,-57.46508360526,-178.8));
#687 = CARTESIAN_POINT('',(-162.8398123487,-57.51354651588,-178.8));
#688 = CARTESIAN_POINT('',(-162.9138383981,-57.56908942292,-178.8));
#689 = CARTESIAN_POINT('',(-162.982087633,-57.63092526354,-178.8));
#690 = CARTESIAN_POINT('',(-163.0438374704,-57.6980894162,-178.8));
#691 = CARTESIAN_POINT('',(-163.0986145596,-57.76946346505,-178.8));
#692 = ORIENTED_EDGE('',*,*,#693,.T.);
#693 = EDGE_CURVE('',#672,#694,#696,.T.);
#694 = VERTEX_POINT('',#695);
#695 = CARTESIAN_POINT('',(-117.8535110959,-57.3,-178.8));
#696 = LINE('',#697,#698);
#697 = CARTESIAN_POINT('',(-140.,-57.3,-178.8));
#698 = VECTOR('',#699,1.);
#699 = DIRECTION('',(1.,0.,0.));
#700 = ORIENTED_EDGE('',*,*,#701,.F.);
#701 = EDGE_CURVE('',#702,#694,#704,.T.);
#702 = VERTEX_POINT('',#703);
#703 = CARTESIAN_POINT('',(-116.9013844844,-57.76946345727,
    -178.8000000017));
#704 = B_SPLINE_CURVE_WITH_KNOTS('',6,(#705,#706,#707,#708,#709,#710,
    #711,#712,#713,#714,#715,#716,#717,#718,#719,#720,#721),
  .UNSPECIFIED.,.F.,.F.,(7,5,5,7),(0.,0.498975666897,0.850711936414,1.),
  .UNSPECIFIED.);
#705 = CARTESIAN_POINT('',(-116.9013854403,-57.76946346505,-178.8));
#706 = CARTESIAN_POINT('',(-116.9561625273,-57.6980894191,-178.8));
#707 = CARTESIAN_POINT('',(-117.0179123644,-57.63092526569,-178.8));
#708 = CARTESIAN_POINT('',(-117.0861616,-57.56908942414,-178.8));
#709 = CARTESIAN_POINT('',(-117.1601876509,-57.5135465157,-178.8));
#710 = CARTESIAN_POINT('',(-117.2390715122,-57.4650836046,-178.8));
#711 = CARTESIAN_POINT('',(-117.3799599706,-57.39545250565,-178.8));
#712 = CARTESIAN_POINT('',(-117.4400856456,-57.37044559883,-178.8));
#713 = CARTESIAN_POINT('',(-117.5017042786,-57.3494100007,-178.8));
#714 = CARTESIAN_POINT('',(-117.5644120605,-57.3324664685,-178.8));
#715 = CARTESIAN_POINT('',(-117.6277916099,-57.31966720581,-178.8));
#716 = CARTESIAN_POINT('',(-117.7184278857,-57.30731426605,-178.8));
#717 = CARTESIAN_POINT('',(-117.7454800401,-57.30437689156,-178.8));
#718 = CARTESIAN_POINT('',(-117.7725459284,-57.30218150156,-178.8));
#719 = CARTESIAN_POINT('',(-117.7995940531,-57.30072448238,-178.8));
#720 = CARTESIAN_POINT('',(-117.8265933385,-57.3,-178.8));
#721 = CARTESIAN_POINT('',(-117.8535131312,-57.3,-178.8));
#722 = ORIENTED_EDGE('',*,*,#723,.T.);
#723 = EDGE_CURVE('',#702,#724,#726,.T.);
#724 = VERTEX_POINT('',#725);
#725 = CARTESIAN_POINT('',(-116.3407156112,-58.5,-178.8));
#726 = B_SPLINE_CURVE_WITH_KNOTS('',4,(#727,#728,#729,#730,#731),
  .UNSPECIFIED.,.F.,.F.,(5,5),(0.,1.),.PIECEWISE_BEZIER_KNOTS.);
#727 = CARTESIAN_POINT('',(-119.2771226413,-54.6737563923,-178.8));
#728 = CARTESIAN_POINT('',(-118.5430438404,-55.63033498887,-178.8));
#729 = CARTESIAN_POINT('',(-117.8089515585,-56.58690319818,-178.8));
#730 = CARTESIAN_POINT('',(-117.0748434587,-57.54345921533,-178.8));
#731 = CARTESIAN_POINT('',(-116.3407156124,-58.5,-178.8));
#732 = ORIENTED_EDGE('',*,*,#733,.T.);
#733 = EDGE_CURVE('',#724,#734,#736,.T.);
#734 = VERTEX_POINT('',#735);
#735 = CARTESIAN_POINT('',(-96.09843657036,-84.74449043919,
    -178.7999999899));
#736 = B_SPLINE_CURVE_WITH_KNOTS('',7,(#737,#738,#739,#740,#741,#742,
    #743,#744,#745,#746,#747,#748,#749,#750,#751,#752,#753,#754,#755,
    #756,#757,#758,#759,#760,#761,#762,#763,#764,#765,#766,#767,#768,
    #769,#770,#771,#772,#773,#774),.UNSPECIFIED.,.F.,.F.,(8,6,6,6,6,6,8)
  ,(0.,0.345161943634,0.582677196893,0.745560639141,0.858325393687,
    0.935432297998,1.),.UNSPECIFIED.);
#737 = CARTESIAN_POINT('',(-116.8164248373,-57.88016257732,-178.8));
#738 = CARTESIAN_POINT('',(-115.7736443704,-59.23889342992,-178.8));
#739 = CARTESIAN_POINT('',(-114.7308311952,-60.59759901861,-178.8));
#740 = CARTESIAN_POINT('',(-113.6879790304,-61.95627453513,-178.8));
#741 = CARTESIAN_POINT('',(-112.6450787068,-63.31491288839,-178.8));
#742 = CARTESIAN_POINT('',(-111.6021187907,-64.67350518707,-178.8));
#743 = CARTESIAN_POINT('',(-110.5590818807,-66.03203788049,-178.8));
#744 = CARTESIAN_POINT('',(-108.7981201252,-68.32527177212,-178.8));
#745 = CARTESIAN_POINT('',(-108.0802523032,-69.26001704008,-178.8));
#746 = CARTESIAN_POINT('',(-107.3623230963,-70.19471470452,-178.8));
#747 = CARTESIAN_POINT('',(-106.6443178586,-71.129353354,-178.8));
#748 = CARTESIAN_POINT('',(-105.9262183545,-72.06391863468,-178.8));
#749 = CARTESIAN_POINT('',(-105.2079967332,-72.9983885717,-178.8));
#750 = CARTESIAN_POINT('',(-103.9969412864,-74.57347245009,-178.8));
#751 = CARTESIAN_POINT('',(-103.504198941,-75.21415759201,-178.8));
#752 = CARTESIAN_POINT('',(-103.011359349,-75.85476657637,-178.8));
#753 = CARTESIAN_POINT('',(-102.5183991681,-76.49528097113,-178.8));
#754 = CARTESIAN_POINT('',(-102.0252893794,-77.13567743737,-178.8));
#755 = CARTESIAN_POINT('',(-101.531985667,-77.77592018395,-178.8));
#756 = CARTESIAN_POINT('',(-100.6967017763,-78.85903565565,-178.8));
#757 = CARTESIAN_POINT('',(-100.3548647569,-79.30202112587,-178.8));
#758 = CARTESIAN_POINT('',(-100.0128699815,-79.74488088294,-178.8));
#759 = CARTESIAN_POINT('',(-99.67067918268,-80.18758398574,-178.8));
#760 = CARTESIAN_POINT('',(-99.32824503327,-80.63009085708,-178.8));
#761 = CARTESIAN_POINT('',(-98.98549517677,-81.07234051506,-178.8));
#762 = CARTESIAN_POINT('',(-98.40762407354,-81.81637559934,-178.8));
#763 = CARTESIAN_POINT('',(-98.17274244206,-82.11835413158,-178.8));
#764 = CARTESIAN_POINT('',(-97.93760988599,-82.42012621934,-178.8));
#765 = CARTESIAN_POINT('',(-97.70216649851,-82.72164121213,-178.8));
#766 = CARTESIAN_POINT('',(-97.46633869727,-83.02283297061,-178.8));
#767 = CARTESIAN_POINT('',(-97.23001509856,-83.32359983898,-178.8));
#768 = CARTESIAN_POINT('',(-96.7945190803,-83.87511087221,-178.8));
#769 = CARTESIAN_POINT('',(-96.59557255817,-84.1260134716,-178.8));
#770 = CARTESIAN_POINT('',(-96.39601364676,-84.37638627022,-178.8));
#771 = CARTESIAN_POINT('',(-96.19568214368,-84.6260881962,-178.8));
#772 = CARTESIAN_POINT('',(-95.99433259215,-84.87485947335,-178.8));
#773 = CARTESIAN_POINT('',(-95.79165083217,-85.12233488406,-178.8));
#774 = CARTESIAN_POINT('',(-95.58686620385,-85.36769605938,-178.8));
#775 = ORIENTED_EDGE('',*,*,#776,.F.);
#776 = EDGE_CURVE('',#777,#734,#779,.T.);
#777 = VERTEX_POINT('',#778);
#778 = CARTESIAN_POINT('',(-93.87900340958,-85.8,-178.8));
#779 = B_SPLINE_CURVE_WITH_KNOTS('',6,(#780,#781,#782,#783,#784,#785,
    #786,#787,#788,#789,#790,#791,#792,#793,#794,#795,#796,#797,#798,
    #799,#800,#801,#802,#803,#804,#805,#806),.UNSPECIFIED.,.F.,.F.,(7,5,
    5,5,5,7),(0.,1.919984656669E-02,0.26562732085,0.510743268067,
    0.755167552787,1.),.UNSPECIFIED.);
#780 = CARTESIAN_POINT('',(-93.87900340958,-85.8,-178.8));
#781 = CARTESIAN_POINT('',(-93.8860693115,-85.8,-178.8));
#782 = CARTESIAN_POINT('',(-93.89315677324,-85.79997829766,-178.8));
#783 = CARTESIAN_POINT('',(-93.90026551873,-85.79993467748,-178.8));
#784 = CARTESIAN_POINT('',(-93.90739526343,-85.79986892773,-178.8));
#785 = CARTESIAN_POINT('',(-93.91454571439,-85.79978084042,-178.8));
#786 = CARTESIAN_POINT('',(-94.01375354939,-85.7982503014,-178.8));
#787 = CARTESIAN_POINT('',(-94.10915290082,-85.79311725323,-178.8));
#788 = CARTESIAN_POINT('',(-94.20727338252,-85.78383760681,-178.8));
#789 = CARTESIAN_POINT('',(-94.30728039416,-85.77009474553,-178.8));
#790 = CARTESIAN_POINT('',(-94.4084159269,-85.75171596423,-178.8));
#791 = CARTESIAN_POINT('',(-94.61100266261,-85.70566095294,-178.8));
#792 = CARTESIAN_POINT('',(-94.71245119981,-85.6780345935,-178.8));
#793 = CARTESIAN_POINT('',(-94.81364222956,-85.64567502678,-178.8));
#794 = CARTESIAN_POINT('',(-94.91396127927,-85.60861019404,-178.8));
#795 = CARTESIAN_POINT('',(-95.01286683487,-85.5669475842,-178.8));
#796 = CARTESIAN_POINT('',(-95.20662529329,-85.4749008266,-178.8));
#797 = CARTESIAN_POINT('',(-95.30148812997,-85.42454199904,-178.8));
#798 = CARTESIAN_POINT('',(-95.39399944511,-85.36995341852,-178.8));
#799 = CARTESIAN_POINT('',(-95.48375040118,-85.31137120258,-178.8));
#800 = CARTESIAN_POINT('',(-95.57039611711,-85.24908098035,-178.8));
#801 = CARTESIAN_POINT('',(-95.73705582717,-85.11761335882,-178.8));
#802 = CARTESIAN_POINT('',(-95.81705848118,-85.04842467566,-178.8));
#803 = CARTESIAN_POINT('',(-95.89338223691,-84.97615693389,-178.8));
#804 = CARTESIAN_POINT('',(-95.96581108251,-84.90116457282,-178.8));
#805 = CARTESIAN_POINT('',(-96.03419284174,-84.82381873914,-178.8));
#806 = CARTESIAN_POINT('',(-96.09843684214,-84.7444905304,-178.8));
#807 = ORIENTED_EDGE('',*,*,#808,.T.);
#808 = EDGE_CURVE('',#777,#809,#811,.T.);
#809 = VERTEX_POINT('',#810);
#810 = CARTESIAN_POINT('',(-90.70583343252,-85.8,-178.8));
#811 = LINE('',#812,#813);
#812 = CARTESIAN_POINT('',(-93.93749999999,-85.8,-178.8));
#813 = VECTOR('',#814,1.);
#814 = DIRECTION('',(1.,0.,0.));
#815 = ORIENTED_EDGE('',*,*,#816,.T.);
#816 = EDGE_CURVE('',#809,#144,#817,.T.);
#817 = B_SPLINE_CURVE_WITH_KNOTS('',8,(#818,#819,#820,#821,#822,#823,
    #824,#825,#826,#827,#828,#829,#830,#831,#832,#833,#834,#835,#836,
    #837,#838,#839,#840,#841,#842,#843,#844,#845,#846,#847),
  .UNSPECIFIED.,.F.,.F.,(9,7,7,7,9),(0.,0.156306703085,0.369774134267,
    0.581220389452,1.),.UNSPECIFIED.);
#818 = CARTESIAN_POINT('',(-90.70583343251,-85.79999999999,-178.8));
#819 = CARTESIAN_POINT('',(-90.67604532146,-85.8,-178.8));
#820 = CARTESIAN_POINT('',(-90.64361043141,-85.79914547309,-178.8));
#821 = CARTESIAN_POINT('',(-90.60823644901,-85.7972615484,-178.8));
#822 = CARTESIAN_POINT('',(-90.56973261092,-85.79414113619,-178.8));
#823 = CARTESIAN_POINT('',(-90.52809258945,-85.78957600806,-178.8));
#824 = CARTESIAN_POINT('',(-90.48347743521,-85.7833878304,-178.8));
#825 = CARTESIAN_POINT('',(-90.43615346307,-85.77544527277,-178.8));
#826 = CARTESIAN_POINT('',(-90.31854644942,-85.75228047185,-178.8));
#827 = CARTESIAN_POINT('',(-90.24619159226,-85.7354576047,-178.8));
#828 = CARTESIAN_POINT('',(-90.1701779838,-85.71494145585,-178.8));
#829 = CARTESIAN_POINT('',(-90.09146643865,-85.69061790572,-178.8));
#830 = CARTESIAN_POINT('',(-90.01091830301,-85.66246853174,-178.8));
#831 = CARTESIAN_POINT('',(-89.92927044704,-85.6305152218,-178.8));
#832 = CARTESIAN_POINT('',(-89.84715966655,-85.59482072039,-178.8));
#833 = CARTESIAN_POINT('',(-89.68387746477,-85.51649902365,-178.8));
#834 = CARTESIAN_POINT('',(-89.60269994849,-85.4739384193,-178.8));
#835 = CARTESIAN_POINT('',(-89.52211926336,-85.42787407787,-178.8));
#836 = CARTESIAN_POINT('',(-89.44257614997,-85.37841475114,-178.8));
#837 = CARTESIAN_POINT('',(-89.36444736889,-85.32569260123,-178.8));
#838 = CARTESIAN_POINT('',(-89.28805791729,-85.26986015153,-178.8));
#839 = CARTESIAN_POINT('',(-89.21368859591,-85.21108723571,-178.8));
#840 = CARTESIAN_POINT('',(-88.99876221246,-85.02769618672,-178.8));
#841 = CARTESIAN_POINT('',(-88.86481966808,-84.89503066919,-178.8));
#842 = CARTESIAN_POINT('',(-88.7416199764,-84.75300161549,-178.8));
#843 = CARTESIAN_POINT('',(-88.6304507754,-84.60329808525,-178.8));
#844 = CARTESIAN_POINT('',(-88.53210026778,-84.44776341385,-178.8));
#845 = CARTESIAN_POINT('',(-88.44689909109,-84.28826163746,-178.8));
#846 = CARTESIAN_POINT('',(-88.37477101463,-84.12655411499,-178.8));
#847 = CARTESIAN_POINT('',(-88.31534102966,-83.96423555778,-178.8));
#848 = FACE_BOUND('',#849,.T.);
#849 = EDGE_LOOP('',(#850));
#850 = ORIENTED_EDGE('',*,*,#851,.T.);
#851 = EDGE_CURVE('',#852,#852,#854,.T.);
#852 = VERTEX_POINT('',#853);
#853 = CARTESIAN_POINT('',(-155.,-32.,-178.8));
#854 = CIRCLE('',#855,7.);
#855 = AXIS2_PLACEMENT_3D('',#856,#857,#858);
#856 = CARTESIAN_POINT('',(-162.,-32.,-178.8));
#857 = DIRECTION('',(0.,-3.310223024625E-16,-1.));
#858 = DIRECTION('',(1.,0.,0.));
#859 = FACE_BOUND('',#860,.T.);
#860 = EDGE_LOOP('',(#861,#871,#880,#888,#897,#905));
#861 = ORIENTED_EDGE('',*,*,#862,.T.);
#862 = EDGE_CURVE('',#863,#865,#867,.T.);
#863 = VERTEX_POINT('',#864);
#864 = CARTESIAN_POINT('',(-173.9468022002,-61.71731939488,-178.8));
#865 = VERTEX_POINT('',#866);
#866 = CARTESIAN_POINT('',(-184.4181752139,-75.36750207346,-178.8));
#867 = LINE('',#868,#869);
#868 = CARTESIAN_POINT('',(-165.7382468351,-51.01688115101,-178.8));
#869 = VECTOR('',#870,1.);
#870 = DIRECTION('',(-0.608659697441,-0.793431391307,-5.811191142009E-14
    ));
#871 = ORIENTED_EDGE('',*,*,#872,.T.);
#872 = EDGE_CURVE('',#865,#873,#875,.T.);
#873 = VERTEX_POINT('',#874);
#874 = CARTESIAN_POINT('',(-187.8971569698,-74.79816862832,-178.8));
#875 = CIRCLE('',#876,2.);
#876 = AXIS2_PLACEMENT_3D('',#877,#878,#879);
#877 = CARTESIAN_POINT('',(-186.0050379965,-74.15018267858,-178.8));
#878 = DIRECTION('',(0.,-3.310223024625E-16,-1.));
#879 = DIRECTION('',(1.,0.,0.));
#880 = ORIENTED_EDGE('',*,*,#881,.T.);
#881 = EDGE_CURVE('',#873,#882,#884,.T.);
#882 = VERTEX_POINT('',#883);
#883 = CARTESIAN_POINT('',(-192.5718770652,-61.14798594974,-178.8));
#884 = LINE('',#885,#886);
#885 = CARTESIAN_POINT('',(-194.2673826415,-56.19710966693,-178.8));
#886 = VECTOR('',#887,1.);
#887 = DIRECTION('',(-0.323992974872,0.946059486625,6.928496629753E-14)
  );
#888 = ORIENTED_EDGE('',*,*,#889,.T.);
#889 = EDGE_CURVE('',#882,#890,#892,.T.);
#890 = VERTEX_POINT('',#891);
#891 = CARTESIAN_POINT('',(-190.6797580919,-58.5,-178.8));
#892 = CIRCLE('',#893,2.);
#893 = AXIS2_PLACEMENT_3D('',#894,#895,#896);
#894 = CARTESIAN_POINT('',(-190.6797580919,-60.5,-178.8));
#895 = DIRECTION('',(0.,-3.310223024625E-16,-1.));
#896 = DIRECTION('',(1.,0.,0.));
#897 = ORIENTED_EDGE('',*,*,#898,.T.);
#898 = EDGE_CURVE('',#890,#899,#901,.T.);
#899 = VERTEX_POINT('',#900);
#900 = CARTESIAN_POINT('',(-175.5336649828,-58.5,-178.8));
#901 = LINE('',#902,#903);
#902 = CARTESIAN_POINT('',(-157.766832483,-58.5,-178.8));
#903 = VECTOR('',#904,1.);
#904 = DIRECTION('',(1.,0.,0.));
#905 = ORIENTED_EDGE('',*,*,#906,.T.);
#906 = EDGE_CURVE('',#899,#863,#907,.T.);
#907 = CIRCLE('',#908,2.);
#908 = AXIS2_PLACEMENT_3D('',#909,#910,#911);
#909 = CARTESIAN_POINT('',(-175.5336649828,-60.5,-178.8));
#910 = DIRECTION('',(0.,-3.310223024625E-16,-1.));
#911 = DIRECTION('',(1.,0.,0.));
#912 = FACE_BOUND('',#913,.T.);
#913 = EDGE_LOOP('',(#914));
#914 = ORIENTED_EDGE('',*,*,#915,.T.);
#915 = EDGE_CURVE('',#916,#916,#918,.T.);
#916 = VERTEX_POINT('',#917);
#917 = CARTESIAN_POINT('',(-111.,-32.,-178.8));
#918 = CIRCLE('',#919,7.);
#919 = AXIS2_PLACEMENT_3D('',#920,#921,#922);
#920 = CARTESIAN_POINT('',(-118.,-32.,-178.8));
#921 = DIRECTION('',(0.,-3.310223024625E-16,-1.));
#922 = DIRECTION('',(1.,0.,0.));
#923 = FACE_BOUND('',#924,.T.);
#924 = EDGE_LOOP('',(#925,#935,#944,#952,#961,#969));
#925 = ORIENTED_EDGE('',*,*,#926,.F.);
#926 = EDGE_CURVE('',#927,#929,#931,.T.);
#927 = VERTEX_POINT('',#928);
#928 = CARTESIAN_POINT('',(-106.0531977997,-61.71731939488,-178.8));
#929 = VERTEX_POINT('',#930);
#930 = CARTESIAN_POINT('',(-95.58182478604,-75.36750207346,-178.8));
#931 = LINE('',#932,#933);
#932 = CARTESIAN_POINT('',(-114.2617531586,-51.01688115912,-178.8));
#933 = VECTOR('',#934,1.);
#934 = DIRECTION('',(0.608659697441,-0.793431391307,-5.811191142009E-14)
  );
#935 = ORIENTED_EDGE('',*,*,#936,.T.);
#936 = EDGE_CURVE('',#927,#937,#939,.T.);
#937 = VERTEX_POINT('',#938);
#938 = CARTESIAN_POINT('',(-104.4663350171,-58.5,-178.8));
#939 = CIRCLE('',#940,2.);
#940 = AXIS2_PLACEMENT_3D('',#941,#942,#943);
#941 = CARTESIAN_POINT('',(-104.4663350171,-60.5,-178.8));
#942 = DIRECTION('',(0.,-3.310223024625E-16,-1.));
#943 = DIRECTION('',(1.,0.,0.));
#944 = ORIENTED_EDGE('',*,*,#945,.F.);
#945 = EDGE_CURVE('',#946,#937,#948,.T.);
#946 = VERTEX_POINT('',#947);
#947 = CARTESIAN_POINT('',(-89.32024190802,-58.5,-178.8));
#948 = LINE('',#949,#950);
#949 = CARTESIAN_POINT('',(-122.2331675001,-58.5,-178.8));
#950 = VECTOR('',#951,1.);
#951 = DIRECTION('',(-1.,0.,0.));
#952 = ORIENTED_EDGE('',*,*,#953,.T.);
#953 = EDGE_CURVE('',#946,#954,#956,.T.);
#954 = VERTEX_POINT('',#955);
#955 = CARTESIAN_POINT('',(-87.42812293477,-61.14798594974,-178.8));
#956 = CIRCLE('',#957,2.);
#957 = AXIS2_PLACEMENT_3D('',#958,#959,#960);
#958 = CARTESIAN_POINT('',(-89.32024190802,-60.5,-178.8));
#959 = DIRECTION('',(0.,-3.310223024625E-16,-1.));
#960 = DIRECTION('',(1.,0.,0.));
#961 = ORIENTED_EDGE('',*,*,#962,.F.);
#962 = EDGE_CURVE('',#963,#954,#965,.T.);
#963 = VERTEX_POINT('',#964);
#964 = CARTESIAN_POINT('',(-92.10284303018,-74.79816862832,-178.8));
#965 = LINE('',#966,#967);
#966 = CARTESIAN_POINT('',(-85.7326173567,-56.19710966178,-178.8));
#967 = VECTOR('',#968,1.);
#968 = DIRECTION('',(0.323992974872,0.946059486625,6.928496629753E-14));
#969 = ORIENTED_EDGE('',*,*,#970,.T.);
#970 = EDGE_CURVE('',#963,#929,#971,.T.);
#971 = CIRCLE('',#972,2.);
#972 = AXIS2_PLACEMENT_3D('',#973,#974,#975);
#973 = CARTESIAN_POINT('',(-93.99496200343,-74.15018267858,-178.8));
#974 = DIRECTION('',(0.,-3.310223024625E-16,-1.));
#975 = DIRECTION('',(1.,0.,0.));
#976 = PLANE('',#977);
#977 = AXIS2_PLACEMENT_3D('',#978,#979,#980);
#978 = CARTESIAN_POINT('',(-139.9999999898,-24.31268701425,-178.8));
#979 = DIRECTION('',(0.,-7.925897769754E-14,1.));
#980 = DIRECTION('',(0.,-1.,-7.925897769754E-14));
#981 = ADVANCED_FACE('',(#982),#1010,.T.);
#982 = FACE_BOUND('',#983,.T.);
#983 = EDGE_LOOP('',(#984,#995,#1001,#1002));
#984 = ORIENTED_EDGE('',*,*,#985,.F.);
#985 = EDGE_CURVE('',#986,#988,#990,.T.);
#986 = VERTEX_POINT('',#987);
#987 = CARTESIAN_POINT('',(-152.5,-3.433929668666,-180.));
#988 = VERTEX_POINT('',#989);
#989 = CARTESIAN_POINT('',(-141.7316594059,-11.30860620214,-180.));
#990 = CIRCLE('',#991,11.299999999998);
#991 = AXIS2_PLACEMENT_3D('',#992,#993,#994);
#992 = CARTESIAN_POINT('',(-152.5,-14.73392966866,-180.));
#993 = DIRECTION('',(0.,-1.110223024625E-16,-1.));
#994 = DIRECTION('',(1.,0.,0.));
#995 = ORIENTED_EDGE('',*,*,#996,.T.);
#996 = EDGE_CURVE('',#986,#22,#997,.T.);
#997 = LINE('',#998,#999);
#998 = CARTESIAN_POINT('',(-152.5,-3.433929668666,-180.));
#999 = VECTOR('',#1000,1.);
#1000 = DIRECTION('',(0.,3.310223024625E-16,1.));
#1001 = ORIENTED_EDGE('',*,*,#21,.T.);
#1002 = ORIENTED_EDGE('',*,*,#1003,.F.);
#1003 = EDGE_CURVE('',#988,#24,#1004,.T.);
#1004 = B_SPLINE_CURVE_WITH_KNOTS('',2,(#1005,#1006,#1007,#1008,#1009),
  .UNSPECIFIED.,.F.,.F.,(3,1,1,3),(-7.343999999999E-02,-8.506E-14,
    1.199999999998,1.273439999998),.UNSPECIFIED.);
#1005 = CARTESIAN_POINT('',(-141.7316594059,-11.30860620214,-180.07344)
  );
#1006 = CARTESIAN_POINT('',(-141.7316594059,-11.30860620214,-180.03672)
  );
#1007 = CARTESIAN_POINT('',(-141.7316594059,-11.30860620214,-179.4));
#1008 = CARTESIAN_POINT('',(-141.7316594059,-11.30860620214,-178.76328)
  );
#1009 = CARTESIAN_POINT('',(-141.7316594059,-11.30860620214,-178.72656)
  );
#1010 = CYLINDRICAL_SURFACE('',#1011,11.299999999998);
#1011 = AXIS2_PLACEMENT_3D('',#1012,#1013,#1014);
#1012 = CARTESIAN_POINT('',(-152.5,-14.73392966866,-180.));
#1013 = DIRECTION('',(0.,-3.310223024625E-16,-1.));
#1014 = DIRECTION('',(1.,0.,0.));
#1015 = ADVANCED_FACE('',(#1016),#1051,.F.);
#1016 = FACE_BOUND('',#1017,.F.);
#1017 = EDGE_LOOP('',(#1018,#1041,#1049,#1050));
#1018 = ORIENTED_EDGE('',*,*,#1019,.T.);
#1019 = EDGE_CURVE('',#988,#1020,#1022,.T.);
#1020 = VERTEX_POINT('',#1021);
#1021 = CARTESIAN_POINT('',(-142.0537142857,-12.54709231013,-180.));
#1022 = B_SPLINE_CURVE_WITH_KNOTS('',5,(#1023,#1024,#1025,#1026,#1027,
    #1028,#1029,#1030,#1031,#1032,#1033,#1034,#1035,#1036,#1037,#1038,
    #1039,#1040),.UNSPECIFIED.,.F.,.F.,(6,4,4,4,6),(0.,0.148357163459,
    0.5,0.851642836541,1.),.UNSPECIFIED.);
#1023 = CARTESIAN_POINT('',(-141.7316594059,-11.30860620214,-180.));
#1024 = CARTESIAN_POINT('',(-141.719809877,-11.34585808923,-180.));
#1025 = CARTESIAN_POINT('',(-141.7094118952,-11.38379772936,-180.));
#1026 = CARTESIAN_POINT('',(-141.7005323213,-11.42233135046,-180.));
#1027 = CARTESIAN_POINT('',(-141.6932251152,-11.46135755497,-180.));
#1028 = CARTESIAN_POINT('',(-141.6740356831,-11.59417812118,-180.));
#1029 = CARTESIAN_POINT('',(-141.6696026415,-11.68975691817,-180.));
#1030 = CARTESIAN_POINT('',(-141.6747790795,-11.7860283012,-180.));
#1031 = CARTESIAN_POINT('',(-141.6896530607,-11.88140917135,-180.));
#1032 = CARTESIAN_POINT('',(-141.737995073,-12.06731199237,-180.));
#1033 = CARTESIAN_POINT('',(-141.771468886,-12.157856178,-180.));
#1034 = CARTESIAN_POINT('',(-141.8138456093,-12.2444540303,-180.));
#1035 = CARTESIAN_POINT('',(-141.8642771472,-12.32576588843,-180.));
#1036 = CARTESIAN_POINT('',(-141.9457376871,-12.43241352106,-180.));
#1037 = CARTESIAN_POINT('',(-141.9711303956,-12.46293646746,-180.));
#1038 = CARTESIAN_POINT('',(-141.9976563362,-12.49226326851,-180.));
#1039 = CARTESIAN_POINT('',(-142.02521899,-12.52033165709,-180.));
#1040 = CARTESIAN_POINT('',(-142.0537142857,-12.54709231013,-180.));
#1041 = ORIENTED_EDGE('',*,*,#1042,.T.);
#1042 = EDGE_CURVE('',#1020,#110,#1043,.T.);
#1043 = B_SPLINE_CURVE_WITH_KNOTS('',2,(#1044,#1045,#1046,#1047,#1048),
  .UNSPECIFIED.,.F.,.F.,(3,1,1,3),(-7.343999999999E-02,-8.506E-14,
    1.199999999998,1.273439999998),.UNSPECIFIED.);
#1044 = CARTESIAN_POINT('',(-142.0537142857,-12.54709231013,-180.07344)
  );
#1045 = CARTESIAN_POINT('',(-142.0537142857,-12.54709231013,-180.03672)
  );
#1046 = CARTESIAN_POINT('',(-142.0537142857,-12.54709231013,-179.4));
#1047 = CARTESIAN_POINT('',(-142.0537142857,-12.54709231013,-178.76328)
  );
#1048 = CARTESIAN_POINT('',(-142.0537142857,-12.54709231013,-178.72656)
  );
#1049 = ORIENTED_EDGE('',*,*,#118,.F.);
#1050 = ORIENTED_EDGE('',*,*,#1003,.F.);
#1051 = ( BOUNDED_SURFACE() B_SPLINE_SURFACE(2,2,(
    (#1052,#1053,#1054,#1055,#1056)
    ,(#1057,#1058,#1059,#1060,#1061)
    ,(#1062,#1063,#1064,#1065,#1066
)),.UNSPECIFIED.,.F.,.F.,.F.) B_SPLINE_SURFACE_WITH_KNOTS((3,3),(3,1,1,3
    ),(0.,1.199999999998),(-7.343999999999E-02,-8.506E-14,1.199999999998
,1.273439999998),.UNSPECIFIED.) GEOMETRIC_REPRESENTATION_ITEM() 
RATIONAL_B_SPLINE_SURFACE((
    (1.,1.,1.,1.,1.)
    ,(0.845990627278,0.845990627278,0.845990627278,0.845990627278
      ,0.845990627278)
,(1.,1.,1.,1.,1.))) REPRESENTATION_ITEM('') SURFACE() );
#1052 = CARTESIAN_POINT('',(-141.7316594059,-11.30860620214,-180.07344)
  );
#1053 = CARTESIAN_POINT('',(-141.7316594059,-11.30860620214,-180.03672)
  );
#1054 = CARTESIAN_POINT('',(-141.7316594059,-11.30860620214,-179.4));
#1055 = CARTESIAN_POINT('',(-141.7316594059,-11.30860620214,-178.76328)
  );
#1056 = CARTESIAN_POINT('',(-141.7316594059,-11.30860620214,-178.72656)
  );
#1057 = CARTESIAN_POINT('',(-141.5024,-12.02933911734,-180.07344));
#1058 = CARTESIAN_POINT('',(-141.5024,-12.02933911734,-180.03672));
#1059 = CARTESIAN_POINT('',(-141.5024,-12.02933911734,-179.4));
#1060 = CARTESIAN_POINT('',(-141.5024,-12.02933911734,-178.76328));
#1061 = CARTESIAN_POINT('',(-141.5024,-12.02933911734,-178.72656));
#1062 = CARTESIAN_POINT('',(-142.0537142857,-12.54709231013,-180.07344)
  );
#1063 = CARTESIAN_POINT('',(-142.0537142857,-12.54709231013,-180.03672)
  );
#1064 = CARTESIAN_POINT('',(-142.0537142857,-12.54709231013,-179.4));
#1065 = CARTESIAN_POINT('',(-142.0537142857,-12.54709231013,-178.76328)
  );
#1066 = CARTESIAN_POINT('',(-142.0537142857,-12.54709231013,-178.72656)
  );
#1067 = ADVANCED_FACE('',(#1068),#1087,.F.);
#1068 = FACE_BOUND('',#1069,.F.);
#1069 = EDGE_LOOP('',(#1070,#1079,#1080,#1081));
#1070 = ORIENTED_EDGE('',*,*,#1071,.F.);
#1071 = EDGE_CURVE('',#986,#1072,#1074,.T.);
#1072 = VERTEX_POINT('',#1073);
#1073 = CARTESIAN_POINT('',(-152.5,-1.033929668666,-180.));
#1074 = CIRCLE('',#1075,1.2);
#1075 = AXIS2_PLACEMENT_3D('',#1076,#1077,#1078);
#1076 = CARTESIAN_POINT('',(-152.5,-2.233929668666,-180.));
#1077 = DIRECTION('',(0.,-1.110223024625E-16,-1.));
#1078 = DIRECTION('',(1.,0.,0.));
#1079 = ORIENTED_EDGE('',*,*,#996,.T.);
#1080 = ORIENTED_EDGE('',*,*,#32,.T.);
#1081 = ORIENTED_EDGE('',*,*,#1082,.F.);
#1082 = EDGE_CURVE('',#1072,#33,#1083,.T.);
#1083 = LINE('',#1084,#1085);
#1084 = CARTESIAN_POINT('',(-152.5,-1.033929668666,-180.));
#1085 = VECTOR('',#1086,1.);
#1086 = DIRECTION('',(0.,3.310223024625E-16,1.));
#1087 = CYLINDRICAL_SURFACE('',#1088,1.2);
#1088 = AXIS2_PLACEMENT_3D('',#1089,#1090,#1091);
#1089 = CARTESIAN_POINT('',(-152.5,-2.233929668666,-180.));
#1090 = DIRECTION('',(0.,-3.310223024625E-16,-1.));
#1091 = DIRECTION('',(1.,0.,0.));
#1092 = ADVANCED_FACE('',(#1093),#1114,.F.);
#1093 = FACE_BOUND('',#1094,.F.);
#1094 = EDGE_LOOP('',(#1095,#1104,#1112,#1113));
#1095 = ORIENTED_EDGE('',*,*,#1096,.F.);
#1096 = EDGE_CURVE('',#1097,#1020,#1099,.T.);
#1097 = VERTEX_POINT('',#1098);
#1098 = CARTESIAN_POINT('',(-137.9462857142,-12.54709231013,-180.));
#1099 = CIRCLE('',#1100,3.);
#1100 = AXIS2_PLACEMENT_3D('',#1101,#1102,#1103);
#1101 = CARTESIAN_POINT('',(-140.,-14.73392966866,-180.));
#1102 = DIRECTION('',(0.,-1.110223024625E-16,-1.));
#1103 = DIRECTION('',(1.,0.,0.));
#1104 = ORIENTED_EDGE('',*,*,#1105,.T.);
#1105 = EDGE_CURVE('',#1097,#87,#1106,.T.);
#1106 = B_SPLINE_CURVE_WITH_KNOTS('',2,(#1107,#1108,#1109,#1110,#1111),
  .UNSPECIFIED.,.F.,.F.,(3,1,1,3),(-7.344E-02,-8.884E-14,1.199999999998,
    1.273439999998),.UNSPECIFIED.);
#1107 = CARTESIAN_POINT('',(-137.9462857142,-12.54709231013,-180.07344)
  );
#1108 = CARTESIAN_POINT('',(-137.9462857142,-12.54709231013,-180.03672)
  );
#1109 = CARTESIAN_POINT('',(-137.9462857142,-12.54709231013,-179.4));
#1110 = CARTESIAN_POINT('',(-137.9462857142,-12.54709231013,-178.76328)
  );
#1111 = CARTESIAN_POINT('',(-137.9462857142,-12.54709231013,-178.72656)
  );
#1112 = ORIENTED_EDGE('',*,*,#109,.T.);
#1113 = ORIENTED_EDGE('',*,*,#1042,.F.);
#1114 = CYLINDRICAL_SURFACE('',#1115,3.);
#1115 = AXIS2_PLACEMENT_3D('',#1116,#1117,#1118);
#1116 = CARTESIAN_POINT('',(-140.,-14.73392966866,-180.));
#1117 = DIRECTION('',(0.,-3.310223024625E-16,-1.));
#1118 = DIRECTION('',(1.,0.,0.));
#1119 = ADVANCED_FACE('',(#1120),#1139,.F.);
#1120 = FACE_BOUND('',#1121,.F.);
#1121 = EDGE_LOOP('',(#1122,#1131,#1132,#1133));
#1122 = ORIENTED_EDGE('',*,*,#1123,.F.);
#1123 = EDGE_CURVE('',#1072,#1124,#1126,.T.);
#1124 = VERTEX_POINT('',#1125);
#1125 = CARTESIAN_POINT('',(-141.0067114093,-7.277769975294,-180.));
#1126 = CIRCLE('',#1127,13.699999999998);
#1127 = AXIS2_PLACEMENT_3D('',#1128,#1129,#1130);
#1128 = CARTESIAN_POINT('',(-152.5,-14.73392966866,-180.));
#1129 = DIRECTION('',(0.,-1.110223024625E-16,-1.));
#1130 = DIRECTION('',(1.,0.,0.));
#1131 = ORIENTED_EDGE('',*,*,#1082,.T.);
#1132 = ORIENTED_EDGE('',*,*,#41,.T.);
#1133 = ORIENTED_EDGE('',*,*,#1134,.F.);
#1134 = EDGE_CURVE('',#1124,#42,#1135,.T.);
#1135 = LINE('',#1136,#1137);
#1136 = CARTESIAN_POINT('',(-141.0067114093,-7.277769975294,-180.));
#1137 = VECTOR('',#1138,1.);
#1138 = DIRECTION('',(0.,3.310223024625E-16,1.));
#1139 = CYLINDRICAL_SURFACE('',#1140,13.699999999998);
#1140 = AXIS2_PLACEMENT_3D('',#1141,#1142,#1143);
#1141 = CARTESIAN_POINT('',(-152.5,-14.73392966866,-180.));
#1142 = DIRECTION('',(0.,-3.310223024625E-16,-1.));
#1143 = DIRECTION('',(1.,0.,0.));
#1144 = ADVANCED_FACE('',(#1145),#1180,.F.);
#1145 = FACE_BOUND('',#1146,.F.);
#1146 = EDGE_LOOP('',(#1147,#1170,#1178,#1179));
#1147 = ORIENTED_EDGE('',*,*,#1148,.T.);
#1148 = EDGE_CURVE('',#1097,#1149,#1151,.T.);
#1149 = VERTEX_POINT('',#1150);
#1150 = CARTESIAN_POINT('',(-138.268340594,-11.30860620214,-180.));
#1151 = B_SPLINE_CURVE_WITH_KNOTS('',5,(#1152,#1153,#1154,#1155,#1156,
    #1157,#1158,#1159,#1160,#1161,#1162,#1163,#1164,#1165,#1166,#1167,
    #1168,#1169),.UNSPECIFIED.,.F.,.F.,(6,4,4,4,6),(0.,0.148357163459,
    0.5,0.851642836541,1.),.UNSPECIFIED.);
#1152 = CARTESIAN_POINT('',(-137.9462857142,-12.54709231013,-180.));
#1153 = CARTESIAN_POINT('',(-137.9747810099,-12.52033165709,-180.));
#1154 = CARTESIAN_POINT('',(-138.0023436637,-12.49226326851,-180.));
#1155 = CARTESIAN_POINT('',(-138.0288696043,-12.46293646746,-180.));
#1156 = CARTESIAN_POINT('',(-138.0542623128,-12.43241352106,-180.));
#1157 = CARTESIAN_POINT('',(-138.1357228527,-12.32576588843,-180.));
#1158 = CARTESIAN_POINT('',(-138.1861543906,-12.2444540303,-180.));
#1159 = CARTESIAN_POINT('',(-138.2285311139,-12.157856178,-180.));
#1160 = CARTESIAN_POINT('',(-138.2620049269,-12.06731199237,-180.));
#1161 = CARTESIAN_POINT('',(-138.3103469392,-11.88140917135,-180.));
#1162 = CARTESIAN_POINT('',(-138.3252209204,-11.7860283012,-180.));
#1163 = CARTESIAN_POINT('',(-138.3303973584,-11.68975691817,-180.));
#1164 = CARTESIAN_POINT('',(-138.3259643168,-11.59417812118,-180.));
#1165 = CARTESIAN_POINT('',(-138.3067748847,-11.46135755497,-180.));
#1166 = CARTESIAN_POINT('',(-138.2994676786,-11.42233135046,-180.));
#1167 = CARTESIAN_POINT('',(-138.2905881047,-11.38379772936,-180.));
#1168 = CARTESIAN_POINT('',(-138.2801901229,-11.34585808923,-180.));
#1169 = CARTESIAN_POINT('',(-138.268340594,-11.30860620214,-180.));
#1170 = ORIENTED_EDGE('',*,*,#1171,.T.);
#1171 = EDGE_CURVE('',#1149,#78,#1172,.T.);
#1172 = B_SPLINE_CURVE_WITH_KNOTS('',2,(#1173,#1174,#1175,#1176,#1177),
  .UNSPECIFIED.,.F.,.F.,(3,1,1,3),(-7.344E-02,-8.884E-14,1.199999999998,
    1.273439999998),.UNSPECIFIED.);
#1173 = CARTESIAN_POINT('',(-138.268340594,-11.30860620214,-180.07344));
#1174 = CARTESIAN_POINT('',(-138.268340594,-11.30860620214,-180.03672));
#1175 = CARTESIAN_POINT('',(-138.268340594,-11.30860620214,-179.4));
#1176 = CARTESIAN_POINT('',(-138.268340594,-11.30860620214,-178.76328));
#1177 = CARTESIAN_POINT('',(-138.268340594,-11.30860620214,-178.72656));
#1178 = ORIENTED_EDGE('',*,*,#86,.F.);
#1179 = ORIENTED_EDGE('',*,*,#1105,.F.);
#1180 = ( BOUNDED_SURFACE() B_SPLINE_SURFACE(2,2,(
    (#1181,#1182,#1183,#1184,#1185)
    ,(#1186,#1187,#1188,#1189,#1190)
    ,(#1191,#1192,#1193,#1194,#1195
)),.UNSPECIFIED.,.F.,.F.,.F.) B_SPLINE_SURFACE_WITH_KNOTS((3,3),(3,1,1,3
    ),(0.,1.199999999998),(-7.344E-02,-8.884E-14,1.199999999998,
1.273439999998),.UNSPECIFIED.) GEOMETRIC_REPRESENTATION_ITEM() 
RATIONAL_B_SPLINE_SURFACE((
    (1.,1.,1.,1.,1.)
    ,(0.845990627278,0.845990627278,0.845990627278,0.845990627278
      ,0.845990627278)
,(1.,1.,1.,1.,1.))) REPRESENTATION_ITEM('') SURFACE() );
#1181 = CARTESIAN_POINT('',(-137.9462857142,-12.54709231013,-180.07344)
  );
#1182 = CARTESIAN_POINT('',(-137.9462857142,-12.54709231013,-180.03672)
  );
#1183 = CARTESIAN_POINT('',(-137.9462857142,-12.54709231013,-179.4));
#1184 = CARTESIAN_POINT('',(-137.9462857142,-12.54709231013,-178.76328)
  );
#1185 = CARTESIAN_POINT('',(-137.9462857142,-12.54709231013,-178.72656)
  );
#1186 = CARTESIAN_POINT('',(-138.4975999999,-12.02933911734,-180.07344)
  );
#1187 = CARTESIAN_POINT('',(-138.4975999999,-12.02933911734,-180.03672)
  );
#1188 = CARTESIAN_POINT('',(-138.4975999999,-12.02933911734,-179.4));
#1189 = CARTESIAN_POINT('',(-138.4975999999,-12.02933911734,-178.76328)
  );
#1190 = CARTESIAN_POINT('',(-138.4975999999,-12.02933911734,-178.72656)
  );
#1191 = CARTESIAN_POINT('',(-138.268340594,-11.30860620214,-180.07344));
#1192 = CARTESIAN_POINT('',(-138.268340594,-11.30860620214,-180.03672));
#1193 = CARTESIAN_POINT('',(-138.268340594,-11.30860620214,-179.4));
#1194 = CARTESIAN_POINT('',(-138.268340594,-11.30860620214,-178.76328));
#1195 = CARTESIAN_POINT('',(-138.268340594,-11.30860620214,-178.72656));
#1196 = ADVANCED_FACE('',(#1197),#1216,.T.);
#1197 = FACE_BOUND('',#1198,.T.);
#1198 = EDGE_LOOP('',(#1199,#1208,#1214,#1215));
#1199 = ORIENTED_EDGE('',*,*,#1200,.F.);
#1200 = EDGE_CURVE('',#1201,#1124,#1203,.T.);
#1201 = VERTEX_POINT('',#1202);
#1202 = CARTESIAN_POINT('',(-138.9932885906,-7.277769975294,-180.));
#1203 = CIRCLE('',#1204,1.2);
#1204 = AXIS2_PLACEMENT_3D('',#1205,#1206,#1207);
#1205 = CARTESIAN_POINT('',(-140.,-6.624675695582,-180.));
#1206 = DIRECTION('',(0.,-1.110223024625E-16,-1.));
#1207 = DIRECTION('',(1.,0.,0.));
#1208 = ORIENTED_EDGE('',*,*,#1209,.T.);
#1209 = EDGE_CURVE('',#1201,#51,#1210,.T.);
#1210 = LINE('',#1211,#1212);
#1211 = CARTESIAN_POINT('',(-138.9932885906,-7.277769975294,-180.));
#1212 = VECTOR('',#1213,1.);
#1213 = DIRECTION('',(0.,3.310223024625E-16,1.));
#1214 = ORIENTED_EDGE('',*,*,#50,.T.);
#1215 = ORIENTED_EDGE('',*,*,#1134,.F.);
#1216 = CYLINDRICAL_SURFACE('',#1217,1.2);
#1217 = AXIS2_PLACEMENT_3D('',#1218,#1219,#1220);
#1218 = CARTESIAN_POINT('',(-140.,-6.624675695582,-180.));
#1219 = DIRECTION('',(0.,-3.310223024625E-16,-1.));
#1220 = DIRECTION('',(1.,0.,0.));
#1221 = ADVANCED_FACE('',(#1222),#1241,.T.);
#1222 = FACE_BOUND('',#1223,.T.);
#1223 = EDGE_LOOP('',(#1224,#1233,#1234,#1235));
#1224 = ORIENTED_EDGE('',*,*,#1225,.F.);
#1225 = EDGE_CURVE('',#1149,#1226,#1228,.T.);
#1226 = VERTEX_POINT('',#1227);
#1227 = CARTESIAN_POINT('',(-127.5,-3.433929668666,-180.));
#1228 = CIRCLE('',#1229,11.299999999998);
#1229 = AXIS2_PLACEMENT_3D('',#1230,#1231,#1232);
#1230 = CARTESIAN_POINT('',(-127.5,-14.73392966866,-180.));
#1231 = DIRECTION('',(0.,-1.110223024625E-16,-1.));
#1232 = DIRECTION('',(1.,0.,0.));
#1233 = ORIENTED_EDGE('',*,*,#1171,.T.);
#1234 = ORIENTED_EDGE('',*,*,#77,.T.);
#1235 = ORIENTED_EDGE('',*,*,#1236,.F.);
#1236 = EDGE_CURVE('',#1226,#69,#1237,.T.);
#1237 = LINE('',#1238,#1239);
#1238 = CARTESIAN_POINT('',(-127.5,-3.433929668666,-180.));
#1239 = VECTOR('',#1240,1.);
#1240 = DIRECTION('',(0.,3.310223024625E-16,1.));
#1241 = CYLINDRICAL_SURFACE('',#1242,11.299999999998);
#1242 = AXIS2_PLACEMENT_3D('',#1243,#1244,#1245);
#1243 = CARTESIAN_POINT('',(-127.5,-14.73392966866,-180.));
#1244 = DIRECTION('',(0.,-3.310223024625E-16,-1.));
#1245 = DIRECTION('',(1.,0.,0.));
#1246 = ADVANCED_FACE('',(#1247),#1266,.F.);
#1247 = FACE_BOUND('',#1248,.F.);
#1248 = EDGE_LOOP('',(#1249,#1258,#1259,#1260));
#1249 = ORIENTED_EDGE('',*,*,#1250,.F.);
#1250 = EDGE_CURVE('',#1201,#1251,#1253,.T.);
#1251 = VERTEX_POINT('',#1252);
#1252 = CARTESIAN_POINT('',(-127.5,-1.033929668666,-180.));
#1253 = CIRCLE('',#1254,13.699999999998);
#1254 = AXIS2_PLACEMENT_3D('',#1255,#1256,#1257);
#1255 = CARTESIAN_POINT('',(-127.5,-14.73392966866,-180.));
#1256 = DIRECTION('',(0.,-1.110223024625E-16,-1.));
#1257 = DIRECTION('',(1.,0.,0.));
#1258 = ORIENTED_EDGE('',*,*,#1209,.T.);
#1259 = ORIENTED_EDGE('',*,*,#59,.T.);
#1260 = ORIENTED_EDGE('',*,*,#1261,.F.);
#1261 = EDGE_CURVE('',#1251,#60,#1262,.T.);
#1262 = LINE('',#1263,#1264);
#1263 = CARTESIAN_POINT('',(-127.5,-1.033929668666,-180.));
#1264 = VECTOR('',#1265,1.);
#1265 = DIRECTION('',(0.,3.310223024625E-16,1.));
#1266 = CYLINDRICAL_SURFACE('',#1267,13.699999999998);
#1267 = AXIS2_PLACEMENT_3D('',#1268,#1269,#1270);
#1268 = CARTESIAN_POINT('',(-127.5,-14.73392966866,-180.));
#1269 = DIRECTION('',(0.,-3.310223024625E-16,-1.));
#1270 = DIRECTION('',(1.,0.,0.));
#1271 = ADVANCED_FACE('',(#1272),#1284,.F.);
#1272 = FACE_BOUND('',#1273,.F.);
#1273 = EDGE_LOOP('',(#1274,#1281,#1282,#1283));
#1274 = ORIENTED_EDGE('',*,*,#1275,.F.);
#1275 = EDGE_CURVE('',#1251,#1226,#1276,.T.);
#1276 = CIRCLE('',#1277,1.2);
#1277 = AXIS2_PLACEMENT_3D('',#1278,#1279,#1280);
#1278 = CARTESIAN_POINT('',(-127.5,-2.233929668666,-180.));
#1279 = DIRECTION('',(0.,-1.110223024625E-16,-1.));
#1280 = DIRECTION('',(1.,0.,0.));
#1281 = ORIENTED_EDGE('',*,*,#1261,.T.);
#1282 = ORIENTED_EDGE('',*,*,#68,.T.);
#1283 = ORIENTED_EDGE('',*,*,#1236,.F.);
#1284 = CYLINDRICAL_SURFACE('',#1285,1.2);
#1285 = AXIS2_PLACEMENT_3D('',#1286,#1287,#1288);
#1286 = CARTESIAN_POINT('',(-127.5,-2.233929668666,-180.));
#1287 = DIRECTION('',(0.,-3.310223024625E-16,-1.));
#1288 = DIRECTION('',(1.,0.,0.));
#1289 = ADVANCED_FACE('',(#1290),#1445,.F.);
#1290 = FACE_BOUND('',#1291,.F.);
#1291 = EDGE_LOOP('',(#1292,#1330,#1331,#1332,#1357,#1443,#1444));
#1292 = ORIENTED_EDGE('',*,*,#1293,.F.);
#1293 = EDGE_CURVE('',#144,#734,#1294,.T.);
#1294 = B_SPLINE_CURVE_WITH_KNOTS('',12,(#1295,#1296,#1297,#1298,#1299,
    #1300,#1301,#1302,#1303,#1304,#1305,#1306,#1307,#1308,#1309,#1310,
    #1311,#1312,#1313,#1314,#1315,#1316,#1317,#1318,#1319,#1320,#1321,
    #1322,#1323,#1324,#1325,#1326,#1327,#1328,#1329),.UNSPECIFIED.,.F.,
  .F.,(13,11,11,13),(-4.0778E-13,3.141592653589,6.283185307179,
    12.566370614359),.UNSPECIFIED.);
#1295 = CARTESIAN_POINT('',(-88.20923436322,-83.90718032964,
    -179.9999999999));
#1296 = CARTESIAN_POINT('',(-88.20923436323,-83.90718032962,
    -179.7154828631));
#1297 = CARTESIAN_POINT('',(-88.2218819411,-83.91396512062,
    -179.4309844252));
#1298 = CARTESIAN_POINT('',(-88.24723851662,-83.92758840663,
    -179.146467252));
#1299 = CARTESIAN_POINT('',(-88.2855866987,-83.94820337153,
    -178.8624279838));
#1300 = CARTESIAN_POINT('',(-88.33751432673,-83.97613144477,
    -178.5793614151));
#1301 = CARTESIAN_POINT('',(-88.40396323108,-84.01190595545,
    -178.2978497863));
#1302 = CARTESIAN_POINT('',(-88.48621212921,-84.05625312652,
    -178.0190042773));
#1303 = CARTESIAN_POINT('',(-88.58576302825,-84.10997290991,
    -177.7449857264));
#1304 = CARTESIAN_POINT('',(-88.70410056305,-84.17368210081,
    -177.4793315564));
#1305 = CARTESIAN_POINT('',(-88.84229363621,-84.24738223659,
    -177.2268159323));
#1306 = CARTESIAN_POINT('',(-89.00040878345,-84.32981472477,
    -176.9925701389));
#1307 = CARTESIAN_POINT('',(-89.35300050446,-84.50531665765,
    -176.5678102465));
#1308 = CARTESIAN_POINT('',(-89.5474722369,-84.59842720844,
    -176.3773808078));
#1309 = CARTESIAN_POINT('',(-89.75894633651,-84.69382027655,
    -176.2116249553));
#1310 = CARTESIAN_POINT('',(-89.98424193621,-84.78703993691,
    -176.0742834526));
#1311 = CARTESIAN_POINT('',(-90.2198114727,-84.87153140091,
    -175.9615801894));
#1312 = CARTESIAN_POINT('',(-90.46346333272,-84.94326528232,
    -175.8678336512));
#1313 = CARTESIAN_POINT('',(-90.71437095556,-85.00233740993,
    -175.790268224));
#1314 = CARTESIAN_POINT('',(-90.9718666539,-85.05079835865,
    -175.7289812193));
#1315 = CARTESIAN_POINT('',(-91.23448938756,-85.08986200416,
    -175.6843611785));
#1316 = CARTESIAN_POINT('',(-91.50040379697,-85.11980995165,
    -175.6560303602));
#1317 = CARTESIAN_POINT('',(-91.76863307103,-85.1423484538,
    -175.6445992506));
#1318 = CARTESIAN_POINT('',(-92.57538565127,-85.18896288594,
    -175.6613221152));
#1319 = CARTESIAN_POINT('',(-93.11612138852,-85.19218617816,
    -175.7403054116));
#1320 = CARTESIAN_POINT('',(-93.64780909121,-85.17391867387,
    -175.8910858564));
#1321 = CARTESIAN_POINT('',(-94.16049977637,-85.13460816729,
    -176.1035994743));
#1322 = CARTESIAN_POINT('',(-94.64069694731,-85.07869114473,
    -176.4088311191));
#1323 = CARTESIAN_POINT('',(-95.07671014898,-85.00317367412,
    -176.7369391485));
#1324 = CARTESIAN_POINT('',(-95.48044842696,-84.90205614602,
    -177.1886074341));
#1325 = CARTESIAN_POINT('',(-95.78145646297,-84.83160576942,
    -177.6934216458));
#1326 = CARTESIAN_POINT('',(-96.01760563444,-84.76675139291,
    -178.2421946872));
#1327 = CARTESIAN_POINT('',(-96.17132787827,-84.72540666972,
    -178.8193629393));
#1328 = CARTESIAN_POINT('',(-96.24870736842,-84.70424715283,
    -179.409772773));
#1329 = CARTESIAN_POINT('',(-96.24870736842,-84.70424715283,-180.));
#1330 = ORIENTED_EDGE('',*,*,#141,.F.);
#1331 = ORIENTED_EDGE('',*,*,#192,.F.);
#1332 = ORIENTED_EDGE('',*,*,#1333,.F.);
#1333 = EDGE_CURVE('',#1334,#193,#1336,.T.);
#1334 = VERTEX_POINT('',#1335);
#1335 = CARTESIAN_POINT('',(-84.45872157917,-57.93812575772,
    -154.1585745019));
#1336 = ( BOUNDED_CURVE() B_SPLINE_CURVE(7,(#1337,#1338,#1339,#1340,
    #1341,#1342,#1343,#1344,#1345,#1346,#1347,#1348,#1349,#1350,#1351,
    #1352,#1353,#1354,#1355,#1356),.UNSPECIFIED.,.F.,.F.) 
B_SPLINE_CURVE_WITH_KNOTS((8,6,6,8),(0.,1.687403955182E-02,
0.542971804102,1.),.UNSPECIFIED.) CURVE() GEOMETRIC_REPRESENTATION_ITEM(
) RATIONAL_B_SPLINE_CURVE((1.,1.,1.,1.,1.,1.,1.,1.,1.,1.,1.,1.,1.,1.,1.,
1.,1.,1.,1.,1.)) REPRESENTATION_ITEM('') );
#1337 = CARTESIAN_POINT('',(-84.45872157917,-57.93812575772,
    -154.1585745019));
#1338 = CARTESIAN_POINT('',(-84.43092457542,-57.93912177588,
    -154.2186490876));
#1339 = CARTESIAN_POINT('',(-84.40322271498,-57.94004781571,
    -154.2787341746));
#1340 = CARTESIAN_POINT('',(-84.37554640754,-57.94079399796,
    -154.3388415457));
#1341 = CARTESIAN_POINT('',(-84.34790474448,-57.94137491499,
    -154.3989696408));
#1342 = CARTESIAN_POINT('',(-84.32033645057,-57.94185205722,
    -154.4591119038));
#1343 = CARTESIAN_POINT('',(-84.2928608358,-57.94225623953,
    -154.5192651289));
#1344 = CARTESIAN_POINT('',(-83.41015277533,-57.95042262018,
    -156.4554978571));
#1345 = CARTESIAN_POINT('',(-82.6155516419,-57.84043323706,
    -158.3464639637));
#1346 = CARTESIAN_POINT('',(-81.89382074836,-57.64268004704,
    -160.2524931402));
#1347 = CARTESIAN_POINT('',(-81.24621881324,-57.38291887205,
    -162.1714172582));
#1348 = CARTESIAN_POINT('',(-80.67041023605,-57.08079991175,
    -164.1008951564));
#1349 = CARTESIAN_POINT('',(-80.16479120519,-56.75299994957,
    -166.039864278));
#1350 = CARTESIAN_POINT('',(-79.35191645404,-56.13297968841,
    -169.6827857462));
#1351 = CARTESIAN_POINT('',(-79.02741299016,-55.84165129675,
    -171.3837168009));
#1352 = CARTESIAN_POINT('',(-78.75717298135,-55.5625433209,
    -173.0924322492));
#1353 = CARTESIAN_POINT('',(-78.54271938078,-55.31059687243,
    -174.807934858));
#1354 = CARTESIAN_POINT('',(-78.39038839001,-55.11271781707,
    -176.5348342725));
#1355 = CARTESIAN_POINT('',(-78.3148145482,-55.01547446978,
    -178.267323817));
#1356 = CARTESIAN_POINT('',(-78.3148145482,-55.01547446978,-180.));
#1357 = ORIENTED_EDGE('',*,*,#1358,.F.);
#1358 = EDGE_CURVE('',#702,#1334,#1359,.T.);
#1359 = ( BOUNDED_CURVE() B_SPLINE_CURVE(10,(#1360,#1361,#1362,#1363,
    #1364,#1365,#1366,#1367,#1368,#1369,#1370,#1371,#1372,#1373,#1374,
    #1375,#1376,#1377,#1378,#1379,#1380,#1381,#1382,#1383,#1384,#1385,
    #1386,#1387,#1388,#1389,#1390,#1391,#1392,#1393,#1394,#1395,#1396,
    #1397,#1398,#1399,#1400,#1401,#1402,#1403,#1404,#1405,#1406,#1407,
    #1408,#1409,#1410,#1411,#1412,#1413,#1414,#1415,#1416,#1417,#1418,
    #1419,#1420,#1421,#1422,#1423,#1424,#1425,#1426,#1427,#1428,#1429,
    #1430,#1431,#1432,#1433,#1434,#1435,#1436,#1437,#1438,#1439,#1440,
#1441,#1442),.UNSPECIFIED.,.F.,.F.) B_SPLINE_CURVE_WITH_KNOTS((11,9,9,9,
    9,9,9,9,9,11),(0.,0.221579121505,0.420762599184,0.509387153692,
    0.639476568088,0.747464122245,0.90086205692,0.948414577779,
0.973521727677,1.),.UNSPECIFIED.) CURVE() GEOMETRIC_REPRESENTATION_ITEM(
) RATIONAL_B_SPLINE_CURVE((1.,1.,1.,1.,1.,1.,1.,1.,1.,1.,1.,1.,1.,1.,1.,
    1.,1.,1.,1.,1.,1.,1.,1.,1.,1.,1.,1.,1.,1.,1.,1.,1.,0.999999999999,1.
    ,1.,1.,1.,1.,1.,1.,1.,1.,1.,1.,1.,1.,1.,1.,1.,1.,1.,1.,1.,1.,1.,1.,
    1.,1.,1.,1.,1.,1.,1.,1.,1.,1.,1.,1.,1.,1.,1.,1.,1.,1.,1.,1.,
    1.000000000001,0.999999999999,1.000000000001,1.,1.,1.,1.)) 
REPRESENTATION_ITEM('') );
#1360 = CARTESIAN_POINT('',(-116.910896029,-57.76960836307,-180.));
#1361 = CARTESIAN_POINT('',(-116.910896029,-57.76960836307,
    -178.5255687109));
#1362 = CARTESIAN_POINT('',(-116.8790042254,-57.76912245606,
    -177.0512807481));
#1363 = CARTESIAN_POINT('',(-116.8151923157,-57.76815046639,
    -175.5778526274));
#1364 = CARTESIAN_POINT('',(-116.7193063394,-57.76668918258,
    -174.106079739));
#1365 = CARTESIAN_POINT('',(-116.5910462788,-57.76473221658,
    -172.6368412905));
#1366 = CARTESIAN_POINT('',(-116.4299456608,-57.76226986305,
    -171.1711052499));
#1367 = CARTESIAN_POINT('',(-116.2353511577,-57.75928895858,
    -169.7099332888));
#1368 = CARTESIAN_POINT('',(-116.0064021891,-57.75577274097,
    -168.2544857251));
#1369 = CARTESIAN_POINT('',(-115.7420105226,-57.75170070846,
    -166.8060264664));
#1370 = CARTESIAN_POINT('',(-115.1701094181,-57.74286646386,
    -164.0713843684));
#1371 = CARTESIAN_POINT('',(-114.8698146269,-57.73821622645,
    -162.7841647171));
#1372 = CARTESIAN_POINT('',(-114.5388166871,-57.73308210848,
    -161.5049921014));
#1373 = CARTESIAN_POINT('',(-114.1759253694,-57.727443315,
    -160.2349301832));
#1374 = CARTESIAN_POINT('',(-113.7798198577,-57.72127609507,
    -158.9754202259));
#1375 = CARTESIAN_POINT('',(-113.3489695767,-57.71455592256,
    -157.7283181372));
#1376 = CARTESIAN_POINT('',(-112.8815550202,-57.7072596768,
    -156.4959315115));
#1377 = CARTESIAN_POINT('',(-112.3753885783,-57.69936782336,
    -155.2810566721));
#1378 = CARTESIAN_POINT('',(-111.8278353658,-57.69086659475,
    -154.0870157143));
#1379 = CARTESIAN_POINT('',(-110.9722849122,-57.6776939161,
    -152.3974161758));
#1380 = CARTESIAN_POINT('',(-110.700055469,-57.67351853255,
    -151.8821658947));
#1381 = CARTESIAN_POINT('',(-110.4187726497,-57.66922217425,
    -151.3722873373));
#1382 = CARTESIAN_POINT('',(-110.1281492092,-57.66480516701,
    -150.8682001181));
#1383 = CARTESIAN_POINT('',(-109.8278837271,-57.66027000871,
    -150.3703988318));
#1384 = CARTESIAN_POINT('',(-109.5176606078,-57.65562136929,
    -149.8794530532));
#1385 = CARTESIAN_POINT('',(-109.1971500806,-57.65086609074,
    -149.3960073381));
#1386 = CARTESIAN_POINT('',(-108.8660082,-57.64601318712,-148.9207812221
    ));
#1387 = CARTESIAN_POINT('',(-108.5238768449,-57.64107384455,
    -148.4545692217));
#1388 = CARTESIAN_POINT('',(-107.6515014079,-57.62870383028,
    -147.328409621));
#1389 = CARTESIAN_POINT('',(-107.1083090451,-57.62119574413,
    -146.6802206846));
#1390 = CARTESIAN_POINT('',(-106.5398709468,-57.61358883516,
    -146.0563628389));
#1391 = CARTESIAN_POINT('',(-105.9438900898,-57.60594730145,
    -145.4597740015));
#1392 = CARTESIAN_POINT('',(-105.3204578928,-57.59838920654,
    -144.8954129095));
#1393 = CARTESIAN_POINT('',(-104.6693830022,-57.59106749618,
    -144.3685815772));
#1394 = CARTESIAN_POINT('',(-103.9890398937,-57.58417665611,
    -143.8843897166));
#1395 = CARTESIAN_POINT('',(-103.2790260282,-57.57799863359,
    -143.4493690333));
#1396 = CARTESIAN_POINT('',(-102.5432642314,-57.57292930256,
    -143.0726619984));
#1397 = CARTESIAN_POINT('',(-101.1547117343,-57.56638688454,
    -142.5016048321));
#1398 = CARTESIAN_POINT('',(-100.5092832703,-57.56445595819,
    -142.287291575));
#1399 = CARTESIAN_POINT('',(-99.85012606723,-57.56376909956,
    -142.12160269));
#1400 = CARTESIAN_POINT('',(-99.18045086817,-57.56458319071,
    -142.0085720168));
#1401 = CARTESIAN_POINT('',(-98.50442160313,-57.56712882669,
    -141.9513271808));
#1402 = CARTESIAN_POINT('',(-97.82675543933,-57.5715575205,
    -141.9514351923));
#1403 = CARTESIAN_POINT('',(-97.15230387154,-57.57791181431,
    -142.0086176239));
#1404 = CARTESIAN_POINT('',(-96.48561485197,-57.58611829701,
    -142.1208353678));
#1405 = CARTESIAN_POINT('',(-95.83047595975,-57.59600352815,
    -142.2847429722));
#1406 = CARTESIAN_POINT('',(-94.27883547379,-57.62342636493,
    -142.7973344162));
#1407 = CARTESIAN_POINT('',(-93.39657005372,-57.64244356253,
    -143.1948379954));
#1408 = CARTESIAN_POINT('',(-92.55072957937,-57.66373892208,
    -143.6777925849));
#1409 = CARTESIAN_POINT('',(-91.74438954191,-57.6864704491,
    -144.2335570934));
#1410 = CARTESIAN_POINT('',(-90.9786857534,-57.70983643033,
    -144.8493979673));
#1411 = CARTESIAN_POINT('',(-90.25280438578,-57.73324126583,
    -145.5151380449));
#1412 = CARTESIAN_POINT('',(-89.56440037311,-57.75631497019,
    -146.2237094013));
#1413 = CARTESIAN_POINT('',(-88.91132362049,-57.77881104978,
    -146.9692172885));
#1414 = CARTESIAN_POINT('',(-88.29290152206,-57.80050759651,
    -147.7451563292));
#1415 = CARTESIAN_POINT('',(-87.52458164458,-57.8277934402,
    -148.7974721128));
#1416 = CARTESIAN_POINT('',(-87.34586516473,-57.83416565976,
    -149.0490814707));
#1417 = CARTESIAN_POINT('',(-87.17019208342,-57.84045037595,
    -149.3031596233));
#1418 = CARTESIAN_POINT('',(-86.99750975804,-57.84664514628,
    -149.5595905272));
#1419 = CARTESIAN_POINT('',(-86.82776673083,-57.8527479403,
    -149.8182647201));
#1420 = CARTESIAN_POINT('',(-86.66091272876,-57.8587571396,
    -150.0790793208));
#1421 = CARTESIAN_POINT('',(-86.49689866366,-57.86467153777,
    -150.341938029));
#1422 = CARTESIAN_POINT('',(-86.33567663213,-57.87049034047,
    -150.6067511255));
#1423 = CARTESIAN_POINT('',(-86.17719991558,-57.87621316537,
    -150.8734354722));
#1424 = CARTESIAN_POINT('',(-85.93917466202,-57.88481096436,
    -151.283668164));
#1425 = CARTESIAN_POINT('',(-85.85767866759,-57.88775501421,
    -151.4259198304));
#1426 = CARTESIAN_POINT('',(-85.77692872744,-57.89067222136,
    -151.5686591224));
#1427 = CARTESIAN_POINT('',(-85.69691857209,-57.89356261545,
    -151.711875651));
#1428 = CARTESIAN_POINT('',(-85.61764193202,-57.89642622613,
    -151.8555590274));
#1429 = CARTESIAN_POINT('',(-85.53909253778,-57.89926308302,
    -151.9996988626));
#1430 = CARTESIAN_POINT('',(-85.46126411984,-57.90207321578,
    -152.1442847679));
#1431 = CARTESIAN_POINT('',(-85.38415040874,-57.90485665404,
    -152.2893063543));
#1432 = CARTESIAN_POINT('',(-85.30774513497,-57.90761342745,
    -152.4347532329));
#1433 = CARTESIAN_POINT('',(-85.15220471327,-57.91322279895,
    -152.7344424306));
#1434 = CARTESIAN_POINT('',(-85.07296786833,-57.91607902257,
    -152.8890694419));
#1435 = CARTESIAN_POINT('',(-84.99332563071,-57.91894826144,
    -153.0465275916));
#1436 = CARTESIAN_POINT('',(-84.91682102681,-57.92170281287,
    -153.1996950147));
#1437 = CARTESIAN_POINT('',(-84.83644291846,-57.92459499093,
    -153.3625884614));
#1438 = CARTESIAN_POINT('',(-84.76012817389,-57.92733869134,
    -153.5195232434));
#1439 = CARTESIAN_POINT('',(-84.68353182151,-57.93009055952,
    -153.6788501897));
#1440 = CARTESIAN_POINT('',(-84.60791388406,-57.93280499836,
    -153.8382019771));
#1441 = CARTESIAN_POINT('',(-84.53290333514,-57.93549528983,
    -153.998287821));
#1442 = CARTESIAN_POINT('',(-84.45872197389,-57.93815343403,
    -154.158607998));
#1443 = ORIENTED_EDGE('',*,*,#723,.T.);
#1444 = ORIENTED_EDGE('',*,*,#733,.T.);
#1445 = OFFSET_SURFACE('',#1446,-1.2,.F.);
#1446 = B_SPLINE_SURFACE_WITH_KNOTS('',11,1,(
    (#1447,#1448)
    ,(#1449,#1450)
    ,(#1451,#1452)
    ,(#1453,#1454)
    ,(#1455,#1456)
    ,(#1457,#1458)
    ,(#1459,#1460)
    ,(#1461,#1462)
    ,(#1463,#1464)
    ,(#1465,#1466)
    ,(#1467,#1468)
    ,(#1469,#1470
    )),.UNSPECIFIED.,.F.,.F.,.F.,(12,12),(2,2),(1.570796326794,
    4.712388980385),(0.,1.),.PIECEWISE_BEZIER_KNOTS.);
#1447 = CARTESIAN_POINT('',(-75.49999999999,-50.5,-180.));
#1448 = CARTESIAN_POINT('',(-88.,-87.,-180.));
#1449 = CARTESIAN_POINT('',(-75.49999999999,-50.49999999999,
    -166.148432391));
#1450 = CARTESIAN_POINT('',(-87.99999999999,-87.,-178.8576026714));
#1451 = CARTESIAN_POINT('',(-77.67579919675,-50.5,-152.2968658648));
#1452 = CARTESIAN_POINT('',(-88.3588937307,-86.99999999999,
    -177.7152054321));
#1453 = CARTESIAN_POINT('',(-82.02739707855,-50.49999999999,
    -139.9642842684));
#1454 = CARTESIAN_POINT('',(-89.076689096,-87.,-176.6980853004));
#1455 = CARTESIAN_POINT('',(-88.25654282149,-50.5,-130.6697326505));
#1456 = CARTESIAN_POINT('',(-90.10415940726,-86.99999999999,
    -175.9315243423));
#1457 = CARTESIAN_POINT('',(-95.76671633062,-50.49999999999,
    -125.6643310761));
#1458 = CARTESIAN_POINT('',(-91.34298281112,-87.,-175.5187077176));
#1459 = CARTESIAN_POINT('',(-103.7332836693,-50.5,-125.6643310761));
#1460 = CARTESIAN_POINT('',(-92.65701718887,-87.,-175.5187077176));
#1461 = CARTESIAN_POINT('',(-111.2434571784,-50.5,-130.6697326505));
#1462 = CARTESIAN_POINT('',(-93.89584059275,-86.99999999999,
    -175.9315243423));
#1463 = CARTESIAN_POINT('',(-117.4726029214,-50.49999999999,
    -139.9642842684));
#1464 = CARTESIAN_POINT('',(-94.92331090398,-87.,-176.6980853004));
#1465 = CARTESIAN_POINT('',(-121.8242008032,-50.5,-152.2968658648));
#1466 = CARTESIAN_POINT('',(-95.6411062693,-86.99999999999,
    -177.7152054321));
#1467 = CARTESIAN_POINT('',(-123.9999999999,-50.5,-166.148432391));
#1468 = CARTESIAN_POINT('',(-95.99999999999,-87.,-178.8576026714));
#1469 = CARTESIAN_POINT('',(-123.9999999999,-50.5,-180.));
#1470 = CARTESIAN_POINT('',(-96.,-87.,-180.));
#1471 = ADVANCED_FACE('',(#1472),#1537,.T.);
#1472 = FACE_BOUND('',#1473,.T.);
#1473 = EDGE_LOOP('',(#1474,#1475,#1476,#1536));
#1474 = ORIENTED_EDGE('',*,*,#1293,.F.);
#1475 = ORIENTED_EDGE('',*,*,#816,.F.);
#1476 = ORIENTED_EDGE('',*,*,#1477,.T.);
#1477 = EDGE_CURVE('',#809,#777,#1478,.T.);
#1478 = B_SPLINE_CURVE_WITH_KNOTS('',12,(#1479,#1480,#1481,#1482,#1483,
    #1484,#1485,#1486,#1487,#1488,#1489,#1490,#1491,#1492,#1493,#1494,
    #1495,#1496,#1497,#1498,#1499,#1500,#1501,#1502,#1503,#1504,#1505,
    #1506,#1507,#1508,#1509,#1510,#1511,#1512,#1513,#1514,#1515,#1516,
    #1517,#1518,#1519,#1520,#1521,#1522,#1523,#1524,#1525,#1526,#1527,
    #1528,#1529,#1530,#1531,#1532,#1533,#1534,#1535),.UNSPECIFIED.,.F.,
  .F.,(13,11,11,11,11,13),(-0.507679938322,-4.0778E-13,3.141592653589,
    6.283185307179,12.566370614359,13.047227046286),.UNSPECIFIED.);
#1479 = CARTESIAN_POINT('',(-90.85820092578,-85.8,-180.6250385688));
#1480 = CARTESIAN_POINT('',(-90.85820092577,-85.8,-180.5329385403));
#1481 = CARTESIAN_POINT('',(-90.85820092577,-85.8,-180.4481136902));
#1482 = CARTESIAN_POINT('',(-90.85820092577,-85.8,-180.3705640185));
#1483 = CARTESIAN_POINT('',(-90.85820092577,-85.8,-180.3002895251));
#1484 = CARTESIAN_POINT('',(-90.85820092577,-85.8,-180.2372902101));
#1485 = CARTESIAN_POINT('',(-90.85820092577,-85.8,-180.1815660735));
#1486 = CARTESIAN_POINT('',(-90.85820092577,-85.8,-180.1331171153));
#1487 = CARTESIAN_POINT('',(-90.85820092577,-85.8,-180.0919433355));
#1488 = CARTESIAN_POINT('',(-90.85820092577,-85.8,-180.058044734));
#1489 = CARTESIAN_POINT('',(-90.85820092577,-85.8,-180.031421311));
#1490 = CARTESIAN_POINT('',(-90.85820092577,-85.8,-180.0120730663));
#1491 = CARTESIAN_POINT('',(-90.85820092578,-85.8,-179.9252902201));
#1492 = CARTESIAN_POINT('',(-90.85224874,-85.8,-179.850560841));
#1493 = CARTESIAN_POINT('',(-90.84029584775,-85.8,-179.7735031736));
#1494 = CARTESIAN_POINT('',(-90.82288459511,-85.8,-179.6919782437));
#1495 = CARTESIAN_POINT('',(-90.80100743933,-85.8,-179.6038925009));
#1496 = CARTESIAN_POINT('',(-90.77611728123,-85.8,-179.5072653546));
#1497 = CARTESIAN_POINT('',(-90.75021032161,-85.8,-179.4004327937));
#1498 = CARTESIAN_POINT('',(-90.72590284113,-85.8,-179.2823313499));
#1499 = CARTESIAN_POINT('',(-90.70642334931,-85.8,-179.1528066604));
#1500 = CARTESIAN_POINT('',(-90.69544149905,-85.8,-179.0128908895));
#1501 = CARTESIAN_POINT('',(-90.69665520744,-85.8,-178.8649932658));
#1502 = CARTESIAN_POINT('',(-90.72945957252,-85.8,-178.5609027214));
#1503 = CARTESIAN_POINT('',(-90.7610622699,-85.8,-178.4046699443));
#1504 = CARTESIAN_POINT('',(-90.81071321625,-85.8,-178.2479097125));
#1505 = CARTESIAN_POINT('',(-90.88092273094,-85.8,-178.09530101));
#1506 = CARTESIAN_POINT('',(-90.97236316597,-85.8,-177.9523972069));
#1507 = CARTESIAN_POINT('',(-91.08358376596,-85.8,-177.8236878323));
#1508 = CARTESIAN_POINT('',(-91.21172243649,-85.8,-177.7117602215));
#1509 = CARTESIAN_POINT('',(-91.35354700897,-85.8,-177.6178753214));
#1510 = CARTESIAN_POINT('',(-91.50610998456,-85.8,-177.5429227251));
#1511 = CARTESIAN_POINT('',(-91.66665234393,-85.8,-177.4876008444));
#1512 = CARTESIAN_POINT('',(-91.83214392464,-85.8,-177.4517790153));
#1513 = CARTESIAN_POINT('',(-92.33571215071,-85.8,-177.4024597832));
#1514 = CARTESIAN_POINT('',(-92.68083581776,-85.8,-177.4470900007));
#1515 = CARTESIAN_POINT('',(-93.0136666152,-85.8,-177.5671317522));
#1516 = CARTESIAN_POINT('',(-93.31643732449,-85.8,-177.7578077976));
#1517 = CARTESIAN_POINT('',(-93.56714643579,-85.8,-178.0040161149));
#1518 = CARTESIAN_POINT('',(-93.76741805617,-85.8,-178.2984646782));
#1519 = CARTESIAN_POINT('',(-93.87923512517,-85.8,-178.6140446617));
#1520 = CARTESIAN_POINT('',(-93.95425485459,-85.8,-178.9106112977));
#1521 = CARTESIAN_POINT('',(-93.99326665411,-85.8,-179.1975549393));
#1522 = CARTESIAN_POINT('',(-94.01594841986,-85.8,-179.4691883308));
#1523 = CARTESIAN_POINT('',(-94.02709947276,-85.8,-179.7347271358));
#1524 = CARTESIAN_POINT('',(-94.02709947276,-85.8,-180.0203015121));
#1525 = CARTESIAN_POINT('',(-94.02709947276,-85.8,-180.0463821216));
#1526 = CARTESIAN_POINT('',(-94.02709947276,-85.8,-180.0782418284));
#1527 = CARTESIAN_POINT('',(-94.02709947276,-85.8,-180.1158806325));
#1528 = CARTESIAN_POINT('',(-94.02709947276,-85.8,-180.1592985339));
#1529 = CARTESIAN_POINT('',(-94.02709947276,-85.8,-180.2084955327));
#1530 = CARTESIAN_POINT('',(-94.02709947276,-85.8,-180.2634716287));
#1531 = CARTESIAN_POINT('',(-94.02709947275,-85.8,-180.3242268221));
#1532 = CARTESIAN_POINT('',(-94.02709947275,-85.8,-180.3907611128));
#1533 = CARTESIAN_POINT('',(-94.02709947275,-85.8,-180.4630745008));
#1534 = CARTESIAN_POINT('',(-94.02709947275,-85.8,-180.5411669862));
#1535 = CARTESIAN_POINT('',(-94.02709947275,-85.8,-180.6250385688));
#1536 = ORIENTED_EDGE('',*,*,#776,.T.);
#1537 = OFFSET_SURFACE('',#1538,1.2,.F.);
#1538 = ( BOUNDED_SURFACE() B_SPLINE_SURFACE(2,12,(
    (#1539,#1540,#1541,#1542,#1543,#1544,#1545,#1546,#1547,#1548,#1549
      ,#1550,#1551,#1552,#1553,#1554,#1555,#1556,#1557,#1558,#1559,#1560
      ,#1561,#1562,#1563,#1564,#1565,#1566,#1567,#1568,#1569,#1570,#1571
      ,#1572,#1573,#1574,#1575,#1576,#1577,#1578,#1579,#1580,#1581,#1582
      ,#1583,#1584,#1585,#1586,#1587,#1588,#1589,#1590,#1591,#1592,#1593
      ,#1594,#1595)
    ,(#1596,#1597,#1598,#1599,#1600,#1601,#1602,#1603,#1604,#1605,#1606
      ,#1607,#1608,#1609,#1610,#1611,#1612,#1613,#1614,#1615,#1616,#1617
      ,#1618,#1619,#1620,#1621,#1622,#1623,#1624,#1625,#1626,#1627,#1628
      ,#1629,#1630,#1631,#1632,#1633,#1634,#1635,#1636,#1637,#1638,#1639
      ,#1640,#1641,#1642,#1643,#1644,#1645,#1646,#1647,#1648,#1649,#1650
      ,#1651,#1652)
    ,(#1653,#1654,#1655,#1656,#1657,#1658,#1659,#1660,#1661,#1662,#1663
      ,#1664,#1665,#1666,#1667,#1668,#1669,#1670,#1671,#1672,#1673,#1674
      ,#1675,#1676,#1677,#1678,#1679,#1680,#1681,#1682,#1683,#1684,#1685
      ,#1686,#1687,#1688,#1689,#1690,#1691,#1692,#1693,#1694,#1695,#1696
      ,#1697,#1698,#1699,#1700,#1701,#1702,#1703,#1704,#1705,#1706,#1707
      ,#1708,#1709
)),.UNSPECIFIED.,.F.,.F.,.F.) B_SPLINE_SURFACE_WITH_KNOTS((3,3),(13,11,
    11,11,11,13),(0.,12.56637061436),(-0.507679938322,-4.0778E-13,
    3.141592653589,6.283185307179,12.566370614359,13.047227046286),
.UNSPECIFIED.) GEOMETRIC_REPRESENTATION_ITEM() RATIONAL_B_SPLINE_SURFACE
((
    (1.,1.,1.,1.,1.,1.,1.,1.,1.,1.,1.,1.,1.,1.,1.,1.,1.,1.,1.,1.,1.,1.
      ,1.,1.,1.,1.,1.,1.,1.,1.,1.,1.,1.,1.,1.,1.,1.,1.,1.,1.,1.,1.,1.,1.
      ,1.,1.,1.,1.,1.,1.,1.,1.,1.,1.,1.,1.,1.)
    ,(0.813631665704,0.813631665704,0.813631665704,0.813631665704
      ,0.813631665704,0.813631665704,0.813631665704,0.813631665704
      ,0.813631665704,0.813631665704,0.813631665704,0.813631665704
      ,0.813631665704,0.81433332619,0.815741894065,0.817873047383
      ,0.820758519978,0.824450533344,0.829020633222,0.834548528904
      ,0.841096532558,0.848665196639,0.857125746752,0.875124069021
      ,0.884666759636,0.894428102327,0.903953253497,0.912533377615
      ,0.919740540987,0.925614021176,0.930404520019,0.934249499646
      ,0.937172334521,0.93937018555,0.943901000893,0.944191645178
      ,0.942430351609,0.938627236345,0.933246182868,0.925908192983
      ,0.915902643973,0.909182914363,0.902863537232,0.898887897886
      ,0.896844383781,0.896844383781,0.896844383781,0.896844383781
      ,0.896844383781,0.896844383781,0.896844383781,0.896844383781
      ,0.896844383781,0.896844383781,0.896844383781,0.896844383781
      ,0.896844383781)
    ,(1.,1.,1.,1.,1.,1.,1.,1.,1.,1.,1.,1.,1.,1.,1.,1.,1.,1.,1.,1.,1.,1.
      ,1.,1.,1.,1.,1.,1.,1.,1.,1.,1.,1.,1.,1.,1.,1.,1.,1.,1.,1.,1.,1.,1.
,1.,1.,1.,1.,1.,1.,1.,1.,1.,1.,1.,1.,1.
))) REPRESENTATION_ITEM('') SURFACE() );
#1539 = CARTESIAN_POINT('',(-87.07396297927,-84.29597189948,
    -180.6250385688));
#1540 = CARTESIAN_POINT('',(-87.07396297927,-84.29597189948,
    -180.5729520214));
#1541 = CARTESIAN_POINT('',(-87.07396297927,-84.29597189949,
    -180.520865474));
#1542 = CARTESIAN_POINT('',(-87.07396297927,-84.29597189949,
    -180.4687789266));
#1543 = CARTESIAN_POINT('',(-87.07396297927,-84.29597189949,
    -180.4166923792));
#1544 = CARTESIAN_POINT('',(-87.07396297927,-84.29597189949,
    -180.3646058318));
#1545 = CARTESIAN_POINT('',(-87.07396297927,-84.29597189949,
    -180.3125192844));
#1546 = CARTESIAN_POINT('',(-87.07396297927,-84.29597189949,
    -180.260432737));
#1547 = CARTESIAN_POINT('',(-87.07396297927,-84.29597189949,
    -180.2083461896));
#1548 = CARTESIAN_POINT('',(-87.07396297927,-84.29597189949,
    -180.1562596422));
#1549 = CARTESIAN_POINT('',(-87.07396297927,-84.29597189949,
    -180.1041730948));
#1550 = CARTESIAN_POINT('',(-87.07396297927,-84.29597189948,
    -180.0520865474));
#1551 = CARTESIAN_POINT('',(-87.07396297928,-84.29597189947,
    -179.6776813454));
#1552 = CARTESIAN_POINT('',(-87.0888202598,-84.30511458021,
    -179.3553764773));
#1553 = CARTESIAN_POINT('',(-87.11848712367,-84.32343765108,
    -179.0327071265));
#1554 = CARTESIAN_POINT('',(-87.16348506068,-84.35121085737,
    -178.7098464179));
#1555 = CARTESIAN_POINT('',(-87.22469897192,-84.38892643469,
    -178.3869673675));
#1556 = CARTESIAN_POINT('',(-87.30340898414,-84.43735623696,
    -178.064312771));
#1557 = CARTESIAN_POINT('',(-87.40141068332,-84.49758056189,
    -177.7426387135));
#1558 = CARTESIAN_POINT('',(-87.52107455975,-84.57089374815,
    -177.4237839245));
#1559 = CARTESIAN_POINT('',(-87.66519550415,-84.65849155476,
    -177.1111172089));
#1560 = CARTESIAN_POINT('',(-87.83648314361,-84.76084540142,
    -176.8096151798));
#1561 = CARTESIAN_POINT('',(-88.03654385201,-84.87666848674,
    -176.5253225212));
#1562 = CARTESIAN_POINT('',(-88.49186661756,-85.12608921023,
    -176.002571495));
#1563 = CARTESIAN_POINT('',(-88.74720682776,-85.2597634553,
    -175.764150736));
#1564 = CARTESIAN_POINT('',(-89.02882541857,-85.39806791841,
    -175.5532537809));
#1565 = CARTESIAN_POINT('',(-89.3345015296,-85.5350485364,
    -175.3762352587));
#1566 = CARTESIAN_POINT('',(-89.65618679817,-85.66014360082,
    -175.2328158515));
#1567 = CARTESIAN_POINT('',(-89.9858037827,-85.76633846209,
    -175.1183206564));
#1568 = CARTESIAN_POINT('',(-90.31911797856,-85.85348620682,
    -175.0279476503));
#1569 = CARTESIAN_POINT('',(-90.65488787535,-85.92486817506,
    -174.9590748422));
#1570 = CARTESIAN_POINT('',(-90.99206006316,-85.98237741327,
    -174.9109452034));
#1571 = CARTESIAN_POINT('',(-91.32896504974,-86.02627690269,
    -174.8830930946));
#1572 = CARTESIAN_POINT('',(-91.66528430424,-86.05931251662,
    -174.8745946719));
#1573 = CARTESIAN_POINT('',(-92.6694313915,-86.12751980641,
    -174.907723581));
#1574 = CARTESIAN_POINT('',(-93.33273986396,-86.13204179184,
    -175.0075948554));
#1575 = CARTESIAN_POINT('',(-93.98146013227,-86.10547757939,
    -175.1857933539));
#1576 = CARTESIAN_POINT('',(-94.61704560808,-86.04751953516,
    -175.4371403842));
#1577 = CARTESIAN_POINT('',(-95.20575578931,-85.96760294649,
    -175.7905128403));
#1578 = CARTESIAN_POINT('',(-95.77827295394,-85.85541605054,
    -176.184869641));
#1579 = CARTESIAN_POINT('',(-96.2684712699,-85.70954425552,
    -176.7386891011));
#1580 = CARTESIAN_POINT('',(-96.63798875686,-85.61208092402,
    -177.3275022185));
#1581 = CARTESIAN_POINT('',(-96.92330768363,-85.52096648092,
    -177.9712150094));
#1582 = CARTESIAN_POINT('',(-97.10781283156,-85.46397014698,
    -178.6384904598));
#1583 = CARTESIAN_POINT('',(-97.20082503799,-85.43463878975,
    -179.3194030325));
#1584 = CARTESIAN_POINT('',(-97.20082503798,-85.43463878976,
    -180.0520865474));
#1585 = CARTESIAN_POINT('',(-97.20082503798,-85.43463878976,
    -180.1041730948));
#1586 = CARTESIAN_POINT('',(-97.20082503798,-85.43463878976,
    -180.1562596422));
#1587 = CARTESIAN_POINT('',(-97.20082503798,-85.43463878976,
    -180.2083461896));
#1588 = CARTESIAN_POINT('',(-97.20082503798,-85.43463878976,
    -180.260432737));
#1589 = CARTESIAN_POINT('',(-97.20082503798,-85.43463878976,
    -180.3125192844));
#1590 = CARTESIAN_POINT('',(-97.20082503798,-85.43463878976,
    -180.3646058318));
#1591 = CARTESIAN_POINT('',(-97.20082503798,-85.43463878976,
    -180.4166923792));
#1592 = CARTESIAN_POINT('',(-97.20082503798,-85.43463878976,
    -180.4687789266));
#1593 = CARTESIAN_POINT('',(-97.20082503798,-85.43463878976,
    -180.520865474));
#1594 = CARTESIAN_POINT('',(-97.20082503798,-85.43463878976,
    -180.5729520214));
#1595 = CARTESIAN_POINT('',(-97.20082503798,-85.43463878976,
    -180.6250385688));
#1596 = CARTESIAN_POINT('',(-88.,-87.,-180.6250385688));
#1597 = CARTESIAN_POINT('',(-88.,-87.,-180.5631603631));
#1598 = CARTESIAN_POINT('',(-88.,-87.,-180.5030624589));
#1599 = CARTESIAN_POINT('',(-88.,-87.,-180.4447448563));
#1600 = CARTESIAN_POINT('',(-88.,-87.,-180.3882075551));
#1601 = CARTESIAN_POINT('',(-88.,-87.,-180.3334505554));
#1602 = CARTESIAN_POINT('',(-88.,-87.,-180.2804738573));
#1603 = CARTESIAN_POINT('',(-88.,-87.,-180.2292774606));
#1604 = CARTESIAN_POINT('',(-88.,-87.,-180.1798613655));
#1605 = CARTESIAN_POINT('',(-88.,-87.,-180.1322255718));
#1606 = CARTESIAN_POINT('',(-88.,-87.,-180.0863700797));
#1607 = CARTESIAN_POINT('',(-88.,-87.,-180.0422948891));
#1608 = CARTESIAN_POINT('',(-88.,-87.,-179.7382734614));
#1609 = CARTESIAN_POINT('',(-88.01468090917,-87.,-179.476977863));
#1610 = CARTESIAN_POINT('',(-88.04396415471,-86.99999999999,
    -179.2163820186));
#1611 = CARTESIAN_POINT('',(-88.08812870115,-87.,-178.9570509936));
#1612 = CARTESIAN_POINT('',(-88.14770385294,-86.99999999999,
    -178.6995937748));
#1613 = CARTESIAN_POINT('',(-88.22349023784,-87.,-178.4447388211));
#1614 = CARTESIAN_POINT('',(-88.31659995649,-86.99999999999,
    -178.1935970331));
#1615 = CARTESIAN_POINT('',(-88.42841373409,-87.,-177.9479590346));
#1616 = CARTESIAN_POINT('',(-88.56036698861,-87.,-177.7104669332));
#1617 = CARTESIAN_POINT('',(-88.71349918421,-87.,-177.4845033315));
#1618 = CARTESIAN_POINT('',(-88.88773096761,-87.,-177.2736569497));
#1619 = CARTESIAN_POINT('',(-89.2700256911,-87.,-176.8916239948));
#1620 = CARTESIAN_POINT('',(-89.47697683784,-87.,-176.720114218));
#1621 = CARTESIAN_POINT('',(-89.70000453297,-87.,-176.5677719254));
#1622 = CARTESIAN_POINT('',(-89.93690023483,-86.99999999999,
    -176.4363036771));
#1623 = CARTESIAN_POINT('',(-90.18302196745,-87.,-176.3238503647));
#1624 = CARTESIAN_POINT('',(-90.4346618037,-86.99999999999,
    -176.2278810131));
#1625 = CARTESIAN_POINT('',(-90.6902989422,-87.,-176.1475211443));
#1626 = CARTESIAN_POINT('',(-90.94942955976,-87.,-176.083335099));
#1627 = CARTESIAN_POINT('',(-91.2111452763,-87.,-176.0358586048));
#1628 = CARTESIAN_POINT('',(-91.47410703915,-87.,-176.0050907278));
#1629 = CARTESIAN_POINT('',(-91.7374788271,-87.,-175.9915346384));
#1630 = CARTESIAN_POINT('',(-92.52252209217,-87.,-176.002634595));
#1631 = CARTESIAN_POINT('',(-93.04634424689,-87.,-176.0786214105));
#1632 = CARTESIAN_POINT('',(-93.55978048912,-87.,-176.2265702126));
#1633 = CARTESIAN_POINT('',(-94.05544338692,-87.,-176.443270254));
#1634 = CARTESIAN_POINT('',(-94.51113835966,-86.99999999999,
    -176.7355495965));
#1635 = CARTESIAN_POINT('',(-94.93696336259,-87.,-177.0770503601));
#1636 = CARTESIAN_POINT('',(-95.29853640407,-86.99999999999,
    -177.4981001624));
#1637 = CARTESIAN_POINT('',(-95.57578741926,-87.,-177.9549879156));
#1638 = CARTESIAN_POINT('',(-95.7893579637,-86.99999999999,
    -178.4454713288));
#1639 = CARTESIAN_POINT('',(-95.92917176853,-87.,-178.9551905762));
#1640 = CARTESIAN_POINT('',(-96.,-87.,-179.4765469228));
#1641 = CARTESIAN_POINT('',(-96.,-87.,-180.0400602189));
#1642 = CARTESIAN_POINT('',(-96.,-87.,-180.082307043));
#1643 = CARTESIAN_POINT('',(-96.,-87.,-180.1267404723));
#1644 = CARTESIAN_POINT('',(-96.,-87.,-180.1733605067));
#1645 = CARTESIAN_POINT('',(-96.,-87.,-180.2221671464));
#1646 = CARTESIAN_POINT('',(-96.,-87.,-180.2731603912));
#1647 = CARTESIAN_POINT('',(-96.,-87.,-180.3263402412));
#1648 = CARTESIAN_POINT('',(-96.,-87.,-180.3817066963));
#1649 = CARTESIAN_POINT('',(-96.,-87.,-180.4392597567));
#1650 = CARTESIAN_POINT('',(-96.,-87.,-180.4989994222));
#1651 = CARTESIAN_POINT('',(-96.,-87.,-180.5609256929));
#1652 = CARTESIAN_POINT('',(-96.,-87.,-180.6250385688));
#1653 = CARTESIAN_POINT('',(-90.85820092578,-87.,-180.6250385688));
#1654 = CARTESIAN_POINT('',(-90.85820092577,-87.,-180.5329385403));
#1655 = CARTESIAN_POINT('',(-90.85820092577,-87.,-180.4481136902));
#1656 = CARTESIAN_POINT('',(-90.85820092577,-87.,-180.3705640185));
#1657 = CARTESIAN_POINT('',(-90.85820092577,-87.,-180.3002895251));
#1658 = CARTESIAN_POINT('',(-90.85820092577,-87.,-180.2372902101));
#1659 = CARTESIAN_POINT('',(-90.85820092577,-87.,-180.1815660735));
#1660 = CARTESIAN_POINT('',(-90.85820092577,-87.,-180.1331171153));
#1661 = CARTESIAN_POINT('',(-90.85820092577,-87.,-180.0919433355));
#1662 = CARTESIAN_POINT('',(-90.85820092577,-87.,-180.058044734));
#1663 = CARTESIAN_POINT('',(-90.85820092577,-87.,-180.031421311));
#1664 = CARTESIAN_POINT('',(-90.85820092577,-87.,-180.0120730663));
#1665 = CARTESIAN_POINT('',(-90.85820092578,-86.99999999999,
    -179.9252902201));
#1666 = CARTESIAN_POINT('',(-90.85224874,-87.00000000004,-179.850560841)
  );
#1667 = CARTESIAN_POINT('',(-90.84029584775,-86.99999999988,
    -179.7735031736));
#1668 = CARTESIAN_POINT('',(-90.82288459511,-87.00000000021,
    -179.6919782437));
#1669 = CARTESIAN_POINT('',(-90.80100743933,-86.99999999969,
    -179.6038925009));
#1670 = CARTESIAN_POINT('',(-90.77611728123,-87.00000000034,
    -179.5072653546));
#1671 = CARTESIAN_POINT('',(-90.75021032161,-86.9999999997,
    -179.4004327937));
#1672 = CARTESIAN_POINT('',(-90.72590284113,-87.00000000019,
    -179.2823313499));
#1673 = CARTESIAN_POINT('',(-90.70642334931,-86.9999999999,
    -179.1528066604));
#1674 = CARTESIAN_POINT('',(-90.69544149905,-87.00000000003,
    -179.0128908895));
#1675 = CARTESIAN_POINT('',(-90.69665520744,-86.99999999999,
    -178.8649932658));
#1676 = CARTESIAN_POINT('',(-90.72945957252,-87.,-178.5609027214));
#1677 = CARTESIAN_POINT('',(-90.7610622699,-87.00000000001,
    -178.4046699443));
#1678 = CARTESIAN_POINT('',(-90.81071321625,-86.99999999995,
    -178.2479097125));
#1679 = CARTESIAN_POINT('',(-90.88092273094,-87.0000000001,-178.09530101
    ));
#1680 = CARTESIAN_POINT('',(-90.97236316597,-86.99999999983,
    -177.9523972069));
#1681 = CARTESIAN_POINT('',(-91.08358376596,-87.00000000019,
    -177.8236878323));
#1682 = CARTESIAN_POINT('',(-91.21172243649,-86.99999999983,
    -177.7117602215));
#1683 = CARTESIAN_POINT('',(-91.35354700897,-87.00000000011,
    -177.6178753214));
#1684 = CARTESIAN_POINT('',(-91.50610998456,-86.99999999994,
    -177.5429227251));
#1685 = CARTESIAN_POINT('',(-91.66665234393,-87.00000000001,
    -177.4876008444));
#1686 = CARTESIAN_POINT('',(-91.83214392464,-86.99999999999,
    -177.4517790153));
#1687 = CARTESIAN_POINT('',(-92.33571215071,-86.99999999999,
    -177.4024597832));
#1688 = CARTESIAN_POINT('',(-92.68083581776,-87.00000000002,
    -177.4470900007));
#1689 = CARTESIAN_POINT('',(-93.0136666152,-86.99999999993,
    -177.5671317522));
#1690 = CARTESIAN_POINT('',(-93.31643732449,-87.00000000012,
    -177.7578077976));
#1691 = CARTESIAN_POINT('',(-93.56714643579,-86.99999999983,
    -178.0040161149));
#1692 = CARTESIAN_POINT('',(-93.76741805617,-87.00000000016,
    -178.2984646782));
#1693 = CARTESIAN_POINT('',(-93.87923512517,-86.99999999986,
    -178.6140446617));
#1694 = CARTESIAN_POINT('',(-93.95425485459,-87.00000000008,
    -178.9106112977));
#1695 = CARTESIAN_POINT('',(-93.99326665411,-86.99999999995,
    -179.1975549393));
#1696 = CARTESIAN_POINT('',(-94.01594841986,-87.00000000001,
    -179.4691883308));
#1697 = CARTESIAN_POINT('',(-94.02709947276,-86.99999999999,
    -179.7347271358));
#1698 = CARTESIAN_POINT('',(-94.02709947276,-87.,-180.0203015121));
#1699 = CARTESIAN_POINT('',(-94.02709947276,-87.,-180.0463821216));
#1700 = CARTESIAN_POINT('',(-94.02709947276,-87.,-180.0782418284));
#1701 = CARTESIAN_POINT('',(-94.02709947276,-87.,-180.1158806325));
#1702 = CARTESIAN_POINT('',(-94.02709947276,-87.,-180.1592985339));
#1703 = CARTESIAN_POINT('',(-94.02709947276,-87.,-180.2084955327));
#1704 = CARTESIAN_POINT('',(-94.02709947276,-87.,-180.2634716287));
#1705 = CARTESIAN_POINT('',(-94.02709947275,-87.,-180.3242268221));
#1706 = CARTESIAN_POINT('',(-94.02709947275,-87.,-180.3907611128));
#1707 = CARTESIAN_POINT('',(-94.02709947275,-87.,-180.4630745008));
#1708 = CARTESIAN_POINT('',(-94.02709947275,-87.,-180.5411669862));
#1709 = CARTESIAN_POINT('',(-94.02709947275,-87.,-180.6250385688));
#1710 = ADVANCED_FACE('',(#1711),#1746,.T.);
#1711 = FACE_BOUND('',#1712,.T.);
#1712 = EDGE_LOOP('',(#1713,#1738,#1739,#1740));
#1713 = ORIENTED_EDGE('',*,*,#1714,.T.);
#1714 = EDGE_CURVE('',#1715,#203,#1717,.T.);
#1715 = VERTEX_POINT('',#1716);
#1716 = CARTESIAN_POINT('',(-83.5,-57.3,-153.7056393294));
#1717 = ( BOUNDED_CURVE() B_SPLINE_CURVE(7,(#1718,#1719,#1720,#1721,
    #1722,#1723,#1724,#1725,#1726,#1727,#1728,#1729,#1730,#1731,#1732,
    #1733,#1734,#1735,#1736,#1737),.UNSPECIFIED.,.F.,.F.) 
B_SPLINE_CURVE_WITH_KNOTS((8,6,6,8),(0.,1.687403955182E-02,
0.542971804102,1.),.UNSPECIFIED.) CURVE() GEOMETRIC_REPRESENTATION_ITEM(
) RATIONAL_B_SPLINE_CURVE((1.,1.,1.,1.,1.,1.,1.,1.,1.,1.,1.,1.,1.,1.,1.,
1.,1.,1.,1.,1.)) REPRESENTATION_ITEM('') );
#1718 = CARTESIAN_POINT('',(-83.5,-57.3,-153.7056393294));
#1719 = CARTESIAN_POINT('',(-83.47532274066,-57.3,-153.7670926629));
#1720 = CARTESIAN_POINT('',(-83.45070242754,-57.29989551987,
    -153.8285621121));
#1721 = CARTESIAN_POINT('',(-83.42613959402,-57.29968742939,
    -153.890047571));
#1722 = CARTESIAN_POINT('',(-83.4016346254,-57.29937659475,
    -153.9515489641));
#1723 = CARTESIAN_POINT('',(-83.37718784015,-57.29896387884,
    -154.0130662247));
#1724 = CARTESIAN_POINT('',(-83.3527995712,-57.29845014151,
    -154.074599273));
#1725 = CARTESIAN_POINT('',(-82.56993208197,-57.27869605179,
    -156.0551102625));
#1726 = CARTESIAN_POINT('',(-81.86907495165,-57.16216989976,
    -157.9884112676));
#1727 = CARTESIAN_POINT('',(-81.23565924933,-56.97456100691,
    -159.9348635339));
#1728 = CARTESIAN_POINT('',(-80.66951505276,-56.73755672338,
    -161.891969155));
#1729 = CARTESIAN_POINT('',(-80.16764522231,-56.46743162068,
    -163.8574718016));
#1730 = CARTESIAN_POINT('',(-79.7281206731,-56.17800900379,
    -165.8304973342));
#1731 = CARTESIAN_POINT('',(-79.0229563293,-55.63490825169,
    -169.5338868758));
#1732 = CARTESIAN_POINT('',(-78.7421403808,-55.38145558041,
    -171.2616404291));
#1733 = CARTESIAN_POINT('',(-78.50874698821,-55.13982518194,
    -172.9960559349));
#1734 = CARTESIAN_POINT('',(-78.32385308026,-54.92253259662,
    -174.7363539522));
#1735 = CARTESIAN_POINT('',(-78.1926905163,-54.75230087324,
    -176.4873500035));
#1736 = CARTESIAN_POINT('',(-78.12761168961,-54.66862613368,
    -178.2435799557));
#1737 = CARTESIAN_POINT('',(-78.12761168961,-54.66862613368,-180.));
#1738 = ORIENTED_EDGE('',*,*,#202,.T.);
#1739 = ORIENTED_EDGE('',*,*,#1333,.F.);
#1740 = ORIENTED_EDGE('',*,*,#1741,.F.);
#1741 = EDGE_CURVE('',#1715,#1334,#1742,.T.);
#1742 = ( BOUNDED_CURVE() B_SPLINE_CURVE(2,(#1743,#1744,#1745),
.UNSPECIFIED.,.F.,.F.) B_SPLINE_CURVE_WITH_KNOTS((3,3),(0.,1.),
.PIECEWISE_BEZIER_KNOTS.) CURVE() GEOMETRIC_REPRESENTATION_ITEM() 
RATIONAL_B_SPLINE_CURVE((1.,0.856797954996,1.)) REPRESENTATION_ITEM('') 
  );
#1743 = CARTESIAN_POINT('',(-83.5,-57.3,-153.7056393294));
#1744 = CARTESIAN_POINT('',(-84.15298896676,-57.29999999984,
    -154.0141579103));
#1745 = CARTESIAN_POINT('',(-84.45872197389,-57.93815343403,
    -154.158607998));
#1746 = ( BOUNDED_SURFACE() B_SPLINE_SURFACE(2,7,(
    (#1747,#1748,#1749,#1750,#1751,#1752,#1753,#1754,#1755,#1756,#1757
      ,#1758,#1759,#1760,#1761,#1762,#1763,#1764,#1765,#1766)
    ,(#1767,#1768,#1769,#1770,#1771,#1772,#1773,#1774,#1775,#1776,#1777
      ,#1778,#1779,#1780,#1781,#1782,#1783,#1784,#1785,#1786)
    ,(#1787,#1788,#1789,#1790,#1791,#1792,#1793,#1794,#1795,#1796,#1797
      ,#1798,#1799,#1800,#1801,#1802,#1803,#1804,#1805,#1806
)),.UNSPECIFIED.,.F.,.F.,.F.) B_SPLINE_SURFACE_WITH_KNOTS((3,3),(8,6,6,8
    ),(0.,1.),(0.,1.687403955182E-02,0.542971804102,1.),.UNSPECIFIED.) 
GEOMETRIC_REPRESENTATION_ITEM() RATIONAL_B_SPLINE_SURFACE((
    (1.,1.,1.,1.,1.,1.,1.,1.,1.,1.,1.,1.,1.,1.,1.,1.,1.,1.,1.,1.)
    ,(0.856804684586,0.857408473425,0.857997482275,0.858598473156
      ,0.859208158297,0.859811924074,0.860402554962,0.879593558192
      ,0.896965544623,0.912872862533,0.927100622674,0.939560338132
      ,0.950273765029,0.967031605159,0.973504466666,0.978666880531
      ,0.982537747243,0.98512860526,0.98642270012,0.98642270012)
    ,(1.,1.,1.,1.,1.,1.,1.,1.,1.,1.,1.,1.,1.,1.,1.,1.,1.,1.,1.,1.
))) REPRESENTATION_ITEM('') SURFACE() );
#1747 = CARTESIAN_POINT('',(-84.45872157917,-57.93812575772,
    -154.1585745019));
#1748 = CARTESIAN_POINT('',(-84.43092457542,-57.93912177588,
    -154.2186490876));
#1749 = CARTESIAN_POINT('',(-84.40322271498,-57.94004781571,
    -154.2787341746));
#1750 = CARTESIAN_POINT('',(-84.37554640754,-57.94079399796,
    -154.3388415457));
#1751 = CARTESIAN_POINT('',(-84.34790474448,-57.94137491499,
    -154.3989696408));
#1752 = CARTESIAN_POINT('',(-84.32033645057,-57.94185205722,
    -154.4591119038));
#1753 = CARTESIAN_POINT('',(-84.2928608358,-57.94225623953,
    -154.5192651289));
#1754 = CARTESIAN_POINT('',(-83.41015277533,-57.95042262018,
    -156.4554978571));
#1755 = CARTESIAN_POINT('',(-82.6155516419,-57.84043323706,
    -158.3464639637));
#1756 = CARTESIAN_POINT('',(-81.89382074836,-57.64268004704,
    -160.2524931402));
#1757 = CARTESIAN_POINT('',(-81.24621881324,-57.38291887205,
    -162.1714172582));
#1758 = CARTESIAN_POINT('',(-80.67041023605,-57.08079991175,
    -164.1008951564));
#1759 = CARTESIAN_POINT('',(-80.16479120519,-56.75299994957,
    -166.039864278));
#1760 = CARTESIAN_POINT('',(-79.35191645404,-56.13297968841,
    -169.6827857462));
#1761 = CARTESIAN_POINT('',(-79.02741299016,-55.84165129675,
    -171.3837168009));
#1762 = CARTESIAN_POINT('',(-78.75717298135,-55.5625433209,
    -173.0924322492));
#1763 = CARTESIAN_POINT('',(-78.54271938078,-55.31059687243,
    -174.807934858));
#1764 = CARTESIAN_POINT('',(-78.39038839001,-55.11271781707,
    -176.5348342725));
#1765 = CARTESIAN_POINT('',(-78.3148145482,-55.01547446978,
    -178.267323817));
#1766 = CARTESIAN_POINT('',(-78.3148145482,-55.01547446978,-180.));
#1767 = CARTESIAN_POINT('',(-84.15297844047,-57.29999999989,
    -154.01413025));
#1768 = CARTESIAN_POINT('',(-84.12685170809,-57.30236799008,
    -154.0741674371));
#1769 = CARTESIAN_POINT('',(-84.10081043816,-57.30461470712,
    -154.1342457234));
#1770 = CARTESIAN_POINT('',(-84.07476608922,-57.30674023297,
    -154.1943551131));
#1771 = CARTESIAN_POINT('',(-84.0487313895,-57.30874536029,
    -154.254494233));
#1772 = CARTESIAN_POINT('',(-84.02275505591,-57.31063130168,
    -154.3146695904));
#1773 = CARTESIAN_POINT('',(-83.99686019046,-57.31239910678,
    -154.3748869897));
#1774 = CARTESIAN_POINT('',(-83.1818929508,-57.36436200975,
    -156.2725646962));
#1775 = CARTESIAN_POINT('',(-82.43103708902,-57.30508888755,
    -158.1482455283));
#1776 = CARTESIAN_POINT('',(-81.73600012581,-57.15730709276,
    -160.0592435645));
#1777 = CARTESIAN_POINT('',(-81.10520309811,-56.94336653753,
    -161.9979779028));
#1778 = CARTESIAN_POINT('',(-80.54152875112,-56.68254196124,
    -163.9563016323));
#1779 = CARTESIAN_POINT('',(-80.04588011733,-56.39238083402,
    -165.9275454217));
#1780 = CARTESIAN_POINT('',(-79.25695813286,-55.84104702683,
    -169.5995018785));
#1781 = CARTESIAN_POINT('',(-78.94247799802,-55.58021171493,
    -171.3075002315));
#1782 = CARTESIAN_POINT('',(-78.67961620136,-55.32724775189,
    -173.0297685586));
#1783 = CARTESIAN_POINT('',(-78.47096224696,-55.09688530234,
    -174.7622670211));
#1784 = CARTESIAN_POINT('',(-78.32313974363,-54.91529276743,
    -176.5071636026));
#1785 = CARTESIAN_POINT('',(-78.25008593215,-54.82646691092,
    -178.2557809503));
#1786 = CARTESIAN_POINT('',(-78.25008593215,-54.82646691092,-180.));
#1787 = CARTESIAN_POINT('',(-83.5,-57.3,-153.7056393294));
#1788 = CARTESIAN_POINT('',(-83.47532274066,-57.3,-153.7670926629));
#1789 = CARTESIAN_POINT('',(-83.45070242754,-57.29989551987,
    -153.8285621121));
#1790 = CARTESIAN_POINT('',(-83.42613959402,-57.29968742939,
    -153.890047571));
#1791 = CARTESIAN_POINT('',(-83.4016346254,-57.29937659475,
    -153.9515489641));
#1792 = CARTESIAN_POINT('',(-83.37718784015,-57.29896387884,
    -154.0130662247));
#1793 = CARTESIAN_POINT('',(-83.3527995712,-57.29845014151,
    -154.074599273));
#1794 = CARTESIAN_POINT('',(-82.56993208197,-57.27869605179,
    -156.0551102625));
#1795 = CARTESIAN_POINT('',(-81.86907495165,-57.16216989976,
    -157.9884112676));
#1796 = CARTESIAN_POINT('',(-81.23565924933,-56.97456100691,
    -159.9348635339));
#1797 = CARTESIAN_POINT('',(-80.66951505276,-56.73755672338,
    -161.891969155));
#1798 = CARTESIAN_POINT('',(-80.16764522231,-56.46743162068,
    -163.8574718016));
#1799 = CARTESIAN_POINT('',(-79.7281206731,-56.17800900379,
    -165.8304973342));
#1800 = CARTESIAN_POINT('',(-79.0229563293,-55.63490825169,
    -169.5338868758));
#1801 = CARTESIAN_POINT('',(-78.7421403808,-55.38145558041,
    -171.2616404291));
#1802 = CARTESIAN_POINT('',(-78.50874698821,-55.13982518194,
    -172.9960559349));
#1803 = CARTESIAN_POINT('',(-78.32385308026,-54.92253259662,
    -174.7363539522));
#1804 = CARTESIAN_POINT('',(-78.1926905163,-54.75230087324,
    -176.4873500035));
#1805 = CARTESIAN_POINT('',(-78.12761168961,-54.66862613368,
    -178.2435799557));
#1806 = CARTESIAN_POINT('',(-78.12761168961,-54.66862613368,-180.));
#1807 = ADVANCED_FACE('',(#1808),#1812,.F.);
#1808 = FACE_BOUND('',#1809,.F.);
#1809 = EDGE_LOOP('',(#1810,#1811));
#1810 = ORIENTED_EDGE('',*,*,#1477,.T.);
#1811 = ORIENTED_EDGE('',*,*,#808,.T.);
#1812 = PLANE('',#1813);
#1813 = AXIS2_PLACEMENT_3D('',#1814,#1815,#1816);
#1814 = CARTESIAN_POINT('',(-92.,-85.8,-178.6143593539));
#1815 = DIRECTION('',(0.,-1.,-1.089776975375E-16));
#1816 = DIRECTION('',(0.,1.089776975375E-16,-1.));
#1817 = ADVANCED_FACE('',(#1818),#1845,.F.);
#1818 = FACE_BOUND('',#1819,.F.);
#1819 = EDGE_LOOP('',(#1820,#1821,#1822,#1830,#1839));
#1820 = ORIENTED_EDGE('',*,*,#1714,.T.);
#1821 = ORIENTED_EDGE('',*,*,#217,.F.);
#1822 = ORIENTED_EDGE('',*,*,#1823,.T.);
#1823 = EDGE_CURVE('',#218,#1824,#1826,.T.);
#1824 = VERTEX_POINT('',#1825);
#1825 = CARTESIAN_POINT('',(-76.7,-50.5,-90.));
#1826 = LINE('',#1827,#1828);
#1827 = CARTESIAN_POINT('',(-76.7,-50.5,-180.));
#1828 = VECTOR('',#1829,1.);
#1829 = DIRECTION('',(0.,3.310223024625E-16,1.));
#1830 = ORIENTED_EDGE('',*,*,#1831,.T.);
#1831 = EDGE_CURVE('',#1824,#1832,#1834,.T.);
#1832 = VERTEX_POINT('',#1833);
#1833 = CARTESIAN_POINT('',(-83.5,-57.3,-90.));
#1834 = CIRCLE('',#1835,6.8);
#1835 = AXIS2_PLACEMENT_3D('',#1836,#1837,#1838);
#1836 = CARTESIAN_POINT('',(-83.5,-50.5,-90.));
#1837 = DIRECTION('',(0.,-3.310223024625E-16,-1.));
#1838 = DIRECTION('',(1.,0.,0.));
#1839 = ORIENTED_EDGE('',*,*,#1840,.F.);
#1840 = EDGE_CURVE('',#1715,#1832,#1841,.T.);
#1841 = LINE('',#1842,#1843);
#1842 = CARTESIAN_POINT('',(-83.5,-57.3,-180.));
#1843 = VECTOR('',#1844,1.);
#1844 = DIRECTION('',(0.,3.310223024625E-16,1.));
#1845 = CYLINDRICAL_SURFACE('',#1846,6.8);
#1846 = AXIS2_PLACEMENT_3D('',#1847,#1848,#1849);
#1847 = CARTESIAN_POINT('',(-83.5,-50.5,-180.));
#1848 = DIRECTION('',(0.,-3.310223024625E-16,-1.));
#1849 = DIRECTION('',(1.,0.,0.));
#1850 = ADVANCED_FACE('',(#1851,#1967),#2088,.T.);
#1851 = FACE_BOUND('',#1852,.T.);
#1852 = EDGE_LOOP('',(#1853,#1863,#1871,#1879,#1888,#1896,#1904,#1912,
    #1921,#1929,#1937,#1945,#1953,#1961));
#1853 = ORIENTED_EDGE('',*,*,#1854,.T.);
#1854 = EDGE_CURVE('',#1855,#1857,#1859,.T.);
#1855 = VERTEX_POINT('',#1856);
#1856 = CARTESIAN_POINT('',(-76.7,-32.,-151.5));
#1857 = VERTEX_POINT('',#1858);
#1858 = CARTESIAN_POINT('',(-76.7,-34.15,-151.5));
#1859 = LINE('',#1860,#1861);
#1860 = CARTESIAN_POINT('',(-76.7,-32.,-151.5));
#1861 = VECTOR('',#1862,1.);
#1862 = DIRECTION('',(0.,-1.,1.110223024625E-16));
#1863 = ORIENTED_EDGE('',*,*,#1864,.T.);
#1864 = EDGE_CURVE('',#1857,#1865,#1867,.T.);
#1865 = VERTEX_POINT('',#1866);
#1866 = CARTESIAN_POINT('',(-76.7,-35.15,-152.5));
#1867 = LINE('',#1868,#1869);
#1868 = CARTESIAN_POINT('',(-76.7,-45.6125,-162.9625));
#1869 = VECTOR('',#1870,1.);
#1870 = DIRECTION('',(0.,-0.707106781187,-0.707106781187));
#1871 = ORIENTED_EDGE('',*,*,#1872,.T.);
#1872 = EDGE_CURVE('',#1865,#1873,#1875,.T.);
#1873 = VERTEX_POINT('',#1874);
#1874 = CARTESIAN_POINT('',(-76.7,-35.15,-153.3864471274));
#1875 = LINE('',#1876,#1877);
#1876 = CARTESIAN_POINT('',(-76.7,-35.15,-151.5));
#1877 = VECTOR('',#1878,1.);
#1878 = DIRECTION('',(0.,-3.310223024625E-16,-1.));
#1879 = ORIENTED_EDGE('',*,*,#1880,.F.);
#1880 = EDGE_CURVE('',#1881,#1873,#1883,.T.);
#1881 = VERTEX_POINT('',#1882);
#1882 = CARTESIAN_POINT('',(-76.7,-35.15,-155.6135528725));
#1883 = CIRCLE('',#1884,1.75);
#1884 = AXIS2_PLACEMENT_3D('',#1885,#1886,#1887);
#1885 = CARTESIAN_POINT('',(-76.7,-36.5,-154.5));
#1886 = DIRECTION('',(1.,0.,-0.));
#1887 = DIRECTION('',(0.,1.110223024625E-16,1.));
#1888 = ORIENTED_EDGE('',*,*,#1889,.T.);
#1889 = EDGE_CURVE('',#1881,#1890,#1892,.T.);
#1890 = VERTEX_POINT('',#1891);
#1891 = CARTESIAN_POINT('',(-76.7,-35.15,-157.5));
#1892 = LINE('',#1893,#1894);
#1893 = CARTESIAN_POINT('',(-76.7,-35.15,-151.5));
#1894 = VECTOR('',#1895,1.);
#1895 = DIRECTION('',(0.,-3.310223024625E-16,-1.));
#1896 = ORIENTED_EDGE('',*,*,#1897,.F.);
#1897 = EDGE_CURVE('',#1898,#1890,#1900,.T.);
#1898 = VERTEX_POINT('',#1899);
#1899 = CARTESIAN_POINT('',(-76.7,-37.85,-157.5));
#1900 = LINE('',#1901,#1902);
#1901 = CARTESIAN_POINT('',(-76.7,-37.85,-157.5));
#1902 = VECTOR('',#1903,1.);
#1903 = DIRECTION('',(0.,1.,-1.110223024625E-16));
#1904 = ORIENTED_EDGE('',*,*,#1905,.F.);
#1905 = EDGE_CURVE('',#1906,#1898,#1908,.T.);
#1906 = VERTEX_POINT('',#1907);
#1907 = CARTESIAN_POINT('',(-76.7,-37.85,-155.6135528725));
#1908 = LINE('',#1909,#1910);
#1909 = CARTESIAN_POINT('',(-76.7,-37.85,-151.5));
#1910 = VECTOR('',#1911,1.);
#1911 = DIRECTION('',(0.,-3.310223024625E-16,-1.));
#1912 = ORIENTED_EDGE('',*,*,#1913,.F.);
#1913 = EDGE_CURVE('',#1914,#1906,#1916,.T.);
#1914 = VERTEX_POINT('',#1915);
#1915 = CARTESIAN_POINT('',(-76.7,-37.85,-153.3864471274));
#1916 = CIRCLE('',#1917,1.75);
#1917 = AXIS2_PLACEMENT_3D('',#1918,#1919,#1920);
#1918 = CARTESIAN_POINT('',(-76.7,-36.5,-154.5));
#1919 = DIRECTION('',(1.,0.,-0.));
#1920 = DIRECTION('',(0.,1.110223024625E-16,1.));
#1921 = ORIENTED_EDGE('',*,*,#1922,.F.);
#1922 = EDGE_CURVE('',#1923,#1914,#1925,.T.);
#1923 = VERTEX_POINT('',#1924);
#1924 = CARTESIAN_POINT('',(-76.7,-37.85,-152.5));
#1925 = LINE('',#1926,#1927);
#1926 = CARTESIAN_POINT('',(-76.7,-37.85,-151.5));
#1927 = VECTOR('',#1928,1.);
#1928 = DIRECTION('',(0.,-3.310223024625E-16,-1.));
#1929 = ORIENTED_EDGE('',*,*,#1930,.T.);
#1930 = EDGE_CURVE('',#1923,#1931,#1933,.T.);
#1931 = VERTEX_POINT('',#1932);
#1932 = CARTESIAN_POINT('',(-76.7,-38.85,-151.5));
#1933 = LINE('',#1934,#1935);
#1934 = CARTESIAN_POINT('',(-76.7,-34.3875,-155.9625));
#1935 = VECTOR('',#1936,1.);
#1936 = DIRECTION('',(0.,-0.707106781187,0.707106781187));
#1937 = ORIENTED_EDGE('',*,*,#1938,.T.);
#1938 = EDGE_CURVE('',#1931,#1939,#1941,.T.);
#1939 = VERTEX_POINT('',#1940);
#1940 = CARTESIAN_POINT('',(-76.7,-41.,-151.5));
#1941 = LINE('',#1942,#1943);
#1942 = CARTESIAN_POINT('',(-76.7,-32.,-151.5));
#1943 = VECTOR('',#1944,1.);
#1944 = DIRECTION('',(0.,-1.,1.110223024625E-16));
#1945 = ORIENTED_EDGE('',*,*,#1946,.T.);
#1946 = EDGE_CURVE('',#1939,#1947,#1949,.T.);
#1947 = VERTEX_POINT('',#1948);
#1948 = CARTESIAN_POINT('',(-76.7,-41.,-161.5));
#1949 = LINE('',#1950,#1951);
#1950 = CARTESIAN_POINT('',(-76.7,-41.,-151.5));
#1951 = VECTOR('',#1952,1.);
#1952 = DIRECTION('',(0.,-1.110223024625E-16,-1.));
#1953 = ORIENTED_EDGE('',*,*,#1954,.T.);
#1954 = EDGE_CURVE('',#1947,#1955,#1957,.T.);
#1955 = VERTEX_POINT('',#1956);
#1956 = CARTESIAN_POINT('',(-76.7,-32.,-161.5));
#1957 = LINE('',#1958,#1959);
#1958 = CARTESIAN_POINT('',(-76.7,-41.,-161.5));
#1959 = VECTOR('',#1960,1.);
#1960 = DIRECTION('',(0.,1.,-1.110223024625E-16));
#1961 = ORIENTED_EDGE('',*,*,#1962,.T.);
#1962 = EDGE_CURVE('',#1955,#1855,#1963,.T.);
#1963 = LINE('',#1964,#1965);
#1964 = CARTESIAN_POINT('',(-76.7,-32.,-161.5));
#1965 = VECTOR('',#1966,1.);
#1966 = DIRECTION('',(0.,1.110223024625E-16,1.));
#1967 = FACE_BOUND('',#1968,.T.);
#1968 = EDGE_LOOP('',(#1969,#1977,#1978,#1986,#1994,#2000,#2001,#2009,
    #2017,#2023,#2024,#2032,#2040,#2046,#2047,#2048,#2056,#2065,#2073,
    #2082));
#1969 = ORIENTED_EDGE('',*,*,#1970,.F.);
#1970 = EDGE_CURVE('',#323,#1971,#1973,.T.);
#1971 = VERTEX_POINT('',#1972);
#1972 = CARTESIAN_POINT('',(-76.7,7.,-148.9020580783));
#1973 = LINE('',#1974,#1975);
#1974 = CARTESIAN_POINT('',(-76.7,7.,-180.));
#1975 = VECTOR('',#1976,1.);
#1976 = DIRECTION('',(0.,3.310223024625E-16,1.));
#1977 = ORIENTED_EDGE('',*,*,#322,.T.);
#1978 = ORIENTED_EDGE('',*,*,#1979,.F.);
#1979 = EDGE_CURVE('',#1980,#315,#1982,.T.);
#1980 = VERTEX_POINT('',#1981);
#1981 = CARTESIAN_POINT('',(-76.7,-2.233929668666,-167.));
#1982 = LINE('',#1983,#1984);
#1983 = CARTESIAN_POINT('',(-76.7,-2.233929668666,-180.));
#1984 = VECTOR('',#1985,1.);
#1985 = DIRECTION('',(0.,-3.310223024625E-16,-1.));
#1986 = ORIENTED_EDGE('',*,*,#1987,.F.);
#1987 = EDGE_CURVE('',#1988,#1980,#1990,.T.);
#1988 = VERTEX_POINT('',#1989);
#1989 = CARTESIAN_POINT('',(-76.7,-3.233929668666,-167.));
#1990 = LINE('',#1991,#1992);
#1991 = CARTESIAN_POINT('',(-76.7,-31.5,-167.));
#1992 = VECTOR('',#1993,1.);
#1993 = DIRECTION('',(0.,1.,-1.110223024625E-16));
#1994 = ORIENTED_EDGE('',*,*,#1995,.F.);
#1995 = EDGE_CURVE('',#291,#1988,#1996,.T.);
#1996 = LINE('',#1997,#1998);
#1997 = CARTESIAN_POINT('',(-76.7,-3.233929668666,-180.));
#1998 = VECTOR('',#1999,1.);
#1999 = DIRECTION('',(0.,3.310223024625E-16,1.));
#2000 = ORIENTED_EDGE('',*,*,#290,.T.);
#2001 = ORIENTED_EDGE('',*,*,#2002,.F.);
#2002 = EDGE_CURVE('',#2003,#283,#2005,.T.);
#2003 = VERTEX_POINT('',#2004);
#2004 = CARTESIAN_POINT('',(-76.7,-12.,-167.));
#2005 = LINE('',#2006,#2007);
#2006 = CARTESIAN_POINT('',(-76.7,-12.,-180.));
#2007 = VECTOR('',#2008,1.);
#2008 = DIRECTION('',(0.,-3.310223024625E-16,-1.));
#2009 = ORIENTED_EDGE('',*,*,#2010,.F.);
#2010 = EDGE_CURVE('',#2011,#2003,#2013,.T.);
#2011 = VERTEX_POINT('',#2012);
#2012 = CARTESIAN_POINT('',(-76.7,-13.,-167.));
#2013 = LINE('',#2014,#2015);
#2014 = CARTESIAN_POINT('',(-76.7,-31.5,-167.));
#2015 = VECTOR('',#2016,1.);
#2016 = DIRECTION('',(0.,1.,-1.110223024625E-16));
#2017 = ORIENTED_EDGE('',*,*,#2018,.F.);
#2018 = EDGE_CURVE('',#259,#2011,#2019,.T.);
#2019 = LINE('',#2020,#2021);
#2020 = CARTESIAN_POINT('',(-76.7,-13.,-180.));
#2021 = VECTOR('',#2022,1.);
#2022 = DIRECTION('',(0.,3.310223024625E-16,1.));
#2023 = ORIENTED_EDGE('',*,*,#258,.T.);
#2024 = ORIENTED_EDGE('',*,*,#2025,.F.);
#2025 = EDGE_CURVE('',#2026,#251,#2028,.T.);
#2026 = VERTEX_POINT('',#2027);
#2027 = CARTESIAN_POINT('',(-76.7,-21.76607033133,-167.));
#2028 = LINE('',#2029,#2030);
#2029 = CARTESIAN_POINT('',(-76.7,-21.76607033133,-180.));
#2030 = VECTOR('',#2031,1.);
#2031 = DIRECTION('',(0.,-3.310223024625E-16,-1.));
#2032 = ORIENTED_EDGE('',*,*,#2033,.F.);
#2033 = EDGE_CURVE('',#2034,#2026,#2036,.T.);
#2034 = VERTEX_POINT('',#2035);
#2035 = CARTESIAN_POINT('',(-76.7,-22.76607033133,-167.));
#2036 = LINE('',#2037,#2038);
#2037 = CARTESIAN_POINT('',(-76.7,-31.5,-167.));
#2038 = VECTOR('',#2039,1.);
#2039 = DIRECTION('',(0.,1.,-1.110223024625E-16));
#2040 = ORIENTED_EDGE('',*,*,#2041,.F.);
#2041 = EDGE_CURVE('',#227,#2034,#2042,.T.);
#2042 = LINE('',#2043,#2044);
#2043 = CARTESIAN_POINT('',(-76.7,-22.76607033133,-180.));
#2044 = VECTOR('',#2045,1.);
#2045 = DIRECTION('',(0.,3.310223024625E-16,1.));
#2046 = ORIENTED_EDGE('',*,*,#226,.T.);
#2047 = ORIENTED_EDGE('',*,*,#1823,.T.);
#2048 = ORIENTED_EDGE('',*,*,#2049,.T.);
#2049 = EDGE_CURVE('',#1824,#2050,#2052,.T.);
#2050 = VERTEX_POINT('',#2051);
#2051 = CARTESIAN_POINT('',(-76.7,-39.10314726228,-90.));
#2052 = LINE('',#2053,#2054);
#2053 = CARTESIAN_POINT('',(-76.7,-50.5,-90.));
#2054 = VECTOR('',#2055,1.);
#2055 = DIRECTION('',(0.,1.,-3.310223024625E-16));
#2056 = ORIENTED_EDGE('',*,*,#2057,.F.);
#2057 = EDGE_CURVE('',#2058,#2050,#2060,.T.);
#2058 = VERTEX_POINT('',#2059);
#2059 = CARTESIAN_POINT('',(-76.7,-31.37574065197,-95.92944763918));
#2060 = CIRCLE('',#2061,8.);
#2061 = AXIS2_PLACEMENT_3D('',#2062,#2063,#2064);
#2062 = CARTESIAN_POINT('',(-76.7,-39.10314726228,-98.));
#2063 = DIRECTION('',(1.,0.,-0.));
#2064 = DIRECTION('',(0.,1.110223024625E-16,1.));
#2065 = ORIENTED_EDGE('',*,*,#2066,.T.);
#2066 = EDGE_CURVE('',#2058,#2067,#2069,.T.);
#2067 = VERTEX_POINT('',#2068);
#2068 = CARTESIAN_POINT('',(-76.7,-25.70865498103,-117.0792992939));
#2069 = LINE('',#2070,#2071);
#2070 = CARTESIAN_POINT('',(-76.7,-18.67392000242,-143.3332876519));
#2071 = VECTOR('',#2072,1.);
#2072 = DIRECTION('',(-0.,0.258819045103,-0.965925826289));
#2073 = ORIENTED_EDGE('',*,*,#2074,.T.);
#2074 = EDGE_CURVE('',#2067,#2075,#2077,.T.);
#2075 = VERTEX_POINT('',#2076);
#2076 = CARTESIAN_POINT('',(-76.7,5.789843290181,-148.5777975652));
#2077 = CIRCLE('',#2078,44.545603449538);
#2078 = AXIS2_PLACEMENT_3D('',#2079,#2080,#2081);
#2079 = CARTESIAN_POINT('',(-76.7,17.319093838506,-105.5500487456));
#2080 = DIRECTION('',(1.,0.,-0.));
#2081 = DIRECTION('',(0.,1.110223024625E-16,1.));
#2082 = ORIENTED_EDGE('',*,*,#2083,.T.);
#2083 = EDGE_CURVE('',#2075,#1971,#2084,.T.);
#2084 = LINE('',#2085,#2086);
#2085 = CARTESIAN_POINT('',(-76.7,-14.90159625878,-143.0335430478));
#2086 = VECTOR('',#2087,1.);
#2087 = DIRECTION('',(-0.,0.965925826289,-0.258819045103));
#2088 = PLANE('',#2089);
#2089 = AXIS2_PLACEMENT_3D('',#2090,#2091,#2092);
#2090 = CARTESIAN_POINT('',(-76.7,-50.5,-180.));
#2091 = DIRECTION('',(-1.,0.,0.));
#2092 = DIRECTION('',(-0.,1.,-3.310223024625E-16));
#2093 = ADVANCED_FACE('',(#2094),#2119,.F.);
#2094 = FACE_BOUND('',#2095,.F.);
#2095 = EDGE_LOOP('',(#2096,#2106,#2112,#2113));
#2096 = ORIENTED_EDGE('',*,*,#2097,.F.);
#2097 = EDGE_CURVE('',#2098,#2100,#2102,.T.);
#2098 = VERTEX_POINT('',#2099);
#2099 = CARTESIAN_POINT('',(-76.7,-22.76607033133,-180.));
#2100 = VERTEX_POINT('',#2101);
#2101 = CARTESIAN_POINT('',(-101.5,-22.76607033133,-180.));
#2102 = LINE('',#2103,#2104);
#2103 = CARTESIAN_POINT('',(-75.5,-22.76607033133,-180.));
#2104 = VECTOR('',#2105,1.);
#2105 = DIRECTION('',(-1.,-0.,0.));
#2106 = ORIENTED_EDGE('',*,*,#2107,.F.);
#2107 = EDGE_CURVE('',#227,#2098,#2108,.T.);
#2108 = LINE('',#2109,#2110);
#2109 = CARTESIAN_POINT('',(-76.7,-22.76607033133,-179.4));
#2110 = VECTOR('',#2111,1.);
#2111 = DIRECTION('',(0.,-3.310223024625E-16,-1.));
#2112 = ORIENTED_EDGE('',*,*,#234,.F.);
#2113 = ORIENTED_EDGE('',*,*,#2114,.F.);
#2114 = EDGE_CURVE('',#2100,#235,#2115,.T.);
#2115 = LINE('',#2116,#2117);
#2116 = CARTESIAN_POINT('',(-101.5,-22.76607033133,-180.));
#2117 = VECTOR('',#2118,1.);
#2118 = DIRECTION('',(0.,3.310223024625E-16,1.));
#2119 = PLANE('',#2120);
#2120 = AXIS2_PLACEMENT_3D('',#2121,#2122,#2123);
#2121 = CARTESIAN_POINT('',(-75.5,-22.76607033133,-180.));
#2122 = DIRECTION('',(0.,-1.,3.310223024625E-16));
#2123 = DIRECTION('',(-1.,0.,0.));
#2124 = ADVANCED_FACE('',(#2125),#2143,.F.);
#2125 = FACE_BOUND('',#2126,.F.);
#2126 = EDGE_LOOP('',(#2127,#2135,#2136,#2137));
#2127 = ORIENTED_EDGE('',*,*,#2128,.F.);
#2128 = EDGE_CURVE('',#2100,#2129,#2131,.T.);
#2129 = VERTEX_POINT('',#2130);
#2130 = CARTESIAN_POINT('',(-101.5,-21.76607033133,-180.));
#2131 = LINE('',#2132,#2133);
#2132 = CARTESIAN_POINT('',(-101.5,-22.76607033133,-180.));
#2133 = VECTOR('',#2134,1.);
#2134 = DIRECTION('',(0.,1.,-1.110223024625E-16));
#2135 = ORIENTED_EDGE('',*,*,#2114,.T.);
#2136 = ORIENTED_EDGE('',*,*,#242,.F.);
#2137 = ORIENTED_EDGE('',*,*,#2138,.F.);
#2138 = EDGE_CURVE('',#2129,#243,#2139,.T.);
#2139 = LINE('',#2140,#2141);
#2140 = CARTESIAN_POINT('',(-101.5,-21.76607033133,-180.));
#2141 = VECTOR('',#2142,1.);
#2142 = DIRECTION('',(0.,3.310223024625E-16,1.));
#2143 = PLANE('',#2144);
#2144 = AXIS2_PLACEMENT_3D('',#2145,#2146,#2147);
#2145 = CARTESIAN_POINT('',(-101.5,-22.76607033133,-180.));
#2146 = DIRECTION('',(-1.,0.,0.));
#2147 = DIRECTION('',(-0.,1.,-3.310223024625E-16));
#2148 = ADVANCED_FACE('',(#2149),#2264,.F.);
#2149 = FACE_BOUND('',#2150,.F.);
#2150 = EDGE_LOOP('',(#2151,#2152,#2262,#2263));
#2151 = ORIENTED_EDGE('',*,*,#1741,.F.);
#2152 = ORIENTED_EDGE('',*,*,#2153,.F.);
#2153 = EDGE_CURVE('',#694,#1715,#2154,.T.);
#2154 = B_SPLINE_CURVE_WITH_KNOTS('',8,(#2155,#2156,#2157,#2158,#2159,
    #2160,#2161,#2162,#2163,#2164,#2165,#2166,#2167,#2168,#2169,#2170,
    #2171,#2172,#2173,#2174,#2175,#2176,#2177,#2178,#2179,#2180,#2181,
    #2182,#2183,#2184,#2185,#2186,#2187,#2188,#2189,#2190,#2191,#2192,
    #2193,#2194,#2195,#2196,#2197,#2198,#2199,#2200,#2201,#2202,#2203,
    #2204,#2205,#2206,#2207,#2208,#2209,#2210,#2211,#2212,#2213,#2214,
    #2215,#2216,#2217,#2218,#2219,#2220,#2221,#2222,#2223,#2224,#2225,
    #2226,#2227,#2228,#2229,#2230,#2231,#2232,#2233,#2234,#2235,#2236,
    #2237,#2238,#2239,#2240,#2241,#2242,#2243,#2244,#2245,#2246,#2247,
    #2248,#2249,#2250,#2251,#2252,#2253,#2254,#2255,#2256,#2257,#2258,
    #2259,#2260,#2261),.UNSPECIFIED.,.F.,.F.,(9,7,7,7,7,7,7,7,7,7,7,7,7,
    7,7,9),(0.,0.221579121505,0.420762599184,0.509387153692,
    0.604221409649,0.639476568088,0.659677560073,0.700714307872,
    0.747464122245,0.770805627714,0.816313385054,0.90086205692,
    0.948414577779,0.973521727677,0.986293048048,1.),.UNSPECIFIED.);
#2155 = CARTESIAN_POINT('',(-117.8630136986,-57.3,-180.));
#2156 = CARTESIAN_POINT('',(-117.8630136986,-57.3,-178.1335094089));
#2157 = CARTESIAN_POINT('',(-117.810473344,-57.3,-176.2672555646));
#2158 = CARTESIAN_POINT('',(-117.7054127572,-57.3,-174.402656766));
#2159 = CARTESIAN_POINT('',(-117.5473068894,-57.3,-172.5413871408));
#2160 = CARTESIAN_POINT('',(-117.3351183245,-57.3,-170.6853799637));
#2161 = CARTESIAN_POINT('',(-117.0672989023,-57.3,-168.836829882));
#2162 = CARTESIAN_POINT('',(-116.7416513489,-57.3,-166.9982109704));
#2163 = CARTESIAN_POINT('',(-116.0073186867,-57.3,-163.5309914423));
#2164 = CARTESIAN_POINT('',(-115.610554358,-57.3,-161.9009019513));
#2165 = CARTESIAN_POINT('',(-115.1622571343,-57.3,-160.2833895563));
#2166 = CARTESIAN_POINT('',(-114.6594235024,-57.3,-158.6809687294));
#2167 = CARTESIAN_POINT('',(-114.0984924934,-57.3,-157.0973177856));
#2168 = CARTESIAN_POINT('',(-113.4750266704,-57.3,-155.537417382));
#2169 = CARTESIAN_POINT('',(-112.7836552417,-57.3,-154.0075694179));
#2170 = CARTESIAN_POINT('',(-111.6747840676,-57.3,-151.8524807885));
#2171 = CARTESIAN_POINT('',(-111.3183773656,-57.3,-151.1966625745));
#2172 = CARTESIAN_POINT('',(-110.9463262537,-57.3,-150.5493817694));
#2173 = CARTESIAN_POINT('',(-110.557899465,-57.3,-149.9115957509));
#2174 = CARTESIAN_POINT('',(-110.1523291366,-57.3,-149.2844765568));
#2175 = CARTESIAN_POINT('',(-109.7287983119,-57.3,-148.6694191232));
#2176 = CARTESIAN_POINT('',(-109.2864130124,-57.3,-148.0680600032));
#2177 = CARTESIAN_POINT('',(-108.3295157609,-57.3,-146.8555108496));
#2178 = CARTESIAN_POINT('',(-107.8123693031,-57.3,-146.2468989093));
#2179 = CARTESIAN_POINT('',(-107.2713340058,-57.3,-145.6585495979));
#2180 = CARTESIAN_POINT('',(-106.7051821463,-57.3,-145.0933943469));
#2181 = CARTESIAN_POINT('',(-106.1128983567,-57.3,-144.5551581824));
#2182 = CARTESIAN_POINT('',(-105.4937314141,-57.3,-144.0483047669));
#2183 = CARTESIAN_POINT('',(-104.8472619135,-57.3,-143.5779635391));
#2184 = CARTESIAN_POINT('',(-103.9230314478,-57.3,-142.9906511974));
#2185 = CARTESIAN_POINT('',(-103.6688390501,-57.3,-142.8373500176));
#2186 = CARTESIAN_POINT('',(-103.410956943,-57.3,-142.6902168832));
#2187 = CARTESIAN_POINT('',(-103.1494366331,-57.3,-142.5495706086));
#2188 = CARTESIAN_POINT('',(-102.8843541825,-57.3,-142.4157400613));
#2189 = CARTESIAN_POINT('',(-102.6158129035,-57.3,-142.2890587973));
#2190 = CARTESIAN_POINT('',(-102.3439460533,-57.3,-142.1698596953));
#2191 = CARTESIAN_POINT('',(-101.9113309975,-57.3,-141.9946437374));
#2192 = CARTESIAN_POINT('',(-101.7527056093,-57.3,-141.9333818834));
#2193 = CARTESIAN_POINT('',(-101.5930754048,-57.3,-141.8747456053));
#2194 = CARTESIAN_POINT('',(-101.4324758384,-57.3,-141.8187955842));
#2195 = CARTESIAN_POINT('',(-101.2709459476,-57.3,-141.7655910949));
#2196 = CARTESIAN_POINT('',(-101.1085285231,-57.3,-141.7151894956));
#2197 = CARTESIAN_POINT('',(-100.9452702789,-57.3,-141.6676457169));
#2198 = CARTESIAN_POINT('',(-100.4479707174,-57.3,-141.5323413132));
#2199 = CARTESIAN_POINT('',(-100.1114295187,-57.3,-141.4536708965));
#2200 = CARTESIAN_POINT('',(-99.77205783199,-57.3,-141.3874481915));
#2201 = CARTESIAN_POINT('',(-99.43035029725,-57.3,-141.3340548243));
#2202 = CARTESIAN_POINT('',(-99.08683825654,-57.3,-141.2937943863));
#2203 = CARTESIAN_POINT('',(-98.74209122115,-57.3,-141.2668804639));
#2204 = CARTESIAN_POINT('',(-98.39671833917,-57.3,-141.2534246692));
#2205 = CARTESIAN_POINT('',(-97.65794255648,-57.3,-141.2534246692));
#2206 = CARTESIAN_POINT('',(-97.26447226244,-57.3,-141.2708874607));
#2207 = CARTESIAN_POINT('',(-96.87193447087,-57.3,-141.3058196462));
#2208 = CARTESIAN_POINT('',(-96.48122665819,-57.3,-141.3580296199));
#2209 = CARTESIAN_POINT('',(-96.0931726663,-57.3,-141.4271575255));
#2210 = CARTESIAN_POINT('',(-95.70852659896,-57.3,-141.5127017735));
#2211 = CARTESIAN_POINT('',(-95.32797623554,-57.3,-141.6140421193));
#2212 = CARTESIAN_POINT('',(-94.76449934792,-57.3,-141.7885847137));
#2213 = CARTESIAN_POINT('',(-94.57801591324,-57.3,-141.8504727788));
#2214 = CARTESIAN_POINT('',(-94.39276571054,-57.3,-141.9160373022));
#2215 = CARTESIAN_POINT('',(-94.20881151723,-57.3,-141.9851880928));
#2216 = CARTESIAN_POINT('',(-94.02620920789,-57.3,-142.0578319445));
#2217 = CARTESIAN_POINT('',(-93.84500812646,-57.3,-142.1338736194));
#2218 = CARTESIAN_POINT('',(-93.66525145838,-57.3,-142.2132168309));
#2219 = CARTESIAN_POINT('',(-93.13940309791,-57.3,-142.4567056744));
#2220 = CARTESIAN_POINT('',(-92.79747264784,-57.3,-142.6298245566));
#2221 = CARTESIAN_POINT('',(-92.46144538207,-57.3,-142.8144131481));
#2222 = CARTESIAN_POINT('',(-92.13150406923,-57.3,-143.0097614577));
#2223 = CARTESIAN_POINT('',(-91.80776495792,-57.3,-143.2151764689));
#2224 = CARTESIAN_POINT('',(-91.49028669444,-57.3,-143.429997066));
#2225 = CARTESIAN_POINT('',(-91.17907731747,-57.3,-143.6536056444));
#2226 = CARTESIAN_POINT('',(-90.30748200319,-57.3,-144.3161538054));
#2227 = CARTESIAN_POINT('',(-89.76255283324,-57.3,-144.7751165215));
#2228 = CARTESIAN_POINT('',(-89.23886651103,-57.3,-145.2588051165));
#2229 = CARTESIAN_POINT('',(-88.73585373373,-57.3,-145.76409738));
#2230 = CARTESIAN_POINT('',(-88.25283363034,-57.3,-146.2882795315));
#2231 = CARTESIAN_POINT('',(-87.78902854808,-57.3,-146.8290599589));
#2232 = CARTESIAN_POINT('',(-87.34358119959,-57.3,-147.3845854924));
#2233 = CARTESIAN_POINT('',(-86.67485113271,-57.3,-148.2734111532));
#2234 = CARTESIAN_POINT('',(-86.4396781059,-57.3,-148.5975404023));
#2235 = CARTESIAN_POINT('',(-86.20991003959,-57.3,-148.9255704122));
#2236 = CARTESIAN_POINT('',(-85.98540840564,-57.3,-149.2572463679));
#2237 = CARTESIAN_POINT('',(-85.76604027587,-57.3,-149.5923355434));
#2238 = CARTESIAN_POINT('',(-85.55167739937,-57.3,-149.9306266566));
#2239 = CARTESIAN_POINT('',(-85.34219527984,-57.3,-150.2719292252));
#2240 = CARTESIAN_POINT('',(-85.02938099645,-57.3,-150.7977765876));
#2241 = CARTESIAN_POINT('',(-84.92261705597,-57.3,-150.9802712138));
#2242 = CARTESIAN_POINT('',(-84.8171629564,-57.3,-151.1635312037));
#2243 = CARTESIAN_POINT('',(-84.71300163944,-57.3,-151.3475320521));
#2244 = CARTESIAN_POINT('',(-84.6101164636,-57.3,-151.5322503447));
#2245 = CARTESIAN_POINT('',(-84.50849120417,-57.3,-151.7176637581));
#2246 = CARTESIAN_POINT('',(-84.40811005321,-57.3,-151.9037510601));
#2247 = CARTESIAN_POINT('',(-84.2585214888,-57.3,-152.1854821731));
#2248 = CARTESIAN_POINT('',(-84.20828154021,-57.3,-152.280870664));
#2249 = CARTESIAN_POINT('',(-84.15823873392,-57.3,-152.376655774));
#2250 = CARTESIAN_POINT('',(-84.10839402472,-57.3,-152.4728356842));
#2251 = CARTESIAN_POINT('',(-84.05874836208,-57.3,-152.5694085656));
#2252 = CARTESIAN_POINT('',(-84.0093026902,-57.3,-152.6663725786));
#2253 = CARTESIAN_POINT('',(-83.96005794794,-57.3,-152.7637258729));
#2254 = CARTESIAN_POINT('',(-83.85837929068,-57.3,-152.9663678237));
#2255 = CARTESIAN_POINT('',(-83.80610805903,-57.3,-153.0714523411));
#2256 = CARTESIAN_POINT('',(-83.75419876402,-57.3,-153.1767168517));
#2257 = CARTESIAN_POINT('',(-83.70264914798,-57.3,-153.2821585734));
#2258 = CARTESIAN_POINT('',(-83.65145687857,-57.3,-153.3877746523));
#2259 = CARTESIAN_POINT('',(-83.60061945257,-57.3,-153.4935620152));
#2260 = CARTESIAN_POINT('',(-83.5501344302,-57.3,-153.599517652));
#2261 = CARTESIAN_POINT('',(-83.5,-57.3,-153.7056393294));
#2262 = ORIENTED_EDGE('',*,*,#701,.F.);
#2263 = ORIENTED_EDGE('',*,*,#1358,.T.);
#2264 = ( BOUNDED_SURFACE() B_SPLINE_SURFACE(2,10,(
    (#2265,#2266,#2267,#2268,#2269,#2270,#2271,#2272,#2273,#2274,#2275
      ,#2276,#2277,#2278,#2279,#2280,#2281,#2282,#2283,#2284,#2285,#2286
      ,#2287,#2288,#2289,#2290,#2291,#2292,#2293,#2294,#2295,#2296,#2297
      ,#2298,#2299,#2300,#2301,#2302,#2303,#2304,#2305,#2306,#2307,#2308
      ,#2309,#2310,#2311,#2312,#2313,#2314,#2315,#2316,#2317,#2318,#2319
      ,#2320,#2321,#2322,#2323,#2324,#2325,#2326,#2327,#2328,#2329,#2330
      ,#2331,#2332,#2333,#2334,#2335,#2336,#2337,#2338,#2339,#2340,#2341
      ,#2342,#2343,#2344,#2345,#2346,#2347)
    ,(#2348,#2349,#2350,#2351,#2352,#2353,#2354,#2355,#2356,#2357,#2358
      ,#2359,#2360,#2361,#2362,#2363,#2364,#2365,#2366,#2367,#2368,#2369
      ,#2370,#2371,#2372,#2373,#2374,#2375,#2376,#2377,#2378,#2379,#2380
      ,#2381,#2382,#2383,#2384,#2385,#2386,#2387,#2388,#2389,#2390,#2391
      ,#2392,#2393,#2394,#2395,#2396,#2397,#2398,#2399,#2400,#2401,#2402
      ,#2403,#2404,#2405,#2406,#2407,#2408,#2409,#2410,#2411,#2412,#2413
      ,#2414,#2415,#2416,#2417,#2418,#2419,#2420,#2421,#2422,#2423,#2424
      ,#2425,#2426,#2427,#2428,#2429,#2430)
    ,(#2431,#2432,#2433,#2434,#2435,#2436,#2437,#2438,#2439,#2440,#2441
      ,#2442,#2443,#2444,#2445,#2446,#2447,#2448,#2449,#2450,#2451,#2452
      ,#2453,#2454,#2455,#2456,#2457,#2458,#2459,#2460,#2461,#2462,#2463
      ,#2464,#2465,#2466,#2467,#2468,#2469,#2470,#2471,#2472,#2473,#2474
      ,#2475,#2476,#2477,#2478,#2479,#2480,#2481,#2482,#2483,#2484,#2485
      ,#2486,#2487,#2488,#2489,#2490,#2491,#2492,#2493,#2494,#2495,#2496
      ,#2497,#2498,#2499,#2500,#2501,#2502,#2503,#2504,#2505,#2506,#2507
      ,#2508,#2509,#2510,#2511,#2512,#2513
)),.UNSPECIFIED.,.F.,.F.,.F.) B_SPLINE_SURFACE_WITH_KNOTS((3,3),(11,9,9,
    9,9,9,9,9,9,11),(0.,1.),(0.,0.221579121505,0.420762599184,
    0.509387153692,0.639476568088,0.747464122245,0.90086205692,
    0.948414577779,0.973521727677,1.),.UNSPECIFIED.) 
GEOMETRIC_REPRESENTATION_ITEM() RATIONAL_B_SPLINE_SURFACE((
    (1.,1.,1.,1.,1.,1.,1.,1.,1.,1.,1.,1.,1.,1.,1.,1.,1.,1.,1.,1.,1.,1.
      ,1.,1.,1.,1.,1.,1.,1.,1.,1.,1.,0.999999999999,1.,1.,1.,1.,1.,1.,1.
      ,1.,1.,1.,1.,1.,1.,1.,1.,1.,1.,1.,1.,1.,1.,1.,1.,1.,1.,1.,1.,1.,1.
      ,1.,1.,1.,1.,1.,1.,1.,1.,1.,1.,1.,1.,1.,1.,1.000000000001
      ,0.999999999999,1.000000000001,1.,1.,1.,1.)
    ,(0.896844383781,0.896844383781,0.896957262804,0.897183050338
      ,0.897522426597,0.897976744745,0.898548053119,0.899239117461
      ,0.900053443138,0.90099529737,0.903035569381,0.904108382833
      ,0.905291384238,0.90658886297,0.908005680372,0.909546764789
      ,0.911216606581,0.913018753159,0.914955303998,0.917947920172
      ,0.918895484264,0.919869398163,0.920869477531,0.921895053463
      ,0.922944972508,0.924017596643,0.925110803298,0.926221985339
      ,0.929000970321,0.930684419166,0.932386621203,0.93409298086
      ,0.935777145526,0.937405207677,0.938934342889,0.940302879597
      ,0.941424496212,0.942871091564,0.943297585647,0.943448948304
      ,0.943269119115,0.942707376996,0.941729525615,0.940324339636
      ,0.938505271743,0.936307420496,0.930189178008,0.925930922142
      ,0.921139610293,0.915993519899,0.910667517423,0.905295346008
      ,0.899962966847,0.894729946835,0.889651180905,0.883226119541
      ,0.881722730724,0.880237155379,0.878770086269,0.877322120519
      ,0.875893759628,0.874485409452,0.873097380222,0.871729886531
      ,0.869671932704,0.8689666053,0.868267075272,0.867573352763
      ,0.866885447916,0.866203370874,0.865527131782,0.864856740782
      ,0.864192208019,0.86283890904,0.862149204512,0.861455751234
      ,0.860789372976,0.860089187184,0.859424301664,0.858756751235
      ,0.858097958739,0.857444273359,0.856797954996)
    ,(1.,1.,1.,1.,1.,1.,1.,1.,1.,1.,1.,1.,1.,1.,1.,1.,1.,1.,1.,1.,1.,1.
      ,1.,1.,1.,1.,1.,1.,1.,1.,1.,1.,0.999999999999,1.,1.,1.,1.,1.,1.,1.
      ,1.,1.,1.,1.,1.,1.,1.,1.,1.,1.,1.,1.,1.,1.,1.,1.,1.,1.,1.,1.,1.,1.
      ,1.,1.,1.,1.,1.,1.,1.,1.,1.,1.,1.,1.,1.,1.,1.000000000001
,0.999999999999,1.000000000001,1.,1.,1.,1.
))) REPRESENTATION_ITEM('') SURFACE() );
#2265 = CARTESIAN_POINT('',(-117.8630136986,-57.3,-180.));
#2266 = CARTESIAN_POINT('',(-117.8630136986,-57.3,-178.5068075271));
#2267 = CARTESIAN_POINT('',(-117.8303398592,-57.3,-177.013760414));
#2268 = CARTESIAN_POINT('',(-117.7649604756,-57.3,-175.5215249082));
#2269 = CARTESIAN_POINT('',(-117.6667100021,-57.3,-174.0308476433));
#2270 = CARTESIAN_POINT('',(-117.5352658873,-57.3,-172.5425591322));
#2271 = CARTESIAN_POINT('',(-117.3701254079,-57.3,-171.0575772605));
#2272 = CARTESIAN_POINT('',(-117.1705825035,-57.3,-169.5769107797));
#2273 = CARTESIAN_POINT('',(-116.9357046113,-57.3,-168.1016628001));
#2274 = CARTESIAN_POINT('',(-116.6643095003,-57.3,-166.6330342847));
#2275 = CARTESIAN_POINT('',(-116.0768433706,-57.3,-163.8592586622));
#2276 = CARTESIAN_POINT('',(-115.7682240024,-57.3,-162.5531667485));
#2277 = CARTESIAN_POINT('',(-115.4278409729,-57.3,-161.254720306));
#2278 = CARTESIAN_POINT('',(-115.0543959147,-57.3,-159.9649261891));
#2279 = CARTESIAN_POINT('',(-114.6464418527,-57.3,-158.685166188));
#2280 = CARTESIAN_POINT('',(-114.2022899371,-57.3,-157.4172336148));
#2281 = CARTESIAN_POINT('',(-113.7199161746,-57.3,-156.1633698895));
#2282 = CARTESIAN_POINT('',(-113.1968681612,-57.3,-154.9263011267));
#2283 = CARTESIAN_POINT('',(-112.6301718138,-57.3,-153.7092747215));
#2284 = CARTESIAN_POINT('',(-111.7430748745,-57.3,-151.985203818));
#2285 = CARTESIAN_POINT('',(-111.4605973697,-57.3,-151.4591700299));
#2286 = CARTESIAN_POINT('',(-111.1684964038,-57.3,-150.9383311039));
#2287 = CARTESIAN_POINT('',(-110.8664427815,-57.3,-150.4231003488));
#2288 = CARTESIAN_POINT('',(-110.5540872961,-57.3,-149.9139678502));
#2289 = CARTESIAN_POINT('',(-110.2310607292,-57.3,-149.4115004703));
#2290 = CARTESIAN_POINT('',(-109.8969738513,-57.3,-148.9163418482));
#2291 = CARTESIAN_POINT('',(-109.5514174212,-57.3,-148.4292123993));
#2292 = CARTESIAN_POINT('',(-109.1939621866,-57.3,-147.9509093161));
#2293 = CARTESIAN_POINT('',(-108.2813353352,-57.3,-146.7944581772));
#2294 = CARTESIAN_POINT('',(-107.7120783236,-57.3,-146.1278678002));
#2295 = CARTESIAN_POINT('',(-107.1152242273,-57.3,-145.4852512933));
#2296 = CARTESIAN_POINT('',(-106.488112723,-57.3,-144.8695623456));
#2297 = CARTESIAN_POINT('',(-105.8305909777,-57.3,-144.2858736249));
#2298 = CARTESIAN_POINT('',(-105.1421689228,-57.3,-143.7396310993));
#2299 = CARTESIAN_POINT('',(-104.4207939273,-57.3,-143.2361068397));
#2300 = CARTESIAN_POINT('',(-103.6657012371,-57.3,-142.7821141957));
#2301 = CARTESIAN_POINT('',(-102.8807845978,-57.3,-142.3872878188));
#2302 = CARTESIAN_POINT('',(-101.3949882669,-57.3,-141.7855167435));
#2303 = CARTESIAN_POINT('',(-100.7027255469,-57.3,-141.5582051578));
#2304 = CARTESIAN_POINT('',(-99.99406659721,-57.3,-141.3807166956));
#2305 = CARTESIAN_POINT('',(-99.27245905615,-57.3,-141.2574407155));
#2306 = CARTESIAN_POINT('',(-98.54250084001,-57.3,-141.1918638947));
#2307 = CARTESIAN_POINT('',(-97.80952505086,-57.3,-141.1858506631));
#2308 = CARTESIAN_POINT('',(-97.07913192518,-57.3,-141.2393142495));
#2309 = CARTESIAN_POINT('',(-96.35666782287,-57.3,-141.3502783399));
#2310 = CARTESIAN_POINT('',(-95.6466512567,-57.3,-141.5153293484));
#2311 = CARTESIAN_POINT('',(-93.96559081103,-57.3,-142.0360546131));
#2312 = CARTESIAN_POINT('',(-93.01022238831,-57.3,-142.4428172705));
#2313 = CARTESIAN_POINT('',(-92.09572836393,-57.3,-142.9390528592));
#2314 = CARTESIAN_POINT('',(-91.22612888416,-57.3,-143.5113076865));
#2315 = CARTESIAN_POINT('',(-90.40283358803,-57.3,-144.1459482886));
#2316 = CARTESIAN_POINT('',(-89.62481442561,-57.3,-144.8320449152));
#2317 = CARTESIAN_POINT('',(-88.88928230593,-57.3,-145.5619995953));
#2318 = CARTESIAN_POINT('',(-88.1936330834,-57.3,-146.3295272086));
#2319 = CARTESIAN_POINT('',(-87.53680587359,-57.3,-147.1277658022));
#2320 = CARTESIAN_POINT('',(-86.72299574034,-57.3,-148.2094209652));
#2321 = CARTESIAN_POINT('',(-86.53387007609,-57.3,-148.4679811528));
#2322 = CARTESIAN_POINT('',(-86.3481303489,-57.3,-148.7290118553));
#2323 = CARTESIAN_POINT('',(-86.16571128865,-57.3,-148.9923912997));
#2324 = CARTESIAN_POINT('',(-85.98654918436,-57.3,-149.2580048612));
#2325 = CARTESIAN_POINT('',(-85.81058188405,-57.3,-149.5257450631));
#2326 = CARTESIAN_POINT('',(-85.63774879495,-57.3,-149.7955115767));
#2327 = CARTESIAN_POINT('',(-85.46799088329,-57.3,-150.0672112214));
#2328 = CARTESIAN_POINT('',(-85.30125067445,-57.3,-150.3407579645));
#2329 = CARTESIAN_POINT('',(-85.05099924773,-57.3,-150.7614358544));
#2330 = CARTESIAN_POINT('',(-84.96535147975,-57.3,-150.9072892431));
#2331 = CARTESIAN_POINT('',(-84.88052128014,-57.3,-151.0536224155));
#2332 = CARTESIAN_POINT('',(-84.79650098012,-57.3,-151.2004246995));
#2333 = CARTESIAN_POINT('',(-84.7132829109,-57.3,-151.347685423));
#2334 = CARTESIAN_POINT('',(-84.63085940372,-57.3,-151.4953939139));
#2335 = CARTESIAN_POINT('',(-84.54922278977,-57.3,-151.6435395001));
#2336 = CARTESIAN_POINT('',(-84.46836540029,-57.3,-151.7921115095));
#2337 = CARTESIAN_POINT('',(-84.38827956648,-57.3,-151.94109927));
#2338 = CARTESIAN_POINT('',(-84.22530383489,-57.3,-152.2480434167));
#2339 = CARTESIAN_POINT('',(-84.14231933996,-57.3,-152.406374549));
#2340 = CARTESIAN_POINT('',(-84.05889100741,-57.3,-152.5676801464));
#2341 = CARTESIAN_POINT('',(-83.97889092684,-57.3,-152.7243601901));
#2342 = CARTESIAN_POINT('',(-83.89479347267,-57.3,-152.8910738313));
#2343 = CARTESIAN_POINT('',(-83.8147742367,-57.3,-153.0521609714));
#2344 = CARTESIAN_POINT('',(-83.73506724699,-57.3,-153.2144016628));
#2345 = CARTESIAN_POINT('',(-83.65571030398,-57.3,-153.3781475377));
#2346 = CARTESIAN_POINT('',(-83.57747736187,-57.3,-153.5416397074));
#2347 = CARTESIAN_POINT('',(-83.5,-57.3,-153.7056393294));
#2348 = CARTESIAN_POINT('',(-117.2711435404,-57.3,-180.));
#2349 = CARTESIAN_POINT('',(-117.2711435404,-57.3,-178.5184701453));
#2350 = CARTESIAN_POINT('',(-117.2391117615,-57.29999999999,
    -177.0374569216));
#2351 = CARTESIAN_POINT('',(-117.1750360528,-57.29999999999,
    -175.5575072932));
#2352 = CARTESIAN_POINT('',(-117.0787687902,-57.29999999999,
    -174.0792498871));
#2353 = CARTESIAN_POINT('',(-116.9500002649,-57.3,-172.603397179));
#2354 = CARTESIAN_POINT('',(-116.7882328116,-57.3,-171.1307477015));
#2355 = CARTESIAN_POINT('',(-116.592755776,-57.3,-169.6621882419));
#2356 = CARTESIAN_POINT('',(-116.3626214354,-57.3,-168.1986959947));
#2357 = CARTESIAN_POINT('',(-116.0966219963,-57.3,-166.741340626));
#2358 = CARTESIAN_POINT('',(-115.5211906135,-57.3,-163.9907380225));
#2359 = CARTESIAN_POINT('',(-115.2193553391,-57.3,-162.6972647627));
#2360 = CARTESIAN_POINT('',(-114.8865539504,-57.3,-161.4114845273));
#2361 = CARTESIAN_POINT('',(-114.521516671,-57.3,-160.1343138365));
#2362 = CARTESIAN_POINT('',(-114.1228193674,-57.3,-158.8670273335));
#2363 = CARTESIAN_POINT('',(-113.6887912593,-57.3,-157.6113118674));
#2364 = CARTESIAN_POINT('',(-113.2174228709,-57.3,-156.3693148867));
#2365 = CARTESIAN_POINT('',(-112.7062741152,-57.3,-155.1436871315));
#2366 = CARTESIAN_POINT('',(-112.1523823603,-57.3,-153.9376196963));
#2367 = CARTESIAN_POINT('',(-111.2859829416,-57.3,-152.2303420026));
#2368 = CARTESIAN_POINT('',(-111.0107733458,-57.3,-151.7106373518));
#2369 = CARTESIAN_POINT('',(-110.7262355371,-57.3,-151.196079278));
#2370 = CARTESIAN_POINT('',(-110.4320475258,-57.3,-150.6870701004));
#2371 = CARTESIAN_POINT('',(-110.1278706675,-57.3,-150.1840949828));
#2372 = CARTESIAN_POINT('',(-109.8133490033,-57.3,-149.6877200559));
#2373 = CARTESIAN_POINT('',(-109.4881085267,-57.3,-149.1985905779));
#2374 = CARTESIAN_POINT('',(-109.1517563696,-57.3,-148.7174291456));
#2375 = CARTESIAN_POINT('',(-108.8038799013,-57.3,-148.2450339763));
#2376 = CARTESIAN_POINT('',(-107.9174355988,-57.3,-147.1050420711));
#2377 = CARTESIAN_POINT('',(-107.3654434071,-57.29999999334,
    -146.4488857204));
#2378 = CARTESIAN_POINT('',(-106.7869740081,-57.30000001336,
    -145.8164932548));
#2379 = CARTESIAN_POINT('',(-106.1794418947,-57.29999999927,
    -145.2107716499));
#2380 = CARTESIAN_POINT('',(-105.5427496409,-57.29999998419,
    -144.6367593938));
#2381 = CARTESIAN_POINT('',(-104.8764673552,-57.30000000121,
    -144.0998820152));
#2382 = CARTESIAN_POINT('',(-104.1786765267,-57.30000001719,
    -143.6054407855));
#2383 = CARTESIAN_POINT('',(-103.4488313879,-57.29999999737,
    -143.1603284742));
#2384 = CARTESIAN_POINT('',(-102.6910774686,-57.3,-142.7742293483));
#2385 = CARTESIAN_POINT('',(-101.2603368524,-57.3,-142.1884584936));
#2386 = CARTESIAN_POINT('',(-100.5945989482,-57.30000000327,
    -141.968062022));
#2387 = CARTESIAN_POINT('',(-99.91336477731,-57.30000000487,
    -141.796879578));
#2388 = CARTESIAN_POINT('',(-99.22008051011,-57.30000000423,
    -141.6793430623));
#2389 = CARTESIAN_POINT('',(-98.51936550503,-57.3000000026,
    -141.6189468599));
#2390 = CARTESIAN_POINT('',(-97.81656436205,-57.30000000128,
    -141.6174770386));
#2391 = CARTESIAN_POINT('',(-97.11727135456,-57.30000000075,
    -141.67467499));
#2392 = CARTESIAN_POINT('',(-96.42679601555,-57.30000000052,
    -141.7883209872));
#2393 = CARTESIAN_POINT('',(-95.74953522539,-57.3,-141.9547387019));
#2394 = CARTESIAN_POINT('',(-94.14262542402,-57.3,-142.4771563043));
#2395 = CARTESIAN_POINT('',(-93.22722015081,-57.30000000242,
    -142.8848161515));
#2396 = CARTESIAN_POINT('',(-92.35199212164,-57.3000000008,
    -143.3808063986));
#2397 = CARTESIAN_POINT('',(-91.52129802427,-57.29999999675,
    -143.9509247528));
#2398 = CARTESIAN_POINT('',(-90.73630794561,-57.29999999662,
    -144.5810985059));
#2399 = CARTESIAN_POINT('',(-89.99557764879,-57.30000000071,
    -145.260290004));
#2400 = CARTESIAN_POINT('',(-89.29604183229,-57.30000000239,
    -145.9810185584));
#2401 = CARTESIAN_POINT('',(-88.63491455106,-57.29999999901,
    -146.7372538904));
#2402 = CARTESIAN_POINT('',(-88.0108912467,-57.3,-147.5224079433));
#2403 = CARTESIAN_POINT('',(-87.23642977997,-57.3,-148.5867812628));
#2404 = CARTESIAN_POINT('',(-87.05550363864,-57.3,-148.8425046023));
#2405 = CARTESIAN_POINT('',(-86.87786389138,-57.3,-149.1005580122));
#2406 = CARTESIAN_POINT('',(-86.7034420935,-57.3,-149.3608227091));
#2407 = CARTESIAN_POINT('',(-86.5321717205,-57.3,-149.6231871277));
#2408 = CARTESIAN_POINT('',(-86.36398808152,-57.3,-149.8875471322));
#2409 = CARTESIAN_POINT('',(-86.19882823718,-57.3,-150.1538062326));
#2410 = CARTESIAN_POINT('',(-86.0366309219,-57.3,-150.4218758052));
#2411 = CARTESIAN_POINT('',(-85.87733647026,-57.3,-150.6916753152));
#2412 = CARTESIAN_POINT('',(-85.63808773624,-57.3,-151.106797804));
#2413 = CARTESIAN_POINT('',(-85.55608770853,-57.3,-151.2509193349));
#2414 = CARTESIAN_POINT('',(-85.47487886571,-57.3,-151.3954873334));
#2415 = CARTESIAN_POINT('',(-85.39445335603,-57.3,-151.5404919399));
#2416 = CARTESIAN_POINT('',(-85.31480327482,-57.3,-151.6859232388));
#2417 = CARTESIAN_POINT('',(-85.23592066465,-57.3,-151.8317712589));
#2418 = CARTESIAN_POINT('',(-85.15779751566,-57.3,-151.9780259737));
#2419 = CARTESIAN_POINT('',(-85.0804257657,-57.3,-152.1246773018));
#2420 = CARTESIAN_POINT('',(-85.00379730069,-57.3,-152.2717151077));
#2421 = CARTESIAN_POINT('',(-84.8477404763,-57.3,-152.5748375368));
#2422 = CARTESIAN_POINT('',(-84.76822007482,-57.2999999915,
    -152.7313013631));
#2423 = CARTESIAN_POINT('',(-84.6883160994,-57.30000003482,
    -152.8906073346));
#2424 = CARTESIAN_POINT('',(-84.61163074768,-57.29999994611,
    -153.0454577438));
#2425 = CARTESIAN_POINT('',(-84.53106344679,-57.30000000706,
    -153.2101460266));
#2426 = CARTESIAN_POINT('',(-84.45456146991,-57.30000009979,
    -153.3688730965));
#2427 = CARTESIAN_POINT('',(-84.37797738272,-57.29999984344,
    -153.5295970826));
#2428 = CARTESIAN_POINT('',(-84.30218610246,-57.30000011312,
    -153.6907682488));
#2429 = CARTESIAN_POINT('',(-84.22718026829,-57.29999996197,
    -153.8523209839));
#2430 = CARTESIAN_POINT('',(-84.15298896676,-57.29999999984,
    -154.0141579103));
#2431 = CARTESIAN_POINT('',(-116.910896029,-57.76960836307,-180.));
#2432 = CARTESIAN_POINT('',(-116.910896029,-57.76960836307,
    -178.5255687109));
#2433 = CARTESIAN_POINT('',(-116.8790042254,-57.76912245606,
    -177.0512807481));
#2434 = CARTESIAN_POINT('',(-116.8151923157,-57.76815046639,
    -175.5778526274));
#2435 = CARTESIAN_POINT('',(-116.7193063394,-57.76668918258,
    -174.106079739));
#2436 = CARTESIAN_POINT('',(-116.5910462788,-57.76473221658,
    -172.6368412905));
#2437 = CARTESIAN_POINT('',(-116.4299456608,-57.76226986305,
    -171.1711052499));
#2438 = CARTESIAN_POINT('',(-116.2353511577,-57.75928895858,
    -169.7099332888));
#2439 = CARTESIAN_POINT('',(-116.0064021891,-57.75577274097,
    -168.2544857251));
#2440 = CARTESIAN_POINT('',(-115.7420105226,-57.75170070846,
    -166.8060264664));
#2441 = CARTESIAN_POINT('',(-115.1701094181,-57.74286646386,
    -164.0713843684));
#2442 = CARTESIAN_POINT('',(-114.8698146269,-57.73821622645,
    -162.7841647171));
#2443 = CARTESIAN_POINT('',(-114.5388166871,-57.73308210848,
    -161.5049921014));
#2444 = CARTESIAN_POINT('',(-114.1759253694,-57.727443315,
    -160.2349301832));
#2445 = CARTESIAN_POINT('',(-113.7798198577,-57.72127609507,
    -158.9754202259));
#2446 = CARTESIAN_POINT('',(-113.3489695767,-57.71455592256,
    -157.7283181372));
#2447 = CARTESIAN_POINT('',(-112.8815550202,-57.7072596768,
    -156.4959315115));
#2448 = CARTESIAN_POINT('',(-112.3753885783,-57.69936782336,
    -155.2810566721));
#2449 = CARTESIAN_POINT('',(-111.8278353658,-57.69086659475,
    -154.0870157143));
#2450 = CARTESIAN_POINT('',(-110.9722849122,-57.6776939161,
    -152.3974161758));
#2451 = CARTESIAN_POINT('',(-110.700055469,-57.67351853255,
    -151.8821658947));
#2452 = CARTESIAN_POINT('',(-110.4187726497,-57.66922217425,
    -151.3722873373));
#2453 = CARTESIAN_POINT('',(-110.1281492092,-57.66480516701,
    -150.8682001181));
#2454 = CARTESIAN_POINT('',(-109.8278837271,-57.66027000871,
    -150.3703988318));
#2455 = CARTESIAN_POINT('',(-109.5176606078,-57.65562136929,
    -149.8794530532));
#2456 = CARTESIAN_POINT('',(-109.1971500806,-57.65086609074,
    -149.3960073381));
#2457 = CARTESIAN_POINT('',(-108.8660082,-57.64601318712,-148.9207812221
    ));
#2458 = CARTESIAN_POINT('',(-108.5238768449,-57.64107384455,
    -148.4545692217));
#2459 = CARTESIAN_POINT('',(-107.6515014079,-57.62870383028,
    -147.328409621));
#2460 = CARTESIAN_POINT('',(-107.1083090451,-57.62119574413,
    -146.6802206846));
#2461 = CARTESIAN_POINT('',(-106.5398709468,-57.61358883516,
    -146.0563628389));
#2462 = CARTESIAN_POINT('',(-105.9438900898,-57.60594730145,
    -145.4597740015));
#2463 = CARTESIAN_POINT('',(-105.3204578928,-57.59838920654,
    -144.8954129095));
#2464 = CARTESIAN_POINT('',(-104.6693830022,-57.59106749618,
    -144.3685815772));
#2465 = CARTESIAN_POINT('',(-103.9890398937,-57.58417665611,
    -143.8843897166));
#2466 = CARTESIAN_POINT('',(-103.2790260282,-57.57799863359,
    -143.4493690333));
#2467 = CARTESIAN_POINT('',(-102.5432642314,-57.57292930256,
    -143.0726619984));
#2468 = CARTESIAN_POINT('',(-101.1547117343,-57.56638688454,
    -142.5016048321));
#2469 = CARTESIAN_POINT('',(-100.5092832703,-57.56445595819,
    -142.287291575));
#2470 = CARTESIAN_POINT('',(-99.85012606723,-57.56376909956,
    -142.12160269));
#2471 = CARTESIAN_POINT('',(-99.18045086817,-57.56458319071,
    -142.0085720168));
#2472 = CARTESIAN_POINT('',(-98.50442160313,-57.56712882669,
    -141.9513271808));
#2473 = CARTESIAN_POINT('',(-97.82675543933,-57.5715575205,
    -141.9514351923));
#2474 = CARTESIAN_POINT('',(-97.15230387154,-57.57791181431,
    -142.0086176239));
#2475 = CARTESIAN_POINT('',(-96.48561485197,-57.58611829701,
    -142.1208353678));
#2476 = CARTESIAN_POINT('',(-95.83047595975,-57.59600352815,
    -142.2847429722));
#2477 = CARTESIAN_POINT('',(-94.27883547379,-57.62342636493,
    -142.7973344162));
#2478 = CARTESIAN_POINT('',(-93.39657005372,-57.64244356253,
    -143.1948379954));
#2479 = CARTESIAN_POINT('',(-92.55072957937,-57.66373892208,
    -143.6777925849));
#2480 = CARTESIAN_POINT('',(-91.74438954191,-57.6864704491,
    -144.2335570934));
#2481 = CARTESIAN_POINT('',(-90.9786857534,-57.70983643033,
    -144.8493979673));
#2482 = CARTESIAN_POINT('',(-90.25280438578,-57.73324126583,
    -145.5151380449));
#2483 = CARTESIAN_POINT('',(-89.56440037311,-57.75631497019,
    -146.2237094013));
#2484 = CARTESIAN_POINT('',(-88.91132362049,-57.77881104978,
    -146.9692172885));
#2485 = CARTESIAN_POINT('',(-88.29290152206,-57.80050759651,
    -147.7451563292));
#2486 = CARTESIAN_POINT('',(-87.52458164458,-57.8277934402,
    -148.7974721128));
#2487 = CARTESIAN_POINT('',(-87.34586516473,-57.83416565976,
    -149.0490814707));
#2488 = CARTESIAN_POINT('',(-87.17019208342,-57.84045037595,
    -149.3031596233));
#2489 = CARTESIAN_POINT('',(-86.99750975804,-57.84664514628,
    -149.5595905272));
#2490 = CARTESIAN_POINT('',(-86.82776673083,-57.8527479403,
    -149.8182647201));
#2491 = CARTESIAN_POINT('',(-86.66091272876,-57.8587571396,
    -150.0790793208));
#2492 = CARTESIAN_POINT('',(-86.49689866366,-57.86467153777,
    -150.341938029));
#2493 = CARTESIAN_POINT('',(-86.33567663213,-57.87049034047,
    -150.6067511255));
#2494 = CARTESIAN_POINT('',(-86.17719991558,-57.87621316537,
    -150.8734354722));
#2495 = CARTESIAN_POINT('',(-85.93917466202,-57.88481096436,
    -151.283668164));
#2496 = CARTESIAN_POINT('',(-85.85767866759,-57.88775501421,
    -151.4259198304));
#2497 = CARTESIAN_POINT('',(-85.77692872744,-57.89067222136,
    -151.5686591224));
#2498 = CARTESIAN_POINT('',(-85.69691857209,-57.89356261545,
    -151.711875651));
#2499 = CARTESIAN_POINT('',(-85.61764193202,-57.89642622613,
    -151.8555590274));
#2500 = CARTESIAN_POINT('',(-85.53909253778,-57.89926308302,
    -151.9996988626));
#2501 = CARTESIAN_POINT('',(-85.46126411984,-57.90207321578,
    -152.1442847679));
#2502 = CARTESIAN_POINT('',(-85.38415040874,-57.90485665404,
    -152.2893063543));
#2503 = CARTESIAN_POINT('',(-85.30774513497,-57.90761342745,
    -152.4347532329));
#2504 = CARTESIAN_POINT('',(-85.15220471327,-57.91322279895,
    -152.7344424306));
#2505 = CARTESIAN_POINT('',(-85.07296786833,-57.91607902257,
    -152.8890694419));
#2506 = CARTESIAN_POINT('',(-84.99332563071,-57.91894826144,
    -153.0465275916));
#2507 = CARTESIAN_POINT('',(-84.91682102681,-57.92170281287,
    -153.1996950147));
#2508 = CARTESIAN_POINT('',(-84.83644291846,-57.92459499093,
    -153.3625884614));
#2509 = CARTESIAN_POINT('',(-84.76012817389,-57.92733869134,
    -153.5195232434));
#2510 = CARTESIAN_POINT('',(-84.68353182151,-57.93009055952,
    -153.6788501897));
#2511 = CARTESIAN_POINT('',(-84.60791388406,-57.93280499836,
    -153.8382019771));
#2512 = CARTESIAN_POINT('',(-84.53290333514,-57.93549528983,
    -153.998287821));
#2513 = CARTESIAN_POINT('',(-84.45872197389,-57.93815343403,
    -154.158607998));
#2514 = ADVANCED_FACE('',(#2515),#2533,.F.);
#2515 = FACE_BOUND('',#2516,.F.);
#2516 = EDGE_LOOP('',(#2517,#2525,#2526,#2527));
#2517 = ORIENTED_EDGE('',*,*,#2518,.F.);
#2518 = EDGE_CURVE('',#2129,#2519,#2521,.T.);
#2519 = VERTEX_POINT('',#2520);
#2520 = CARTESIAN_POINT('',(-76.7,-21.76607033133,-180.));
#2521 = LINE('',#2522,#2523);
#2522 = CARTESIAN_POINT('',(-101.5,-21.76607033133,-180.));
#2523 = VECTOR('',#2524,1.);
#2524 = DIRECTION('',(1.,0.,0.));
#2525 = ORIENTED_EDGE('',*,*,#2138,.T.);
#2526 = ORIENTED_EDGE('',*,*,#250,.F.);
#2527 = ORIENTED_EDGE('',*,*,#2528,.T.);
#2528 = EDGE_CURVE('',#251,#2519,#2529,.T.);
#2529 = LINE('',#2530,#2531);
#2530 = CARTESIAN_POINT('',(-76.7,-21.76607033133,-179.4));
#2531 = VECTOR('',#2532,1.);
#2532 = DIRECTION('',(0.,-3.310223024625E-16,-1.));
#2533 = PLANE('',#2534);
#2534 = AXIS2_PLACEMENT_3D('',#2535,#2536,#2537);
#2535 = CARTESIAN_POINT('',(-101.5,-21.76607033133,-180.));
#2536 = DIRECTION('',(0.,1.,-3.310223024625E-16));
#2537 = DIRECTION('',(1.,0.,0.));
#2538 = ADVANCED_FACE('',(#2539),#2670,.F.);
#2539 = FACE_BOUND('',#2540,.F.);
#2540 = EDGE_LOOP('',(#2541,#2653,#2654,#2655,#2656,#2664));
#2541 = ORIENTED_EDGE('',*,*,#2542,.F.);
#2542 = EDGE_CURVE('',#672,#2543,#2545,.T.);
#2543 = VERTEX_POINT('',#2544);
#2544 = CARTESIAN_POINT('',(-196.5,-57.3,-153.7056393294));
#2545 = B_SPLINE_CURVE_WITH_KNOTS('',8,(#2546,#2547,#2548,#2549,#2550,
    #2551,#2552,#2553,#2554,#2555,#2556,#2557,#2558,#2559,#2560,#2561,
    #2562,#2563,#2564,#2565,#2566,#2567,#2568,#2569,#2570,#2571,#2572,
    #2573,#2574,#2575,#2576,#2577,#2578,#2579,#2580,#2581,#2582,#2583,
    #2584,#2585,#2586,#2587,#2588,#2589,#2590,#2591,#2592,#2593,#2594,
    #2595,#2596,#2597,#2598,#2599,#2600,#2601,#2602,#2603,#2604,#2605,
    #2606,#2607,#2608,#2609,#2610,#2611,#2612,#2613,#2614,#2615,#2616,
    #2617,#2618,#2619,#2620,#2621,#2622,#2623,#2624,#2625,#2626,#2627,
    #2628,#2629,#2630,#2631,#2632,#2633,#2634,#2635,#2636,#2637,#2638,
    #2639,#2640,#2641,#2642,#2643,#2644,#2645,#2646,#2647,#2648,#2649,
    #2650,#2651,#2652),.UNSPECIFIED.,.F.,.F.,(9,7,7,7,7,7,7,7,7,7,7,7,7,
    7,7,9),(0.,0.221579121505,0.420762599184,0.509387153692,
    0.604221409649,0.639476568088,0.659677560073,0.700714307872,
    0.747464122245,0.770805627714,0.816313385054,0.90086205692,
    0.948414577779,0.973521727677,0.986293048048,1.),.UNSPECIFIED.);
#2546 = CARTESIAN_POINT('',(-162.1369863013,-57.3,-180.));
#2547 = CARTESIAN_POINT('',(-162.1369863013,-57.3,-178.1335094089));
#2548 = CARTESIAN_POINT('',(-162.1895266559,-57.3,-176.2672555646));
#2549 = CARTESIAN_POINT('',(-162.2945872427,-57.3,-174.402656766));
#2550 = CARTESIAN_POINT('',(-162.4526931105,-57.3,-172.5413871408));
#2551 = CARTESIAN_POINT('',(-162.6648816754,-57.3,-170.6853799637));
#2552 = CARTESIAN_POINT('',(-162.9327010976,-57.3,-168.836829882));
#2553 = CARTESIAN_POINT('',(-163.258348651,-57.3,-166.9982109704));
#2554 = CARTESIAN_POINT('',(-163.9926813132,-57.3,-163.5309914423));
#2555 = CARTESIAN_POINT('',(-164.3894456419,-57.3,-161.9009019513));
#2556 = CARTESIAN_POINT('',(-164.8377428656,-57.3,-160.2833895563));
#2557 = CARTESIAN_POINT('',(-165.3405764975,-57.3,-158.6809687294));
#2558 = CARTESIAN_POINT('',(-165.9015075065,-57.3,-157.0973177856));
#2559 = CARTESIAN_POINT('',(-166.5249733295,-57.3,-155.537417382));
#2560 = CARTESIAN_POINT('',(-167.2163447582,-57.3,-154.0075694179));
#2561 = CARTESIAN_POINT('',(-168.3252159323,-57.3,-151.8524807885));
#2562 = CARTESIAN_POINT('',(-168.6816226343,-57.3,-151.1966625745));
#2563 = CARTESIAN_POINT('',(-169.0536737462,-57.3,-150.5493817694));
#2564 = CARTESIAN_POINT('',(-169.4421005349,-57.3,-149.9115957509));
#2565 = CARTESIAN_POINT('',(-169.8476708633,-57.3,-149.2844765568));
#2566 = CARTESIAN_POINT('',(-170.271201688,-57.3,-148.6694191232));
#2567 = CARTESIAN_POINT('',(-170.7135869875,-57.3,-148.0680600032));
#2568 = CARTESIAN_POINT('',(-171.670484239,-57.3,-146.8555108496));
#2569 = CARTESIAN_POINT('',(-172.1876306968,-57.3,-146.2468989093));
#2570 = CARTESIAN_POINT('',(-172.7286659941,-57.3,-145.6585495979));
#2571 = CARTESIAN_POINT('',(-173.2948178536,-57.3,-145.0933943469));
#2572 = CARTESIAN_POINT('',(-173.8871016432,-57.3,-144.5551581824));
#2573 = CARTESIAN_POINT('',(-174.5062685858,-57.3,-144.0483047669));
#2574 = CARTESIAN_POINT('',(-175.1527380864,-57.3,-143.5779635391));
#2575 = CARTESIAN_POINT('',(-176.0769685521,-57.3,-142.9906511974));
#2576 = CARTESIAN_POINT('',(-176.3311609498,-57.3,-142.8373500176));
#2577 = CARTESIAN_POINT('',(-176.5890430569,-57.3,-142.6902168832));
#2578 = CARTESIAN_POINT('',(-176.8505633668,-57.3,-142.5495706086));
#2579 = CARTESIAN_POINT('',(-177.1156458174,-57.3,-142.4157400613));
#2580 = CARTESIAN_POINT('',(-177.3841870964,-57.3,-142.2890587973));
#2581 = CARTESIAN_POINT('',(-177.6560539466,-57.3,-142.1698596953));
#2582 = CARTESIAN_POINT('',(-178.0886690024,-57.3,-141.9946437374));
#2583 = CARTESIAN_POINT('',(-178.2472943906,-57.3,-141.9333818834));
#2584 = CARTESIAN_POINT('',(-178.4069245951,-57.3,-141.8747456053));
#2585 = CARTESIAN_POINT('',(-178.5675241615,-57.3,-141.8187955842));
#2586 = CARTESIAN_POINT('',(-178.7290540523,-57.3,-141.7655910949));
#2587 = CARTESIAN_POINT('',(-178.8914714768,-57.3,-141.7151894956));
#2588 = CARTESIAN_POINT('',(-179.054729721,-57.3,-141.6676457169));
#2589 = CARTESIAN_POINT('',(-179.5520292825,-57.3,-141.5323413132));
#2590 = CARTESIAN_POINT('',(-179.8885704812,-57.3,-141.4536708965));
#2591 = CARTESIAN_POINT('',(-180.227942168,-57.3,-141.3874481915));
#2592 = CARTESIAN_POINT('',(-180.5696497027,-57.3,-141.3340548243));
#2593 = CARTESIAN_POINT('',(-180.9131617434,-57.3,-141.2937943863));
#2594 = CARTESIAN_POINT('',(-181.2579087788,-57.3,-141.2668804639));
#2595 = CARTESIAN_POINT('',(-181.6032816608,-57.3,-141.2534246692));
#2596 = CARTESIAN_POINT('',(-182.3420574435,-57.3,-141.2534246692));
#2597 = CARTESIAN_POINT('',(-182.7355277375,-57.3,-141.2708874607));
#2598 = CARTESIAN_POINT('',(-183.1280655291,-57.3,-141.3058196462));
#2599 = CARTESIAN_POINT('',(-183.5187733418,-57.3,-141.3580296199));
#2600 = CARTESIAN_POINT('',(-183.9068273336,-57.3,-141.4271575255));
#2601 = CARTESIAN_POINT('',(-184.291473401,-57.3,-141.5127017735));
#2602 = CARTESIAN_POINT('',(-184.6720237644,-57.3,-141.6140421193));
#2603 = CARTESIAN_POINT('',(-185.235500652,-57.3,-141.7885847137));
#2604 = CARTESIAN_POINT('',(-185.4219840867,-57.3,-141.8504727788));
#2605 = CARTESIAN_POINT('',(-185.6072342894,-57.3,-141.9160373022));
#2606 = CARTESIAN_POINT('',(-185.7911884827,-57.3,-141.9851880928));
#2607 = CARTESIAN_POINT('',(-185.9737907921,-57.3,-142.0578319445));
#2608 = CARTESIAN_POINT('',(-186.1549918735,-57.3,-142.1338736194));
#2609 = CARTESIAN_POINT('',(-186.3347485416,-57.3,-142.2132168309));
#2610 = CARTESIAN_POINT('',(-186.860596902,-57.3,-142.4567056744));
#2611 = CARTESIAN_POINT('',(-187.2025273521,-57.3,-142.6298245566));
#2612 = CARTESIAN_POINT('',(-187.5385546179,-57.3,-142.8144131481));
#2613 = CARTESIAN_POINT('',(-187.8684959307,-57.3,-143.0097614577));
#2614 = CARTESIAN_POINT('',(-188.192235042,-57.3,-143.2151764689));
#2615 = CARTESIAN_POINT('',(-188.5097133055,-57.3,-143.429997066));
#2616 = CARTESIAN_POINT('',(-188.8209226825,-57.3,-143.6536056444));
#2617 = CARTESIAN_POINT('',(-189.6925179968,-57.3,-144.3161538054));
#2618 = CARTESIAN_POINT('',(-190.2374471667,-57.3,-144.7751165215));
#2619 = CARTESIAN_POINT('',(-190.7611334889,-57.3,-145.2588051165));
#2620 = CARTESIAN_POINT('',(-191.2641462662,-57.3,-145.76409738));
#2621 = CARTESIAN_POINT('',(-191.7471663696,-57.3,-146.2882795315));
#2622 = CARTESIAN_POINT('',(-192.2109714519,-57.3,-146.8290599589));
#2623 = CARTESIAN_POINT('',(-192.6564188004,-57.3,-147.3845854924));
#2624 = CARTESIAN_POINT('',(-193.3251488672,-57.3,-148.2734111532));
#2625 = CARTESIAN_POINT('',(-193.560321894,-57.3,-148.5975404023));
#2626 = CARTESIAN_POINT('',(-193.7900899604,-57.3,-148.9255704122));
#2627 = CARTESIAN_POINT('',(-194.0145915943,-57.3,-149.2572463679));
#2628 = CARTESIAN_POINT('',(-194.2339597241,-57.3,-149.5923355434));
#2629 = CARTESIAN_POINT('',(-194.4483226006,-57.3,-149.9306266566));
#2630 = CARTESIAN_POINT('',(-194.6578047201,-57.3,-150.2719292252));
#2631 = CARTESIAN_POINT('',(-194.9706190035,-57.3,-150.7977765876));
#2632 = CARTESIAN_POINT('',(-195.077382944,-57.3,-150.9802712138));
#2633 = CARTESIAN_POINT('',(-195.1828370435,-57.3,-151.1635312037));
#2634 = CARTESIAN_POINT('',(-195.2869983605,-57.3,-151.3475320521));
#2635 = CARTESIAN_POINT('',(-195.3898835363,-57.3,-151.5322503447));
#2636 = CARTESIAN_POINT('',(-195.4915087958,-57.3,-151.7176637581));
#2637 = CARTESIAN_POINT('',(-195.5918899467,-57.3,-151.9037510601));
#2638 = CARTESIAN_POINT('',(-195.7414785112,-57.3,-152.1854821731));
#2639 = CARTESIAN_POINT('',(-195.7917184597,-57.3,-152.280870664));
#2640 = CARTESIAN_POINT('',(-195.841761266,-57.3,-152.376655774));
#2641 = CARTESIAN_POINT('',(-195.8916059752,-57.3,-152.4728356842));
#2642 = CARTESIAN_POINT('',(-195.9412516379,-57.3,-152.5694085656));
#2643 = CARTESIAN_POINT('',(-195.9906973097,-57.3,-152.6663725786));
#2644 = CARTESIAN_POINT('',(-196.039942052,-57.3,-152.7637258729));
#2645 = CARTESIAN_POINT('',(-196.1416207093,-57.3,-152.9663678237));
#2646 = CARTESIAN_POINT('',(-196.1938919409,-57.3,-153.0714523411));
#2647 = CARTESIAN_POINT('',(-196.2458012359,-57.3,-153.1767168517));
#2648 = CARTESIAN_POINT('',(-196.297350852,-57.3,-153.2821585734));
#2649 = CARTESIAN_POINT('',(-196.3485431214,-57.3,-153.3877746523));
#2650 = CARTESIAN_POINT('',(-196.3993805474,-57.3,-153.4935620152));
#2651 = CARTESIAN_POINT('',(-196.4498655697,-57.3,-153.599517652));
#2652 = CARTESIAN_POINT('',(-196.5,-57.3,-153.7056393294));
#2653 = ORIENTED_EDGE('',*,*,#693,.T.);
#2654 = ORIENTED_EDGE('',*,*,#2153,.T.);
#2655 = ORIENTED_EDGE('',*,*,#1840,.T.);
#2656 = ORIENTED_EDGE('',*,*,#2657,.T.);
#2657 = EDGE_CURVE('',#1832,#2658,#2660,.T.);
#2658 = VERTEX_POINT('',#2659);
#2659 = CARTESIAN_POINT('',(-196.5,-57.3,-90.));
#2660 = LINE('',#2661,#2662);
#2661 = CARTESIAN_POINT('',(-83.5,-57.3,-90.));
#2662 = VECTOR('',#2663,1.);
#2663 = DIRECTION('',(-1.,0.,0.));
#2664 = ORIENTED_EDGE('',*,*,#2665,.F.);
#2665 = EDGE_CURVE('',#2543,#2658,#2666,.T.);
#2666 = LINE('',#2667,#2668);
#2667 = CARTESIAN_POINT('',(-196.5,-57.3,-180.));
#2668 = VECTOR('',#2669,1.);
#2669 = DIRECTION('',(0.,3.310223024625E-16,1.));
#2670 = PLANE('',#2671);
#2671 = AXIS2_PLACEMENT_3D('',#2672,#2673,#2674);
#2672 = CARTESIAN_POINT('',(-140.,-57.3,-129.8404355071));
#2673 = DIRECTION('',(0.,-1.,5.210223024625E-16));
#2674 = DIRECTION('',(0.,5.210223024625E-16,1.));
#2675 = ADVANCED_FACE('',(#2676),#2774,.F.);
#2676 = FACE_BOUND('',#2677,.F.);
#2677 = EDGE_LOOP('',(#2678,#2679,#2687,#2773));
#2678 = ORIENTED_EDGE('',*,*,#2542,.T.);
#2679 = ORIENTED_EDGE('',*,*,#2680,.F.);
#2680 = EDGE_CURVE('',#2681,#2543,#2683,.T.);
#2681 = VERTEX_POINT('',#2682);
#2682 = CARTESIAN_POINT('',(-195.5412784208,-57.93812575772,
    -154.1585745019));
#2683 = ( BOUNDED_CURVE() B_SPLINE_CURVE(2,(#2684,#2685,#2686),
.UNSPECIFIED.,.F.,.F.) B_SPLINE_CURVE_WITH_KNOTS((3,3),(0.,1.),
.PIECEWISE_BEZIER_KNOTS.) CURVE() GEOMETRIC_REPRESENTATION_ITEM() 
RATIONAL_B_SPLINE_CURVE((1.,0.856804684586,1.)) REPRESENTATION_ITEM('') 
  );
#2684 = CARTESIAN_POINT('',(-195.5412784208,-57.93812575772,
    -154.1585745019));
#2685 = CARTESIAN_POINT('',(-195.8470215595,-57.29999999989,
    -154.01413025));
#2686 = CARTESIAN_POINT('',(-196.5,-57.3,-153.7056393294));
#2687 = ORIENTED_EDGE('',*,*,#2688,.F.);
#2688 = EDGE_CURVE('',#662,#2681,#2689,.T.);
#2689 = ( BOUNDED_CURVE() B_SPLINE_CURVE(10,(#2690,#2691,#2692,#2693,
    #2694,#2695,#2696,#2697,#2698,#2699,#2700,#2701,#2702,#2703,#2704,
    #2705,#2706,#2707,#2708,#2709,#2710,#2711,#2712,#2713,#2714,#2715,
    #2716,#2717,#2718,#2719,#2720,#2721,#2722,#2723,#2724,#2725,#2726,
    #2727,#2728,#2729,#2730,#2731,#2732,#2733,#2734,#2735,#2736,#2737,
    #2738,#2739,#2740,#2741,#2742,#2743,#2744,#2745,#2746,#2747,#2748,
    #2749,#2750,#2751,#2752,#2753,#2754,#2755,#2756,#2757,#2758,#2759,
    #2760,#2761,#2762,#2763,#2764,#2765,#2766,#2767,#2768,#2769,#2770,
#2771,#2772),.UNSPECIFIED.,.F.,.F.) B_SPLINE_CURVE_WITH_KNOTS((11,9,9,9,
    9,9,9,9,9,11),(0.,0.221579121505,0.420762599184,0.509387153692,
    0.639476568088,0.747464122245,0.90086205692,0.948414577779,
0.973521727677,1.),.UNSPECIFIED.) CURVE() GEOMETRIC_REPRESENTATION_ITEM(
) RATIONAL_B_SPLINE_CURVE((1.,1.,1.,1.,1.,1.,1.,1.,1.,1.,1.,1.,1.,1.,1.,
    1.,1.,1.,1.,1.,1.,1.,1.,1.,1.,1.,1.,1.,1.,1.,1.,1.,0.999999999999,1.
    ,1.,1.,1.,1.,1.,1.,1.,1.,1.,1.,1.,1.,1.,1.,1.,1.,1.,1.,1.,1.,1.,1.,
    1.,1.,1.,1.,1.,1.,1.,1.,1.,1.,1.,1.,1.,1.,1.,1.,1.,1.,1.,1.,
    1.000000000001,0.999999999999,1.000000000001,1.,1.,1.,1.)) 
REPRESENTATION_ITEM('') );
#2690 = CARTESIAN_POINT('',(-163.0891039709,-57.76960836307,-180.));
#2691 = CARTESIAN_POINT('',(-163.0891039709,-57.76960836307,
    -178.5255687109));
#2692 = CARTESIAN_POINT('',(-163.1209957745,-57.76912245606,
    -177.0512807481));
#2693 = CARTESIAN_POINT('',(-163.1848076842,-57.76815046639,
    -175.5778526274));
#2694 = CARTESIAN_POINT('',(-163.2806936605,-57.76668918258,
    -174.106079739));
#2695 = CARTESIAN_POINT('',(-163.4089537211,-57.76473221658,
    -172.6368412905));
#2696 = CARTESIAN_POINT('',(-163.5700543391,-57.76226986305,
    -171.1711052499));
#2697 = CARTESIAN_POINT('',(-163.7646488422,-57.75928895858,
    -169.7099332888));
#2698 = CARTESIAN_POINT('',(-163.9935978108,-57.75577274097,
    -168.2544857251));
#2699 = CARTESIAN_POINT('',(-164.2579894773,-57.75170070846,
    -166.8060264664));
#2700 = CARTESIAN_POINT('',(-164.8298905818,-57.74286646386,
    -164.0713843684));
#2701 = CARTESIAN_POINT('',(-165.130185373,-57.73821622645,
    -162.7841647171));
#2702 = CARTESIAN_POINT('',(-165.4611833128,-57.73308210848,
    -161.5049921014));
#2703 = CARTESIAN_POINT('',(-165.8240746305,-57.727443315,
    -160.2349301832));
#2704 = CARTESIAN_POINT('',(-166.2201801422,-57.72127609507,
    -158.9754202259));
#2705 = CARTESIAN_POINT('',(-166.6510304232,-57.71455592256,
    -157.7283181372));
#2706 = CARTESIAN_POINT('',(-167.1184449797,-57.7072596768,
    -156.4959315115));
#2707 = CARTESIAN_POINT('',(-167.6246114216,-57.69936782336,
    -155.2810566721));
#2708 = CARTESIAN_POINT('',(-168.1721646341,-57.69086659475,
    -154.0870157143));
#2709 = CARTESIAN_POINT('',(-169.0277150877,-57.6776939161,
    -152.3974161758));
#2710 = CARTESIAN_POINT('',(-169.2999445309,-57.67351853255,
    -151.8821658947));
#2711 = CARTESIAN_POINT('',(-169.5812273502,-57.66922217425,
    -151.3722873373));
#2712 = CARTESIAN_POINT('',(-169.8718507907,-57.66480516701,
    -150.8682001181));
#2713 = CARTESIAN_POINT('',(-170.1721162728,-57.66027000871,
    -150.3703988318));
#2714 = CARTESIAN_POINT('',(-170.4823393921,-57.65562136929,
    -149.8794530532));
#2715 = CARTESIAN_POINT('',(-170.8028499193,-57.65086609074,
    -149.3960073381));
#2716 = CARTESIAN_POINT('',(-171.1339917999,-57.64601318712,
    -148.9207812221));
#2717 = CARTESIAN_POINT('',(-171.476123155,-57.64107384455,
    -148.4545692217));
#2718 = CARTESIAN_POINT('',(-172.348498592,-57.62870383028,
    -147.328409621));
#2719 = CARTESIAN_POINT('',(-172.8916909548,-57.62119574413,
    -146.6802206846));
#2720 = CARTESIAN_POINT('',(-173.4601290531,-57.61358883516,
    -146.0563628389));
#2721 = CARTESIAN_POINT('',(-174.0561099101,-57.60594730145,
    -145.4597740015));
#2722 = CARTESIAN_POINT('',(-174.6795421071,-57.59838920654,
    -144.8954129095));
#2723 = CARTESIAN_POINT('',(-175.3306169977,-57.59106749618,
    -144.3685815772));
#2724 = CARTESIAN_POINT('',(-176.0109601062,-57.58417665611,
    -143.8843897166));
#2725 = CARTESIAN_POINT('',(-176.7209739717,-57.57799863359,
    -143.4493690333));
#2726 = CARTESIAN_POINT('',(-177.4567357685,-57.57292930256,
    -143.0726619984));
#2727 = CARTESIAN_POINT('',(-178.8452882656,-57.56638688454,
    -142.5016048321));
#2728 = CARTESIAN_POINT('',(-179.4907167296,-57.56445595819,
    -142.287291575));
#2729 = CARTESIAN_POINT('',(-180.1498739327,-57.56376909956,
    -142.12160269));
#2730 = CARTESIAN_POINT('',(-180.8195491318,-57.56458319071,
    -142.0085720168));
#2731 = CARTESIAN_POINT('',(-181.4955783968,-57.56712882669,
    -141.9513271808));
#2732 = CARTESIAN_POINT('',(-182.1732445606,-57.5715575205,
    -141.9514351923));
#2733 = CARTESIAN_POINT('',(-182.8476961284,-57.57791181431,
    -142.0086176239));
#2734 = CARTESIAN_POINT('',(-183.514385148,-57.58611829701,
    -142.1208353678));
#2735 = CARTESIAN_POINT('',(-184.1695240402,-57.59600352815,
    -142.2847429722));
#2736 = CARTESIAN_POINT('',(-185.7211645262,-57.62342636493,
    -142.7973344162));
#2737 = CARTESIAN_POINT('',(-186.6034299462,-57.64244356253,
    -143.1948379954));
#2738 = CARTESIAN_POINT('',(-187.4492704206,-57.66373892208,
    -143.6777925849));
#2739 = CARTESIAN_POINT('',(-188.255610458,-57.6864704491,
    -144.2335570934));
#2740 = CARTESIAN_POINT('',(-189.0213142465,-57.70983643033,
    -144.8493979673));
#2741 = CARTESIAN_POINT('',(-189.7471956142,-57.73324126583,
    -145.5151380449));
#2742 = CARTESIAN_POINT('',(-190.4355996268,-57.75631497019,
    -146.2237094013));
#2743 = CARTESIAN_POINT('',(-191.0886763795,-57.77881104978,
    -146.9692172885));
#2744 = CARTESIAN_POINT('',(-191.7070984779,-57.80050759651,
    -147.7451563292));
#2745 = CARTESIAN_POINT('',(-192.4754183554,-57.8277934402,
    -148.7974721128));
#2746 = CARTESIAN_POINT('',(-192.6541348352,-57.83416565976,
    -149.0490814707));
#2747 = CARTESIAN_POINT('',(-192.8298079165,-57.84045037595,
    -149.3031596233));
#2748 = CARTESIAN_POINT('',(-193.0024902419,-57.84664514628,
    -149.5595905272));
#2749 = CARTESIAN_POINT('',(-193.1722332691,-57.8527479403,
    -149.8182647201));
#2750 = CARTESIAN_POINT('',(-193.3390872712,-57.8587571396,
    -150.0790793208));
#2751 = CARTESIAN_POINT('',(-193.5031013363,-57.86467153777,
    -150.341938029));
#2752 = CARTESIAN_POINT('',(-193.6643233678,-57.87049034047,
    -150.6067511255));
#2753 = CARTESIAN_POINT('',(-193.8228000844,-57.87621316537,
    -150.8734354722));
#2754 = CARTESIAN_POINT('',(-194.0608253379,-57.88481096436,
    -151.283668164));
#2755 = CARTESIAN_POINT('',(-194.1423213324,-57.88775501421,
    -151.4259198304));
#2756 = CARTESIAN_POINT('',(-194.2230712725,-57.89067222136,
    -151.5686591224));
#2757 = CARTESIAN_POINT('',(-194.3030814279,-57.89356261545,
    -151.711875651));
#2758 = CARTESIAN_POINT('',(-194.3823580679,-57.89642622613,
    -151.8555590274));
#2759 = CARTESIAN_POINT('',(-194.4609074622,-57.89926308302,
    -151.9996988626));
#2760 = CARTESIAN_POINT('',(-194.5387358801,-57.90207321578,
    -152.1442847679));
#2761 = CARTESIAN_POINT('',(-194.6158495912,-57.90485665404,
    -152.2893063543));
#2762 = CARTESIAN_POINT('',(-194.692254865,-57.90761342745,
    -152.4347532329));
#2763 = CARTESIAN_POINT('',(-194.8477952867,-57.91322279895,
    -152.7344424306));
#2764 = CARTESIAN_POINT('',(-194.9270321316,-57.91607902257,
    -152.8890694419));
#2765 = CARTESIAN_POINT('',(-195.0066743692,-57.91894826144,
    -153.0465275916));
#2766 = CARTESIAN_POINT('',(-195.0831789731,-57.92170281287,
    -153.1996950147));
#2767 = CARTESIAN_POINT('',(-195.1635570815,-57.92459499093,
    -153.3625884614));
#2768 = CARTESIAN_POINT('',(-195.2398718261,-57.92733869134,
    -153.5195232434));
#2769 = CARTESIAN_POINT('',(-195.3164681784,-57.93009055952,
    -153.6788501897));
#2770 = CARTESIAN_POINT('',(-195.3920861159,-57.93280499836,
    -153.8382019771));
#2771 = CARTESIAN_POINT('',(-195.4670966648,-57.93549528983,
    -153.998287821));
#2772 = CARTESIAN_POINT('',(-195.5412780261,-57.93815343403,
    -154.158607998));
#2773 = ORIENTED_EDGE('',*,*,#671,.F.);
#2774 = ( BOUNDED_SURFACE() B_SPLINE_SURFACE(2,10,(
    (#2775,#2776,#2777,#2778,#2779,#2780,#2781,#2782,#2783,#2784,#2785
      ,#2786,#2787,#2788,#2789,#2790,#2791,#2792,#2793,#2794,#2795,#2796
      ,#2797,#2798,#2799,#2800,#2801,#2802,#2803,#2804,#2805,#2806,#2807
      ,#2808,#2809,#2810,#2811,#2812,#2813,#2814,#2815,#2816,#2817,#2818
      ,#2819,#2820,#2821,#2822,#2823,#2824,#2825,#2826,#2827,#2828,#2829
      ,#2830,#2831,#2832,#2833,#2834,#2835,#2836,#2837,#2838,#2839,#2840
      ,#2841,#2842,#2843,#2844,#2845,#2846,#2847,#2848,#2849,#2850,#2851
      ,#2852,#2853,#2854,#2855,#2856,#2857)
    ,(#2858,#2859,#2860,#2861,#2862,#2863,#2864,#2865,#2866,#2867,#2868
      ,#2869,#2870,#2871,#2872,#2873,#2874,#2875,#2876,#2877,#2878,#2879
      ,#2880,#2881,#2882,#2883,#2884,#2885,#2886,#2887,#2888,#2889,#2890
      ,#2891,#2892,#2893,#2894,#2895,#2896,#2897,#2898,#2899,#2900,#2901
      ,#2902,#2903,#2904,#2905,#2906,#2907,#2908,#2909,#2910,#2911,#2912
      ,#2913,#2914,#2915,#2916,#2917,#2918,#2919,#2920,#2921,#2922,#2923
      ,#2924,#2925,#2926,#2927,#2928,#2929,#2930,#2931,#2932,#2933,#2934
      ,#2935,#2936,#2937,#2938,#2939,#2940)
    ,(#2941,#2942,#2943,#2944,#2945,#2946,#2947,#2948,#2949,#2950,#2951
      ,#2952,#2953,#2954,#2955,#2956,#2957,#2958,#2959,#2960,#2961,#2962
      ,#2963,#2964,#2965,#2966,#2967,#2968,#2969,#2970,#2971,#2972,#2973
      ,#2974,#2975,#2976,#2977,#2978,#2979,#2980,#2981,#2982,#2983,#2984
      ,#2985,#2986,#2987,#2988,#2989,#2990,#2991,#2992,#2993,#2994,#2995
      ,#2996,#2997,#2998,#2999,#3000,#3001,#3002,#3003,#3004,#3005,#3006
      ,#3007,#3008,#3009,#3010,#3011,#3012,#3013,#3014,#3015,#3016,#3017
      ,#3018,#3019,#3020,#3021,#3022,#3023
)),.UNSPECIFIED.,.F.,.F.,.F.) B_SPLINE_SURFACE_WITH_KNOTS((3,3),(11,9,9,
    9,9,9,9,9,9,11),(0.,1.),(0.,0.221579121505,0.420762599184,
    0.509387153692,0.639476568088,0.747464122245,0.90086205692,
    0.948414577779,0.973521727677,1.),.UNSPECIFIED.) 
GEOMETRIC_REPRESENTATION_ITEM() RATIONAL_B_SPLINE_SURFACE((
    (1.,1.,1.,1.,1.,1.,1.,1.,1.,1.,1.,1.,1.,1.,1.,1.,1.,1.,1.,1.,1.,1.
      ,1.,1.,1.,1.,1.,1.,1.,1.,1.,1.,0.999999999999,1.,1.,1.,1.,1.,1.,1.
      ,1.,1.,1.,1.,1.,1.,1.,1.,1.,1.,1.,1.,1.,1.,1.,1.,1.,1.,1.,1.,1.,1.
      ,1.,1.,1.,1.,1.,1.,1.,1.,1.,1.,1.,1.,1.,1.,1.000000000001
      ,0.999999999999,1.000000000001,1.,1.,1.,1.)
    ,(0.896844383781,0.896844383781,0.896957262804,0.897183050338
      ,0.897522426597,0.897976744745,0.898548053119,0.899239117461
      ,0.900053443138,0.90099529737,0.903035569381,0.904108382833
      ,0.905291384238,0.90658886297,0.908005680372,0.909546764789
      ,0.911216606581,0.913018753159,0.914955303998,0.917947920172
      ,0.918895484264,0.919869398163,0.920869477531,0.921895053463
      ,0.922944972508,0.924017596643,0.925110803298,0.926221985339
      ,0.929000970321,0.930684419166,0.932386621203,0.93409298086
      ,0.935777145526,0.937405207677,0.938934342889,0.940302879597
      ,0.941424496212,0.942871091564,0.943297585647,0.943448948304
      ,0.943269119115,0.942707376996,0.941729525615,0.940324339636
      ,0.938505271743,0.936307420496,0.930189178008,0.925930922142
      ,0.921139610293,0.915993519899,0.910667517423,0.905295346008
      ,0.899962966847,0.894729946835,0.889651180905,0.883226119541
      ,0.881722730724,0.880237155379,0.878770086269,0.877322120519
      ,0.875893759628,0.874485409452,0.873097380222,0.871729886531
      ,0.869671932704,0.8689666053,0.868267075272,0.867573352763
      ,0.866885447916,0.866203370874,0.865527131782,0.864856740782
      ,0.864192208019,0.86283890904,0.862149204512,0.861455751234
      ,0.860789372976,0.860089187184,0.859424301664,0.858756751235
      ,0.858097958739,0.857444273359,0.856797954996)
    ,(1.,1.,1.,1.,1.,1.,1.,1.,1.,1.,1.,1.,1.,1.,1.,1.,1.,1.,1.,1.,1.,1.
      ,1.,1.,1.,1.,1.,1.,1.,1.,1.,1.,0.999999999999,1.,1.,1.,1.,1.,1.,1.
      ,1.,1.,1.,1.,1.,1.,1.,1.,1.,1.,1.,1.,1.,1.,1.,1.,1.,1.,1.,1.,1.,1.
      ,1.,1.,1.,1.,1.,1.,1.,1.,1.,1.,1.,1.,1.,1.,1.000000000001
,0.999999999999,1.000000000001,1.,1.,1.,1.
))) REPRESENTATION_ITEM('') SURFACE() );
#2775 = CARTESIAN_POINT('',(-163.0891039709,-57.76960836307,-180.));
#2776 = CARTESIAN_POINT('',(-163.0891039709,-57.76960836307,
    -178.5255687109));
#2777 = CARTESIAN_POINT('',(-163.1209957745,-57.76912245606,
    -177.0512807481));
#2778 = CARTESIAN_POINT('',(-163.1848076842,-57.76815046639,
    -175.5778526274));
#2779 = CARTESIAN_POINT('',(-163.2806936605,-57.76668918258,
    -174.106079739));
#2780 = CARTESIAN_POINT('',(-163.4089537211,-57.76473221658,
    -172.6368412905));
#2781 = CARTESIAN_POINT('',(-163.5700543391,-57.76226986305,
    -171.1711052499));
#2782 = CARTESIAN_POINT('',(-163.7646488422,-57.75928895858,
    -169.7099332888));
#2783 = CARTESIAN_POINT('',(-163.9935978108,-57.75577274097,
    -168.2544857251));
#2784 = CARTESIAN_POINT('',(-164.2579894773,-57.75170070846,
    -166.8060264664));
#2785 = CARTESIAN_POINT('',(-164.8298905818,-57.74286646386,
    -164.0713843684));
#2786 = CARTESIAN_POINT('',(-165.130185373,-57.73821622645,
    -162.7841647171));
#2787 = CARTESIAN_POINT('',(-165.4611833128,-57.73308210848,
    -161.5049921014));
#2788 = CARTESIAN_POINT('',(-165.8240746305,-57.727443315,
    -160.2349301832));
#2789 = CARTESIAN_POINT('',(-166.2201801422,-57.72127609507,
    -158.9754202259));
#2790 = CARTESIAN_POINT('',(-166.6510304232,-57.71455592256,
    -157.7283181372));
#2791 = CARTESIAN_POINT('',(-167.1184449797,-57.7072596768,
    -156.4959315115));
#2792 = CARTESIAN_POINT('',(-167.6246114216,-57.69936782336,
    -155.2810566721));
#2793 = CARTESIAN_POINT('',(-168.1721646341,-57.69086659475,
    -154.0870157143));
#2794 = CARTESIAN_POINT('',(-169.0277150877,-57.6776939161,
    -152.3974161758));
#2795 = CARTESIAN_POINT('',(-169.2999445309,-57.67351853255,
    -151.8821658947));
#2796 = CARTESIAN_POINT('',(-169.5812273502,-57.66922217425,
    -151.3722873373));
#2797 = CARTESIAN_POINT('',(-169.8718507907,-57.66480516701,
    -150.8682001181));
#2798 = CARTESIAN_POINT('',(-170.1721162728,-57.66027000871,
    -150.3703988318));
#2799 = CARTESIAN_POINT('',(-170.4823393921,-57.65562136929,
    -149.8794530532));
#2800 = CARTESIAN_POINT('',(-170.8028499193,-57.65086609074,
    -149.3960073381));
#2801 = CARTESIAN_POINT('',(-171.1339917999,-57.64601318712,
    -148.9207812221));
#2802 = CARTESIAN_POINT('',(-171.476123155,-57.64107384455,
    -148.4545692217));
#2803 = CARTESIAN_POINT('',(-172.348498592,-57.62870383028,
    -147.328409621));
#2804 = CARTESIAN_POINT('',(-172.8916909548,-57.62119574413,
    -146.6802206846));
#2805 = CARTESIAN_POINT('',(-173.4601290531,-57.61358883516,
    -146.0563628389));
#2806 = CARTESIAN_POINT('',(-174.0561099101,-57.60594730145,
    -145.4597740015));
#2807 = CARTESIAN_POINT('',(-174.6795421071,-57.59838920654,
    -144.8954129095));
#2808 = CARTESIAN_POINT('',(-175.3306169977,-57.59106749618,
    -144.3685815772));
#2809 = CARTESIAN_POINT('',(-176.0109601062,-57.58417665611,
    -143.8843897166));
#2810 = CARTESIAN_POINT('',(-176.7209739717,-57.57799863359,
    -143.4493690333));
#2811 = CARTESIAN_POINT('',(-177.4567357685,-57.57292930256,
    -143.0726619984));
#2812 = CARTESIAN_POINT('',(-178.8452882656,-57.56638688454,
    -142.5016048321));
#2813 = CARTESIAN_POINT('',(-179.4907167296,-57.56445595819,
    -142.287291575));
#2814 = CARTESIAN_POINT('',(-180.1498739327,-57.56376909956,
    -142.12160269));
#2815 = CARTESIAN_POINT('',(-180.8195491318,-57.56458319071,
    -142.0085720168));
#2816 = CARTESIAN_POINT('',(-181.4955783968,-57.56712882669,
    -141.9513271808));
#2817 = CARTESIAN_POINT('',(-182.1732445606,-57.5715575205,
    -141.9514351923));
#2818 = CARTESIAN_POINT('',(-182.8476961284,-57.57791181431,
    -142.0086176239));
#2819 = CARTESIAN_POINT('',(-183.514385148,-57.58611829701,
    -142.1208353678));
#2820 = CARTESIAN_POINT('',(-184.1695240402,-57.59600352815,
    -142.2847429722));
#2821 = CARTESIAN_POINT('',(-185.7211645262,-57.62342636493,
    -142.7973344162));
#2822 = CARTESIAN_POINT('',(-186.6034299462,-57.64244356253,
    -143.1948379954));
#2823 = CARTESIAN_POINT('',(-187.4492704206,-57.66373892208,
    -143.6777925849));
#2824 = CARTESIAN_POINT('',(-188.255610458,-57.6864704491,
    -144.2335570934));
#2825 = CARTESIAN_POINT('',(-189.0213142465,-57.70983643033,
    -144.8493979673));
#2826 = CARTESIAN_POINT('',(-189.7471956142,-57.73324126583,
    -145.5151380449));
#2827 = CARTESIAN_POINT('',(-190.4355996268,-57.75631497019,
    -146.2237094013));
#2828 = CARTESIAN_POINT('',(-191.0886763795,-57.77881104978,
    -146.9692172885));
#2829 = CARTESIAN_POINT('',(-191.7070984779,-57.80050759651,
    -147.7451563292));
#2830 = CARTESIAN_POINT('',(-192.4754183554,-57.8277934402,
    -148.7974721128));
#2831 = CARTESIAN_POINT('',(-192.6541348352,-57.83416565976,
    -149.0490814707));
#2832 = CARTESIAN_POINT('',(-192.8298079165,-57.84045037595,
    -149.3031596233));
#2833 = CARTESIAN_POINT('',(-193.0024902419,-57.84664514628,
    -149.5595905272));
#2834 = CARTESIAN_POINT('',(-193.1722332691,-57.8527479403,
    -149.8182647201));
#2835 = CARTESIAN_POINT('',(-193.3390872712,-57.8587571396,
    -150.0790793208));
#2836 = CARTESIAN_POINT('',(-193.5031013363,-57.86467153777,
    -150.341938029));
#2837 = CARTESIAN_POINT('',(-193.6643233678,-57.87049034047,
    -150.6067511255));
#2838 = CARTESIAN_POINT('',(-193.8228000844,-57.87621316537,
    -150.8734354722));
#2839 = CARTESIAN_POINT('',(-194.0608253379,-57.88481096436,
    -151.283668164));
#2840 = CARTESIAN_POINT('',(-194.1423213324,-57.88775501421,
    -151.4259198304));
#2841 = CARTESIAN_POINT('',(-194.2230712725,-57.89067222136,
    -151.5686591224));
#2842 = CARTESIAN_POINT('',(-194.3030814279,-57.89356261545,
    -151.711875651));
#2843 = CARTESIAN_POINT('',(-194.3823580679,-57.89642622613,
    -151.8555590274));
#2844 = CARTESIAN_POINT('',(-194.4609074622,-57.89926308302,
    -151.9996988626));
#2845 = CARTESIAN_POINT('',(-194.5387358801,-57.90207321578,
    -152.1442847679));
#2846 = CARTESIAN_POINT('',(-194.6158495912,-57.90485665404,
    -152.2893063543));
#2847 = CARTESIAN_POINT('',(-194.692254865,-57.90761342745,
    -152.4347532329));
#2848 = CARTESIAN_POINT('',(-194.8477952867,-57.91322279895,
    -152.7344424306));
#2849 = CARTESIAN_POINT('',(-194.9270321316,-57.91607902257,
    -152.8890694419));
#2850 = CARTESIAN_POINT('',(-195.0066743692,-57.91894826144,
    -153.0465275916));
#2851 = CARTESIAN_POINT('',(-195.0831789731,-57.92170281287,
    -153.1996950147));
#2852 = CARTESIAN_POINT('',(-195.1635570815,-57.92459499093,
    -153.3625884614));
#2853 = CARTESIAN_POINT('',(-195.2398718261,-57.92733869134,
    -153.5195232434));
#2854 = CARTESIAN_POINT('',(-195.3164681784,-57.93009055952,
    -153.6788501897));
#2855 = CARTESIAN_POINT('',(-195.3920861159,-57.93280499836,
    -153.8382019771));
#2856 = CARTESIAN_POINT('',(-195.4670966648,-57.93549528983,
    -153.998287821));
#2857 = CARTESIAN_POINT('',(-195.5412780261,-57.93815343403,
    -154.158607998));
#2858 = CARTESIAN_POINT('',(-162.7288564595,-57.3,-180.));
#2859 = CARTESIAN_POINT('',(-162.7288564595,-57.3,-178.5184701453));
#2860 = CARTESIAN_POINT('',(-162.7608882384,-57.29999999999,
    -177.0374569216));
#2861 = CARTESIAN_POINT('',(-162.8249639471,-57.29999999999,
    -175.5575072932));
#2862 = CARTESIAN_POINT('',(-162.9212312097,-57.29999999999,
    -174.0792498871));
#2863 = CARTESIAN_POINT('',(-163.049999735,-57.3,-172.603397179));
#2864 = CARTESIAN_POINT('',(-163.2117671883,-57.3,-171.1307477015));
#2865 = CARTESIAN_POINT('',(-163.4072442239,-57.3,-169.6621882419));
#2866 = CARTESIAN_POINT('',(-163.6373785645,-57.3,-168.1986959947));
#2867 = CARTESIAN_POINT('',(-163.9033780036,-57.3,-166.741340626));
#2868 = CARTESIAN_POINT('',(-164.4788093864,-57.3,-163.9907380225));
#2869 = CARTESIAN_POINT('',(-164.7806446608,-57.3,-162.6972647627));
#2870 = CARTESIAN_POINT('',(-165.1134460495,-57.3,-161.4114845273));
#2871 = CARTESIAN_POINT('',(-165.4784833289,-57.3,-160.1343138365));
#2872 = CARTESIAN_POINT('',(-165.8771806325,-57.3,-158.8670273335));
#2873 = CARTESIAN_POINT('',(-166.3112087406,-57.3,-157.6113118674));
#2874 = CARTESIAN_POINT('',(-166.782577129,-57.3,-156.3693148867));
#2875 = CARTESIAN_POINT('',(-167.2937258847,-57.3,-155.1436871315));
#2876 = CARTESIAN_POINT('',(-167.8476176396,-57.3,-153.9376196963));
#2877 = CARTESIAN_POINT('',(-168.7140170583,-57.3,-152.2303420026));
#2878 = CARTESIAN_POINT('',(-168.9892266541,-57.3,-151.7106373518));
#2879 = CARTESIAN_POINT('',(-169.2737644628,-57.3,-151.196079278));
#2880 = CARTESIAN_POINT('',(-169.5679524741,-57.3,-150.6870701004));
#2881 = CARTESIAN_POINT('',(-169.8721293324,-57.3,-150.1840949828));
#2882 = CARTESIAN_POINT('',(-170.1866509966,-57.3,-149.6877200559));
#2883 = CARTESIAN_POINT('',(-170.5118914732,-57.3,-149.1985905779));
#2884 = CARTESIAN_POINT('',(-170.8482436303,-57.3,-148.7174291456));
#2885 = CARTESIAN_POINT('',(-171.1961200986,-57.3,-148.2450339763));
#2886 = CARTESIAN_POINT('',(-172.0825644011,-57.3,-147.1050420711));
#2887 = CARTESIAN_POINT('',(-172.6345565928,-57.29999999334,
    -146.4488857204));
#2888 = CARTESIAN_POINT('',(-173.2130259918,-57.30000001336,
    -145.8164932548));
#2889 = CARTESIAN_POINT('',(-173.8205581052,-57.29999999927,
    -145.2107716499));
#2890 = CARTESIAN_POINT('',(-174.457250359,-57.29999998419,
    -144.6367593938));
#2891 = CARTESIAN_POINT('',(-175.1235326447,-57.30000000121,
    -144.0998820152));
#2892 = CARTESIAN_POINT('',(-175.8213234732,-57.30000001719,
    -143.6054407855));
#2893 = CARTESIAN_POINT('',(-176.551168612,-57.29999999737,
    -143.1603284742));
#2894 = CARTESIAN_POINT('',(-177.3089225313,-57.3,-142.7742293483));
#2895 = CARTESIAN_POINT('',(-178.7396631475,-57.3,-142.1884584936));
#2896 = CARTESIAN_POINT('',(-179.4054010517,-57.30000000327,
    -141.968062022));
#2897 = CARTESIAN_POINT('',(-180.0866352226,-57.30000000487,
    -141.796879578));
#2898 = CARTESIAN_POINT('',(-180.7799194898,-57.30000000423,
    -141.6793430623));
#2899 = CARTESIAN_POINT('',(-181.4806344949,-57.3000000026,
    -141.6189468599));
#2900 = CARTESIAN_POINT('',(-182.1834356379,-57.30000000128,
    -141.6174770386));
#2901 = CARTESIAN_POINT('',(-182.8827286454,-57.30000000075,
    -141.67467499));
#2902 = CARTESIAN_POINT('',(-183.5732039844,-57.30000000052,
    -141.7883209872));
#2903 = CARTESIAN_POINT('',(-184.2504647746,-57.3,-141.9547387019));
#2904 = CARTESIAN_POINT('',(-185.8573745759,-57.3,-142.4771563043));
#2905 = CARTESIAN_POINT('',(-186.7727798491,-57.30000000242,
    -142.8848161515));
#2906 = CARTESIAN_POINT('',(-187.6480078783,-57.3000000008,
    -143.3808063986));
#2907 = CARTESIAN_POINT('',(-188.4787019757,-57.29999999675,
    -143.9509247528));
#2908 = CARTESIAN_POINT('',(-189.2636920543,-57.29999999662,
    -144.5810985059));
#2909 = CARTESIAN_POINT('',(-190.0044223512,-57.30000000071,
    -145.260290004));
#2910 = CARTESIAN_POINT('',(-190.7039581677,-57.30000000239,
    -145.9810185584));
#2911 = CARTESIAN_POINT('',(-191.3650854489,-57.29999999901,
    -146.7372538904));
#2912 = CARTESIAN_POINT('',(-191.9891087532,-57.3,-147.5224079433));
#2913 = CARTESIAN_POINT('',(-192.76357022,-57.3,-148.5867812628));
#2914 = CARTESIAN_POINT('',(-192.9444963613,-57.3,-148.8425046023));
#2915 = CARTESIAN_POINT('',(-193.1221361086,-57.3,-149.1005580122));
#2916 = CARTESIAN_POINT('',(-193.2965579064,-57.3,-149.3608227091));
#2917 = CARTESIAN_POINT('',(-193.4678282794,-57.3,-149.6231871277));
#2918 = CARTESIAN_POINT('',(-193.6360119184,-57.3,-149.8875471322));
#2919 = CARTESIAN_POINT('',(-193.8011717628,-57.3,-150.1538062326));
#2920 = CARTESIAN_POINT('',(-193.963369078,-57.3,-150.4218758052));
#2921 = CARTESIAN_POINT('',(-194.1226635297,-57.3,-150.6916753152));
#2922 = CARTESIAN_POINT('',(-194.3619122637,-57.3,-151.106797804));
#2923 = CARTESIAN_POINT('',(-194.4439122914,-57.3,-151.2509193349));
#2924 = CARTESIAN_POINT('',(-194.5251211342,-57.3,-151.3954873334));
#2925 = CARTESIAN_POINT('',(-194.6055466439,-57.3,-151.5404919399));
#2926 = CARTESIAN_POINT('',(-194.6851967251,-57.3,-151.6859232388));
#2927 = CARTESIAN_POINT('',(-194.7640793353,-57.3,-151.8317712589));
#2928 = CARTESIAN_POINT('',(-194.8422024843,-57.3,-151.9780259737));
#2929 = CARTESIAN_POINT('',(-194.9195742342,-57.3,-152.1246773018));
#2930 = CARTESIAN_POINT('',(-194.9962026993,-57.3,-152.2717151077));
#2931 = CARTESIAN_POINT('',(-195.1522595236,-57.3,-152.5748375368));
#2932 = CARTESIAN_POINT('',(-195.2317799251,-57.2999999915,
    -152.7313013631));
#2933 = CARTESIAN_POINT('',(-195.3116839005,-57.30000003482,
    -152.8906073346));
#2934 = CARTESIAN_POINT('',(-195.3883692523,-57.29999994611,
    -153.0454577438));
#2935 = CARTESIAN_POINT('',(-195.4689365532,-57.30000000706,
    -153.2101460266));
#2936 = CARTESIAN_POINT('',(-195.54543853,-57.30000009979,
    -153.3688730965));
#2937 = CARTESIAN_POINT('',(-195.6220226172,-57.29999984344,
    -153.5295970826));
#2938 = CARTESIAN_POINT('',(-195.6978138975,-57.30000011312,
    -153.6907682488));
#2939 = CARTESIAN_POINT('',(-195.7728197317,-57.29999996197,
    -153.8523209839));
#2940 = CARTESIAN_POINT('',(-195.8470110332,-57.29999999984,
    -154.0141579103));
#2941 = CARTESIAN_POINT('',(-162.1369863013,-57.3,-180.));
#2942 = CARTESIAN_POINT('',(-162.1369863013,-57.3,-178.5068075271));
#2943 = CARTESIAN_POINT('',(-162.1696601407,-57.3,-177.013760414));
#2944 = CARTESIAN_POINT('',(-162.2350395243,-57.3,-175.5215249082));
#2945 = CARTESIAN_POINT('',(-162.3332899978,-57.3,-174.0308476433));
#2946 = CARTESIAN_POINT('',(-162.4647341126,-57.3,-172.5425591322));
#2947 = CARTESIAN_POINT('',(-162.629874592,-57.3,-171.0575772605));
#2948 = CARTESIAN_POINT('',(-162.8294174964,-57.3,-169.5769107797));
#2949 = CARTESIAN_POINT('',(-163.0642953886,-57.3,-168.1016628001));
#2950 = CARTESIAN_POINT('',(-163.3356904996,-57.3,-166.6330342847));
#2951 = CARTESIAN_POINT('',(-163.9231566293,-57.3,-163.8592586622));
#2952 = CARTESIAN_POINT('',(-164.2317759975,-57.3,-162.5531667485));
#2953 = CARTESIAN_POINT('',(-164.572159027,-57.3,-161.254720306));
#2954 = CARTESIAN_POINT('',(-164.9456040852,-57.3,-159.9649261891));
#2955 = CARTESIAN_POINT('',(-165.3535581472,-57.3,-158.685166188));
#2956 = CARTESIAN_POINT('',(-165.7977100628,-57.3,-157.4172336148));
#2957 = CARTESIAN_POINT('',(-166.2800838253,-57.3,-156.1633698895));
#2958 = CARTESIAN_POINT('',(-166.8031318387,-57.3,-154.9263011267));
#2959 = CARTESIAN_POINT('',(-167.3698281861,-57.3,-153.7092747215));
#2960 = CARTESIAN_POINT('',(-168.2569251254,-57.3,-151.985203818));
#2961 = CARTESIAN_POINT('',(-168.5394026302,-57.3,-151.4591700299));
#2962 = CARTESIAN_POINT('',(-168.8315035961,-57.3,-150.9383311039));
#2963 = CARTESIAN_POINT('',(-169.1335572184,-57.3,-150.4231003488));
#2964 = CARTESIAN_POINT('',(-169.4459127038,-57.3,-149.9139678502));
#2965 = CARTESIAN_POINT('',(-169.7689392707,-57.3,-149.4115004703));
#2966 = CARTESIAN_POINT('',(-170.1030261486,-57.3,-148.9163418482));
#2967 = CARTESIAN_POINT('',(-170.4485825787,-57.3,-148.4292123993));
#2968 = CARTESIAN_POINT('',(-170.8060378133,-57.3,-147.9509093161));
#2969 = CARTESIAN_POINT('',(-171.7186646647,-57.3,-146.7944581772));
#2970 = CARTESIAN_POINT('',(-172.2879216763,-57.3,-146.1278678002));
#2971 = CARTESIAN_POINT('',(-172.8847757726,-57.3,-145.4852512933));
#2972 = CARTESIAN_POINT('',(-173.5118872769,-57.3,-144.8695623456));
#2973 = CARTESIAN_POINT('',(-174.1694090222,-57.3,-144.2858736249));
#2974 = CARTESIAN_POINT('',(-174.8578310771,-57.3,-143.7396310993));
#2975 = CARTESIAN_POINT('',(-175.5792060726,-57.3,-143.2361068397));
#2976 = CARTESIAN_POINT('',(-176.3342987628,-57.3,-142.7821141957));
#2977 = CARTESIAN_POINT('',(-177.1192154021,-57.3,-142.3872878188));
#2978 = CARTESIAN_POINT('',(-178.605011733,-57.3,-141.7855167435));
#2979 = CARTESIAN_POINT('',(-179.297274453,-57.3,-141.5582051578));
#2980 = CARTESIAN_POINT('',(-180.0059334027,-57.3,-141.3807166956));
#2981 = CARTESIAN_POINT('',(-180.7275409438,-57.3,-141.2574407155));
#2982 = CARTESIAN_POINT('',(-181.4574991599,-57.3,-141.1918638947));
#2983 = CARTESIAN_POINT('',(-182.1904749491,-57.3,-141.1858506631));
#2984 = CARTESIAN_POINT('',(-182.9208680748,-57.3,-141.2393142495));
#2985 = CARTESIAN_POINT('',(-183.6433321771,-57.3,-141.3502783399));
#2986 = CARTESIAN_POINT('',(-184.3533487432,-57.3,-141.5153293484));
#2987 = CARTESIAN_POINT('',(-186.0344091889,-57.3,-142.0360546131));
#2988 = CARTESIAN_POINT('',(-186.9897776116,-57.3,-142.4428172705));
#2989 = CARTESIAN_POINT('',(-187.904271636,-57.3,-142.9390528592));
#2990 = CARTESIAN_POINT('',(-188.7738711158,-57.3,-143.5113076865));
#2991 = CARTESIAN_POINT('',(-189.5971664119,-57.3,-144.1459482886));
#2992 = CARTESIAN_POINT('',(-190.3751855743,-57.3,-144.8320449152));
#2993 = CARTESIAN_POINT('',(-191.110717694,-57.3,-145.5619995953));
#2994 = CARTESIAN_POINT('',(-191.8063669165,-57.3,-146.3295272086));
#2995 = CARTESIAN_POINT('',(-192.4631941264,-57.3,-147.1277658022));
#2996 = CARTESIAN_POINT('',(-193.2770042596,-57.3,-148.2094209652));
#2997 = CARTESIAN_POINT('',(-193.4661299239,-57.3,-148.4679811528));
#2998 = CARTESIAN_POINT('',(-193.651869651,-57.3,-148.7290118553));
#2999 = CARTESIAN_POINT('',(-193.8342887113,-57.3,-148.9923912997));
#3000 = CARTESIAN_POINT('',(-194.0134508156,-57.3,-149.2580048612));
#3001 = CARTESIAN_POINT('',(-194.1894181159,-57.3,-149.5257450631));
#3002 = CARTESIAN_POINT('',(-194.362251205,-57.3,-149.7955115767));
#3003 = CARTESIAN_POINT('',(-194.5320091167,-57.3,-150.0672112214));
#3004 = CARTESIAN_POINT('',(-194.6987493255,-57.3,-150.3407579645));
#3005 = CARTESIAN_POINT('',(-194.9490007522,-57.3,-150.7614358544));
#3006 = CARTESIAN_POINT('',(-195.0346485202,-57.3,-150.9072892431));
#3007 = CARTESIAN_POINT('',(-195.1194787198,-57.3,-151.0536224155));
#3008 = CARTESIAN_POINT('',(-195.2034990198,-57.3,-151.2004246995));
#3009 = CARTESIAN_POINT('',(-195.286717089,-57.3,-151.347685423));
#3010 = CARTESIAN_POINT('',(-195.3691405962,-57.3,-151.4953939139));
#3011 = CARTESIAN_POINT('',(-195.4507772102,-57.3,-151.6435395001));
#3012 = CARTESIAN_POINT('',(-195.5316345997,-57.3,-151.7921115095));
#3013 = CARTESIAN_POINT('',(-195.6117204335,-57.3,-151.94109927));
#3014 = CARTESIAN_POINT('',(-195.7746961651,-57.3,-152.2480434167));
#3015 = CARTESIAN_POINT('',(-195.85768066,-57.3,-152.406374549));
#3016 = CARTESIAN_POINT('',(-195.9411089925,-57.3,-152.5676801464));
#3017 = CARTESIAN_POINT('',(-196.0211090731,-57.3,-152.7243601901));
#3018 = CARTESIAN_POINT('',(-196.1052065273,-57.3,-152.8910738313));
#3019 = CARTESIAN_POINT('',(-196.1852257632,-57.3,-153.0521609714));
#3020 = CARTESIAN_POINT('',(-196.264932753,-57.3,-153.2144016628));
#3021 = CARTESIAN_POINT('',(-196.344289696,-57.3,-153.3781475377));
#3022 = CARTESIAN_POINT('',(-196.4225226381,-57.3,-153.5416397074));
#3023 = CARTESIAN_POINT('',(-196.5,-57.3,-153.7056393294));
#3024 = ADVANCED_FACE('',(#3025),#3050,.F.);
#3025 = FACE_BOUND('',#3026,.F.);
#3026 = EDGE_LOOP('',(#3027,#3037,#3043,#3044));
#3027 = ORIENTED_EDGE('',*,*,#3028,.F.);
#3028 = EDGE_CURVE('',#3029,#3031,#3033,.T.);
#3029 = VERTEX_POINT('',#3030);
#3030 = CARTESIAN_POINT('',(-76.7,-13.,-180.));
#3031 = VERTEX_POINT('',#3032);
#3032 = CARTESIAN_POINT('',(-101.5,-13.,-180.));
#3033 = LINE('',#3034,#3035);
#3034 = CARTESIAN_POINT('',(-75.5,-13.,-180.));
#3035 = VECTOR('',#3036,1.);
#3036 = DIRECTION('',(-1.,-0.,0.));
#3037 = ORIENTED_EDGE('',*,*,#3038,.T.);
#3038 = EDGE_CURVE('',#3029,#259,#3039,.T.);
#3039 = LINE('',#3040,#3041);
#3040 = CARTESIAN_POINT('',(-76.7,-13.,-179.4));
#3041 = VECTOR('',#3042,1.);
#3042 = DIRECTION('',(0.,3.310223024625E-16,1.));
#3043 = ORIENTED_EDGE('',*,*,#266,.F.);
#3044 = ORIENTED_EDGE('',*,*,#3045,.F.);
#3045 = EDGE_CURVE('',#3031,#267,#3046,.T.);
#3046 = LINE('',#3047,#3048);
#3047 = CARTESIAN_POINT('',(-101.5,-13.,-180.));
#3048 = VECTOR('',#3049,1.);
#3049 = DIRECTION('',(0.,3.310223024625E-16,1.));
#3050 = PLANE('',#3051);
#3051 = AXIS2_PLACEMENT_3D('',#3052,#3053,#3054);
#3052 = CARTESIAN_POINT('',(-75.5,-13.,-180.));
#3053 = DIRECTION('',(0.,-1.,3.310223024625E-16));
#3054 = DIRECTION('',(-1.,0.,0.));
#3055 = ADVANCED_FACE('',(#3056),#3124,.T.);
#3056 = FACE_BOUND('',#3057,.T.);
#3057 = EDGE_LOOP('',(#3058,#3081,#3082,#3083,#3084,#3122,#3123));
#3058 = ORIENTED_EDGE('',*,*,#3059,.F.);
#3059 = EDGE_CURVE('',#2681,#470,#3060,.T.);
#3060 = ( BOUNDED_CURVE() B_SPLINE_CURVE(7,(#3061,#3062,#3063,#3064,
    #3065,#3066,#3067,#3068,#3069,#3070,#3071,#3072,#3073,#3074,#3075,
    #3076,#3077,#3078,#3079,#3080),.UNSPECIFIED.,.F.,.F.) 
B_SPLINE_CURVE_WITH_KNOTS((8,6,6,8),(0.,1.687403955182E-02,
0.542971804102,1.),.UNSPECIFIED.) CURVE() GEOMETRIC_REPRESENTATION_ITEM(
) RATIONAL_B_SPLINE_CURVE((1.,1.,1.,1.,1.,1.,1.,1.,1.,1.,1.,1.,1.,1.,1.,
1.,1.,1.,1.,1.)) REPRESENTATION_ITEM('') );
#3061 = CARTESIAN_POINT('',(-195.5412784208,-57.93812575772,
    -154.1585745019));
#3062 = CARTESIAN_POINT('',(-195.5690754245,-57.93912177588,
    -154.2186490876));
#3063 = CARTESIAN_POINT('',(-195.596777285,-57.94004781571,
    -154.2787341746));
#3064 = CARTESIAN_POINT('',(-195.6244535924,-57.94079399796,
    -154.3388415457));
#3065 = CARTESIAN_POINT('',(-195.6520952555,-57.94137491499,
    -154.3989696408));
#3066 = CARTESIAN_POINT('',(-195.6796635494,-57.94185205722,
    -154.4591119038));
#3067 = CARTESIAN_POINT('',(-195.7071391641,-57.94225623953,
    -154.5192651289));
#3068 = CARTESIAN_POINT('',(-196.5898472246,-57.95042262018,
    -156.4554978571));
#3069 = CARTESIAN_POINT('',(-197.3844483581,-57.84043323706,
    -158.3464639637));
#3070 = CARTESIAN_POINT('',(-198.1061792516,-57.64268004704,
    -160.2524931402));
#3071 = CARTESIAN_POINT('',(-198.7537811867,-57.38291887205,
    -162.1714172582));
#3072 = CARTESIAN_POINT('',(-199.3295897639,-57.08079991175,
    -164.1008951564));
#3073 = CARTESIAN_POINT('',(-199.8352087948,-56.75299994957,
    -166.039864278));
#3074 = CARTESIAN_POINT('',(-200.6480835459,-56.13297968841,
    -169.6827857462));
#3075 = CARTESIAN_POINT('',(-200.9725870098,-55.84165129675,
    -171.3837168009));
#3076 = CARTESIAN_POINT('',(-201.2428270186,-55.5625433209,
    -173.0924322492));
#3077 = CARTESIAN_POINT('',(-201.4572806192,-55.31059687243,
    -174.807934858));
#3078 = CARTESIAN_POINT('',(-201.6096116099,-55.11271781707,
    -176.5348342725));
#3079 = CARTESIAN_POINT('',(-201.6851854517,-55.01547446978,
    -178.267323817));
#3080 = CARTESIAN_POINT('',(-201.6851854517,-55.01547446978,-180.));
#3081 = ORIENTED_EDGE('',*,*,#2688,.F.);
#3082 = ORIENTED_EDGE('',*,*,#661,.T.);
#3083 = ORIENTED_EDGE('',*,*,#618,.T.);
#3084 = ORIENTED_EDGE('',*,*,#3085,.F.);
#3085 = EDGE_CURVE('',#495,#587,#3086,.T.);
#3086 = B_SPLINE_CURVE_WITH_KNOTS('',12,(#3087,#3088,#3089,#3090,#3091,
    #3092,#3093,#3094,#3095,#3096,#3097,#3098,#3099,#3100,#3101,#3102,
    #3103,#3104,#3105,#3106,#3107,#3108,#3109,#3110,#3111,#3112,#3113,
    #3114,#3115,#3116,#3117,#3118,#3119,#3120,#3121),.UNSPECIFIED.,.F.,
  .F.,(13,11,11,13),(-4.0778E-13,3.141592653589,6.283185307179,
    12.566370614359),.UNSPECIFIED.);
#3087 = CARTESIAN_POINT('',(-191.7907656367,-83.90718032964,
    -179.9999999999));
#3088 = CARTESIAN_POINT('',(-191.7907656367,-83.90718032962,
    -179.7154828631));
#3089 = CARTESIAN_POINT('',(-191.7781180588,-83.91396512062,
    -179.4309844252));
#3090 = CARTESIAN_POINT('',(-191.7527614833,-83.92758840663,
    -179.146467252));
#3091 = CARTESIAN_POINT('',(-191.7144133012,-83.94820337153,
    -178.8624279838));
#3092 = CARTESIAN_POINT('',(-191.6624856732,-83.97613144477,
    -178.5793614151));
#3093 = CARTESIAN_POINT('',(-191.5960367689,-84.01190595545,
    -178.2978497863));
#3094 = CARTESIAN_POINT('',(-191.5137878707,-84.05625312652,
    -178.0190042773));
#3095 = CARTESIAN_POINT('',(-191.4142369717,-84.10997290991,
    -177.7449857264));
#3096 = CARTESIAN_POINT('',(-191.2958994369,-84.17368210081,
    -177.4793315564));
#3097 = CARTESIAN_POINT('',(-191.1577063637,-84.24738223659,
    -177.2268159323));
#3098 = CARTESIAN_POINT('',(-190.9995912165,-84.32981472477,
    -176.9925701389));
#3099 = CARTESIAN_POINT('',(-190.6469994955,-84.50531665765,
    -176.5678102465));
#3100 = CARTESIAN_POINT('',(-190.452527763,-84.59842720844,
    -176.3773808078));
#3101 = CARTESIAN_POINT('',(-190.2410536634,-84.69382027655,
    -176.2116249553));
#3102 = CARTESIAN_POINT('',(-190.0157580637,-84.78703993691,
    -176.0742834526));
#3103 = CARTESIAN_POINT('',(-189.7801885272,-84.87153140091,
    -175.9615801894));
#3104 = CARTESIAN_POINT('',(-189.5365366672,-84.94326528232,
    -175.8678336512));
#3105 = CARTESIAN_POINT('',(-189.2856290444,-85.00233740993,
    -175.790268224));
#3106 = CARTESIAN_POINT('',(-189.028133346,-85.05079835865,
    -175.7289812193));
#3107 = CARTESIAN_POINT('',(-188.7655106124,-85.08986200416,
    -175.6843611785));
#3108 = CARTESIAN_POINT('',(-188.499596203,-85.11980995165,
    -175.6560303602));
#3109 = CARTESIAN_POINT('',(-188.2313669289,-85.1423484538,
    -175.6445992506));
#3110 = CARTESIAN_POINT('',(-187.4246143487,-85.18896288594,
    -175.6613221152));
#3111 = CARTESIAN_POINT('',(-186.8838786114,-85.19218617816,
    -175.7403054116));
#3112 = CARTESIAN_POINT('',(-186.3521909087,-85.17391867387,
    -175.8910858564));
#3113 = CARTESIAN_POINT('',(-185.8395002236,-85.13460816729,
    -176.1035994743));
#3114 = CARTESIAN_POINT('',(-185.3593030526,-85.07869114473,
    -176.4088311191));
#3115 = CARTESIAN_POINT('',(-184.923289851,-85.00317367412,
    -176.7369391485));
#3116 = CARTESIAN_POINT('',(-184.519551573,-84.90205614602,
    -177.1886074341));
#3117 = CARTESIAN_POINT('',(-184.218543537,-84.83160576942,
    -177.6934216458));
#3118 = CARTESIAN_POINT('',(-183.9823943655,-84.76675139291,
    -178.2421946872));
#3119 = CARTESIAN_POINT('',(-183.8286721217,-84.72540666972,
    -178.8193629393));
#3120 = CARTESIAN_POINT('',(-183.7512926315,-84.70424715283,
    -179.409772773));
#3121 = CARTESIAN_POINT('',(-183.7512926315,-84.70424715283,-180.));
#3122 = ORIENTED_EDGE('',*,*,#494,.F.);
#3123 = ORIENTED_EDGE('',*,*,#484,.F.);
#3124 = OFFSET_SURFACE('',#3125,1.2,.F.);
#3125 = B_SPLINE_SURFACE_WITH_KNOTS('',11,1,(
    (#3126,#3127)
    ,(#3128,#3129)
    ,(#3130,#3131)
    ,(#3132,#3133)
    ,(#3134,#3135)
    ,(#3136,#3137)
    ,(#3138,#3139)
    ,(#3140,#3141)
    ,(#3142,#3143)
    ,(#3144,#3145)
    ,(#3146,#3147)
    ,(#3148,#3149
    )),.UNSPECIFIED.,.F.,.F.,.F.,(12,12),(2,2),(1.570796326794,
    4.712388980385),(0.,1.),.PIECEWISE_BEZIER_KNOTS.);
#3126 = CARTESIAN_POINT('',(-204.5,-50.5,-180.));
#3127 = CARTESIAN_POINT('',(-192.,-87.,-180.));
#3128 = CARTESIAN_POINT('',(-204.5,-50.49999999999,-166.148432391));
#3129 = CARTESIAN_POINT('',(-192.,-87.,-178.8576026714));
#3130 = CARTESIAN_POINT('',(-202.3242008032,-50.5,-152.2968658648));
#3131 = CARTESIAN_POINT('',(-191.6411062692,-86.99999999999,
    -177.7152054321));
#3132 = CARTESIAN_POINT('',(-197.9726029214,-50.49999999999,
    -139.9642842684));
#3133 = CARTESIAN_POINT('',(-190.9233109039,-87.,-176.6980853004));
#3134 = CARTESIAN_POINT('',(-191.7434571785,-50.5,-130.6697326505));
#3135 = CARTESIAN_POINT('',(-189.8958405927,-86.99999999999,
    -175.9315243423));
#3136 = CARTESIAN_POINT('',(-184.2332836693,-50.49999999999,
    -125.6643310761));
#3137 = CARTESIAN_POINT('',(-188.6570171888,-87.,-175.5187077176));
#3138 = CARTESIAN_POINT('',(-176.2667163306,-50.5,-125.6643310761));
#3139 = CARTESIAN_POINT('',(-187.3429828111,-87.,-175.5187077176));
#3140 = CARTESIAN_POINT('',(-168.7565428215,-50.5,-130.6697326505));
#3141 = CARTESIAN_POINT('',(-186.1041594072,-86.99999999999,
    -175.9315243423));
#3142 = CARTESIAN_POINT('',(-162.5273970785,-50.49999999999,
    -139.9642842684));
#3143 = CARTESIAN_POINT('',(-185.076689096,-87.,-176.6980853004));
#3144 = CARTESIAN_POINT('',(-158.1757991967,-50.5,-152.2968658648));
#3145 = CARTESIAN_POINT('',(-184.3588937306,-86.99999999999,
    -177.7152054321));
#3146 = CARTESIAN_POINT('',(-156.,-50.5,-166.148432391));
#3147 = CARTESIAN_POINT('',(-184.,-87.,-178.8576026714));
#3148 = CARTESIAN_POINT('',(-156.,-50.5,-180.));
#3149 = CARTESIAN_POINT('',(-184.,-87.,-180.));
#3150 = ADVANCED_FACE('',(#3151),#3169,.F.);
#3151 = FACE_BOUND('',#3152,.F.);
#3152 = EDGE_LOOP('',(#3153,#3161,#3162,#3163));
#3153 = ORIENTED_EDGE('',*,*,#3154,.F.);
#3154 = EDGE_CURVE('',#3031,#3155,#3157,.T.);
#3155 = VERTEX_POINT('',#3156);
#3156 = CARTESIAN_POINT('',(-101.5,-12.,-180.));
#3157 = LINE('',#3158,#3159);
#3158 = CARTESIAN_POINT('',(-101.5,-13.,-180.));
#3159 = VECTOR('',#3160,1.);
#3160 = DIRECTION('',(0.,1.,-1.110223024625E-16));
#3161 = ORIENTED_EDGE('',*,*,#3045,.T.);
#3162 = ORIENTED_EDGE('',*,*,#274,.F.);
#3163 = ORIENTED_EDGE('',*,*,#3164,.F.);
#3164 = EDGE_CURVE('',#3155,#275,#3165,.T.);
#3165 = LINE('',#3166,#3167);
#3166 = CARTESIAN_POINT('',(-101.5,-12.,-180.));
#3167 = VECTOR('',#3168,1.);
#3168 = DIRECTION('',(0.,3.310223024625E-16,1.));
#3169 = PLANE('',#3170);
#3170 = AXIS2_PLACEMENT_3D('',#3171,#3172,#3173);
#3171 = CARTESIAN_POINT('',(-101.5,-13.,-180.));
#3172 = DIRECTION('',(-1.,0.,0.));
#3173 = DIRECTION('',(-0.,1.,-3.310223024625E-16));
#3174 = ADVANCED_FACE('',(#3175),#3193,.F.);
#3175 = FACE_BOUND('',#3176,.F.);
#3176 = EDGE_LOOP('',(#3177,#3185,#3186,#3187));
#3177 = ORIENTED_EDGE('',*,*,#3178,.F.);
#3178 = EDGE_CURVE('',#3155,#3179,#3181,.T.);
#3179 = VERTEX_POINT('',#3180);
#3180 = CARTESIAN_POINT('',(-76.7,-12.,-180.));
#3181 = LINE('',#3182,#3183);
#3182 = CARTESIAN_POINT('',(-101.5,-12.,-180.));
#3183 = VECTOR('',#3184,1.);
#3184 = DIRECTION('',(1.,0.,0.));
#3185 = ORIENTED_EDGE('',*,*,#3164,.T.);
#3186 = ORIENTED_EDGE('',*,*,#282,.F.);
#3187 = ORIENTED_EDGE('',*,*,#3188,.T.);
#3188 = EDGE_CURVE('',#283,#3179,#3189,.T.);
#3189 = LINE('',#3190,#3191);
#3190 = CARTESIAN_POINT('',(-76.7,-12.,-179.4));
#3191 = VECTOR('',#3192,1.);
#3192 = DIRECTION('',(0.,-3.310223024625E-16,-1.));
#3193 = PLANE('',#3194);
#3194 = AXIS2_PLACEMENT_3D('',#3195,#3196,#3197);
#3195 = CARTESIAN_POINT('',(-101.5,-12.,-180.));
#3196 = DIRECTION('',(0.,1.,-3.310223024625E-16));
#3197 = DIRECTION('',(1.,0.,0.));
#3198 = ADVANCED_FACE('',(#3199),#3264,.F.);
#3199 = FACE_BOUND('',#3200,.F.);
#3200 = EDGE_LOOP('',(#3201,#3202,#3203,#3263));
#3201 = ORIENTED_EDGE('',*,*,#3085,.F.);
#3202 = ORIENTED_EDGE('',*,*,#543,.F.);
#3203 = ORIENTED_EDGE('',*,*,#3204,.T.);
#3204 = EDGE_CURVE('',#544,#579,#3205,.T.);
#3205 = B_SPLINE_CURVE_WITH_KNOTS('',12,(#3206,#3207,#3208,#3209,#3210,
    #3211,#3212,#3213,#3214,#3215,#3216,#3217,#3218,#3219,#3220,#3221,
    #3222,#3223,#3224,#3225,#3226,#3227,#3228,#3229,#3230,#3231,#3232,
    #3233,#3234,#3235,#3236,#3237,#3238,#3239,#3240,#3241,#3242,#3243,
    #3244,#3245,#3246,#3247,#3248,#3249,#3250,#3251,#3252,#3253,#3254,
    #3255,#3256,#3257,#3258,#3259,#3260,#3261,#3262),.UNSPECIFIED.,.F.,
  .F.,(13,11,11,11,11,13),(-0.507679938322,-4.0778E-13,3.141592653589,
    6.283185307179,12.566370614359,13.047227046286),.UNSPECIFIED.);
#3206 = CARTESIAN_POINT('',(-189.1417990742,-85.8,-180.6250385688));
#3207 = CARTESIAN_POINT('',(-189.1417990742,-85.8,-180.5329385403));
#3208 = CARTESIAN_POINT('',(-189.1417990742,-85.8,-180.4481136902));
#3209 = CARTESIAN_POINT('',(-189.1417990742,-85.8,-180.3705640185));
#3210 = CARTESIAN_POINT('',(-189.1417990742,-85.8,-180.3002895251));
#3211 = CARTESIAN_POINT('',(-189.1417990742,-85.8,-180.2372902101));
#3212 = CARTESIAN_POINT('',(-189.1417990742,-85.8,-180.1815660735));
#3213 = CARTESIAN_POINT('',(-189.1417990742,-85.8,-180.1331171153));
#3214 = CARTESIAN_POINT('',(-189.1417990742,-85.8,-180.0919433355));
#3215 = CARTESIAN_POINT('',(-189.1417990742,-85.8,-180.058044734));
#3216 = CARTESIAN_POINT('',(-189.1417990742,-85.8,-180.031421311));
#3217 = CARTESIAN_POINT('',(-189.1417990742,-85.8,-180.0120730663));
#3218 = CARTESIAN_POINT('',(-189.1417990742,-85.8,-179.9252902201));
#3219 = CARTESIAN_POINT('',(-189.1477512599,-85.8,-179.850560841));
#3220 = CARTESIAN_POINT('',(-189.1597041522,-85.8,-179.7735031736));
#3221 = CARTESIAN_POINT('',(-189.1771154048,-85.8,-179.6919782437));
#3222 = CARTESIAN_POINT('',(-189.1989925606,-85.8,-179.6038925009));
#3223 = CARTESIAN_POINT('',(-189.2238827187,-85.8,-179.5072653546));
#3224 = CARTESIAN_POINT('',(-189.2497896783,-85.8,-179.4004327937));
#3225 = CARTESIAN_POINT('',(-189.2740971588,-85.8,-179.2823313499));
#3226 = CARTESIAN_POINT('',(-189.2935766506,-85.8,-179.1528066604));
#3227 = CARTESIAN_POINT('',(-189.3045585009,-85.8,-179.0128908895));
#3228 = CARTESIAN_POINT('',(-189.3033447925,-85.8,-178.8649932658));
#3229 = CARTESIAN_POINT('',(-189.2705404274,-85.8,-178.5609027214));
#3230 = CARTESIAN_POINT('',(-189.23893773,-85.8,-178.4046699443));
#3231 = CARTESIAN_POINT('',(-189.1892867837,-85.8,-178.2479097125));
#3232 = CARTESIAN_POINT('',(-189.119077269,-85.8,-178.09530101));
#3233 = CARTESIAN_POINT('',(-189.027636834,-85.8,-177.9523972069));
#3234 = CARTESIAN_POINT('',(-188.916416234,-85.8,-177.8236878323));
#3235 = CARTESIAN_POINT('',(-188.7882775635,-85.8,-177.7117602215));
#3236 = CARTESIAN_POINT('',(-188.646452991,-85.8,-177.6178753214));
#3237 = CARTESIAN_POINT('',(-188.4938900154,-85.8,-177.5429227251));
#3238 = CARTESIAN_POINT('',(-188.333347656,-85.8,-177.4876008444));
#3239 = CARTESIAN_POINT('',(-188.1678560753,-85.8,-177.4517790153));
#3240 = CARTESIAN_POINT('',(-187.6642878492,-85.8,-177.4024597832));
#3241 = CARTESIAN_POINT('',(-187.3191641822,-85.8,-177.4470900007));
#3242 = CARTESIAN_POINT('',(-186.9863333847,-85.8,-177.5671317522));
#3243 = CARTESIAN_POINT('',(-186.6835626755,-85.8,-177.7578077976));
#3244 = CARTESIAN_POINT('',(-186.4328535642,-85.8,-178.0040161149));
#3245 = CARTESIAN_POINT('',(-186.2325819438,-85.8,-178.2984646782));
#3246 = CARTESIAN_POINT('',(-186.1207648748,-85.8,-178.6140446617));
#3247 = CARTESIAN_POINT('',(-186.0457451454,-85.8,-178.9106112977));
#3248 = CARTESIAN_POINT('',(-186.0067333458,-85.8,-179.1975549393));
#3249 = CARTESIAN_POINT('',(-185.9840515801,-85.8,-179.4691883308));
#3250 = CARTESIAN_POINT('',(-185.9729005272,-85.8,-179.7347271358));
#3251 = CARTESIAN_POINT('',(-185.9729005272,-85.8,-180.0203015121));
#3252 = CARTESIAN_POINT('',(-185.9729005272,-85.8,-180.0463821216));
#3253 = CARTESIAN_POINT('',(-185.9729005272,-85.8,-180.0782418284));
#3254 = CARTESIAN_POINT('',(-185.9729005272,-85.8,-180.1158806325));
#3255 = CARTESIAN_POINT('',(-185.9729005272,-85.8,-180.1592985339));
#3256 = CARTESIAN_POINT('',(-185.9729005272,-85.8,-180.2084955327));
#3257 = CARTESIAN_POINT('',(-185.9729005272,-85.8,-180.2634716287));
#3258 = CARTESIAN_POINT('',(-185.9729005272,-85.8,-180.3242268221));
#3259 = CARTESIAN_POINT('',(-185.9729005272,-85.8,-180.3907611128));
#3260 = CARTESIAN_POINT('',(-185.9729005272,-85.8,-180.4630745008));
#3261 = CARTESIAN_POINT('',(-185.9729005272,-85.8,-180.5411669862));
#3262 = CARTESIAN_POINT('',(-185.9729005272,-85.8,-180.6250385688));
#3263 = ORIENTED_EDGE('',*,*,#586,.T.);
#3264 = OFFSET_SURFACE('',#3265,-1.2,.F.);
#3265 = ( BOUNDED_SURFACE() B_SPLINE_SURFACE(2,12,(
    (#3266,#3267,#3268,#3269,#3270,#3271,#3272,#3273,#3274,#3275,#3276
      ,#3277,#3278,#3279,#3280,#3281,#3282,#3283,#3284,#3285,#3286,#3287
      ,#3288,#3289,#3290,#3291,#3292,#3293,#3294,#3295,#3296,#3297,#3298
      ,#3299,#3300,#3301,#3302,#3303,#3304,#3305,#3306,#3307,#3308,#3309
      ,#3310,#3311,#3312,#3313,#3314,#3315,#3316,#3317,#3318,#3319,#3320
      ,#3321,#3322)
    ,(#3323,#3324,#3325,#3326,#3327,#3328,#3329,#3330,#3331,#3332,#3333
      ,#3334,#3335,#3336,#3337,#3338,#3339,#3340,#3341,#3342,#3343,#3344
      ,#3345,#3346,#3347,#3348,#3349,#3350,#3351,#3352,#3353,#3354,#3355
      ,#3356,#3357,#3358,#3359,#3360,#3361,#3362,#3363,#3364,#3365,#3366
      ,#3367,#3368,#3369,#3370,#3371,#3372,#3373,#3374,#3375,#3376,#3377
      ,#3378,#3379)
    ,(#3380,#3381,#3382,#3383,#3384,#3385,#3386,#3387,#3388,#3389,#3390
      ,#3391,#3392,#3393,#3394,#3395,#3396,#3397,#3398,#3399,#3400,#3401
      ,#3402,#3403,#3404,#3405,#3406,#3407,#3408,#3409,#3410,#3411,#3412
      ,#3413,#3414,#3415,#3416,#3417,#3418,#3419,#3420,#3421,#3422,#3423
      ,#3424,#3425,#3426,#3427,#3428,#3429,#3430,#3431,#3432,#3433,#3434
      ,#3435,#3436
)),.UNSPECIFIED.,.F.,.F.,.F.) B_SPLINE_SURFACE_WITH_KNOTS((3,3),(13,11,
    11,11,11,13),(0.,12.56637061436),(-0.507679938322,-4.0778E-13,
    3.141592653589,6.283185307179,12.566370614359,13.047227046286),
.UNSPECIFIED.) GEOMETRIC_REPRESENTATION_ITEM() RATIONAL_B_SPLINE_SURFACE
((
    (1.,1.,1.,1.,1.,1.,1.,1.,1.,1.,1.,1.,1.,1.,1.,1.,1.,1.,1.,1.,1.,1.
      ,1.,1.,1.,1.,1.,1.,1.,1.,1.,1.,1.,1.,1.,1.,1.,1.,1.,1.,1.,1.,1.,1.
      ,1.,1.,1.,1.,1.,1.,1.,1.,1.,1.,1.,1.,1.)
    ,(0.813631665704,0.813631665704,0.813631665704,0.813631665704
      ,0.813631665704,0.813631665704,0.813631665704,0.813631665704
      ,0.813631665704,0.813631665704,0.813631665704,0.813631665704
      ,0.813631665704,0.81433332619,0.815741894065,0.817873047383
      ,0.820758519978,0.824450533344,0.829020633222,0.834548528904
      ,0.841096532558,0.848665196639,0.857125746752,0.875124069021
      ,0.884666759636,0.894428102327,0.903953253497,0.912533377615
      ,0.919740540987,0.925614021176,0.930404520019,0.934249499646
      ,0.937172334521,0.93937018555,0.943901000893,0.944191645178
      ,0.942430351609,0.938627236345,0.933246182868,0.925908192983
      ,0.915902643973,0.909182914363,0.902863537232,0.898887897886
      ,0.896844383781,0.896844383781,0.896844383781,0.896844383781
      ,0.896844383781,0.896844383781,0.896844383781,0.896844383781
      ,0.896844383781,0.896844383781,0.896844383781,0.896844383781
      ,0.896844383781)
    ,(1.,1.,1.,1.,1.,1.,1.,1.,1.,1.,1.,1.,1.,1.,1.,1.,1.,1.,1.,1.,1.,1.
      ,1.,1.,1.,1.,1.,1.,1.,1.,1.,1.,1.,1.,1.,1.,1.,1.,1.,1.,1.,1.,1.,1.
,1.,1.,1.,1.,1.,1.,1.,1.,1.,1.,1.,1.,1.
))) REPRESENTATION_ITEM('') SURFACE() );
#3266 = CARTESIAN_POINT('',(-192.9260370207,-84.29597189948,
    -180.6250385688));
#3267 = CARTESIAN_POINT('',(-192.9260370207,-84.29597189948,
    -180.5729520214));
#3268 = CARTESIAN_POINT('',(-192.9260370207,-84.29597189949,
    -180.520865474));
#3269 = CARTESIAN_POINT('',(-192.9260370207,-84.29597189949,
    -180.4687789266));
#3270 = CARTESIAN_POINT('',(-192.9260370207,-84.29597189949,
    -180.4166923792));
#3271 = CARTESIAN_POINT('',(-192.9260370207,-84.29597189949,
    -180.3646058318));
#3272 = CARTESIAN_POINT('',(-192.9260370207,-84.29597189949,
    -180.3125192844));
#3273 = CARTESIAN_POINT('',(-192.9260370207,-84.29597189949,
    -180.260432737));
#3274 = CARTESIAN_POINT('',(-192.9260370207,-84.29597189949,
    -180.2083461896));
#3275 = CARTESIAN_POINT('',(-192.9260370207,-84.29597189949,
    -180.1562596422));
#3276 = CARTESIAN_POINT('',(-192.9260370207,-84.29597189949,
    -180.1041730948));
#3277 = CARTESIAN_POINT('',(-192.9260370207,-84.29597189948,
    -180.0520865474));
#3278 = CARTESIAN_POINT('',(-192.9260370207,-84.29597189947,
    -179.6776813454));
#3279 = CARTESIAN_POINT('',(-192.9111797401,-84.30511458021,
    -179.3553764773));
#3280 = CARTESIAN_POINT('',(-192.8815128763,-84.32343765108,
    -179.0327071265));
#3281 = CARTESIAN_POINT('',(-192.8365149393,-84.35121085737,
    -178.7098464179));
#3282 = CARTESIAN_POINT('',(-192.775301028,-84.38892643469,
    -178.3869673675));
#3283 = CARTESIAN_POINT('',(-192.6965910158,-84.43735623696,
    -178.064312771));
#3284 = CARTESIAN_POINT('',(-192.5985893166,-84.49758056189,
    -177.7426387135));
#3285 = CARTESIAN_POINT('',(-192.4789254402,-84.57089374815,
    -177.4237839245));
#3286 = CARTESIAN_POINT('',(-192.3348044958,-84.65849155476,
    -177.1111172089));
#3287 = CARTESIAN_POINT('',(-192.1635168563,-84.76084540142,
    -176.8096151798));
#3288 = CARTESIAN_POINT('',(-191.9634561479,-84.87666848674,
    -176.5253225212));
#3289 = CARTESIAN_POINT('',(-191.5081333824,-85.12608921023,
    -176.002571495));
#3290 = CARTESIAN_POINT('',(-191.2527931722,-85.2597634553,
    -175.764150736));
#3291 = CARTESIAN_POINT('',(-190.9711745814,-85.39806791841,
    -175.5532537809));
#3292 = CARTESIAN_POINT('',(-190.6654984703,-85.5350485364,
    -175.3762352587));
#3293 = CARTESIAN_POINT('',(-190.3438132018,-85.66014360082,
    -175.2328158515));
#3294 = CARTESIAN_POINT('',(-190.0141962172,-85.76633846209,
    -175.1183206564));
#3295 = CARTESIAN_POINT('',(-189.6808820214,-85.85348620682,
    -175.0279476503));
#3296 = CARTESIAN_POINT('',(-189.3451121246,-85.92486817506,
    -174.9590748422));
#3297 = CARTESIAN_POINT('',(-189.0079399368,-85.98237741327,
    -174.9109452034));
#3298 = CARTESIAN_POINT('',(-188.6710349502,-86.02627690269,
    -174.8830930946));
#3299 = CARTESIAN_POINT('',(-188.3347156957,-86.05931251662,
    -174.8745946719));
#3300 = CARTESIAN_POINT('',(-187.3305686084,-86.12751980641,
    -174.907723581));
#3301 = CARTESIAN_POINT('',(-186.667260136,-86.13204179184,
    -175.0075948554));
#3302 = CARTESIAN_POINT('',(-186.0185398677,-86.10547757939,
    -175.1857933539));
#3303 = CARTESIAN_POINT('',(-185.3829543919,-86.04751953516,
    -175.4371403842));
#3304 = CARTESIAN_POINT('',(-184.7942442106,-85.96760294649,
    -175.7905128403));
#3305 = CARTESIAN_POINT('',(-184.221727046,-85.85541605054,
    -176.184869641));
#3306 = CARTESIAN_POINT('',(-183.73152873,-85.70954425552,
    -176.7386891011));
#3307 = CARTESIAN_POINT('',(-183.3620112431,-85.61208092402,
    -177.3275022185));
#3308 = CARTESIAN_POINT('',(-183.0766923163,-85.52096648092,
    -177.9712150094));
#3309 = CARTESIAN_POINT('',(-182.8921871684,-85.46397014698,
    -178.6384904598));
#3310 = CARTESIAN_POINT('',(-182.799174962,-85.43463878975,
    -179.3194030325));
#3311 = CARTESIAN_POINT('',(-182.799174962,-85.43463878976,
    -180.0520865474));
#3312 = CARTESIAN_POINT('',(-182.799174962,-85.43463878976,
    -180.1041730948));
#3313 = CARTESIAN_POINT('',(-182.799174962,-85.43463878976,
    -180.1562596422));
#3314 = CARTESIAN_POINT('',(-182.799174962,-85.43463878976,
    -180.2083461896));
#3315 = CARTESIAN_POINT('',(-182.799174962,-85.43463878976,
    -180.260432737));
#3316 = CARTESIAN_POINT('',(-182.799174962,-85.43463878976,
    -180.3125192844));
#3317 = CARTESIAN_POINT('',(-182.799174962,-85.43463878976,
    -180.3646058318));
#3318 = CARTESIAN_POINT('',(-182.799174962,-85.43463878976,
    -180.4166923792));
#3319 = CARTESIAN_POINT('',(-182.799174962,-85.43463878976,
    -180.4687789266));
#3320 = CARTESIAN_POINT('',(-182.799174962,-85.43463878976,
    -180.520865474));
#3321 = CARTESIAN_POINT('',(-182.799174962,-85.43463878976,
    -180.5729520214));
#3322 = CARTESIAN_POINT('',(-182.799174962,-85.43463878976,
    -180.6250385688));
#3323 = CARTESIAN_POINT('',(-192.,-87.,-180.6250385688));
#3324 = CARTESIAN_POINT('',(-192.,-87.,-180.5631603631));
#3325 = CARTESIAN_POINT('',(-192.,-87.,-180.5030624589));
#3326 = CARTESIAN_POINT('',(-192.,-87.,-180.4447448563));
#3327 = CARTESIAN_POINT('',(-192.,-87.,-180.3882075551));
#3328 = CARTESIAN_POINT('',(-192.,-87.,-180.3334505554));
#3329 = CARTESIAN_POINT('',(-192.,-87.,-180.2804738573));
#3330 = CARTESIAN_POINT('',(-192.,-87.,-180.2292774606));
#3331 = CARTESIAN_POINT('',(-192.,-87.,-180.1798613655));
#3332 = CARTESIAN_POINT('',(-192.,-87.,-180.1322255718));
#3333 = CARTESIAN_POINT('',(-192.,-87.,-180.0863700797));
#3334 = CARTESIAN_POINT('',(-192.,-87.,-180.0422948891));
#3335 = CARTESIAN_POINT('',(-192.,-87.,-179.7382734614));
#3336 = CARTESIAN_POINT('',(-191.9853190908,-87.,-179.476977863));
#3337 = CARTESIAN_POINT('',(-191.9560358452,-86.99999999999,
    -179.2163820186));
#3338 = CARTESIAN_POINT('',(-191.9118712988,-87.,-178.9570509936));
#3339 = CARTESIAN_POINT('',(-191.852296147,-86.99999999999,
    -178.6995937748));
#3340 = CARTESIAN_POINT('',(-191.7765097621,-87.,-178.4447388211));
#3341 = CARTESIAN_POINT('',(-191.6834000435,-86.99999999999,
    -178.1935970331));
#3342 = CARTESIAN_POINT('',(-191.5715862659,-87.,-177.9479590346));
#3343 = CARTESIAN_POINT('',(-191.4396330113,-87.,-177.7104669332));
#3344 = CARTESIAN_POINT('',(-191.2865008157,-87.,-177.4845033315));
#3345 = CARTESIAN_POINT('',(-191.1122690323,-87.,-177.2736569497));
#3346 = CARTESIAN_POINT('',(-190.7299743088,-87.,-176.8916239948));
#3347 = CARTESIAN_POINT('',(-190.5230231621,-87.,-176.720114218));
#3348 = CARTESIAN_POINT('',(-190.299995467,-87.,-176.5677719254));
#3349 = CARTESIAN_POINT('',(-190.0630997651,-86.99999999999,
    -176.4363036771));
#3350 = CARTESIAN_POINT('',(-189.8169780325,-87.,-176.3238503647));
#3351 = CARTESIAN_POINT('',(-189.5653381963,-86.99999999999,
    -176.2278810131));
#3352 = CARTESIAN_POINT('',(-189.3097010577,-87.,-176.1475211443));
#3353 = CARTESIAN_POINT('',(-189.0505704402,-87.,-176.083335099));
#3354 = CARTESIAN_POINT('',(-188.7888547236,-87.,-176.0358586048));
#3355 = CARTESIAN_POINT('',(-188.5258929608,-87.,-176.0050907278));
#3356 = CARTESIAN_POINT('',(-188.2625211728,-87.,-175.9915346384));
#3357 = CARTESIAN_POINT('',(-187.4774779078,-87.,-176.002634595));
#3358 = CARTESIAN_POINT('',(-186.9536557531,-87.,-176.0786214105));
#3359 = CARTESIAN_POINT('',(-186.4402195108,-87.,-176.2265702126));
#3360 = CARTESIAN_POINT('',(-185.944556613,-87.,-176.443270254));
#3361 = CARTESIAN_POINT('',(-185.4888616403,-86.99999999999,
    -176.7355495965));
#3362 = CARTESIAN_POINT('',(-185.0630366374,-87.,-177.0770503601));
#3363 = CARTESIAN_POINT('',(-184.7014635959,-86.99999999999,
    -177.4981001624));
#3364 = CARTESIAN_POINT('',(-184.4242125807,-87.,-177.9549879156));
#3365 = CARTESIAN_POINT('',(-184.2106420362,-86.99999999999,
    -178.4454713288));
#3366 = CARTESIAN_POINT('',(-184.0708282314,-87.,-178.9551905762));
#3367 = CARTESIAN_POINT('',(-184.,-87.,-179.4765469228));
#3368 = CARTESIAN_POINT('',(-184.,-87.,-180.0400602189));
#3369 = CARTESIAN_POINT('',(-184.,-87.,-180.082307043));
#3370 = CARTESIAN_POINT('',(-184.,-87.,-180.1267404723));
#3371 = CARTESIAN_POINT('',(-184.,-87.,-180.1733605067));
#3372 = CARTESIAN_POINT('',(-184.,-87.,-180.2221671464));
#3373 = CARTESIAN_POINT('',(-184.,-87.,-180.2731603912));
#3374 = CARTESIAN_POINT('',(-184.,-87.,-180.3263402412));
#3375 = CARTESIAN_POINT('',(-184.,-87.,-180.3817066963));
#3376 = CARTESIAN_POINT('',(-184.,-87.,-180.4392597567));
#3377 = CARTESIAN_POINT('',(-184.,-87.,-180.4989994222));
#3378 = CARTESIAN_POINT('',(-184.,-87.,-180.5609256929));
#3379 = CARTESIAN_POINT('',(-184.,-87.,-180.6250385688));
#3380 = CARTESIAN_POINT('',(-189.1417990742,-87.,-180.6250385688));
#3381 = CARTESIAN_POINT('',(-189.1417990742,-87.,-180.5329385403));
#3382 = CARTESIAN_POINT('',(-189.1417990742,-87.,-180.4481136902));
#3383 = CARTESIAN_POINT('',(-189.1417990742,-87.,-180.3705640185));
#3384 = CARTESIAN_POINT('',(-189.1417990742,-87.,-180.3002895251));
#3385 = CARTESIAN_POINT('',(-189.1417990742,-87.,-180.2372902101));
#3386 = CARTESIAN_POINT('',(-189.1417990742,-87.,-180.1815660735));
#3387 = CARTESIAN_POINT('',(-189.1417990742,-87.,-180.1331171153));
#3388 = CARTESIAN_POINT('',(-189.1417990742,-87.,-180.0919433355));
#3389 = CARTESIAN_POINT('',(-189.1417990742,-87.,-180.058044734));
#3390 = CARTESIAN_POINT('',(-189.1417990742,-87.,-180.031421311));
#3391 = CARTESIAN_POINT('',(-189.1417990742,-87.,-180.0120730663));
#3392 = CARTESIAN_POINT('',(-189.1417990742,-86.99999999999,
    -179.9252902201));
#3393 = CARTESIAN_POINT('',(-189.1477512599,-87.00000000004,
    -179.850560841));
#3394 = CARTESIAN_POINT('',(-189.1597041522,-86.99999999988,
    -179.7735031736));
#3395 = CARTESIAN_POINT('',(-189.1771154048,-87.00000000021,
    -179.6919782437));
#3396 = CARTESIAN_POINT('',(-189.1989925606,-86.99999999969,
    -179.6038925009));
#3397 = CARTESIAN_POINT('',(-189.2238827187,-87.00000000034,
    -179.5072653546));
#3398 = CARTESIAN_POINT('',(-189.2497896783,-86.9999999997,
    -179.4004327937));
#3399 = CARTESIAN_POINT('',(-189.2740971588,-87.00000000019,
    -179.2823313499));
#3400 = CARTESIAN_POINT('',(-189.2935766506,-86.9999999999,
    -179.1528066604));
#3401 = CARTESIAN_POINT('',(-189.3045585009,-87.00000000003,
    -179.0128908895));
#3402 = CARTESIAN_POINT('',(-189.3033447925,-86.99999999999,
    -178.8649932658));
#3403 = CARTESIAN_POINT('',(-189.2705404274,-87.,-178.5609027214));
#3404 = CARTESIAN_POINT('',(-189.23893773,-87.00000000001,
    -178.4046699443));
#3405 = CARTESIAN_POINT('',(-189.1892867837,-86.99999999995,
    -178.2479097125));
#3406 = CARTESIAN_POINT('',(-189.119077269,-87.0000000001,-178.09530101)
  );
#3407 = CARTESIAN_POINT('',(-189.027636834,-86.99999999983,
    -177.9523972069));
#3408 = CARTESIAN_POINT('',(-188.916416234,-87.00000000019,
    -177.8236878323));
#3409 = CARTESIAN_POINT('',(-188.7882775635,-86.99999999983,
    -177.7117602215));
#3410 = CARTESIAN_POINT('',(-188.646452991,-87.00000000011,
    -177.6178753214));
#3411 = CARTESIAN_POINT('',(-188.4938900154,-86.99999999994,
    -177.5429227251));
#3412 = CARTESIAN_POINT('',(-188.333347656,-87.00000000001,
    -177.4876008444));
#3413 = CARTESIAN_POINT('',(-188.1678560753,-86.99999999999,
    -177.4517790153));
#3414 = CARTESIAN_POINT('',(-187.6642878492,-86.99999999999,
    -177.4024597832));
#3415 = CARTESIAN_POINT('',(-187.3191641822,-87.00000000002,
    -177.4470900007));
#3416 = CARTESIAN_POINT('',(-186.9863333847,-86.99999999993,
    -177.5671317522));
#3417 = CARTESIAN_POINT('',(-186.6835626755,-87.00000000012,
    -177.7578077976));
#3418 = CARTESIAN_POINT('',(-186.4328535642,-86.99999999983,
    -178.0040161149));
#3419 = CARTESIAN_POINT('',(-186.2325819438,-87.00000000016,
    -178.2984646782));
#3420 = CARTESIAN_POINT('',(-186.1207648748,-86.99999999986,
    -178.6140446617));
#3421 = CARTESIAN_POINT('',(-186.0457451454,-87.00000000008,
    -178.9106112977));
#3422 = CARTESIAN_POINT('',(-186.0067333458,-86.99999999995,
    -179.1975549393));
#3423 = CARTESIAN_POINT('',(-185.9840515801,-87.00000000001,
    -179.4691883308));
#3424 = CARTESIAN_POINT('',(-185.9729005272,-86.99999999999,
    -179.7347271358));
#3425 = CARTESIAN_POINT('',(-185.9729005272,-87.,-180.0203015121));
#3426 = CARTESIAN_POINT('',(-185.9729005272,-87.,-180.0463821216));
#3427 = CARTESIAN_POINT('',(-185.9729005272,-87.,-180.0782418284));
#3428 = CARTESIAN_POINT('',(-185.9729005272,-87.,-180.1158806325));
#3429 = CARTESIAN_POINT('',(-185.9729005272,-87.,-180.1592985339));
#3430 = CARTESIAN_POINT('',(-185.9729005272,-87.,-180.2084955327));
#3431 = CARTESIAN_POINT('',(-185.9729005272,-87.,-180.2634716287));
#3432 = CARTESIAN_POINT('',(-185.9729005272,-87.,-180.3242268221));
#3433 = CARTESIAN_POINT('',(-185.9729005272,-87.,-180.3907611128));
#3434 = CARTESIAN_POINT('',(-185.9729005272,-87.,-180.4630745008));
#3435 = CARTESIAN_POINT('',(-185.9729005272,-87.,-180.5411669862));
#3436 = CARTESIAN_POINT('',(-185.9729005272,-87.,-180.6250385688));
#3437 = ADVANCED_FACE('',(#3438),#3442,.F.);
#3438 = FACE_BOUND('',#3439,.T.);
#3439 = EDGE_LOOP('',(#3440,#3441));
#3440 = ORIENTED_EDGE('',*,*,#3204,.T.);
#3441 = ORIENTED_EDGE('',*,*,#578,.F.);
#3442 = PLANE('',#3443);
#3443 = AXIS2_PLACEMENT_3D('',#3444,#3445,#3446);
#3444 = CARTESIAN_POINT('',(-188.,-85.8,-178.6143593539));
#3445 = DIRECTION('',(0.,-1.,-1.089776975375E-16));
#3446 = DIRECTION('',(0.,-1.089776975375E-16,1.));
#3447 = ADVANCED_FACE('',(#3448),#3473,.F.);
#3448 = FACE_BOUND('',#3449,.F.);
#3449 = EDGE_LOOP('',(#3450,#3460,#3466,#3467));
#3450 = ORIENTED_EDGE('',*,*,#3451,.F.);
#3451 = EDGE_CURVE('',#3452,#3454,#3456,.T.);
#3452 = VERTEX_POINT('',#3453);
#3453 = CARTESIAN_POINT('',(-76.7,-3.233929668666,-180.));
#3454 = VERTEX_POINT('',#3455);
#3455 = CARTESIAN_POINT('',(-101.5,-3.233929668666,-180.));
#3456 = LINE('',#3457,#3458);
#3457 = CARTESIAN_POINT('',(-75.5,-3.233929668666,-180.));
#3458 = VECTOR('',#3459,1.);
#3459 = DIRECTION('',(-1.,-0.,0.));
#3460 = ORIENTED_EDGE('',*,*,#3461,.T.);
#3461 = EDGE_CURVE('',#3452,#291,#3462,.T.);
#3462 = LINE('',#3463,#3464);
#3463 = CARTESIAN_POINT('',(-76.7,-3.233929668666,-179.4));
#3464 = VECTOR('',#3465,1.);
#3465 = DIRECTION('',(0.,3.310223024625E-16,1.));
#3466 = ORIENTED_EDGE('',*,*,#298,.F.);
#3467 = ORIENTED_EDGE('',*,*,#3468,.F.);
#3468 = EDGE_CURVE('',#3454,#299,#3469,.T.);
#3469 = LINE('',#3470,#3471);
#3470 = CARTESIAN_POINT('',(-101.5,-3.233929668666,-180.));
#3471 = VECTOR('',#3472,1.);
#3472 = DIRECTION('',(0.,3.310223024625E-16,1.));
#3473 = PLANE('',#3474);
#3474 = AXIS2_PLACEMENT_3D('',#3475,#3476,#3477);
#3475 = CARTESIAN_POINT('',(-75.5,-3.233929668666,-180.));
#3476 = DIRECTION('',(0.,-1.,3.310223024625E-16));
#3477 = DIRECTION('',(-1.,0.,0.));
#3478 = ADVANCED_FACE('',(#3479),#3497,.F.);
#3479 = FACE_BOUND('',#3480,.F.);
#3480 = EDGE_LOOP('',(#3481,#3489,#3490,#3491));
#3481 = ORIENTED_EDGE('',*,*,#3482,.F.);
#3482 = EDGE_CURVE('',#3454,#3483,#3485,.T.);
#3483 = VERTEX_POINT('',#3484);
#3484 = CARTESIAN_POINT('',(-101.5,-2.233929668666,-180.));
#3485 = LINE('',#3486,#3487);
#3486 = CARTESIAN_POINT('',(-101.5,-3.233929668666,-180.));
#3487 = VECTOR('',#3488,1.);
#3488 = DIRECTION('',(0.,1.,-1.110223024625E-16));
#3489 = ORIENTED_EDGE('',*,*,#3468,.T.);
#3490 = ORIENTED_EDGE('',*,*,#306,.F.);
#3491 = ORIENTED_EDGE('',*,*,#3492,.F.);
#3492 = EDGE_CURVE('',#3483,#307,#3493,.T.);
#3493 = LINE('',#3494,#3495);
#3494 = CARTESIAN_POINT('',(-101.5,-2.233929668666,-180.));
#3495 = VECTOR('',#3496,1.);
#3496 = DIRECTION('',(0.,3.310223024625E-16,1.));
#3497 = PLANE('',#3498);
#3498 = AXIS2_PLACEMENT_3D('',#3499,#3500,#3501);
#3499 = CARTESIAN_POINT('',(-101.5,-3.233929668666,-180.));
#3500 = DIRECTION('',(-1.,0.,0.));
#3501 = DIRECTION('',(-0.,1.,-3.310223024625E-16));
#3502 = ADVANCED_FACE('',(#3503),#3521,.F.);
#3503 = FACE_BOUND('',#3504,.F.);
#3504 = EDGE_LOOP('',(#3505,#3513,#3514,#3515));
#3505 = ORIENTED_EDGE('',*,*,#3506,.F.);
#3506 = EDGE_CURVE('',#3483,#3507,#3509,.T.);
#3507 = VERTEX_POINT('',#3508);
#3508 = CARTESIAN_POINT('',(-76.7,-2.233929668666,-180.));
#3509 = LINE('',#3510,#3511);
#3510 = CARTESIAN_POINT('',(-101.5,-2.233929668666,-180.));
#3511 = VECTOR('',#3512,1.);
#3512 = DIRECTION('',(1.,0.,0.));
#3513 = ORIENTED_EDGE('',*,*,#3492,.T.);
#3514 = ORIENTED_EDGE('',*,*,#314,.F.);
#3515 = ORIENTED_EDGE('',*,*,#3516,.T.);
#3516 = EDGE_CURVE('',#315,#3507,#3517,.T.);
#3517 = LINE('',#3518,#3519);
#3518 = CARTESIAN_POINT('',(-76.7,-2.233929668666,-178.8));
#3519 = VECTOR('',#3520,1.);
#3520 = DIRECTION('',(0.,-1.110223024625E-16,-1.));
#3521 = PLANE('',#3522);
#3522 = AXIS2_PLACEMENT_3D('',#3523,#3524,#3525);
#3523 = CARTESIAN_POINT('',(-101.5,-2.233929668666,-180.));
#3524 = DIRECTION('',(0.,1.,-3.310223024625E-16));
#3525 = DIRECTION('',(1.,0.,0.));
#3526 = ADVANCED_FACE('',(#3527),#3555,.F.);
#3527 = FACE_BOUND('',#3528,.F.);
#3528 = EDGE_LOOP('',(#3529,#3552,#3553,#3554));
#3529 = ORIENTED_EDGE('',*,*,#3530,.T.);
#3530 = EDGE_CURVE('',#2543,#461,#3531,.T.);
#3531 = ( BOUNDED_CURVE() B_SPLINE_CURVE(7,(#3532,#3533,#3534,#3535,
    #3536,#3537,#3538,#3539,#3540,#3541,#3542,#3543,#3544,#3545,#3546,
    #3547,#3548,#3549,#3550,#3551),.UNSPECIFIED.,.F.,.F.) 
B_SPLINE_CURVE_WITH_KNOTS((8,6,6,8),(0.,1.687403955182E-02,
0.542971804102,1.),.UNSPECIFIED.) CURVE() GEOMETRIC_REPRESENTATION_ITEM(
) RATIONAL_B_SPLINE_CURVE((1.,1.,1.,1.,1.,1.,1.,1.,1.,1.,1.,1.,1.,1.,1.,
1.,1.,1.,1.,1.)) REPRESENTATION_ITEM('') );
#3532 = CARTESIAN_POINT('',(-196.5,-57.3,-153.7056393294));
#3533 = CARTESIAN_POINT('',(-196.5246772593,-57.3,-153.7670926629));
#3534 = CARTESIAN_POINT('',(-196.5492975724,-57.29989551987,
    -153.8285621121));
#3535 = CARTESIAN_POINT('',(-196.5738604059,-57.29968742939,
    -153.890047571));
#3536 = CARTESIAN_POINT('',(-196.5983653745,-57.29937659475,
    -153.9515489641));
#3537 = CARTESIAN_POINT('',(-196.6228121598,-57.29896387884,
    -154.0130662247));
#3538 = CARTESIAN_POINT('',(-196.6472004287,-57.29845014151,
    -154.074599273));
#3539 = CARTESIAN_POINT('',(-197.430067918,-57.27869605179,
    -156.0551102625));
#3540 = CARTESIAN_POINT('',(-198.1309250483,-57.16216989976,
    -157.9884112676));
#3541 = CARTESIAN_POINT('',(-198.7643407506,-56.97456100691,
    -159.9348635339));
#3542 = CARTESIAN_POINT('',(-199.3304849472,-56.73755672338,
    -161.891969155));
#3543 = CARTESIAN_POINT('',(-199.8323547776,-56.46743162068,
    -163.8574718016));
#3544 = CARTESIAN_POINT('',(-200.2718793268,-56.17800900379,
    -165.8304973342));
#3545 = CARTESIAN_POINT('',(-200.9770436706,-55.63490825169,
    -169.5338868758));
#3546 = CARTESIAN_POINT('',(-201.2578596191,-55.38145558041,
    -171.2616404291));
#3547 = CARTESIAN_POINT('',(-201.4912530117,-55.13982518194,
    -172.9960559349));
#3548 = CARTESIAN_POINT('',(-201.6761469197,-54.92253259662,
    -174.7363539522));
#3549 = CARTESIAN_POINT('',(-201.8073094836,-54.75230087324,
    -176.4873500035));
#3550 = CARTESIAN_POINT('',(-201.8723883103,-54.66862613368,
    -178.2435799557));
#3551 = CARTESIAN_POINT('',(-201.8723883103,-54.66862613368,-180.));
#3552 = ORIENTED_EDGE('',*,*,#469,.T.);
#3553 = ORIENTED_EDGE('',*,*,#3059,.F.);
#3554 = ORIENTED_EDGE('',*,*,#2680,.T.);
#3555 = ( BOUNDED_SURFACE() B_SPLINE_SURFACE(2,7,(
    (#3556,#3557,#3558,#3559,#3560,#3561,#3562,#3563,#3564,#3565,#3566
      ,#3567,#3568,#3569,#3570,#3571,#3572,#3573,#3574,#3575)
    ,(#3576,#3577,#3578,#3579,#3580,#3581,#3582,#3583,#3584,#3585,#3586
      ,#3587,#3588,#3589,#3590,#3591,#3592,#3593,#3594,#3595)
    ,(#3596,#3597,#3598,#3599,#3600,#3601,#3602,#3603,#3604,#3605,#3606
      ,#3607,#3608,#3609,#3610,#3611,#3612,#3613,#3614,#3615
)),.UNSPECIFIED.,.F.,.F.,.F.) B_SPLINE_SURFACE_WITH_KNOTS((3,3),(8,6,6,8
    ),(0.,1.),(0.,1.687403955182E-02,0.542971804102,1.),.UNSPECIFIED.) 
GEOMETRIC_REPRESENTATION_ITEM() RATIONAL_B_SPLINE_SURFACE((
    (1.,1.,1.,1.,1.,1.,1.,1.,1.,1.,1.,1.,1.,1.,1.,1.,1.,1.,1.,1.)
    ,(0.856804684586,0.857408473425,0.857997482275,0.858598473156
      ,0.859208158297,0.859811924074,0.860402554962,0.879593558192
      ,0.896965544623,0.912872862533,0.927100622674,0.939560338132
      ,0.950273765029,0.967031605159,0.973504466666,0.978666880531
      ,0.982537747243,0.98512860526,0.98642270012,0.98642270012)
    ,(1.,1.,1.,1.,1.,1.,1.,1.,1.,1.,1.,1.,1.,1.,1.,1.,1.,1.,1.,1.
))) REPRESENTATION_ITEM('') SURFACE() );
#3556 = CARTESIAN_POINT('',(-195.5412784208,-57.93812575772,
    -154.1585745019));
#3557 = CARTESIAN_POINT('',(-195.5690754245,-57.93912177588,
    -154.2186490876));
#3558 = CARTESIAN_POINT('',(-195.596777285,-57.94004781571,
    -154.2787341746));
#3559 = CARTESIAN_POINT('',(-195.6244535924,-57.94079399796,
    -154.3388415457));
#3560 = CARTESIAN_POINT('',(-195.6520952555,-57.94137491499,
    -154.3989696408));
#3561 = CARTESIAN_POINT('',(-195.6796635494,-57.94185205722,
    -154.4591119038));
#3562 = CARTESIAN_POINT('',(-195.7071391641,-57.94225623953,
    -154.5192651289));
#3563 = CARTESIAN_POINT('',(-196.5898472246,-57.95042262018,
    -156.4554978571));
#3564 = CARTESIAN_POINT('',(-197.3844483581,-57.84043323706,
    -158.3464639637));
#3565 = CARTESIAN_POINT('',(-198.1061792516,-57.64268004704,
    -160.2524931402));
#3566 = CARTESIAN_POINT('',(-198.7537811867,-57.38291887205,
    -162.1714172582));
#3567 = CARTESIAN_POINT('',(-199.3295897639,-57.08079991175,
    -164.1008951564));
#3568 = CARTESIAN_POINT('',(-199.8352087948,-56.75299994957,
    -166.039864278));
#3569 = CARTESIAN_POINT('',(-200.6480835459,-56.13297968841,
    -169.6827857462));
#3570 = CARTESIAN_POINT('',(-200.9725870098,-55.84165129675,
    -171.3837168009));
#3571 = CARTESIAN_POINT('',(-201.2428270186,-55.5625433209,
    -173.0924322492));
#3572 = CARTESIAN_POINT('',(-201.4572806192,-55.31059687243,
    -174.807934858));
#3573 = CARTESIAN_POINT('',(-201.6096116099,-55.11271781707,
    -176.5348342725));
#3574 = CARTESIAN_POINT('',(-201.6851854517,-55.01547446978,
    -178.267323817));
#3575 = CARTESIAN_POINT('',(-201.6851854517,-55.01547446978,-180.));
#3576 = CARTESIAN_POINT('',(-195.8470215595,-57.29999999989,
    -154.01413025));
#3577 = CARTESIAN_POINT('',(-195.8731482919,-57.30236799008,
    -154.0741674371));
#3578 = CARTESIAN_POINT('',(-195.8991895618,-57.30461470712,
    -154.1342457234));
#3579 = CARTESIAN_POINT('',(-195.9252339107,-57.30674023297,
    -154.1943551131));
#3580 = CARTESIAN_POINT('',(-195.9512686104,-57.30874536029,
    -154.254494233));
#3581 = CARTESIAN_POINT('',(-195.977244944,-57.31063130168,
    -154.3146695904));
#3582 = CARTESIAN_POINT('',(-196.0031398095,-57.31239910678,
    -154.3748869897));
#3583 = CARTESIAN_POINT('',(-196.8181070491,-57.36436200975,
    -156.2725646962));
#3584 = CARTESIAN_POINT('',(-197.5689629109,-57.30508888755,
    -158.1482455283));
#3585 = CARTESIAN_POINT('',(-198.2639998741,-57.15730709276,
    -160.0592435645));
#3586 = CARTESIAN_POINT('',(-198.8947969018,-56.94336653753,
    -161.9979779028));
#3587 = CARTESIAN_POINT('',(-199.4584712488,-56.68254196124,
    -163.9563016323));
#3588 = CARTESIAN_POINT('',(-199.9541198826,-56.39238083402,
    -165.9275454217));
#3589 = CARTESIAN_POINT('',(-200.7430418671,-55.84104702683,
    -169.5995018785));
#3590 = CARTESIAN_POINT('',(-201.0575220019,-55.58021171493,
    -171.3075002315));
#3591 = CARTESIAN_POINT('',(-201.3203837986,-55.32724775189,
    -173.0297685586));
#3592 = CARTESIAN_POINT('',(-201.529037753,-55.09688530234,
    -174.7622670211));
#3593 = CARTESIAN_POINT('',(-201.6768602563,-54.91529276743,
    -176.5071636026));
#3594 = CARTESIAN_POINT('',(-201.7499140678,-54.82646691092,
    -178.2557809503));
#3595 = CARTESIAN_POINT('',(-201.7499140678,-54.82646691092,-180.));
#3596 = CARTESIAN_POINT('',(-196.5,-57.3,-153.7056393294));
#3597 = CARTESIAN_POINT('',(-196.5246772593,-57.3,-153.7670926629));
#3598 = CARTESIAN_POINT('',(-196.5492975724,-57.29989551987,
    -153.8285621121));
#3599 = CARTESIAN_POINT('',(-196.5738604059,-57.29968742939,
    -153.890047571));
#3600 = CARTESIAN_POINT('',(-196.5983653745,-57.29937659475,
    -153.9515489641));
#3601 = CARTESIAN_POINT('',(-196.6228121598,-57.29896387884,
    -154.0130662247));
#3602 = CARTESIAN_POINT('',(-196.6472004287,-57.29845014151,
    -154.074599273));
#3603 = CARTESIAN_POINT('',(-197.430067918,-57.27869605179,
    -156.0551102625));
#3604 = CARTESIAN_POINT('',(-198.1309250483,-57.16216989976,
    -157.9884112676));
#3605 = CARTESIAN_POINT('',(-198.7643407506,-56.97456100691,
    -159.9348635339));
#3606 = CARTESIAN_POINT('',(-199.3304849472,-56.73755672338,
    -161.891969155));
#3607 = CARTESIAN_POINT('',(-199.8323547776,-56.46743162068,
    -163.8574718016));
#3608 = CARTESIAN_POINT('',(-200.2718793268,-56.17800900379,
    -165.8304973342));
#3609 = CARTESIAN_POINT('',(-200.9770436706,-55.63490825169,
    -169.5338868758));
#3610 = CARTESIAN_POINT('',(-201.2578596191,-55.38145558041,
    -171.2616404291));
#3611 = CARTESIAN_POINT('',(-201.4912530117,-55.13982518194,
    -172.9960559349));
#3612 = CARTESIAN_POINT('',(-201.6761469197,-54.92253259662,
    -174.7363539522));
#3613 = CARTESIAN_POINT('',(-201.8073094836,-54.75230087324,
    -176.4873500035));
#3614 = CARTESIAN_POINT('',(-201.8723883103,-54.66862613368,
    -178.2435799557));
#3615 = CARTESIAN_POINT('',(-201.8723883103,-54.66862613368,-180.));
#3616 = ADVANCED_FACE('',(#3617),#3682,.F.);
#3617 = FACE_BOUND('',#3618,.F.);
#3618 = EDGE_LOOP('',(#3619,#3620,#3628,#3637,#3674,#3681));
#3619 = ORIENTED_EDGE('',*,*,#330,.F.);
#3620 = ORIENTED_EDGE('',*,*,#3621,.T.);
#3621 = EDGE_CURVE('',#331,#3622,#3624,.T.);
#3622 = VERTEX_POINT('',#3623);
#3623 = CARTESIAN_POINT('',(-83.5,13.8,-157.1842675215));
#3624 = LINE('',#3625,#3626);
#3625 = CARTESIAN_POINT('',(-83.5,13.8,-180.));
#3626 = VECTOR('',#3627,1.);
#3627 = DIRECTION('',(0.,3.310223024625E-16,1.));
#3628 = ORIENTED_EDGE('',*,*,#3629,.T.);
#3629 = EDGE_CURVE('',#3622,#3630,#3632,.T.);
#3630 = VERTEX_POINT('',#3631);
#3631 = CARTESIAN_POINT('',(-79.73064992285,12.659681970193,
    -151.5302424058));
#3632 = ELLIPSE('',#3633,12.258874336578,6.8);
#3633 = AXIS2_PLACEMENT_3D('',#3634,#3635,#3636);
#3634 = CARTESIAN_POINT('',(-83.5,7.,-157.1842675215));
#3635 = DIRECTION('',(0.832050294338,-6.158409296133E-17,-0.554700196225
    ));
#3636 = DIRECTION('',(-0.554700196225,-3.52376139442E-16,-0.832050294338
    ));
#3637 = ORIENTED_EDGE('',*,*,#3638,.T.);
#3638 = EDGE_CURVE('',#3630,#3639,#3641,.T.);
#3639 = VERTEX_POINT('',#3640);
#3640 = CARTESIAN_POINT('',(-77.02290088688,9.07055236082,
    -149.4568609112));
#3641 = B_SPLINE_CURVE_WITH_KNOTS('',7,(#3642,#3643,#3644,#3645,#3646,
    #3647,#3648,#3649,#3650,#3651,#3652,#3653,#3654,#3655,#3656,#3657,
    #3658,#3659,#3660,#3661,#3662,#3663,#3664,#3665,#3666,#3667,#3668,
    #3669,#3670,#3671,#3672,#3673),.UNSPECIFIED.,.F.,.F.,(8,6,6,6,6,8),(
    0.,0.193275404892,0.495606864301,0.764886997108,0.865947022954,1.),
  .UNSPECIFIED.);
#3642 = CARTESIAN_POINT('',(-83.5,13.8,-152.9700060204));
#3643 = CARTESIAN_POINT('',(-83.26263670581,13.8,-152.9700060204));
#3644 = CARTESIAN_POINT('',(-83.02651198887,13.790333664953,
    -152.9544091951));
#3645 = CARTESIAN_POINT('',(-82.79207309791,13.77118217531,
    -152.9235054097));
#3646 = CARTESIAN_POINT('',(-82.55988039373,13.742749409374,
    -152.878132276));
#3647 = CARTESIAN_POINT('',(-82.33073000955,13.705310461795,
    -152.8196835463));
#3648 = CARTESIAN_POINT('',(-82.10577116246,13.659355745087,
    -152.7500837841));
#3649 = CARTESIAN_POINT('',(-81.54380750092,13.522103969228,
    -152.5491631606));
#3650 = CARTESIAN_POINT('',(-81.2120747765,13.419089753856,
    -152.4040583819));
#3651 = CARTESIAN_POINT('',(-80.89067982652,13.297993580042,
    -152.2422556311));
#3652 = CARTESIAN_POINT('',(-80.57930450907,13.159497634179,
    -152.0687841042));
#3653 = CARTESIAN_POINT('',(-80.27751955071,13.003944619501,
    -151.8873192507));
#3654 = CARTESIAN_POINT('',(-79.98462296104,12.830948844777,
    -151.7003657485));
#3655 = CARTESIAN_POINT('',(-79.4463949292,12.468251045136,
    -151.3399321857));
#3656 = CARTESIAN_POINT('',(-79.19996694783,12.282849474343,
    -151.1676179086));
#3657 = CARTESIAN_POINT('',(-78.96033112844,12.082177666622,
    -150.9942130054));
#3658 = CARTESIAN_POINT('',(-78.72755782376,11.865231901718,
    -150.8209731603));
#3659 = CARTESIAN_POINT('',(-78.50215948881,11.630802052957,
    -150.6492437759));
#3660 = CARTESIAN_POINT('',(-78.28516352296,11.377561361194,
    -150.4806572832));
#3661 = CARTESIAN_POINT('',(-78.00055410387,11.001581352833,
    -150.2559464122));
#3662 = CARTESIAN_POINT('',(-77.92428007061,10.896113527978,
    -150.195338979));
#3663 = CARTESIAN_POINT('',(-77.84947302136,10.787685847485,
    -150.1355431321));
#3664 = CARTESIAN_POINT('',(-77.77622583424,10.6762091994,
    -150.0766701629));
#3665 = CARTESIAN_POINT('',(-77.70464847276,10.561596468905,
    -150.0188440556));
#3666 = CARTESIAN_POINT('',(-77.63486775985,10.443762564164,
    -149.9622018327));
#3667 = CARTESIAN_POINT('',(-77.47703869816,10.161938495883,
    -149.8335296515));
#3668 = CARTESIAN_POINT('',(-77.39040758739,9.995338453729,
    -149.7624672307));
#3669 = CARTESIAN_POINT('',(-77.30753125552,9.822712922254,
    -149.6941073239));
#3670 = CARTESIAN_POINT('',(-77.22884619906,9.643973817166,
    -149.6288839082));
#3671 = CARTESIAN_POINT('',(-77.1548285147,9.45905676839,-149.5672637363
    ));
#3672 = CARTESIAN_POINT('',(-77.08599443878,9.267921525112,
    -149.5097458194));
#3673 = CARTESIAN_POINT('',(-77.02290088688,9.07055236082,
    -149.4568609112));
#3674 = ORIENTED_EDGE('',*,*,#3675,.F.);
#3675 = EDGE_CURVE('',#1971,#3639,#3676,.T.);
#3676 = ELLIPSE('',#3677,7.039878026789,6.8);
#3677 = AXIS2_PLACEMENT_3D('',#3678,#3679,#3680);
#3678 = CARTESIAN_POINT('',(-83.5,7.,-148.9020580783));
#3679 = DIRECTION('',(0.,0.258819045103,0.965925826289));
#3680 = DIRECTION('',(0.,0.965925826289,-0.258819045103));
#3681 = ORIENTED_EDGE('',*,*,#1970,.F.);
#3682 = CYLINDRICAL_SURFACE('',#3683,6.8);
#3683 = AXIS2_PLACEMENT_3D('',#3684,#3685,#3686);
#3684 = CARTESIAN_POINT('',(-83.5,7.,-180.));
#3685 = DIRECTION('',(0.,-3.310223024625E-16,-1.));
#3686 = DIRECTION('',(1.,0.,0.));
#3687 = ADVANCED_FACE('',(#3688),#3708,.F.);
#3688 = FACE_BOUND('',#3689,.T.);
#3689 = EDGE_LOOP('',(#3690,#3691,#3692,#3700,#3707));
#3690 = ORIENTED_EDGE('',*,*,#3530,.T.);
#3691 = ORIENTED_EDGE('',*,*,#460,.T.);
#3692 = ORIENTED_EDGE('',*,*,#3693,.T.);
#3693 = EDGE_CURVE('',#453,#3694,#3696,.T.);
#3694 = VERTEX_POINT('',#3695);
#3695 = CARTESIAN_POINT('',(-203.3,-50.5,-90.));
#3696 = LINE('',#3697,#3698);
#3697 = CARTESIAN_POINT('',(-203.3,-50.5,-180.));
#3698 = VECTOR('',#3699,1.);
#3699 = DIRECTION('',(0.,3.310223024625E-16,1.));
#3700 = ORIENTED_EDGE('',*,*,#3701,.T.);
#3701 = EDGE_CURVE('',#3694,#2658,#3702,.T.);
#3702 = CIRCLE('',#3703,6.8);
#3703 = AXIS2_PLACEMENT_3D('',#3704,#3705,#3706);
#3704 = CARTESIAN_POINT('',(-196.5,-50.5,-90.));
#3705 = DIRECTION('',(0.,3.310223024625E-16,1.));
#3706 = DIRECTION('',(-1.,0.,0.));
#3707 = ORIENTED_EDGE('',*,*,#2665,.F.);
#3708 = CYLINDRICAL_SURFACE('',#3709,6.8);
#3709 = AXIS2_PLACEMENT_3D('',#3710,#3711,#3712);
#3710 = CARTESIAN_POINT('',(-196.5,-50.5,-180.));
#3711 = DIRECTION('',(0.,-3.310223024625E-16,-1.));
#3712 = DIRECTION('',(-1.,0.,0.));
#3713 = ADVANCED_FACE('',(#3714),#3732,.F.);
#3714 = FACE_BOUND('',#3715,.F.);
#3715 = EDGE_LOOP('',(#3716,#3717,#3725,#3731));
#3716 = ORIENTED_EDGE('',*,*,#339,.T.);
#3717 = ORIENTED_EDGE('',*,*,#3718,.T.);
#3718 = EDGE_CURVE('',#340,#3719,#3721,.T.);
#3719 = VERTEX_POINT('',#3720);
#3720 = CARTESIAN_POINT('',(-196.5,13.8,-157.1842675215));
#3721 = LINE('',#3722,#3723);
#3722 = CARTESIAN_POINT('',(-196.5,13.8,-180.));
#3723 = VECTOR('',#3724,1.);
#3724 = DIRECTION('',(0.,3.310223024625E-16,1.));
#3725 = ORIENTED_EDGE('',*,*,#3726,.F.);
#3726 = EDGE_CURVE('',#3622,#3719,#3727,.T.);
#3727 = LINE('',#3728,#3729);
#3728 = CARTESIAN_POINT('',(-111.75,13.8,-157.1842675215));
#3729 = VECTOR('',#3730,1.);
#3730 = DIRECTION('',(-1.,0.,0.));
#3731 = ORIENTED_EDGE('',*,*,#3621,.F.);
#3732 = PLANE('',#3733);
#3733 = AXIS2_PLACEMENT_3D('',#3734,#3735,#3736);
#3734 = CARTESIAN_POINT('',(-140.,13.8,-135.));
#3735 = DIRECTION('',(-0.,1.,-3.910223024625E-16));
#3736 = DIRECTION('',(0.,-3.910223024625E-16,-1.));
#3737 = ADVANCED_FACE('',(#3738,#3854),#3975,.T.);
#3738 = FACE_BOUND('',#3739,.F.);
#3739 = EDGE_LOOP('',(#3740,#3750,#3758,#3766,#3775,#3783,#3791,#3799,
    #3808,#3816,#3824,#3832,#3840,#3848));
#3740 = ORIENTED_EDGE('',*,*,#3741,.T.);
#3741 = EDGE_CURVE('',#3742,#3744,#3746,.T.);
#3742 = VERTEX_POINT('',#3743);
#3743 = CARTESIAN_POINT('',(-203.3,-32.,-151.5));
#3744 = VERTEX_POINT('',#3745);
#3745 = CARTESIAN_POINT('',(-203.3,-34.15,-151.5));
#3746 = LINE('',#3747,#3748);
#3747 = CARTESIAN_POINT('',(-203.3,-32.,-151.5));
#3748 = VECTOR('',#3749,1.);
#3749 = DIRECTION('',(0.,-1.,1.110223024625E-16));
#3750 = ORIENTED_EDGE('',*,*,#3751,.T.);
#3751 = EDGE_CURVE('',#3744,#3752,#3754,.T.);
#3752 = VERTEX_POINT('',#3753);
#3753 = CARTESIAN_POINT('',(-203.3,-35.15,-152.5));
#3754 = LINE('',#3755,#3756);
#3755 = CARTESIAN_POINT('',(-203.3,-45.6125,-162.9625));
#3756 = VECTOR('',#3757,1.);
#3757 = DIRECTION('',(0.,-0.707106781187,-0.707106781187));
#3758 = ORIENTED_EDGE('',*,*,#3759,.T.);
#3759 = EDGE_CURVE('',#3752,#3760,#3762,.T.);
#3760 = VERTEX_POINT('',#3761);
#3761 = CARTESIAN_POINT('',(-203.3,-35.15,-153.3864471274));
#3762 = LINE('',#3763,#3764);
#3763 = CARTESIAN_POINT('',(-203.3,-35.15,-151.5));
#3764 = VECTOR('',#3765,1.);
#3765 = DIRECTION('',(0.,-3.310223024625E-16,-1.));
#3766 = ORIENTED_EDGE('',*,*,#3767,.F.);
#3767 = EDGE_CURVE('',#3768,#3760,#3770,.T.);
#3768 = VERTEX_POINT('',#3769);
#3769 = CARTESIAN_POINT('',(-203.3,-35.15,-155.6135528725));
#3770 = CIRCLE('',#3771,1.75);
#3771 = AXIS2_PLACEMENT_3D('',#3772,#3773,#3774);
#3772 = CARTESIAN_POINT('',(-203.3,-36.5,-154.5));
#3773 = DIRECTION('',(1.,0.,-0.));
#3774 = DIRECTION('',(0.,1.110223024625E-16,1.));
#3775 = ORIENTED_EDGE('',*,*,#3776,.T.);
#3776 = EDGE_CURVE('',#3768,#3777,#3779,.T.);
#3777 = VERTEX_POINT('',#3778);
#3778 = CARTESIAN_POINT('',(-203.3,-35.15,-157.5));
#3779 = LINE('',#3780,#3781);
#3780 = CARTESIAN_POINT('',(-203.3,-35.15,-151.5));
#3781 = VECTOR('',#3782,1.);
#3782 = DIRECTION('',(0.,-3.310223024625E-16,-1.));
#3783 = ORIENTED_EDGE('',*,*,#3784,.T.);
#3784 = EDGE_CURVE('',#3777,#3785,#3787,.T.);
#3785 = VERTEX_POINT('',#3786);
#3786 = CARTESIAN_POINT('',(-203.3,-37.85,-157.5));
#3787 = LINE('',#3788,#3789);
#3788 = CARTESIAN_POINT('',(-203.3,-35.15,-157.5));
#3789 = VECTOR('',#3790,1.);
#3790 = DIRECTION('',(0.,-1.,1.110223024625E-16));
#3791 = ORIENTED_EDGE('',*,*,#3792,.F.);
#3792 = EDGE_CURVE('',#3793,#3785,#3795,.T.);
#3793 = VERTEX_POINT('',#3794);
#3794 = CARTESIAN_POINT('',(-203.3,-37.85,-155.6135528725));
#3795 = LINE('',#3796,#3797);
#3796 = CARTESIAN_POINT('',(-203.3,-37.85,-151.5));
#3797 = VECTOR('',#3798,1.);
#3798 = DIRECTION('',(0.,-3.310223024625E-16,-1.));
#3799 = ORIENTED_EDGE('',*,*,#3800,.F.);
#3800 = EDGE_CURVE('',#3801,#3793,#3803,.T.);
#3801 = VERTEX_POINT('',#3802);
#3802 = CARTESIAN_POINT('',(-203.3,-37.85,-153.3864471274));
#3803 = CIRCLE('',#3804,1.75);
#3804 = AXIS2_PLACEMENT_3D('',#3805,#3806,#3807);
#3805 = CARTESIAN_POINT('',(-203.3,-36.5,-154.5));
#3806 = DIRECTION('',(1.,0.,-0.));
#3807 = DIRECTION('',(0.,1.110223024625E-16,1.));
#3808 = ORIENTED_EDGE('',*,*,#3809,.F.);
#3809 = EDGE_CURVE('',#3810,#3801,#3812,.T.);
#3810 = VERTEX_POINT('',#3811);
#3811 = CARTESIAN_POINT('',(-203.3,-37.85,-152.5));
#3812 = LINE('',#3813,#3814);
#3813 = CARTESIAN_POINT('',(-203.3,-37.85,-151.5));
#3814 = VECTOR('',#3815,1.);
#3815 = DIRECTION('',(0.,-3.310223024625E-16,-1.));
#3816 = ORIENTED_EDGE('',*,*,#3817,.F.);
#3817 = EDGE_CURVE('',#3818,#3810,#3820,.T.);
#3818 = VERTEX_POINT('',#3819);
#3819 = CARTESIAN_POINT('',(-203.3,-38.85,-151.5));
#3820 = LINE('',#3821,#3822);
#3821 = CARTESIAN_POINT('',(-203.3,-34.3875,-155.9625));
#3822 = VECTOR('',#3823,1.);
#3823 = DIRECTION('',(0.,0.707106781187,-0.707106781187));
#3824 = ORIENTED_EDGE('',*,*,#3825,.T.);
#3825 = EDGE_CURVE('',#3818,#3826,#3828,.T.);
#3826 = VERTEX_POINT('',#3827);
#3827 = CARTESIAN_POINT('',(-203.3,-41.,-151.5));
#3828 = LINE('',#3829,#3830);
#3829 = CARTESIAN_POINT('',(-203.3,-32.,-151.5));
#3830 = VECTOR('',#3831,1.);
#3831 = DIRECTION('',(0.,-1.,1.110223024625E-16));
#3832 = ORIENTED_EDGE('',*,*,#3833,.T.);
#3833 = EDGE_CURVE('',#3826,#3834,#3836,.T.);
#3834 = VERTEX_POINT('',#3835);
#3835 = CARTESIAN_POINT('',(-203.3,-41.,-161.5));
#3836 = LINE('',#3837,#3838);
#3837 = CARTESIAN_POINT('',(-203.3,-41.,-151.5));
#3838 = VECTOR('',#3839,1.);
#3839 = DIRECTION('',(0.,-1.110223024625E-16,-1.));
#3840 = ORIENTED_EDGE('',*,*,#3841,.T.);
#3841 = EDGE_CURVE('',#3834,#3842,#3844,.T.);
#3842 = VERTEX_POINT('',#3843);
#3843 = CARTESIAN_POINT('',(-203.3,-32.,-161.5));
#3844 = LINE('',#3845,#3846);
#3845 = CARTESIAN_POINT('',(-203.3,-41.,-161.5));
#3846 = VECTOR('',#3847,1.);
#3847 = DIRECTION('',(0.,1.,-1.110223024625E-16));
#3848 = ORIENTED_EDGE('',*,*,#3849,.T.);
#3849 = EDGE_CURVE('',#3842,#3742,#3850,.T.);
#3850 = LINE('',#3851,#3852);
#3851 = CARTESIAN_POINT('',(-203.3,-32.,-161.5));
#3852 = VECTOR('',#3853,1.);
#3853 = DIRECTION('',(0.,1.110223024625E-16,1.));
#3854 = FACE_BOUND('',#3855,.T.);
#3855 = EDGE_LOOP('',(#3856,#3864,#3872,#3881,#3889,#3898,#3904,#3905,
    #3906,#3914,#3922,#3928,#3929,#3937,#3945,#3951,#3952,#3960,#3968,
    #3974));
#3856 = ORIENTED_EDGE('',*,*,#3857,.T.);
#3857 = EDGE_CURVE('',#348,#3858,#3860,.T.);
#3858 = VERTEX_POINT('',#3859);
#3859 = CARTESIAN_POINT('',(-203.3,7.,-148.9020580783));
#3860 = LINE('',#3861,#3862);
#3861 = CARTESIAN_POINT('',(-203.3,7.,-180.));
#3862 = VECTOR('',#3863,1.);
#3863 = DIRECTION('',(0.,3.310223024625E-16,1.));
#3864 = ORIENTED_EDGE('',*,*,#3865,.F.);
#3865 = EDGE_CURVE('',#3866,#3858,#3868,.T.);
#3866 = VERTEX_POINT('',#3867);
#3867 = CARTESIAN_POINT('',(-203.3,5.789843290181,-148.5777975652));
#3868 = LINE('',#3869,#3870);
#3869 = CARTESIAN_POINT('',(-203.3,-14.90159625878,-143.0335430478));
#3870 = VECTOR('',#3871,1.);
#3871 = DIRECTION('',(0.,0.965925826289,-0.258819045103));
#3872 = ORIENTED_EDGE('',*,*,#3873,.F.);
#3873 = EDGE_CURVE('',#3874,#3866,#3876,.T.);
#3874 = VERTEX_POINT('',#3875);
#3875 = CARTESIAN_POINT('',(-203.3,-25.70865498103,-117.0792992939));
#3876 = CIRCLE('',#3877,44.545603449538);
#3877 = AXIS2_PLACEMENT_3D('',#3878,#3879,#3880);
#3878 = CARTESIAN_POINT('',(-203.3,17.319093838506,-105.5500487456));
#3879 = DIRECTION('',(1.,0.,-0.));
#3880 = DIRECTION('',(0.,1.110223024625E-16,1.));
#3881 = ORIENTED_EDGE('',*,*,#3882,.F.);
#3882 = EDGE_CURVE('',#3883,#3874,#3885,.T.);
#3883 = VERTEX_POINT('',#3884);
#3884 = CARTESIAN_POINT('',(-203.3,-31.37574065197,-95.92944763918));
#3885 = LINE('',#3886,#3887);
#3886 = CARTESIAN_POINT('',(-203.3,-18.67392000242,-143.3332876519));
#3887 = VECTOR('',#3888,1.);
#3888 = DIRECTION('',(0.,0.258819045103,-0.965925826289));
#3889 = ORIENTED_EDGE('',*,*,#3890,.T.);
#3890 = EDGE_CURVE('',#3883,#3891,#3893,.T.);
#3891 = VERTEX_POINT('',#3892);
#3892 = CARTESIAN_POINT('',(-203.3,-39.10314726228,-90.));
#3893 = CIRCLE('',#3894,8.);
#3894 = AXIS2_PLACEMENT_3D('',#3895,#3896,#3897);
#3895 = CARTESIAN_POINT('',(-203.3,-39.10314726228,-98.));
#3896 = DIRECTION('',(1.,0.,-0.));
#3897 = DIRECTION('',(0.,1.110223024625E-16,1.));
#3898 = ORIENTED_EDGE('',*,*,#3899,.F.);
#3899 = EDGE_CURVE('',#3694,#3891,#3900,.T.);
#3900 = LINE('',#3901,#3902);
#3901 = CARTESIAN_POINT('',(-203.3,-50.5,-90.));
#3902 = VECTOR('',#3903,1.);
#3903 = DIRECTION('',(-0.,1.,-3.310223024625E-16));
#3904 = ORIENTED_EDGE('',*,*,#3693,.F.);
#3905 = ORIENTED_EDGE('',*,*,#452,.F.);
#3906 = ORIENTED_EDGE('',*,*,#3907,.F.);
#3907 = EDGE_CURVE('',#3908,#445,#3910,.T.);
#3908 = VERTEX_POINT('',#3909);
#3909 = CARTESIAN_POINT('',(-203.3,-22.76607033133,-167.));
#3910 = LINE('',#3911,#3912);
#3911 = CARTESIAN_POINT('',(-203.3,-22.76607033133,-180.));
#3912 = VECTOR('',#3913,1.);
#3913 = DIRECTION('',(0.,-3.310223024625E-16,-1.));
#3914 = ORIENTED_EDGE('',*,*,#3915,.T.);
#3915 = EDGE_CURVE('',#3908,#3916,#3918,.T.);
#3916 = VERTEX_POINT('',#3917);
#3917 = CARTESIAN_POINT('',(-203.3,-21.76607033133,-167.));
#3918 = LINE('',#3919,#3920);
#3919 = CARTESIAN_POINT('',(-203.3,-31.5,-167.));
#3920 = VECTOR('',#3921,1.);
#3921 = DIRECTION('',(0.,1.,-1.110223024625E-16));
#3922 = ORIENTED_EDGE('',*,*,#3923,.F.);
#3923 = EDGE_CURVE('',#421,#3916,#3924,.T.);
#3924 = LINE('',#3925,#3926);
#3925 = CARTESIAN_POINT('',(-203.3,-21.76607033133,-180.));
#3926 = VECTOR('',#3927,1.);
#3927 = DIRECTION('',(0.,3.310223024625E-16,1.));
#3928 = ORIENTED_EDGE('',*,*,#420,.F.);
#3929 = ORIENTED_EDGE('',*,*,#3930,.F.);
#3930 = EDGE_CURVE('',#3931,#413,#3933,.T.);
#3931 = VERTEX_POINT('',#3932);
#3932 = CARTESIAN_POINT('',(-203.3,-13.,-167.));
#3933 = LINE('',#3934,#3935);
#3934 = CARTESIAN_POINT('',(-203.3,-13.,-180.));
#3935 = VECTOR('',#3936,1.);
#3936 = DIRECTION('',(0.,-3.310223024625E-16,-1.));
#3937 = ORIENTED_EDGE('',*,*,#3938,.T.);
#3938 = EDGE_CURVE('',#3931,#3939,#3941,.T.);
#3939 = VERTEX_POINT('',#3940);
#3940 = CARTESIAN_POINT('',(-203.3,-12.,-167.));
#3941 = LINE('',#3942,#3943);
#3942 = CARTESIAN_POINT('',(-203.3,-31.5,-167.));
#3943 = VECTOR('',#3944,1.);
#3944 = DIRECTION('',(0.,1.,-1.110223024625E-16));
#3945 = ORIENTED_EDGE('',*,*,#3946,.F.);
#3946 = EDGE_CURVE('',#389,#3939,#3947,.T.);
#3947 = LINE('',#3948,#3949);
#3948 = CARTESIAN_POINT('',(-203.3,-12.,-180.));
#3949 = VECTOR('',#3950,1.);
#3950 = DIRECTION('',(0.,3.310223024625E-16,1.));
#3951 = ORIENTED_EDGE('',*,*,#388,.F.);
#3952 = ORIENTED_EDGE('',*,*,#3953,.F.);
#3953 = EDGE_CURVE('',#3954,#381,#3956,.T.);
#3954 = VERTEX_POINT('',#3955);
#3955 = CARTESIAN_POINT('',(-203.3,-3.233929668666,-167.));
#3956 = LINE('',#3957,#3958);
#3957 = CARTESIAN_POINT('',(-203.3,-3.233929668666,-180.));
#3958 = VECTOR('',#3959,1.);
#3959 = DIRECTION('',(0.,-3.310223024625E-16,-1.));
#3960 = ORIENTED_EDGE('',*,*,#3961,.T.);
#3961 = EDGE_CURVE('',#3954,#3962,#3964,.T.);
#3962 = VERTEX_POINT('',#3963);
#3963 = CARTESIAN_POINT('',(-203.3,-2.233929668666,-167.));
#3964 = LINE('',#3965,#3966);
#3965 = CARTESIAN_POINT('',(-203.3,-31.5,-167.));
#3966 = VECTOR('',#3967,1.);
#3967 = DIRECTION('',(0.,1.,-1.110223024625E-16));
#3968 = ORIENTED_EDGE('',*,*,#3969,.F.);
#3969 = EDGE_CURVE('',#357,#3962,#3970,.T.);
#3970 = LINE('',#3971,#3972);
#3971 = CARTESIAN_POINT('',(-203.3,-2.233929668666,-180.));
#3972 = VECTOR('',#3973,1.);
#3973 = DIRECTION('',(0.,3.310223024625E-16,1.));
#3974 = ORIENTED_EDGE('',*,*,#356,.F.);
#3975 = PLANE('',#3976);
#3976 = AXIS2_PLACEMENT_3D('',#3977,#3978,#3979);
#3977 = CARTESIAN_POINT('',(-203.3,-50.5,-180.));
#3978 = DIRECTION('',(1.,0.,0.));
#3979 = DIRECTION('',(0.,-1.,3.310223024625E-16));
#3980 = ADVANCED_FACE('',(#3981),#4039,.F.);
#3981 = FACE_BOUND('',#3982,.T.);
#3982 = EDGE_LOOP('',(#3983,#3984,#3985,#3986,#3995,#4032));
#3983 = ORIENTED_EDGE('',*,*,#3857,.F.);
#3984 = ORIENTED_EDGE('',*,*,#347,.T.);
#3985 = ORIENTED_EDGE('',*,*,#3718,.T.);
#3986 = ORIENTED_EDGE('',*,*,#3987,.F.);
#3987 = EDGE_CURVE('',#3988,#3719,#3990,.T.);
#3988 = VERTEX_POINT('',#3989);
#3989 = CARTESIAN_POINT('',(-200.2693500771,12.659681970193,
    -151.5302424058));
#3990 = ELLIPSE('',#3991,12.258874336578,6.8);
#3991 = AXIS2_PLACEMENT_3D('',#3992,#3993,#3994);
#3992 = CARTESIAN_POINT('',(-196.5,7.,-157.1842675215));
#3993 = DIRECTION('',(-0.832050294338,-6.158409296133E-17,
    -0.554700196225));
#3994 = DIRECTION('',(0.554700196225,-3.52376139442E-16,-0.832050294338)
  );
#3995 = ORIENTED_EDGE('',*,*,#3996,.T.);
#3996 = EDGE_CURVE('',#3988,#3997,#3999,.T.);
#3997 = VERTEX_POINT('',#3998);
#3998 = CARTESIAN_POINT('',(-202.9770991131,9.07055236082,
    -149.4568609112));
#3999 = B_SPLINE_CURVE_WITH_KNOTS('',7,(#4000,#4001,#4002,#4003,#4004,
    #4005,#4006,#4007,#4008,#4009,#4010,#4011,#4012,#4013,#4014,#4015,
    #4016,#4017,#4018,#4019,#4020,#4021,#4022,#4023,#4024,#4025,#4026,
    #4027,#4028,#4029,#4030,#4031),.UNSPECIFIED.,.F.,.F.,(8,6,6,6,6,8),(
    0.,0.193275405088,0.495606864432,0.764886997179,0.865947023003,1.),
  .UNSPECIFIED.);
#4000 = CARTESIAN_POINT('',(-196.5,13.8,-152.9700060204));
#4001 = CARTESIAN_POINT('',(-196.7373632939,13.8,-152.9700060204));
#4002 = CARTESIAN_POINT('',(-196.973488011,13.790333664974,
    -152.9544091951));
#4003 = CARTESIAN_POINT('',(-197.2079269022,13.771182175304,
    -152.9235054097));
#4004 = CARTESIAN_POINT('',(-197.4401196064,13.742749409331,
    -152.8781322759));
#4005 = CARTESIAN_POINT('',(-197.6692699904,13.705310461775,
    -152.8196835463));
#4006 = CARTESIAN_POINT('',(-197.8942288372,13.659355745154,
    -152.7500837842));
#4007 = CARTESIAN_POINT('',(-198.456192499,13.522103969228,
    -152.5491631606));
#4008 = CARTESIAN_POINT('',(-198.7879252234,13.419089753855,
    -152.4040583819));
#4009 = CARTESIAN_POINT('',(-199.1093201734,13.297993580044,
    -152.2422556311));
#4010 = CARTESIAN_POINT('',(-199.4206954909,13.159497634178,
    -152.0687841042));
#4011 = CARTESIAN_POINT('',(-199.7224804492,13.003944619502,
    -151.8873192507));
#4012 = CARTESIAN_POINT('',(-200.0153770389,12.830948844777,
    -151.7003657485));
#4013 = CARTESIAN_POINT('',(-200.5536050708,12.468251045136,
    -151.3399321857));
#4014 = CARTESIAN_POINT('',(-200.8000330521,12.282849474343,
    -151.1676179086));
#4015 = CARTESIAN_POINT('',(-201.0396688715,12.082177666622,
    -150.9942130054));
#4016 = CARTESIAN_POINT('',(-201.2724421762,11.865231901718,
    -150.8209731603));
#4017 = CARTESIAN_POINT('',(-201.4978405111,11.630802052957,
    -150.6492437759));
#4018 = CARTESIAN_POINT('',(-201.714836477,11.377561361194,
    -150.4806572832));
#4019 = CARTESIAN_POINT('',(-201.9994458961,11.001581352833,
    -150.2559464122));
#4020 = CARTESIAN_POINT('',(-202.0757199293,10.896113527978,
    -150.195338979));
#4021 = CARTESIAN_POINT('',(-202.1505269786,10.787685847485,
    -150.1355431321));
#4022 = CARTESIAN_POINT('',(-202.2237741657,10.6762091994,
    -150.0766701629));
#4023 = CARTESIAN_POINT('',(-202.2953515272,10.561596468905,
    -150.0188440556));
#4024 = CARTESIAN_POINT('',(-202.3651322401,10.443762564164,
    -149.9622018327));
#4025 = CARTESIAN_POINT('',(-202.5229613018,10.161938495907,
    -149.8335296515));
#4026 = CARTESIAN_POINT('',(-202.6095924126,9.995338453734,
    -149.7624672307));
#4027 = CARTESIAN_POINT('',(-202.6924687444,9.822712922233,
    -149.6941073239));
#4028 = CARTESIAN_POINT('',(-202.7711538009,9.643973817142,
    -149.6288839082));
#4029 = CARTESIAN_POINT('',(-202.8451714852,9.459056768391,
    -149.5672637363));
#4030 = CARTESIAN_POINT('',(-202.9140055612,9.267921525142,
    -149.5097458194));
#4031 = CARTESIAN_POINT('',(-202.9770991131,9.07055236082,
    -149.4568609112));
#4032 = ORIENTED_EDGE('',*,*,#4033,.T.);
#4033 = EDGE_CURVE('',#3997,#3858,#4034,.T.);
#4034 = ELLIPSE('',#4035,7.039878026789,6.8);
#4035 = AXIS2_PLACEMENT_3D('',#4036,#4037,#4038);
#4036 = CARTESIAN_POINT('',(-196.5,7.,-148.9020580783));
#4037 = DIRECTION('',(0.,0.258819045103,0.965925826289));
#4038 = DIRECTION('',(0.,0.965925826289,-0.258819045103));
#4039 = CYLINDRICAL_SURFACE('',#4040,6.8);
#4040 = AXIS2_PLACEMENT_3D('',#4041,#4042,#4043);
#4041 = CARTESIAN_POINT('',(-196.5,7.,-180.));
#4042 = DIRECTION('',(0.,-3.310223024625E-16,-1.));
#4043 = DIRECTION('',(-1.,0.,0.));
#4044 = ADVANCED_FACE('',(#4045),#4070,.T.);
#4045 = FACE_BOUND('',#4046,.T.);
#4046 = EDGE_LOOP('',(#4047,#4057,#4063,#4064));
#4047 = ORIENTED_EDGE('',*,*,#4048,.F.);
#4048 = EDGE_CURVE('',#4049,#4051,#4053,.T.);
#4049 = VERTEX_POINT('',#4050);
#4050 = CARTESIAN_POINT('',(-203.3,-22.76607033133,-180.));
#4051 = VERTEX_POINT('',#4052);
#4052 = CARTESIAN_POINT('',(-178.5,-22.76607033133,-180.));
#4053 = LINE('',#4054,#4055);
#4054 = CARTESIAN_POINT('',(-204.5,-22.76607033133,-180.));
#4055 = VECTOR('',#4056,1.);
#4056 = DIRECTION('',(1.,0.,0.));
#4057 = ORIENTED_EDGE('',*,*,#4058,.F.);
#4058 = EDGE_CURVE('',#445,#4049,#4059,.T.);
#4059 = LINE('',#4060,#4061);
#4060 = CARTESIAN_POINT('',(-203.3,-22.76607033133,-179.4));
#4061 = VECTOR('',#4062,1.);
#4062 = DIRECTION('',(0.,-3.310223024625E-16,-1.));
#4063 = ORIENTED_EDGE('',*,*,#444,.F.);
#4064 = ORIENTED_EDGE('',*,*,#4065,.F.);
#4065 = EDGE_CURVE('',#4051,#437,#4066,.T.);
#4066 = LINE('',#4067,#4068);
#4067 = CARTESIAN_POINT('',(-178.5,-22.76607033133,-180.));
#4068 = VECTOR('',#4069,1.);
#4069 = DIRECTION('',(0.,3.310223024625E-16,1.));
#4070 = PLANE('',#4071);
#4071 = AXIS2_PLACEMENT_3D('',#4072,#4073,#4074);
#4072 = CARTESIAN_POINT('',(-204.5,-22.76607033133,-180.));
#4073 = DIRECTION('',(0.,1.,-3.310223024625E-16));
#4074 = DIRECTION('',(1.,0.,0.));
#4075 = ADVANCED_FACE('',(#4076),#4094,.T.);
#4076 = FACE_BOUND('',#4077,.T.);
#4077 = EDGE_LOOP('',(#4078,#4086,#4087,#4088));
#4078 = ORIENTED_EDGE('',*,*,#4079,.F.);
#4079 = EDGE_CURVE('',#4051,#4080,#4082,.T.);
#4080 = VERTEX_POINT('',#4081);
#4081 = CARTESIAN_POINT('',(-178.5,-21.76607033133,-180.));
#4082 = LINE('',#4083,#4084);
#4083 = CARTESIAN_POINT('',(-178.5,-22.76607033133,-180.));
#4084 = VECTOR('',#4085,1.);
#4085 = DIRECTION('',(0.,1.,-1.110223024625E-16));
#4086 = ORIENTED_EDGE('',*,*,#4065,.T.);
#4087 = ORIENTED_EDGE('',*,*,#436,.F.);
#4088 = ORIENTED_EDGE('',*,*,#4089,.F.);
#4089 = EDGE_CURVE('',#4080,#429,#4090,.T.);
#4090 = LINE('',#4091,#4092);
#4091 = CARTESIAN_POINT('',(-178.5,-21.76607033133,-180.));
#4092 = VECTOR('',#4093,1.);
#4093 = DIRECTION('',(0.,3.310223024625E-16,1.));
#4094 = PLANE('',#4095);
#4095 = AXIS2_PLACEMENT_3D('',#4096,#4097,#4098);
#4096 = CARTESIAN_POINT('',(-178.5,-22.76607033133,-180.));
#4097 = DIRECTION('',(-1.,0.,0.));
#4098 = DIRECTION('',(-0.,1.,-3.310223024625E-16));
#4099 = ADVANCED_FACE('',(#4100),#4125,.T.);
#4100 = FACE_BOUND('',#4101,.T.);
#4101 = EDGE_LOOP('',(#4102,#4112,#4118,#4119));
#4102 = ORIENTED_EDGE('',*,*,#4103,.F.);
#4103 = EDGE_CURVE('',#4104,#4106,#4108,.T.);
#4104 = VERTEX_POINT('',#4105);
#4105 = CARTESIAN_POINT('',(-178.5,-2.233929668666,-180.));
#4106 = VERTEX_POINT('',#4107);
#4107 = CARTESIAN_POINT('',(-203.3,-2.233929668666,-180.));
#4108 = LINE('',#4109,#4110);
#4109 = CARTESIAN_POINT('',(-178.5,-2.233929668666,-180.));
#4110 = VECTOR('',#4111,1.);
#4111 = DIRECTION('',(-1.,-0.,0.));
#4112 = ORIENTED_EDGE('',*,*,#4113,.T.);
#4113 = EDGE_CURVE('',#4104,#365,#4114,.T.);
#4114 = LINE('',#4115,#4116);
#4115 = CARTESIAN_POINT('',(-178.5,-2.233929668666,-180.));
#4116 = VECTOR('',#4117,1.);
#4117 = DIRECTION('',(0.,3.310223024625E-16,1.));
#4118 = ORIENTED_EDGE('',*,*,#364,.F.);
#4119 = ORIENTED_EDGE('',*,*,#4120,.T.);
#4120 = EDGE_CURVE('',#357,#4106,#4121,.T.);
#4121 = LINE('',#4122,#4123);
#4122 = CARTESIAN_POINT('',(-203.3,-2.233929668666,-178.8));
#4123 = VECTOR('',#4124,1.);
#4124 = DIRECTION('',(0.,-1.110223024625E-16,-1.));
#4125 = PLANE('',#4126);
#4126 = AXIS2_PLACEMENT_3D('',#4127,#4128,#4129);
#4127 = CARTESIAN_POINT('',(-178.5,-2.233929668666,-180.));
#4128 = DIRECTION('',(0.,-1.,3.310223024625E-16));
#4129 = DIRECTION('',(-1.,0.,0.));
#4130 = ADVANCED_FACE('',(#4131),#4149,.T.);
#4131 = FACE_BOUND('',#4132,.T.);
#4132 = EDGE_LOOP('',(#4133,#4141,#4142,#4143));
#4133 = ORIENTED_EDGE('',*,*,#4134,.F.);
#4134 = EDGE_CURVE('',#4080,#4135,#4137,.T.);
#4135 = VERTEX_POINT('',#4136);
#4136 = CARTESIAN_POINT('',(-203.3,-21.76607033133,-180.));
#4137 = LINE('',#4138,#4139);
#4138 = CARTESIAN_POINT('',(-178.5,-21.76607033133,-180.));
#4139 = VECTOR('',#4140,1.);
#4140 = DIRECTION('',(-1.,-0.,0.));
#4141 = ORIENTED_EDGE('',*,*,#4089,.T.);
#4142 = ORIENTED_EDGE('',*,*,#428,.F.);
#4143 = ORIENTED_EDGE('',*,*,#4144,.F.);
#4144 = EDGE_CURVE('',#4135,#421,#4145,.T.);
#4145 = LINE('',#4146,#4147);
#4146 = CARTESIAN_POINT('',(-203.3,-21.76607033133,-179.4));
#4147 = VECTOR('',#4148,1.);
#4148 = DIRECTION('',(0.,3.310223024625E-16,1.));
#4149 = PLANE('',#4150);
#4150 = AXIS2_PLACEMENT_3D('',#4151,#4152,#4153);
#4151 = CARTESIAN_POINT('',(-178.5,-21.76607033133,-180.));
#4152 = DIRECTION('',(0.,-1.,3.310223024625E-16));
#4153 = DIRECTION('',(-1.,0.,0.));
#4154 = ADVANCED_FACE('',(#4155),#4173,.T.);
#4155 = FACE_BOUND('',#4156,.T.);
#4156 = EDGE_LOOP('',(#4157,#4165,#4171,#4172));
#4157 = ORIENTED_EDGE('',*,*,#4158,.F.);
#4158 = EDGE_CURVE('',#4159,#4104,#4161,.T.);
#4159 = VERTEX_POINT('',#4160);
#4160 = CARTESIAN_POINT('',(-178.5,-3.233929668666,-180.));
#4161 = LINE('',#4162,#4163);
#4162 = CARTESIAN_POINT('',(-178.5,-3.233929668666,-180.));
#4163 = VECTOR('',#4164,1.);
#4164 = DIRECTION('',(0.,1.,-1.110223024625E-16));
#4165 = ORIENTED_EDGE('',*,*,#4166,.T.);
#4166 = EDGE_CURVE('',#4159,#373,#4167,.T.);
#4167 = LINE('',#4168,#4169);
#4168 = CARTESIAN_POINT('',(-178.5,-3.233929668666,-180.));
#4169 = VECTOR('',#4170,1.);
#4170 = DIRECTION('',(0.,3.310223024625E-16,1.));
#4171 = ORIENTED_EDGE('',*,*,#372,.F.);
#4172 = ORIENTED_EDGE('',*,*,#4113,.F.);
#4173 = PLANE('',#4174);
#4174 = AXIS2_PLACEMENT_3D('',#4175,#4176,#4177);
#4175 = CARTESIAN_POINT('',(-178.5,-3.233929668666,-180.));
#4176 = DIRECTION('',(-1.,0.,0.));
#4177 = DIRECTION('',(-0.,1.,-3.310223024625E-16));
#4178 = ADVANCED_FACE('',(#4179),#4197,.T.);
#4179 = FACE_BOUND('',#4180,.T.);
#4180 = EDGE_LOOP('',(#4181,#4189,#4195,#4196));
#4181 = ORIENTED_EDGE('',*,*,#4182,.F.);
#4182 = EDGE_CURVE('',#4183,#4159,#4185,.T.);
#4183 = VERTEX_POINT('',#4184);
#4184 = CARTESIAN_POINT('',(-203.3,-3.233929668666,-180.));
#4185 = LINE('',#4186,#4187);
#4186 = CARTESIAN_POINT('',(-204.5,-3.233929668666,-180.));
#4187 = VECTOR('',#4188,1.);
#4188 = DIRECTION('',(1.,0.,0.));
#4189 = ORIENTED_EDGE('',*,*,#4190,.F.);
#4190 = EDGE_CURVE('',#381,#4183,#4191,.T.);
#4191 = LINE('',#4192,#4193);
#4192 = CARTESIAN_POINT('',(-203.3,-3.233929668666,-179.4));
#4193 = VECTOR('',#4194,1.);
#4194 = DIRECTION('',(0.,-3.310223024625E-16,-1.));
#4195 = ORIENTED_EDGE('',*,*,#380,.F.);
#4196 = ORIENTED_EDGE('',*,*,#4166,.F.);
#4197 = PLANE('',#4198);
#4198 = AXIS2_PLACEMENT_3D('',#4199,#4200,#4201);
#4199 = CARTESIAN_POINT('',(-204.5,-3.233929668666,-180.));
#4200 = DIRECTION('',(0.,1.,-3.310223024625E-16));
#4201 = DIRECTION('',(1.,0.,0.));
#4202 = ADVANCED_FACE('',(#4203),#4228,.T.);
#4203 = FACE_BOUND('',#4204,.T.);
#4204 = EDGE_LOOP('',(#4205,#4215,#4221,#4222));
#4205 = ORIENTED_EDGE('',*,*,#4206,.F.);
#4206 = EDGE_CURVE('',#4207,#4209,#4211,.T.);
#4207 = VERTEX_POINT('',#4208);
#4208 = CARTESIAN_POINT('',(-203.3,-13.,-180.));
#4209 = VERTEX_POINT('',#4210);
#4210 = CARTESIAN_POINT('',(-178.5,-13.,-180.));
#4211 = LINE('',#4212,#4213);
#4212 = CARTESIAN_POINT('',(-204.5,-13.,-180.));
#4213 = VECTOR('',#4214,1.);
#4214 = DIRECTION('',(1.,0.,0.));
#4215 = ORIENTED_EDGE('',*,*,#4216,.F.);
#4216 = EDGE_CURVE('',#413,#4207,#4217,.T.);
#4217 = LINE('',#4218,#4219);
#4218 = CARTESIAN_POINT('',(-203.3,-13.,-179.4));
#4219 = VECTOR('',#4220,1.);
#4220 = DIRECTION('',(0.,-3.310223024625E-16,-1.));
#4221 = ORIENTED_EDGE('',*,*,#412,.F.);
#4222 = ORIENTED_EDGE('',*,*,#4223,.F.);
#4223 = EDGE_CURVE('',#4209,#405,#4224,.T.);
#4224 = LINE('',#4225,#4226);
#4225 = CARTESIAN_POINT('',(-178.5,-13.,-180.));
#4226 = VECTOR('',#4227,1.);
#4227 = DIRECTION('',(0.,3.310223024625E-16,1.));
#4228 = PLANE('',#4229);
#4229 = AXIS2_PLACEMENT_3D('',#4230,#4231,#4232);
#4230 = CARTESIAN_POINT('',(-204.5,-13.,-180.));
#4231 = DIRECTION('',(0.,1.,-3.310223024625E-16));
#4232 = DIRECTION('',(1.,0.,0.));
#4233 = ADVANCED_FACE('',(#4234),#4252,.T.);
#4234 = FACE_BOUND('',#4235,.T.);
#4235 = EDGE_LOOP('',(#4236,#4244,#4245,#4246));
#4236 = ORIENTED_EDGE('',*,*,#4237,.F.);
#4237 = EDGE_CURVE('',#4209,#4238,#4240,.T.);
#4238 = VERTEX_POINT('',#4239);
#4239 = CARTESIAN_POINT('',(-178.5,-12.,-180.));
#4240 = LINE('',#4241,#4242);
#4241 = CARTESIAN_POINT('',(-178.5,-13.,-180.));
#4242 = VECTOR('',#4243,1.);
#4243 = DIRECTION('',(0.,1.,-1.110223024625E-16));
#4244 = ORIENTED_EDGE('',*,*,#4223,.T.);
#4245 = ORIENTED_EDGE('',*,*,#404,.F.);
#4246 = ORIENTED_EDGE('',*,*,#4247,.F.);
#4247 = EDGE_CURVE('',#4238,#397,#4248,.T.);
#4248 = LINE('',#4249,#4250);
#4249 = CARTESIAN_POINT('',(-178.5,-12.,-180.));
#4250 = VECTOR('',#4251,1.);
#4251 = DIRECTION('',(0.,3.310223024625E-16,1.));
#4252 = PLANE('',#4253);
#4253 = AXIS2_PLACEMENT_3D('',#4254,#4255,#4256);
#4254 = CARTESIAN_POINT('',(-178.5,-13.,-180.));
#4255 = DIRECTION('',(-1.,0.,0.));
#4256 = DIRECTION('',(-0.,1.,-3.310223024625E-16));
#4257 = ADVANCED_FACE('',(#4258),#4276,.T.);
#4258 = FACE_BOUND('',#4259,.T.);
#4259 = EDGE_LOOP('',(#4260,#4268,#4269,#4270));
#4260 = ORIENTED_EDGE('',*,*,#4261,.F.);
#4261 = EDGE_CURVE('',#4238,#4262,#4264,.T.);
#4262 = VERTEX_POINT('',#4263);
#4263 = CARTESIAN_POINT('',(-203.3,-12.,-180.));
#4264 = LINE('',#4265,#4266);
#4265 = CARTESIAN_POINT('',(-178.5,-12.,-180.));
#4266 = VECTOR('',#4267,1.);
#4267 = DIRECTION('',(-1.,-0.,0.));
#4268 = ORIENTED_EDGE('',*,*,#4247,.T.);
#4269 = ORIENTED_EDGE('',*,*,#396,.F.);
#4270 = ORIENTED_EDGE('',*,*,#4271,.F.);
#4271 = EDGE_CURVE('',#4262,#389,#4272,.T.);
#4272 = LINE('',#4273,#4274);
#4273 = CARTESIAN_POINT('',(-203.3,-12.,-179.4));
#4274 = VECTOR('',#4275,1.);
#4275 = DIRECTION('',(0.,3.310223024625E-16,1.));
#4276 = PLANE('',#4277);
#4277 = AXIS2_PLACEMENT_3D('',#4278,#4279,#4280);
#4278 = CARTESIAN_POINT('',(-178.5,-12.,-180.));
#4279 = DIRECTION('',(0.,-1.,3.310223024625E-16));
#4280 = DIRECTION('',(-1.,0.,0.));
#4281 = ADVANCED_FACE('',(#4282),#4301,.F.);
#4282 = FACE_BOUND('',#4283,.F.);
#4283 = EDGE_LOOP('',(#4284,#4293,#4299,#4300));
#4284 = ORIENTED_EDGE('',*,*,#4285,.F.);
#4285 = EDGE_CURVE('',#4286,#4286,#4288,.T.);
#4286 = VERTEX_POINT('',#4287);
#4287 = CARTESIAN_POINT('',(-155.,-32.,-180.));
#4288 = CIRCLE('',#4289,7.);
#4289 = AXIS2_PLACEMENT_3D('',#4290,#4291,#4292);
#4290 = CARTESIAN_POINT('',(-162.,-32.,-180.));
#4291 = DIRECTION('',(0.,-1.110223024625E-16,-1.));
#4292 = DIRECTION('',(1.,0.,0.));
#4293 = ORIENTED_EDGE('',*,*,#4294,.T.);
#4294 = EDGE_CURVE('',#4286,#852,#4295,.T.);
#4295 = LINE('',#4296,#4297);
#4296 = CARTESIAN_POINT('',(-155.,-32.,-180.));
#4297 = VECTOR('',#4298,1.);
#4298 = DIRECTION('',(0.,3.310223024625E-16,1.));
#4299 = ORIENTED_EDGE('',*,*,#851,.T.);
#4300 = ORIENTED_EDGE('',*,*,#4294,.F.);
#4301 = CYLINDRICAL_SURFACE('',#4302,7.);
#4302 = AXIS2_PLACEMENT_3D('',#4303,#4304,#4305);
#4303 = CARTESIAN_POINT('',(-162.,-32.,-180.));
#4304 = DIRECTION('',(0.,-3.310223024625E-16,-1.));
#4305 = DIRECTION('',(1.,0.,0.));
#4306 = ADVANCED_FACE('',(#4307),#4332,.T.);
#4307 = FACE_BOUND('',#4308,.T.);
#4308 = EDGE_LOOP('',(#4309,#4319,#4325,#4326));
#4309 = ORIENTED_EDGE('',*,*,#4310,.F.);
#4310 = EDGE_CURVE('',#4311,#4313,#4315,.T.);
#4311 = VERTEX_POINT('',#4312);
#4312 = CARTESIAN_POINT('',(-184.4181752139,-75.36750207346,-180.));
#4313 = VERTEX_POINT('',#4314);
#4314 = CARTESIAN_POINT('',(-173.9468022002,-61.71731939488,-180.));
#4315 = LINE('',#4316,#4317);
#4316 = CARTESIAN_POINT('',(-184.4181752139,-75.36750207346,-180.));
#4317 = VECTOR('',#4318,1.);
#4318 = DIRECTION('',(0.608659697441,0.793431391307,-8.808857990895E-17)
  );
#4319 = ORIENTED_EDGE('',*,*,#4320,.T.);
#4320 = EDGE_CURVE('',#4311,#865,#4321,.T.);
#4321 = LINE('',#4322,#4323);
#4322 = CARTESIAN_POINT('',(-184.4181752139,-75.36750207346,-180.));
#4323 = VECTOR('',#4324,1.);
#4324 = DIRECTION('',(0.,3.310223024625E-16,1.));
#4325 = ORIENTED_EDGE('',*,*,#862,.F.);
#4326 = ORIENTED_EDGE('',*,*,#4327,.F.);
#4327 = EDGE_CURVE('',#4313,#863,#4328,.T.);
#4328 = LINE('',#4329,#4330);
#4329 = CARTESIAN_POINT('',(-173.9468022002,-61.71731939488,-180.));
#4330 = VECTOR('',#4331,1.);
#4331 = DIRECTION('',(0.,3.310223024625E-16,1.));
#4332 = PLANE('',#4333);
#4333 = AXIS2_PLACEMENT_3D('',#4334,#4335,#4336);
#4334 = CARTESIAN_POINT('',(-184.4181752139,-75.36750207346,-180.));
#4335 = DIRECTION('',(-0.793431391307,0.608659697441,-2.07574801026E-16)
  );
#4336 = DIRECTION('',(0.608659697441,0.793431391307,-2.680885799089E-16)
  );
#4337 = ADVANCED_FACE('',(#4338),#4357,.F.);
#4338 = FACE_BOUND('',#4339,.F.);
#4339 = EDGE_LOOP('',(#4340,#4349,#4355,#4356));
#4340 = ORIENTED_EDGE('',*,*,#4341,.F.);
#4341 = EDGE_CURVE('',#4342,#4313,#4344,.T.);
#4342 = VERTEX_POINT('',#4343);
#4343 = CARTESIAN_POINT('',(-175.5336649828,-58.5,-180.));
#4344 = CIRCLE('',#4345,2.);
#4345 = AXIS2_PLACEMENT_3D('',#4346,#4347,#4348);
#4346 = CARTESIAN_POINT('',(-175.5336649828,-60.5,-180.));
#4347 = DIRECTION('',(0.,-1.110223024625E-16,-1.));
#4348 = DIRECTION('',(1.,0.,0.));
#4349 = ORIENTED_EDGE('',*,*,#4350,.T.);
#4350 = EDGE_CURVE('',#4342,#899,#4351,.T.);
#4351 = LINE('',#4352,#4353);
#4352 = CARTESIAN_POINT('',(-175.5336649828,-58.5,-180.));
#4353 = VECTOR('',#4354,1.);
#4354 = DIRECTION('',(0.,3.310223024625E-16,1.));
#4355 = ORIENTED_EDGE('',*,*,#906,.T.);
#4356 = ORIENTED_EDGE('',*,*,#4327,.F.);
#4357 = CYLINDRICAL_SURFACE('',#4358,2.);
#4358 = AXIS2_PLACEMENT_3D('',#4359,#4360,#4361);
#4359 = CARTESIAN_POINT('',(-175.5336649828,-60.5,-180.));
#4360 = DIRECTION('',(0.,-3.310223024625E-16,-1.));
#4361 = DIRECTION('',(1.,0.,0.));
#4362 = ADVANCED_FACE('',(#4363),#4382,.F.);
#4363 = FACE_BOUND('',#4364,.F.);
#4364 = EDGE_LOOP('',(#4365,#4374,#4375,#4376));
#4365 = ORIENTED_EDGE('',*,*,#4366,.F.);
#4366 = EDGE_CURVE('',#4311,#4367,#4369,.T.);
#4367 = VERTEX_POINT('',#4368);
#4368 = CARTESIAN_POINT('',(-187.8971569698,-74.79816862832,-180.));
#4369 = CIRCLE('',#4370,2.);
#4370 = AXIS2_PLACEMENT_3D('',#4371,#4372,#4373);
#4371 = CARTESIAN_POINT('',(-186.0050379965,-74.15018267858,-180.));
#4372 = DIRECTION('',(0.,-1.110223024625E-16,-1.));
#4373 = DIRECTION('',(1.,0.,0.));
#4374 = ORIENTED_EDGE('',*,*,#4320,.T.);
#4375 = ORIENTED_EDGE('',*,*,#872,.T.);
#4376 = ORIENTED_EDGE('',*,*,#4377,.F.);
#4377 = EDGE_CURVE('',#4367,#873,#4378,.T.);
#4378 = LINE('',#4379,#4380);
#4379 = CARTESIAN_POINT('',(-187.8971569698,-74.79816862832,-180.));
#4380 = VECTOR('',#4381,1.);
#4381 = DIRECTION('',(0.,3.310223024625E-16,1.));
#4382 = CYLINDRICAL_SURFACE('',#4383,2.);
#4383 = AXIS2_PLACEMENT_3D('',#4384,#4385,#4386);
#4384 = CARTESIAN_POINT('',(-186.0050379965,-74.15018267858,-180.));
#4385 = DIRECTION('',(0.,-3.310223024625E-16,-1.));
#4386 = DIRECTION('',(1.,0.,0.));
#4387 = ADVANCED_FACE('',(#4388),#4406,.T.);
#4388 = FACE_BOUND('',#4389,.T.);
#4389 = EDGE_LOOP('',(#4390,#4398,#4399,#4400));
#4390 = ORIENTED_EDGE('',*,*,#4391,.T.);
#4391 = EDGE_CURVE('',#4392,#4342,#4394,.T.);
#4392 = VERTEX_POINT('',#4393);
#4393 = CARTESIAN_POINT('',(-190.6797580919,-58.5,-180.));
#4394 = LINE('',#4395,#4396);
#4395 = CARTESIAN_POINT('',(-196.5,-58.5,-180.));
#4396 = VECTOR('',#4397,1.);
#4397 = DIRECTION('',(1.,0.,0.));
#4398 = ORIENTED_EDGE('',*,*,#4350,.T.);
#4399 = ORIENTED_EDGE('',*,*,#898,.F.);
#4400 = ORIENTED_EDGE('',*,*,#4401,.F.);
#4401 = EDGE_CURVE('',#4392,#890,#4402,.T.);
#4402 = LINE('',#4403,#4404);
#4403 = CARTESIAN_POINT('',(-190.6797580919,-58.5,-180.));
#4404 = VECTOR('',#4405,1.);
#4405 = DIRECTION('',(0.,3.310223024625E-16,1.));
#4406 = PLANE('',#4407);
#4407 = AXIS2_PLACEMENT_3D('',#4408,#4409,#4410);
#4408 = CARTESIAN_POINT('',(-175.5336649828,-58.5,-180.));
#4409 = DIRECTION('',(0.,-1.,3.310223024625E-16));
#4410 = DIRECTION('',(-1.,0.,0.));
#4411 = ADVANCED_FACE('',(#4412),#4430,.T.);
#4412 = FACE_BOUND('',#4413,.T.);
#4413 = EDGE_LOOP('',(#4414,#4422,#4428,#4429));
#4414 = ORIENTED_EDGE('',*,*,#4415,.F.);
#4415 = EDGE_CURVE('',#4416,#4367,#4418,.T.);
#4416 = VERTEX_POINT('',#4417);
#4417 = CARTESIAN_POINT('',(-192.5718770652,-61.14798594974,-180.));
#4418 = LINE('',#4419,#4420);
#4419 = CARTESIAN_POINT('',(-192.5718770652,-61.14798594974,-180.));
#4420 = VECTOR('',#4421,1.);
#4421 = DIRECTION('',(0.323992974872,-0.946059486625,1.050337024716E-16)
  );
#4422 = ORIENTED_EDGE('',*,*,#4423,.T.);
#4423 = EDGE_CURVE('',#4416,#882,#4424,.T.);
#4424 = LINE('',#4425,#4426);
#4425 = CARTESIAN_POINT('',(-192.5718770652,-61.14798594974,-180.));
#4426 = VECTOR('',#4427,1.);
#4427 = DIRECTION('',(0.,3.310223024625E-16,1.));
#4428 = ORIENTED_EDGE('',*,*,#881,.F.);
#4429 = ORIENTED_EDGE('',*,*,#4377,.F.);
#4430 = PLANE('',#4431);
#4431 = AXIS2_PLACEMENT_3D('',#4432,#4433,#4434);
#4432 = CARTESIAN_POINT('',(-192.5718770652,-61.14798594974,-180.));
#4433 = DIRECTION('',(0.946059486625,0.323992974872,-1.059704460519E-16)
  );
#4434 = DIRECTION('',(0.323992974872,-0.946059486625,3.150337024716E-16)
  );
#4435 = ADVANCED_FACE('',(#4436),#4448,.F.);
#4436 = FACE_BOUND('',#4437,.F.);
#4437 = EDGE_LOOP('',(#4438,#4445,#4446,#4447));
#4438 = ORIENTED_EDGE('',*,*,#4439,.F.);
#4439 = EDGE_CURVE('',#4416,#4392,#4440,.T.);
#4440 = CIRCLE('',#4441,2.);
#4441 = AXIS2_PLACEMENT_3D('',#4442,#4443,#4444);
#4442 = CARTESIAN_POINT('',(-190.6797580919,-60.5,-180.));
#4443 = DIRECTION('',(0.,-1.110223024625E-16,-1.));
#4444 = DIRECTION('',(1.,0.,0.));
#4445 = ORIENTED_EDGE('',*,*,#4423,.T.);
#4446 = ORIENTED_EDGE('',*,*,#889,.T.);
#4447 = ORIENTED_EDGE('',*,*,#4401,.F.);
#4448 = CYLINDRICAL_SURFACE('',#4449,2.);
#4449 = AXIS2_PLACEMENT_3D('',#4450,#4451,#4452);
#4450 = CARTESIAN_POINT('',(-190.6797580919,-60.5,-180.));
#4451 = DIRECTION('',(0.,-3.310223024625E-16,-1.));
#4452 = DIRECTION('',(1.,0.,0.));
#4453 = ADVANCED_FACE('',(#4454),#4473,.F.);
#4454 = FACE_BOUND('',#4455,.F.);
#4455 = EDGE_LOOP('',(#4456,#4465,#4471,#4472));
#4456 = ORIENTED_EDGE('',*,*,#4457,.F.);
#4457 = EDGE_CURVE('',#4458,#4458,#4460,.T.);
#4458 = VERTEX_POINT('',#4459);
#4459 = CARTESIAN_POINT('',(-111.,-32.,-180.));
#4460 = CIRCLE('',#4461,7.);
#4461 = AXIS2_PLACEMENT_3D('',#4462,#4463,#4464);
#4462 = CARTESIAN_POINT('',(-118.,-32.,-180.));
#4463 = DIRECTION('',(0.,-1.110223024625E-16,-1.));
#4464 = DIRECTION('',(1.,0.,0.));
#4465 = ORIENTED_EDGE('',*,*,#4466,.T.);
#4466 = EDGE_CURVE('',#4458,#916,#4467,.T.);
#4467 = LINE('',#4468,#4469);
#4468 = CARTESIAN_POINT('',(-111.,-32.,-180.));
#4469 = VECTOR('',#4470,1.);
#4470 = DIRECTION('',(0.,3.310223024625E-16,1.));
#4471 = ORIENTED_EDGE('',*,*,#915,.T.);
#4472 = ORIENTED_EDGE('',*,*,#4466,.F.);
#4473 = CYLINDRICAL_SURFACE('',#4474,7.);
#4474 = AXIS2_PLACEMENT_3D('',#4475,#4476,#4477);
#4475 = CARTESIAN_POINT('',(-118.,-32.,-180.));
#4476 = DIRECTION('',(0.,-3.310223024625E-16,-1.));
#4477 = DIRECTION('',(1.,0.,0.));
#4478 = ADVANCED_FACE('',(#4479),#4504,.F.);
#4479 = FACE_BOUND('',#4480,.F.);
#4480 = EDGE_LOOP('',(#4481,#4491,#4497,#4498));
#4481 = ORIENTED_EDGE('',*,*,#4482,.F.);
#4482 = EDGE_CURVE('',#4483,#4485,#4487,.T.);
#4483 = VERTEX_POINT('',#4484);
#4484 = CARTESIAN_POINT('',(-95.58182478604,-75.36750207346,-180.));
#4485 = VERTEX_POINT('',#4486);
#4486 = CARTESIAN_POINT('',(-106.0531977997,-61.71731939488,-180.));
#4487 = LINE('',#4488,#4489);
#4488 = CARTESIAN_POINT('',(-95.58182478604,-75.36750207346,-180.));
#4489 = VECTOR('',#4490,1.);
#4490 = DIRECTION('',(-0.608659697441,0.793431391307,-8.808857990895E-17
    ));
#4491 = ORIENTED_EDGE('',*,*,#4492,.T.);
#4492 = EDGE_CURVE('',#4483,#929,#4493,.T.);
#4493 = LINE('',#4494,#4495);
#4494 = CARTESIAN_POINT('',(-95.58182478604,-75.36750207346,-180.));
#4495 = VECTOR('',#4496,1.);
#4496 = DIRECTION('',(0.,3.310223024625E-16,1.));
#4497 = ORIENTED_EDGE('',*,*,#926,.F.);
#4498 = ORIENTED_EDGE('',*,*,#4499,.F.);
#4499 = EDGE_CURVE('',#4485,#927,#4500,.T.);
#4500 = LINE('',#4501,#4502);
#4501 = CARTESIAN_POINT('',(-106.0531977997,-61.71731939488,-180.));
#4502 = VECTOR('',#4503,1.);
#4503 = DIRECTION('',(0.,3.310223024625E-16,1.));
#4504 = PLANE('',#4505);
#4505 = AXIS2_PLACEMENT_3D('',#4506,#4507,#4508);
#4506 = CARTESIAN_POINT('',(-95.58182478604,-75.36750207346,-180.));
#4507 = DIRECTION('',(-0.793431391307,-0.608659697441,2.07574801026E-16)
  );
#4508 = DIRECTION('',(-0.608659697441,0.793431391307,-2.680885799089E-16
    ));
#4509 = ADVANCED_FACE('',(#4510),#4529,.F.);
#4510 = FACE_BOUND('',#4511,.F.);
#4511 = EDGE_LOOP('',(#4512,#4521,#4522,#4523));
#4512 = ORIENTED_EDGE('',*,*,#4513,.F.);
#4513 = EDGE_CURVE('',#4485,#4514,#4516,.T.);
#4514 = VERTEX_POINT('',#4515);
#4515 = CARTESIAN_POINT('',(-104.4663350171,-58.5,-180.));
#4516 = CIRCLE('',#4517,2.);
#4517 = AXIS2_PLACEMENT_3D('',#4518,#4519,#4520);
#4518 = CARTESIAN_POINT('',(-104.4663350171,-60.5,-180.));
#4519 = DIRECTION('',(0.,-1.110223024625E-16,-1.));
#4520 = DIRECTION('',(1.,0.,0.));
#4521 = ORIENTED_EDGE('',*,*,#4499,.T.);
#4522 = ORIENTED_EDGE('',*,*,#936,.T.);
#4523 = ORIENTED_EDGE('',*,*,#4524,.F.);
#4524 = EDGE_CURVE('',#4514,#937,#4525,.T.);
#4525 = LINE('',#4526,#4527);
#4526 = CARTESIAN_POINT('',(-104.4663350171,-58.5,-180.));
#4527 = VECTOR('',#4528,1.);
#4528 = DIRECTION('',(0.,3.310223024625E-16,1.));
#4529 = CYLINDRICAL_SURFACE('',#4530,2.);
#4530 = AXIS2_PLACEMENT_3D('',#4531,#4532,#4533);
#4531 = CARTESIAN_POINT('',(-104.4663350171,-60.5,-180.));
#4532 = DIRECTION('',(0.,-3.310223024625E-16,-1.));
#4533 = DIRECTION('',(1.,0.,0.));
#4534 = ADVANCED_FACE('',(#4535),#4554,.F.);
#4535 = FACE_BOUND('',#4536,.F.);
#4536 = EDGE_LOOP('',(#4537,#4546,#4552,#4553));
#4537 = ORIENTED_EDGE('',*,*,#4538,.F.);
#4538 = EDGE_CURVE('',#4539,#4483,#4541,.T.);
#4539 = VERTEX_POINT('',#4540);
#4540 = CARTESIAN_POINT('',(-92.10284303018,-74.79816862832,-180.));
#4541 = CIRCLE('',#4542,2.);
#4542 = AXIS2_PLACEMENT_3D('',#4543,#4544,#4545);
#4543 = CARTESIAN_POINT('',(-93.99496200343,-74.15018267858,-180.));
#4544 = DIRECTION('',(0.,-1.110223024625E-16,-1.));
#4545 = DIRECTION('',(1.,0.,0.));
#4546 = ORIENTED_EDGE('',*,*,#4547,.T.);
#4547 = EDGE_CURVE('',#4539,#963,#4548,.T.);
#4548 = LINE('',#4549,#4550);
#4549 = CARTESIAN_POINT('',(-92.10284303018,-74.79816862832,-180.));
#4550 = VECTOR('',#4551,1.);
#4551 = DIRECTION('',(0.,3.310223024625E-16,1.));
#4552 = ORIENTED_EDGE('',*,*,#970,.T.);
#4553 = ORIENTED_EDGE('',*,*,#4492,.F.);
#4554 = CYLINDRICAL_SURFACE('',#4555,2.);
#4555 = AXIS2_PLACEMENT_3D('',#4556,#4557,#4558);
#4556 = CARTESIAN_POINT('',(-93.99496200343,-74.15018267858,-180.));
#4557 = DIRECTION('',(0.,-3.310223024625E-16,-1.));
#4558 = DIRECTION('',(1.,0.,0.));
#4559 = ADVANCED_FACE('',(#4560),#4578,.F.);
#4560 = FACE_BOUND('',#4561,.F.);
#4561 = EDGE_LOOP('',(#4562,#4570,#4571,#4572));
#4562 = ORIENTED_EDGE('',*,*,#4563,.T.);
#4563 = EDGE_CURVE('',#4564,#4514,#4566,.T.);
#4564 = VERTEX_POINT('',#4565);
#4565 = CARTESIAN_POINT('',(-89.32024190802,-58.5,-180.));
#4566 = LINE('',#4567,#4568);
#4567 = CARTESIAN_POINT('',(-83.5,-58.5,-180.));
#4568 = VECTOR('',#4569,1.);
#4569 = DIRECTION('',(-1.,0.,0.));
#4570 = ORIENTED_EDGE('',*,*,#4524,.T.);
#4571 = ORIENTED_EDGE('',*,*,#945,.F.);
#4572 = ORIENTED_EDGE('',*,*,#4573,.F.);
#4573 = EDGE_CURVE('',#4564,#946,#4574,.T.);
#4574 = LINE('',#4575,#4576);
#4575 = CARTESIAN_POINT('',(-89.32024190802,-58.5,-180.));
#4576 = VECTOR('',#4577,1.);
#4577 = DIRECTION('',(0.,3.310223024625E-16,1.));
#4578 = PLANE('',#4579);
#4579 = AXIS2_PLACEMENT_3D('',#4580,#4581,#4582);
#4580 = CARTESIAN_POINT('',(-104.4663350171,-58.5,-180.));
#4581 = DIRECTION('',(0.,1.,-3.310223024625E-16));
#4582 = DIRECTION('',(1.,0.,0.));
#4583 = ADVANCED_FACE('',(#4584),#4602,.F.);
#4584 = FACE_BOUND('',#4585,.F.);
#4585 = EDGE_LOOP('',(#4586,#4594,#4600,#4601));
#4586 = ORIENTED_EDGE('',*,*,#4587,.F.);
#4587 = EDGE_CURVE('',#4588,#4539,#4590,.T.);
#4588 = VERTEX_POINT('',#4589);
#4589 = CARTESIAN_POINT('',(-87.42812293477,-61.14798594974,-180.));
#4590 = LINE('',#4591,#4592);
#4591 = CARTESIAN_POINT('',(-87.42812293477,-61.14798594974,-180.));
#4592 = VECTOR('',#4593,1.);
#4593 = DIRECTION('',(-0.323992974872,-0.946059486625,1.050337024716E-16
    ));
#4594 = ORIENTED_EDGE('',*,*,#4595,.T.);
#4595 = EDGE_CURVE('',#4588,#954,#4596,.T.);
#4596 = LINE('',#4597,#4598);
#4597 = CARTESIAN_POINT('',(-87.42812293477,-61.14798594974,-180.));
#4598 = VECTOR('',#4599,1.);
#4599 = DIRECTION('',(0.,3.310223024625E-16,1.));
#4600 = ORIENTED_EDGE('',*,*,#962,.F.);
#4601 = ORIENTED_EDGE('',*,*,#4547,.F.);
#4602 = PLANE('',#4603);
#4603 = AXIS2_PLACEMENT_3D('',#4604,#4605,#4606);
#4604 = CARTESIAN_POINT('',(-87.42812293477,-61.14798594974,-180.));
#4605 = DIRECTION('',(0.946059486625,-0.323992974872,1.059704460519E-16)
  );
#4606 = DIRECTION('',(-0.323992974872,-0.946059486625,3.150337024716E-16
    ));
#4607 = ADVANCED_FACE('',(#4608),#4620,.F.);
#4608 = FACE_BOUND('',#4609,.F.);
#4609 = EDGE_LOOP('',(#4610,#4617,#4618,#4619));
#4610 = ORIENTED_EDGE('',*,*,#4611,.F.);
#4611 = EDGE_CURVE('',#4564,#4588,#4612,.T.);
#4612 = CIRCLE('',#4613,2.);
#4613 = AXIS2_PLACEMENT_3D('',#4614,#4615,#4616);
#4614 = CARTESIAN_POINT('',(-89.32024190802,-60.5,-180.));
#4615 = DIRECTION('',(0.,-1.110223024625E-16,-1.));
#4616 = DIRECTION('',(1.,0.,0.));
#4617 = ORIENTED_EDGE('',*,*,#4573,.T.);
#4618 = ORIENTED_EDGE('',*,*,#953,.T.);
#4619 = ORIENTED_EDGE('',*,*,#4595,.F.);
#4620 = CYLINDRICAL_SURFACE('',#4621,2.);
#4621 = AXIS2_PLACEMENT_3D('',#4622,#4623,#4624);
#4622 = CARTESIAN_POINT('',(-89.32024190802,-60.5,-180.));
#4623 = DIRECTION('',(0.,-3.310223024625E-16,-1.));
#4624 = DIRECTION('',(1.,0.,0.));
#4625 = ADVANCED_FACE('',(#4626,#4638,#4756,#4767,#4770,#4781,#4792,
    #4795,#4806,#4817),#4828,.T.);
#4626 = FACE_BOUND('',#4627,.T.);
#4627 = EDGE_LOOP('',(#4628,#4629,#4630,#4631,#4632,#4633,#4634,#4635,
    #4636,#4637));
#4628 = ORIENTED_EDGE('',*,*,#1225,.T.);
#4629 = ORIENTED_EDGE('',*,*,#1275,.F.);
#4630 = ORIENTED_EDGE('',*,*,#1250,.F.);
#4631 = ORIENTED_EDGE('',*,*,#1200,.T.);
#4632 = ORIENTED_EDGE('',*,*,#1123,.F.);
#4633 = ORIENTED_EDGE('',*,*,#1071,.F.);
#4634 = ORIENTED_EDGE('',*,*,#985,.T.);
#4635 = ORIENTED_EDGE('',*,*,#1019,.T.);
#4636 = ORIENTED_EDGE('',*,*,#1096,.F.);
#4637 = ORIENTED_EDGE('',*,*,#1148,.T.);
#4638 = FACE_BOUND('',#4639,.T.);
#4639 = EDGE_LOOP('',(#4640,#4651,#4659,#4668,#4676,#4685,#4694,#4700,
    #4701,#4709,#4717,#4723,#4724,#4732,#4741,#4750));
#4640 = ORIENTED_EDGE('',*,*,#4641,.F.);
#4641 = EDGE_CURVE('',#4642,#4644,#4646,.T.);
#4642 = VERTEX_POINT('',#4643);
#4643 = CARTESIAN_POINT('',(-196.5,15.,-180.));
#4644 = VERTEX_POINT('',#4645);
#4645 = CARTESIAN_POINT('',(-204.5,7.,-180.));
#4646 = CIRCLE('',#4647,8.);
#4647 = AXIS2_PLACEMENT_3D('',#4648,#4649,#4650);
#4648 = CARTESIAN_POINT('',(-196.5,7.,-180.));
#4649 = DIRECTION('',(0.,-1.089776975375E-16,1.));
#4650 = DIRECTION('',(-1.,0.,0.));
#4651 = ORIENTED_EDGE('',*,*,#4652,.F.);
#4652 = EDGE_CURVE('',#4653,#4642,#4655,.T.);
#4653 = VERTEX_POINT('',#4654);
#4654 = CARTESIAN_POINT('',(-83.5,15.,-180.));
#4655 = LINE('',#4656,#4657);
#4656 = CARTESIAN_POINT('',(-140.,15.,-180.));
#4657 = VECTOR('',#4658,1.);
#4658 = DIRECTION('',(-1.,0.,0.));
#4659 = ORIENTED_EDGE('',*,*,#4660,.T.);
#4660 = EDGE_CURVE('',#4653,#4661,#4663,.T.);
#4661 = VERTEX_POINT('',#4662);
#4662 = CARTESIAN_POINT('',(-75.5,7.,-180.));
#4663 = CIRCLE('',#4664,8.);
#4664 = AXIS2_PLACEMENT_3D('',#4665,#4666,#4667);
#4665 = CARTESIAN_POINT('',(-83.5,7.,-180.));
#4666 = DIRECTION('',(0.,1.089776975375E-16,-1.));
#4667 = DIRECTION('',(1.,0.,0.));
#4668 = ORIENTED_EDGE('',*,*,#4669,.F.);
#4669 = EDGE_CURVE('',#4670,#4661,#4672,.T.);
#4670 = VERTEX_POINT('',#4671);
#4671 = CARTESIAN_POINT('',(-75.49999999999,-50.5,-180.));
#4672 = LINE('',#4673,#4674);
#4673 = CARTESIAN_POINT('',(-75.5,-50.5,-180.));
#4674 = VECTOR('',#4675,1.);
#4675 = DIRECTION('',(0.,1.,1.089776975375E-16));
#4676 = ORIENTED_EDGE('',*,*,#4677,.T.);
#4677 = EDGE_CURVE('',#4670,#4678,#4680,.T.);
#4678 = VERTEX_POINT('',#4679);
#4679 = CARTESIAN_POINT('',(-77.17954316425,-55.40426603963,-180.));
#4680 = CIRCLE('',#4681,8.);
#4681 = AXIS2_PLACEMENT_3D('',#4682,#4683,#4684);
#4682 = CARTESIAN_POINT('',(-83.5,-50.5,-180.));
#4683 = DIRECTION('',(0.,1.089776975375E-16,-1.));
#4684 = DIRECTION('',(1.,0.,0.));
#4685 = ORIENTED_EDGE('',*,*,#4686,.T.);
#4686 = EDGE_CURVE('',#4678,#4687,#4689,.T.);
#4687 = VERTEX_POINT('',#4688);
#4688 = CARTESIAN_POINT('',(-83.5,-58.5,-180.));
#4689 = CIRCLE('',#4690,8.);
#4690 = AXIS2_PLACEMENT_3D('',#4691,#4692,#4693);
#4691 = CARTESIAN_POINT('',(-83.5,-50.5,-180.));
#4692 = DIRECTION('',(0.,1.089776975375E-16,-1.));
#4693 = DIRECTION('',(1.,0.,0.));
#4694 = ORIENTED_EDGE('',*,*,#4695,.T.);
#4695 = EDGE_CURVE('',#4687,#4564,#4696,.T.);
#4696 = LINE('',#4697,#4698);
#4697 = CARTESIAN_POINT('',(-83.5,-58.5,-180.));
#4698 = VECTOR('',#4699,1.);
#4699 = DIRECTION('',(-1.,0.,0.));
#4700 = ORIENTED_EDGE('',*,*,#4563,.T.);
#4701 = ORIENTED_EDGE('',*,*,#4702,.T.);
#4702 = EDGE_CURVE('',#4514,#4703,#4705,.T.);
#4703 = VERTEX_POINT('',#4704);
#4704 = CARTESIAN_POINT('',(-117.8630136986,-58.5,-180.));
#4705 = LINE('',#4706,#4707);
#4706 = CARTESIAN_POINT('',(-83.5,-58.5,-180.));
#4707 = VECTOR('',#4708,1.);
#4708 = DIRECTION('',(-1.,0.,0.));
#4709 = ORIENTED_EDGE('',*,*,#4710,.F.);
#4710 = EDGE_CURVE('',#4711,#4703,#4713,.T.);
#4711 = VERTEX_POINT('',#4712);
#4712 = CARTESIAN_POINT('',(-162.1369863013,-58.5,-180.));
#4713 = LINE('',#4714,#4715);
#4714 = CARTESIAN_POINT('',(-196.5,-58.5,-180.));
#4715 = VECTOR('',#4716,1.);
#4716 = DIRECTION('',(1.,0.,0.));
#4717 = ORIENTED_EDGE('',*,*,#4718,.F.);
#4718 = EDGE_CURVE('',#4342,#4711,#4719,.T.);
#4719 = LINE('',#4720,#4721);
#4720 = CARTESIAN_POINT('',(-196.5,-58.5,-180.));
#4721 = VECTOR('',#4722,1.);
#4722 = DIRECTION('',(1.,0.,0.));
#4723 = ORIENTED_EDGE('',*,*,#4391,.F.);
#4724 = ORIENTED_EDGE('',*,*,#4725,.F.);
#4725 = EDGE_CURVE('',#4726,#4392,#4728,.T.);
#4726 = VERTEX_POINT('',#4727);
#4727 = CARTESIAN_POINT('',(-196.5,-58.5,-180.));
#4728 = LINE('',#4729,#4730);
#4729 = CARTESIAN_POINT('',(-196.5,-58.5,-180.));
#4730 = VECTOR('',#4731,1.);
#4731 = DIRECTION('',(1.,0.,0.));
#4732 = ORIENTED_EDGE('',*,*,#4733,.F.);
#4733 = EDGE_CURVE('',#4734,#4726,#4736,.T.);
#4734 = VERTEX_POINT('',#4735);
#4735 = CARTESIAN_POINT('',(-202.8204568357,-55.40426603963,-180.));
#4736 = CIRCLE('',#4737,8.);
#4737 = AXIS2_PLACEMENT_3D('',#4738,#4739,#4740);
#4738 = CARTESIAN_POINT('',(-196.5,-50.5,-180.));
#4739 = DIRECTION('',(0.,-1.089776975375E-16,1.));
#4740 = DIRECTION('',(-1.,0.,0.));
#4741 = ORIENTED_EDGE('',*,*,#4742,.F.);
#4742 = EDGE_CURVE('',#4743,#4734,#4745,.T.);
#4743 = VERTEX_POINT('',#4744);
#4744 = CARTESIAN_POINT('',(-204.5,-50.5,-180.));
#4745 = CIRCLE('',#4746,8.);
#4746 = AXIS2_PLACEMENT_3D('',#4747,#4748,#4749);
#4747 = CARTESIAN_POINT('',(-196.5,-50.5,-180.));
#4748 = DIRECTION('',(0.,-1.089776975375E-16,1.));
#4749 = DIRECTION('',(-1.,0.,0.));
#4750 = ORIENTED_EDGE('',*,*,#4751,.T.);
#4751 = EDGE_CURVE('',#4743,#4644,#4752,.T.);
#4752 = LINE('',#4753,#4754);
#4753 = CARTESIAN_POINT('',(-204.5,-50.5,-180.));
#4754 = VECTOR('',#4755,1.);
#4755 = DIRECTION('',(0.,1.,1.089776975375E-16));
#4756 = FACE_BOUND('',#4757,.T.);
#4757 = EDGE_LOOP('',(#4758,#4759,#4765,#4766));
#4758 = ORIENTED_EDGE('',*,*,#4134,.T.);
#4759 = ORIENTED_EDGE('',*,*,#4760,.T.);
#4760 = EDGE_CURVE('',#4135,#4049,#4761,.T.);
#4761 = LINE('',#4762,#4763);
#4762 = CARTESIAN_POINT('',(-203.3,-2.233929668666,-180.));
#4763 = VECTOR('',#4764,1.);
#4764 = DIRECTION('',(0.,-1.,1.110223024625E-16));
#4765 = ORIENTED_EDGE('',*,*,#4048,.T.);
#4766 = ORIENTED_EDGE('',*,*,#4079,.T.);
#4767 = FACE_BOUND('',#4768,.T.);
#4768 = EDGE_LOOP('',(#4769));
#4769 = ORIENTED_EDGE('',*,*,#4285,.F.);
#4770 = FACE_BOUND('',#4771,.T.);
#4771 = EDGE_LOOP('',(#4772,#4773,#4779,#4780));
#4772 = ORIENTED_EDGE('',*,*,#4261,.T.);
#4773 = ORIENTED_EDGE('',*,*,#4774,.T.);
#4774 = EDGE_CURVE('',#4262,#4207,#4775,.T.);
#4775 = LINE('',#4776,#4777);
#4776 = CARTESIAN_POINT('',(-203.3,-2.233929668666,-180.));
#4777 = VECTOR('',#4778,1.);
#4778 = DIRECTION('',(0.,-1.,1.110223024625E-16));
#4779 = ORIENTED_EDGE('',*,*,#4206,.T.);
#4780 = ORIENTED_EDGE('',*,*,#4237,.T.);
#4781 = FACE_BOUND('',#4782,.T.);
#4782 = EDGE_LOOP('',(#4783,#4784,#4790,#4791));
#4783 = ORIENTED_EDGE('',*,*,#4103,.T.);
#4784 = ORIENTED_EDGE('',*,*,#4785,.T.);
#4785 = EDGE_CURVE('',#4106,#4183,#4786,.T.);
#4786 = LINE('',#4787,#4788);
#4787 = CARTESIAN_POINT('',(-203.3,-2.233929668666,-180.));
#4788 = VECTOR('',#4789,1.);
#4789 = DIRECTION('',(0.,-1.,1.110223024625E-16));
#4790 = ORIENTED_EDGE('',*,*,#4182,.T.);
#4791 = ORIENTED_EDGE('',*,*,#4158,.T.);
#4792 = FACE_BOUND('',#4793,.T.);
#4793 = EDGE_LOOP('',(#4794));
#4794 = ORIENTED_EDGE('',*,*,#4457,.F.);
#4795 = FACE_BOUND('',#4796,.T.);
#4796 = EDGE_LOOP('',(#4797,#4798,#4804,#4805));
#4797 = ORIENTED_EDGE('',*,*,#2097,.F.);
#4798 = ORIENTED_EDGE('',*,*,#4799,.F.);
#4799 = EDGE_CURVE('',#2519,#2098,#4800,.T.);
#4800 = LINE('',#4801,#4802);
#4801 = CARTESIAN_POINT('',(-76.7,-2.233929668666,-180.));
#4802 = VECTOR('',#4803,1.);
#4803 = DIRECTION('',(0.,-1.,1.110223024625E-16));
#4804 = ORIENTED_EDGE('',*,*,#2518,.F.);
#4805 = ORIENTED_EDGE('',*,*,#2128,.F.);
#4806 = FACE_BOUND('',#4807,.T.);
#4807 = EDGE_LOOP('',(#4808,#4809,#4815,#4816));
#4808 = ORIENTED_EDGE('',*,*,#3028,.F.);
#4809 = ORIENTED_EDGE('',*,*,#4810,.F.);
#4810 = EDGE_CURVE('',#3179,#3029,#4811,.T.);
#4811 = LINE('',#4812,#4813);
#4812 = CARTESIAN_POINT('',(-76.7,-2.233929668666,-180.));
#4813 = VECTOR('',#4814,1.);
#4814 = DIRECTION('',(0.,-1.,1.110223024625E-16));
#4815 = ORIENTED_EDGE('',*,*,#3178,.F.);
#4816 = ORIENTED_EDGE('',*,*,#3154,.F.);
#4817 = FACE_BOUND('',#4818,.T.);
#4818 = EDGE_LOOP('',(#4819,#4820,#4826,#4827));
#4819 = ORIENTED_EDGE('',*,*,#3451,.F.);
#4820 = ORIENTED_EDGE('',*,*,#4821,.F.);
#4821 = EDGE_CURVE('',#3507,#3452,#4822,.T.);
#4822 = LINE('',#4823,#4824);
#4823 = CARTESIAN_POINT('',(-76.7,-2.233929668666,-180.));
#4824 = VECTOR('',#4825,1.);
#4825 = DIRECTION('',(0.,-1.,1.110223024625E-16));
#4826 = ORIENTED_EDGE('',*,*,#3506,.F.);
#4827 = ORIENTED_EDGE('',*,*,#3482,.F.);
#4828 = PLANE('',#4829);
#4829 = AXIS2_PLACEMENT_3D('',#4830,#4831,#4832);
#4830 = CARTESIAN_POINT('',(-140.,-21.7731320143,-180.));
#4831 = DIRECTION('',(-0.,-1.110223024625E-16,-1.));
#4832 = DIRECTION('',(0.,1.,-1.110223024625E-16));
#4833 = ADVANCED_FACE('',(#4834),#4897,.T.);
#4834 = FACE_BOUND('',#4835,.T.);
#4835 = EDGE_LOOP('',(#4836,#4844,#4852,#4861,#4869,#4878,#4886,#4892,
    #4893,#4894,#4895,#4896));
#4836 = ORIENTED_EDGE('',*,*,#4837,.T.);
#4837 = EDGE_CURVE('',#3891,#4838,#4840,.T.);
#4838 = VERTEX_POINT('',#4839);
#4839 = CARTESIAN_POINT('',(-204.5,-39.10314726228,-90.));
#4840 = LINE('',#4841,#4842);
#4841 = CARTESIAN_POINT('',(-75.,-39.10314726228,-90.));
#4842 = VECTOR('',#4843,1.);
#4843 = DIRECTION('',(-1.,0.,-0.));
#4844 = ORIENTED_EDGE('',*,*,#4845,.F.);
#4845 = EDGE_CURVE('',#4846,#4838,#4848,.T.);
#4846 = VERTEX_POINT('',#4847);
#4847 = CARTESIAN_POINT('',(-204.5,-50.5,-90.));
#4848 = LINE('',#4849,#4850);
#4849 = CARTESIAN_POINT('',(-204.5,-50.5,-90.));
#4850 = VECTOR('',#4851,1.);
#4851 = DIRECTION('',(0.,1.,1.089776975375E-16));
#4852 = ORIENTED_EDGE('',*,*,#4853,.T.);
#4853 = EDGE_CURVE('',#4846,#4854,#4856,.T.);
#4854 = VERTEX_POINT('',#4855);
#4855 = CARTESIAN_POINT('',(-196.5,-58.5,-90.));
#4856 = CIRCLE('',#4857,8.);
#4857 = AXIS2_PLACEMENT_3D('',#4858,#4859,#4860);
#4858 = CARTESIAN_POINT('',(-196.5,-50.5,-90.));
#4859 = DIRECTION('',(0.,-1.089776975375E-16,1.));
#4860 = DIRECTION('',(-1.,0.,0.));
#4861 = ORIENTED_EDGE('',*,*,#4862,.F.);
#4862 = EDGE_CURVE('',#4863,#4854,#4865,.T.);
#4863 = VERTEX_POINT('',#4864);
#4864 = CARTESIAN_POINT('',(-83.5,-58.5,-90.));
#4865 = LINE('',#4866,#4867);
#4866 = CARTESIAN_POINT('',(-83.5,-58.5,-90.));
#4867 = VECTOR('',#4868,1.);
#4868 = DIRECTION('',(-1.,0.,0.));
#4869 = ORIENTED_EDGE('',*,*,#4870,.F.);
#4870 = EDGE_CURVE('',#4871,#4863,#4873,.T.);
#4871 = VERTEX_POINT('',#4872);
#4872 = CARTESIAN_POINT('',(-75.5,-50.5,-90.));
#4873 = CIRCLE('',#4874,8.);
#4874 = AXIS2_PLACEMENT_3D('',#4875,#4876,#4877);
#4875 = CARTESIAN_POINT('',(-83.5,-50.5,-90.));
#4876 = DIRECTION('',(0.,1.089776975375E-16,-1.));
#4877 = DIRECTION('',(1.,0.,0.));
#4878 = ORIENTED_EDGE('',*,*,#4879,.T.);
#4879 = EDGE_CURVE('',#4871,#4880,#4882,.T.);
#4880 = VERTEX_POINT('',#4881);
#4881 = CARTESIAN_POINT('',(-75.5,-39.10314726228,-90.));
#4882 = LINE('',#4883,#4884);
#4883 = CARTESIAN_POINT('',(-75.5,-50.5,-90.));
#4884 = VECTOR('',#4885,1.);
#4885 = DIRECTION('',(0.,1.,1.089776975375E-16));
#4886 = ORIENTED_EDGE('',*,*,#4887,.T.);
#4887 = EDGE_CURVE('',#4880,#2050,#4888,.T.);
#4888 = LINE('',#4889,#4890);
#4889 = CARTESIAN_POINT('',(-75.,-39.10314726228,-90.));
#4890 = VECTOR('',#4891,1.);
#4891 = DIRECTION('',(-1.,0.,-0.));
#4892 = ORIENTED_EDGE('',*,*,#2049,.F.);
#4893 = ORIENTED_EDGE('',*,*,#1831,.T.);
#4894 = ORIENTED_EDGE('',*,*,#2657,.T.);
#4895 = ORIENTED_EDGE('',*,*,#3701,.F.);
#4896 = ORIENTED_EDGE('',*,*,#3899,.T.);
#4897 = PLANE('',#4898);
#4898 = AXIS2_PLACEMENT_3D('',#4899,#4900,#4901);
#4899 = CARTESIAN_POINT('',(-140.,-21.75,-90.));
#4900 = DIRECTION('',(0.,1.110223024625E-16,1.));
#4901 = DIRECTION('',(0.,-1.,1.110223024625E-16));
#4902 = ADVANCED_FACE('',(#4903),#4928,.T.);
#4903 = FACE_BOUND('',#4904,.T.);
#4904 = EDGE_LOOP('',(#4905,#4906,#4914,#4922));
#4905 = ORIENTED_EDGE('',*,*,#1854,.F.);
#4906 = ORIENTED_EDGE('',*,*,#4907,.T.);
#4907 = EDGE_CURVE('',#1855,#4908,#4910,.T.);
#4908 = VERTEX_POINT('',#4909);
#4909 = CARTESIAN_POINT('',(-82.2,-32.,-151.5));
#4910 = LINE('',#4911,#4912);
#4911 = CARTESIAN_POINT('',(-76.7,-32.,-151.5));
#4912 = VECTOR('',#4913,1.);
#4913 = DIRECTION('',(-1.,0.,-0.));
#4914 = ORIENTED_EDGE('',*,*,#4915,.T.);
#4915 = EDGE_CURVE('',#4908,#4916,#4918,.T.);
#4916 = VERTEX_POINT('',#4917);
#4917 = CARTESIAN_POINT('',(-82.2,-34.15,-151.5));
#4918 = LINE('',#4919,#4920);
#4919 = CARTESIAN_POINT('',(-82.2,-32.,-151.5));
#4920 = VECTOR('',#4921,1.);
#4921 = DIRECTION('',(0.,-1.,1.110223024625E-16));
#4922 = ORIENTED_EDGE('',*,*,#4923,.F.);
#4923 = EDGE_CURVE('',#1857,#4916,#4924,.T.);
#4924 = LINE('',#4925,#4926);
#4925 = CARTESIAN_POINT('',(-76.7,-34.15,-151.5));
#4926 = VECTOR('',#4927,1.);
#4927 = DIRECTION('',(-1.,0.,0.));
#4928 = PLANE('',#4929);
#4929 = AXIS2_PLACEMENT_3D('',#4930,#4931,#4932);
#4930 = CARTESIAN_POINT('',(-76.7,-32.,-151.5));
#4931 = DIRECTION('',(0.,1.110223024625E-16,1.));
#4932 = DIRECTION('',(0.,-1.,1.110223024625E-16));
#4933 = ADVANCED_FACE('',(#4934),#4961,.F.);
#4934 = FACE_BOUND('',#4935,.T.);
#4935 = EDGE_LOOP('',(#4936,#4944,#4945,#4946,#4954));
#4936 = ORIENTED_EDGE('',*,*,#4937,.F.);
#4937 = EDGE_CURVE('',#1865,#4938,#4940,.T.);
#4938 = VERTEX_POINT('',#4939);
#4939 = CARTESIAN_POINT('',(-81.8629857024,-35.15,-152.5));
#4940 = LINE('',#4941,#4942);
#4941 = CARTESIAN_POINT('',(-76.7,-35.15,-152.5));
#4942 = VECTOR('',#4943,1.);
#4943 = DIRECTION('',(-1.,0.,0.));
#4944 = ORIENTED_EDGE('',*,*,#1864,.F.);
#4945 = ORIENTED_EDGE('',*,*,#4923,.T.);
#4946 = ORIENTED_EDGE('',*,*,#4947,.T.);
#4947 = EDGE_CURVE('',#4916,#4948,#4950,.T.);
#4948 = VERTEX_POINT('',#4949);
#4949 = CARTESIAN_POINT('',(-82.2,-34.90780804299,-152.2578080429));
#4950 = LINE('',#4951,#4952);
#4951 = CARTESIAN_POINT('',(-82.2,-36.14095470415,-153.4909547041));
#4952 = VECTOR('',#4953,1.);
#4953 = DIRECTION('',(0.,-0.707106781187,-0.707106781187));
#4954 = ORIENTED_EDGE('',*,*,#4955,.F.);
#4955 = EDGE_CURVE('',#4938,#4948,#4956,.T.);
#4956 = HYPERBOLA('',#4957,0.459619407771,0.459619407771);
#4957 = AXIS2_PLACEMENT_3D('',#4958,#4959,#4960);
#4958 = CARTESIAN_POINT('',(-79.45,-36.825,-154.175));
#4959 = DIRECTION('',(0.,0.707106781187,-0.707106781187));
#4960 = DIRECTION('',(-1.,0.,0.));
#4961 = PLANE('',#4962);
#4962 = AXIS2_PLACEMENT_3D('',#4963,#4964,#4965);
#4963 = CARTESIAN_POINT('',(-76.7,-34.65,-152.));
#4964 = DIRECTION('',(0.,0.707106781187,-0.707106781187));
#4965 = DIRECTION('',(1.,0.,0.));
#4966 = ADVANCED_FACE('',(#4967),#4993,.T.);
#4967 = FACE_BOUND('',#4968,.T.);
#4968 = EDGE_LOOP('',(#4969,#4977,#4985,#4991,#4992));
#4969 = ORIENTED_EDGE('',*,*,#4970,.T.);
#4970 = EDGE_CURVE('',#1955,#4971,#4973,.T.);
#4971 = VERTEX_POINT('',#4972);
#4972 = CARTESIAN_POINT('',(-77.2,-32.,-161.5));
#4973 = LINE('',#4974,#4975);
#4974 = CARTESIAN_POINT('',(-76.7,-32.,-161.5));
#4975 = VECTOR('',#4976,1.);
#4976 = DIRECTION('',(-1.,0.,-0.));
#4977 = ORIENTED_EDGE('',*,*,#4978,.T.);
#4978 = EDGE_CURVE('',#4971,#4979,#4981,.T.);
#4979 = VERTEX_POINT('',#4980);
#4980 = CARTESIAN_POINT('',(-82.2,-32.,-158.5));
#4981 = LINE('',#4982,#4983);
#4982 = CARTESIAN_POINT('',(-78.26617647058,-32.,-160.8602941176));
#4983 = VECTOR('',#4984,1.);
#4984 = DIRECTION('',(-0.857492925713,5.712050337476E-17,0.514495755428)
  );
#4985 = ORIENTED_EDGE('',*,*,#4986,.T.);
#4986 = EDGE_CURVE('',#4979,#4908,#4987,.T.);
#4987 = LINE('',#4988,#4989);
#4988 = CARTESIAN_POINT('',(-82.2,-32.,-161.5));
#4989 = VECTOR('',#4990,1.);
#4990 = DIRECTION('',(0.,1.110223024625E-16,1.));
#4991 = ORIENTED_EDGE('',*,*,#4907,.F.);
#4992 = ORIENTED_EDGE('',*,*,#1962,.F.);
#4993 = PLANE('',#4994);
#4994 = AXIS2_PLACEMENT_3D('',#4995,#4996,#4997);
#4995 = CARTESIAN_POINT('',(-76.7,-32.,-161.5));
#4996 = DIRECTION('',(0.,1.,-1.110223024625E-16));
#4997 = DIRECTION('',(0.,1.110223024625E-16,1.));
#4998 = ADVANCED_FACE('',(#4999),#5018,.F.);
#4999 = FACE_BOUND('',#5000,.F.);
#5000 = EDGE_LOOP('',(#5001,#5002,#5003,#5011));
#5001 = ORIENTED_EDGE('',*,*,#4937,.F.);
#5002 = ORIENTED_EDGE('',*,*,#1872,.T.);
#5003 = ORIENTED_EDGE('',*,*,#5004,.F.);
#5004 = EDGE_CURVE('',#5005,#1873,#5007,.T.);
#5005 = VERTEX_POINT('',#5006);
#5006 = CARTESIAN_POINT('',(-81.2,-35.15,-153.3864471274));
#5007 = LINE('',#5008,#5009);
#5008 = CARTESIAN_POINT('',(-75.,-35.15,-153.3864471274));
#5009 = VECTOR('',#5010,1.);
#5010 = DIRECTION('',(1.,0.,0.));
#5011 = ORIENTED_EDGE('',*,*,#5012,.T.);
#5012 = EDGE_CURVE('',#5005,#4938,#5013,.T.);
#5013 = HYPERBOLA('',#5014,1.35,1.35);
#5014 = AXIS2_PLACEMENT_3D('',#5015,#5016,#5017);
#5015 = CARTESIAN_POINT('',(-79.45,-35.15,-154.5));
#5016 = DIRECTION('',(0.,1.,-3.310223024625E-16));
#5017 = DIRECTION('',(-1.,0.,0.));
#5018 = PLANE('',#5019);
#5019 = AXIS2_PLACEMENT_3D('',#5020,#5021,#5022);
#5020 = CARTESIAN_POINT('',(-76.7,-35.15,-151.5));
#5021 = DIRECTION('',(-0.,1.,-3.310223024625E-16));
#5022 = DIRECTION('',(-1.,0.,0.));
#5023 = ADVANCED_FACE('',(#5024),#5042,.T.);
#5024 = FACE_BOUND('',#5025,.T.);
#5025 = EDGE_LOOP('',(#5026,#5034,#5040,#5041));
#5026 = ORIENTED_EDGE('',*,*,#5027,.T.);
#5027 = EDGE_CURVE('',#1947,#5028,#5030,.T.);
#5028 = VERTEX_POINT('',#5029);
#5029 = CARTESIAN_POINT('',(-77.2,-41.,-161.5));
#5030 = LINE('',#5031,#5032);
#5031 = CARTESIAN_POINT('',(-76.7,-41.,-161.5));
#5032 = VECTOR('',#5033,1.);
#5033 = DIRECTION('',(-1.,0.,-0.));
#5034 = ORIENTED_EDGE('',*,*,#5035,.T.);
#5035 = EDGE_CURVE('',#5028,#4971,#5036,.T.);
#5036 = LINE('',#5037,#5038);
#5037 = CARTESIAN_POINT('',(-77.2,-41.,-161.5));
#5038 = VECTOR('',#5039,1.);
#5039 = DIRECTION('',(0.,1.,-1.110223024625E-16));
#5040 = ORIENTED_EDGE('',*,*,#4970,.F.);
#5041 = ORIENTED_EDGE('',*,*,#1954,.F.);
#5042 = PLANE('',#5043);
#5043 = AXIS2_PLACEMENT_3D('',#5044,#5045,#5046);
#5044 = CARTESIAN_POINT('',(-76.7,-41.,-161.5));
#5045 = DIRECTION('',(0.,-1.110223024625E-16,-1.));
#5046 = DIRECTION('',(0.,1.,-1.110223024625E-16));
#5047 = ADVANCED_FACE('',(#5048),#5067,.F.);
#5048 = FACE_BOUND('',#5049,.F.);
#5049 = EDGE_LOOP('',(#5050,#5058,#5065,#5066));
#5050 = ORIENTED_EDGE('',*,*,#5051,.F.);
#5051 = EDGE_CURVE('',#5052,#1881,#5054,.T.);
#5052 = VERTEX_POINT('',#5053);
#5053 = CARTESIAN_POINT('',(-81.2,-35.15,-155.6135528725));
#5054 = LINE('',#5055,#5056);
#5055 = CARTESIAN_POINT('',(-75.,-35.15,-155.6135528725));
#5056 = VECTOR('',#5057,1.);
#5057 = DIRECTION('',(1.,0.,0.));
#5058 = ORIENTED_EDGE('',*,*,#5059,.T.);
#5059 = EDGE_CURVE('',#5052,#5005,#5060,.T.);
#5060 = CIRCLE('',#5061,1.75);
#5061 = AXIS2_PLACEMENT_3D('',#5062,#5063,#5064);
#5062 = CARTESIAN_POINT('',(-81.2,-36.5,-154.5));
#5063 = DIRECTION('',(1.,-0.,0.));
#5064 = DIRECTION('',(0.,0.771428571429,-0.636315927181));
#5065 = ORIENTED_EDGE('',*,*,#5004,.T.);
#5066 = ORIENTED_EDGE('',*,*,#1880,.F.);
#5067 = CYLINDRICAL_SURFACE('',#5068,1.75);
#5068 = AXIS2_PLACEMENT_3D('',#5069,#5070,#5071);
#5069 = CARTESIAN_POINT('',(-75.,-36.5,-154.5));
#5070 = DIRECTION('',(1.,0.,0.));
#5071 = DIRECTION('',(0.,1.110223024625E-16,1.));
#5072 = ADVANCED_FACE('',(#5073),#5099,.T.);
#5073 = FACE_BOUND('',#5074,.T.);
#5074 = EDGE_LOOP('',(#5075,#5076,#5077,#5085,#5093));
#5075 = ORIENTED_EDGE('',*,*,#5027,.F.);
#5076 = ORIENTED_EDGE('',*,*,#1946,.F.);
#5077 = ORIENTED_EDGE('',*,*,#5078,.T.);
#5078 = EDGE_CURVE('',#1939,#5079,#5081,.T.);
#5079 = VERTEX_POINT('',#5080);
#5080 = CARTESIAN_POINT('',(-82.2,-41.,-151.5));
#5081 = LINE('',#5082,#5083);
#5082 = CARTESIAN_POINT('',(-76.7,-41.,-151.5));
#5083 = VECTOR('',#5084,1.);
#5084 = DIRECTION('',(-1.,0.,-0.));
#5085 = ORIENTED_EDGE('',*,*,#5086,.T.);
#5086 = EDGE_CURVE('',#5079,#5087,#5089,.T.);
#5087 = VERTEX_POINT('',#5088);
#5088 = CARTESIAN_POINT('',(-82.2,-41.,-158.5));
#5089 = LINE('',#5090,#5091);
#5090 = CARTESIAN_POINT('',(-82.2,-41.,-151.5));
#5091 = VECTOR('',#5092,1.);
#5092 = DIRECTION('',(0.,-1.110223024625E-16,-1.));
#5093 = ORIENTED_EDGE('',*,*,#5094,.F.);
#5094 = EDGE_CURVE('',#5028,#5087,#5095,.T.);
#5095 = LINE('',#5096,#5097);
#5096 = CARTESIAN_POINT('',(-80.47205882352,-41.,-159.5367647058));
#5097 = VECTOR('',#5098,1.);
#5098 = DIRECTION('',(-0.857492925713,5.712050337476E-17,0.514495755428)
  );
#5099 = PLANE('',#5100);
#5100 = AXIS2_PLACEMENT_3D('',#5101,#5102,#5103);
#5101 = CARTESIAN_POINT('',(-76.7,-41.,-151.5));
#5102 = DIRECTION('',(0.,-1.,1.110223024625E-16));
#5103 = DIRECTION('',(0.,-1.110223024625E-16,-1.));
#5104 = ADVANCED_FACE('',(#5105),#5132,.F.);
#5105 = FACE_BOUND('',#5106,.F.);
#5106 = EDGE_LOOP('',(#5107,#5108,#5109,#5117,#5125));
#5107 = ORIENTED_EDGE('',*,*,#5051,.T.);
#5108 = ORIENTED_EDGE('',*,*,#1889,.T.);
#5109 = ORIENTED_EDGE('',*,*,#5110,.T.);
#5110 = EDGE_CURVE('',#1890,#5111,#5113,.T.);
#5111 = VERTEX_POINT('',#5112);
#5112 = CARTESIAN_POINT('',(-82.2,-35.15,-157.5));
#5113 = LINE('',#5114,#5115);
#5114 = CARTESIAN_POINT('',(-76.7,-35.15,-157.5));
#5115 = VECTOR('',#5116,1.);
#5116 = DIRECTION('',(-1.,0.,0.));
#5117 = ORIENTED_EDGE('',*,*,#5118,.F.);
#5118 = EDGE_CURVE('',#5119,#5111,#5121,.T.);
#5119 = VERTEX_POINT('',#5120);
#5120 = CARTESIAN_POINT('',(-82.2,-35.15,-156.8958297101));
#5121 = LINE('',#5122,#5123);
#5122 = CARTESIAN_POINT('',(-82.2,-35.15,-151.5));
#5123 = VECTOR('',#5124,1.);
#5124 = DIRECTION('',(0.,-3.310223024625E-16,-1.));
#5125 = ORIENTED_EDGE('',*,*,#5126,.F.);
#5126 = EDGE_CURVE('',#5052,#5119,#5127,.T.);
#5127 = HYPERBOLA('',#5128,1.35,1.35);
#5128 = AXIS2_PLACEMENT_3D('',#5129,#5130,#5131);
#5129 = CARTESIAN_POINT('',(-79.45,-35.15,-154.5));
#5130 = DIRECTION('',(0.,-1.,3.310223024625E-16));
#5131 = DIRECTION('',(-1.,0.,0.));
#5132 = PLANE('',#5133);
#5133 = AXIS2_PLACEMENT_3D('',#5134,#5135,#5136);
#5134 = CARTESIAN_POINT('',(-76.7,-35.15,-151.5));
#5135 = DIRECTION('',(-0.,1.,-3.310223024625E-16));
#5136 = DIRECTION('',(-1.,0.,0.));
#5137 = ADVANCED_FACE('',(#5138),#5156,.T.);
#5138 = FACE_BOUND('',#5139,.T.);
#5139 = EDGE_LOOP('',(#5140,#5141,#5149,#5155));
#5140 = ORIENTED_EDGE('',*,*,#1938,.F.);
#5141 = ORIENTED_EDGE('',*,*,#5142,.F.);
#5142 = EDGE_CURVE('',#5143,#1931,#5145,.T.);
#5143 = VERTEX_POINT('',#5144);
#5144 = CARTESIAN_POINT('',(-82.2,-38.85,-151.5));
#5145 = LINE('',#5146,#5147);
#5146 = CARTESIAN_POINT('',(-82.2,-38.85,-151.5));
#5147 = VECTOR('',#5148,1.);
#5148 = DIRECTION('',(1.,0.,0.));
#5149 = ORIENTED_EDGE('',*,*,#5150,.T.);
#5150 = EDGE_CURVE('',#5143,#5079,#5151,.T.);
#5151 = LINE('',#5152,#5153);
#5152 = CARTESIAN_POINT('',(-82.2,-32.,-151.5));
#5153 = VECTOR('',#5154,1.);
#5154 = DIRECTION('',(0.,-1.,1.110223024625E-16));
#5155 = ORIENTED_EDGE('',*,*,#5078,.F.);
#5156 = PLANE('',#5157);
#5157 = AXIS2_PLACEMENT_3D('',#5158,#5159,#5160);
#5158 = CARTESIAN_POINT('',(-76.7,-32.,-151.5));
#5159 = DIRECTION('',(0.,1.110223024625E-16,1.));
#5160 = DIRECTION('',(0.,-1.,1.110223024625E-16));
#5161 = ADVANCED_FACE('',(#5162),#5180,.T.);
#5162 = FACE_BOUND('',#5163,.T.);
#5163 = EDGE_LOOP('',(#5164,#5172,#5173,#5174));
#5164 = ORIENTED_EDGE('',*,*,#5165,.T.);
#5165 = EDGE_CURVE('',#5166,#1898,#5168,.T.);
#5166 = VERTEX_POINT('',#5167);
#5167 = CARTESIAN_POINT('',(-82.2,-37.85,-157.5));
#5168 = LINE('',#5169,#5170);
#5169 = CARTESIAN_POINT('',(-82.2,-37.85,-157.5));
#5170 = VECTOR('',#5171,1.);
#5171 = DIRECTION('',(1.,0.,0.));
#5172 = ORIENTED_EDGE('',*,*,#1897,.T.);
#5173 = ORIENTED_EDGE('',*,*,#5110,.T.);
#5174 = ORIENTED_EDGE('',*,*,#5175,.T.);
#5175 = EDGE_CURVE('',#5111,#5166,#5176,.T.);
#5176 = LINE('',#5177,#5178);
#5177 = CARTESIAN_POINT('',(-82.2,-35.15,-157.5));
#5178 = VECTOR('',#5179,1.);
#5179 = DIRECTION('',(0.,-1.,1.110223024625E-16));
#5180 = PLANE('',#5181);
#5181 = AXIS2_PLACEMENT_3D('',#5182,#5183,#5184);
#5182 = CARTESIAN_POINT('',(-140.,-36.5,-157.5));
#5183 = DIRECTION('',(0.,1.110223024625E-16,1.));
#5184 = DIRECTION('',(0.,-1.,1.110223024625E-16));
#5185 = ADVANCED_FACE('',(#5186),#5213,.F.);
#5186 = FACE_BOUND('',#5187,.F.);
#5187 = EDGE_LOOP('',(#5188,#5196,#5205,#5211,#5212));
#5188 = ORIENTED_EDGE('',*,*,#5189,.F.);
#5189 = EDGE_CURVE('',#5190,#5143,#5192,.T.);
#5190 = VERTEX_POINT('',#5191);
#5191 = CARTESIAN_POINT('',(-82.2,-38.092191957,-152.2578080429));
#5192 = LINE('',#5193,#5194);
#5193 = CARTESIAN_POINT('',(-82.2,-36.85904529584,-153.4909547041));
#5194 = VECTOR('',#5195,1.);
#5195 = DIRECTION('',(0.,-0.707106781187,0.707106781187));
#5196 = ORIENTED_EDGE('',*,*,#5197,.F.);
#5197 = EDGE_CURVE('',#5198,#5190,#5200,.T.);
#5198 = VERTEX_POINT('',#5199);
#5199 = CARTESIAN_POINT('',(-81.8629857024,-37.85,-152.5));
#5200 = HYPERBOLA('',#5201,0.459619407771,0.459619407771);
#5201 = AXIS2_PLACEMENT_3D('',#5202,#5203,#5204);
#5202 = CARTESIAN_POINT('',(-79.45,-36.175,-154.175));
#5203 = DIRECTION('',(0.,0.707106781187,0.707106781187));
#5204 = DIRECTION('',(-1.,0.,0.));
#5205 = ORIENTED_EDGE('',*,*,#5206,.T.);
#5206 = EDGE_CURVE('',#5198,#1923,#5207,.T.);
#5207 = LINE('',#5208,#5209);
#5208 = CARTESIAN_POINT('',(-82.2,-37.85,-152.5));
#5209 = VECTOR('',#5210,1.);
#5210 = DIRECTION('',(1.,0.,0.));
#5211 = ORIENTED_EDGE('',*,*,#1930,.T.);
#5212 = ORIENTED_EDGE('',*,*,#5142,.F.);
#5213 = PLANE('',#5214);
#5214 = AXIS2_PLACEMENT_3D('',#5215,#5216,#5217);
#5215 = CARTESIAN_POINT('',(-82.2,-38.35,-152.));
#5216 = DIRECTION('',(0.,-0.707106781187,-0.707106781187));
#5217 = DIRECTION('',(1.,0.,0.));
#5218 = ADVANCED_FACE('',(#5219),#5246,.F.);
#5219 = FACE_BOUND('',#5220,.F.);
#5220 = EDGE_LOOP('',(#5221,#5229,#5238,#5244,#5245));
#5221 = ORIENTED_EDGE('',*,*,#5222,.F.);
#5222 = EDGE_CURVE('',#5223,#1906,#5225,.T.);
#5223 = VERTEX_POINT('',#5224);
#5224 = CARTESIAN_POINT('',(-81.2,-37.85,-155.6135528725));
#5225 = LINE('',#5226,#5227);
#5226 = CARTESIAN_POINT('',(-75.,-37.85,-155.6135528725));
#5227 = VECTOR('',#5228,1.);
#5228 = DIRECTION('',(1.,0.,0.));
#5229 = ORIENTED_EDGE('',*,*,#5230,.T.);
#5230 = EDGE_CURVE('',#5223,#5231,#5233,.T.);
#5231 = VERTEX_POINT('',#5232);
#5232 = CARTESIAN_POINT('',(-82.2,-37.85,-156.8958297101));
#5233 = HYPERBOLA('',#5234,1.35,1.35);
#5234 = AXIS2_PLACEMENT_3D('',#5235,#5236,#5237);
#5235 = CARTESIAN_POINT('',(-79.45,-37.85,-154.5));
#5236 = DIRECTION('',(0.,-1.,3.310223024625E-16));
#5237 = DIRECTION('',(-1.,0.,0.));
#5238 = ORIENTED_EDGE('',*,*,#5239,.T.);
#5239 = EDGE_CURVE('',#5231,#5166,#5240,.T.);
#5240 = LINE('',#5241,#5242);
#5241 = CARTESIAN_POINT('',(-82.2,-37.85,-151.5));
#5242 = VECTOR('',#5243,1.);
#5243 = DIRECTION('',(0.,-3.310223024625E-16,-1.));
#5244 = ORIENTED_EDGE('',*,*,#5165,.T.);
#5245 = ORIENTED_EDGE('',*,*,#1905,.F.);
#5246 = PLANE('',#5247);
#5247 = AXIS2_PLACEMENT_3D('',#5248,#5249,#5250);
#5248 = CARTESIAN_POINT('',(-82.2,-37.85,-151.5));
#5249 = DIRECTION('',(0.,-1.,3.310223024625E-16));
#5250 = DIRECTION('',(1.,0.,0.));
#5251 = ADVANCED_FACE('',(#5252),#5271,.F.);
#5252 = FACE_BOUND('',#5253,.F.);
#5253 = EDGE_LOOP('',(#5254,#5255,#5264,#5270));
#5254 = ORIENTED_EDGE('',*,*,#5206,.F.);
#5255 = ORIENTED_EDGE('',*,*,#5256,.F.);
#5256 = EDGE_CURVE('',#5257,#5198,#5259,.T.);
#5257 = VERTEX_POINT('',#5258);
#5258 = CARTESIAN_POINT('',(-81.2,-37.85,-153.3864471274));
#5259 = HYPERBOLA('',#5260,1.35,1.35);
#5260 = AXIS2_PLACEMENT_3D('',#5261,#5262,#5263);
#5261 = CARTESIAN_POINT('',(-79.45,-37.85,-154.5));
#5262 = DIRECTION('',(0.,1.,-3.310223024625E-16));
#5263 = DIRECTION('',(-1.,0.,0.));
#5264 = ORIENTED_EDGE('',*,*,#5265,.T.);
#5265 = EDGE_CURVE('',#5257,#1914,#5266,.T.);
#5266 = LINE('',#5267,#5268);
#5267 = CARTESIAN_POINT('',(-75.,-37.85,-153.3864471274));
#5268 = VECTOR('',#5269,1.);
#5269 = DIRECTION('',(1.,0.,0.));
#5270 = ORIENTED_EDGE('',*,*,#1922,.F.);
#5271 = PLANE('',#5272);
#5272 = AXIS2_PLACEMENT_3D('',#5273,#5274,#5275);
#5273 = CARTESIAN_POINT('',(-82.2,-37.85,-151.5));
#5274 = DIRECTION('',(0.,-1.,3.310223024625E-16));
#5275 = DIRECTION('',(1.,0.,0.));
#5276 = ADVANCED_FACE('',(#5277),#5289,.F.);
#5277 = FACE_BOUND('',#5278,.F.);
#5278 = EDGE_LOOP('',(#5279,#5280,#5287,#5288));
#5279 = ORIENTED_EDGE('',*,*,#5265,.F.);
#5280 = ORIENTED_EDGE('',*,*,#5281,.T.);
#5281 = EDGE_CURVE('',#5257,#5223,#5282,.T.);
#5282 = CIRCLE('',#5283,1.75);
#5283 = AXIS2_PLACEMENT_3D('',#5284,#5285,#5286);
#5284 = CARTESIAN_POINT('',(-81.2,-36.5,-154.5));
#5285 = DIRECTION('',(1.,0.,0.));
#5286 = DIRECTION('',(0.,-0.771428571429,0.636315927181));
#5287 = ORIENTED_EDGE('',*,*,#5222,.T.);
#5288 = ORIENTED_EDGE('',*,*,#1913,.F.);
#5289 = CYLINDRICAL_SURFACE('',#5290,1.75);
#5290 = AXIS2_PLACEMENT_3D('',#5291,#5292,#5293);
#5291 = CARTESIAN_POINT('',(-75.,-36.5,-154.5));
#5292 = DIRECTION('',(1.,0.,0.));
#5293 = DIRECTION('',(0.,1.110223024625E-16,1.));
#5294 = ADVANCED_FACE('',(#5295),#5320,.F.);
#5295 = FACE_BOUND('',#5296,.F.);
#5296 = EDGE_LOOP('',(#5297,#5305,#5306,#5314));
#5297 = ORIENTED_EDGE('',*,*,#5298,.T.);
#5298 = EDGE_CURVE('',#5299,#315,#5301,.T.);
#5299 = VERTEX_POINT('',#5300);
#5300 = CARTESIAN_POINT('',(-75.5,-2.233929668666,-178.8));
#5301 = LINE('',#5302,#5303);
#5302 = CARTESIAN_POINT('',(-75.5,-2.233929668666,-178.8));
#5303 = VECTOR('',#5304,1.);
#5304 = DIRECTION('',(-1.,0.,0.));
#5305 = ORIENTED_EDGE('',*,*,#1979,.F.);
#5306 = ORIENTED_EDGE('',*,*,#5307,.T.);
#5307 = EDGE_CURVE('',#1980,#5308,#5310,.T.);
#5308 = VERTEX_POINT('',#5309);
#5309 = CARTESIAN_POINT('',(-75.5,-2.233929668666,-167.));
#5310 = LINE('',#5311,#5312);
#5311 = CARTESIAN_POINT('',(-101.5,-2.233929668666,-167.));
#5312 = VECTOR('',#5313,1.);
#5313 = DIRECTION('',(1.,0.,0.));
#5314 = ORIENTED_EDGE('',*,*,#5315,.F.);
#5315 = EDGE_CURVE('',#5299,#5308,#5316,.T.);
#5316 = LINE('',#5317,#5318);
#5317 = CARTESIAN_POINT('',(-75.5,-2.233929668666,-180.));
#5318 = VECTOR('',#5319,1.);
#5319 = DIRECTION('',(0.,3.310223024625E-16,1.));
#5320 = PLANE('',#5321);
#5321 = AXIS2_PLACEMENT_3D('',#5322,#5323,#5324);
#5322 = CARTESIAN_POINT('',(-101.5,-2.233929668666,-180.));
#5323 = DIRECTION('',(0.,1.,-3.310223024625E-16));
#5324 = DIRECTION('',(1.,0.,0.));
#5325 = ADVANCED_FACE('',(#5326),#5344,.F.);
#5326 = FACE_BOUND('',#5327,.F.);
#5327 = EDGE_LOOP('',(#5328,#5329,#5337,#5343));
#5328 = ORIENTED_EDGE('',*,*,#1987,.F.);
#5329 = ORIENTED_EDGE('',*,*,#5330,.F.);
#5330 = EDGE_CURVE('',#5331,#1988,#5333,.T.);
#5331 = VERTEX_POINT('',#5332);
#5332 = CARTESIAN_POINT('',(-75.5,-3.233929668666,-167.));
#5333 = LINE('',#5334,#5335);
#5334 = CARTESIAN_POINT('',(-75.5,-3.233929668666,-167.));
#5335 = VECTOR('',#5336,1.);
#5336 = DIRECTION('',(-1.,-0.,0.));
#5337 = ORIENTED_EDGE('',*,*,#5338,.F.);
#5338 = EDGE_CURVE('',#5308,#5331,#5339,.T.);
#5339 = LINE('',#5340,#5341);
#5340 = CARTESIAN_POINT('',(-75.5,-2.233929668666,-167.));
#5341 = VECTOR('',#5342,1.);
#5342 = DIRECTION('',(0.,-1.,1.110223024625E-16));
#5343 = ORIENTED_EDGE('',*,*,#5307,.F.);
#5344 = PLANE('',#5345);
#5345 = AXIS2_PLACEMENT_3D('',#5346,#5347,#5348);
#5346 = CARTESIAN_POINT('',(-140.,-12.5,-167.));
#5347 = DIRECTION('',(0.,1.110223024625E-16,1.));
#5348 = DIRECTION('',(0.,-1.,1.110223024625E-16));
#5349 = ADVANCED_FACE('',(#5350),#5368,.F.);
#5350 = FACE_BOUND('',#5351,.F.);
#5351 = EDGE_LOOP('',(#5352,#5360,#5366,#5367));
#5352 = ORIENTED_EDGE('',*,*,#5353,.T.);
#5353 = EDGE_CURVE('',#291,#5354,#5356,.T.);
#5354 = VERTEX_POINT('',#5355);
#5355 = CARTESIAN_POINT('',(-75.5,-3.233929668666,-178.8));
#5356 = LINE('',#5357,#5358);
#5357 = CARTESIAN_POINT('',(-75.5,-3.233929668666,-178.8));
#5358 = VECTOR('',#5359,1.);
#5359 = DIRECTION('',(1.,0.,0.));
#5360 = ORIENTED_EDGE('',*,*,#5361,.T.);
#5361 = EDGE_CURVE('',#5354,#5331,#5362,.T.);
#5362 = LINE('',#5363,#5364);
#5363 = CARTESIAN_POINT('',(-75.5,-3.233929668666,-180.));
#5364 = VECTOR('',#5365,1.);
#5365 = DIRECTION('',(0.,3.310223024625E-16,1.));
#5366 = ORIENTED_EDGE('',*,*,#5330,.T.);
#5367 = ORIENTED_EDGE('',*,*,#1995,.F.);
#5368 = PLANE('',#5369);
#5369 = AXIS2_PLACEMENT_3D('',#5370,#5371,#5372);
#5370 = CARTESIAN_POINT('',(-75.5,-3.233929668666,-180.));
#5371 = DIRECTION('',(0.,-1.,3.310223024625E-16));
#5372 = DIRECTION('',(-1.,0.,0.));
#5373 = ADVANCED_FACE('',(#5374),#5399,.F.);
#5374 = FACE_BOUND('',#5375,.F.);
#5375 = EDGE_LOOP('',(#5376,#5384,#5385,#5393));
#5376 = ORIENTED_EDGE('',*,*,#5377,.T.);
#5377 = EDGE_CURVE('',#5378,#283,#5380,.T.);
#5378 = VERTEX_POINT('',#5379);
#5379 = CARTESIAN_POINT('',(-75.5,-12.,-178.8));
#5380 = LINE('',#5381,#5382);
#5381 = CARTESIAN_POINT('',(-88.5,-12.,-178.8));
#5382 = VECTOR('',#5383,1.);
#5383 = DIRECTION('',(-1.,0.,0.));
#5384 = ORIENTED_EDGE('',*,*,#2002,.F.);
#5385 = ORIENTED_EDGE('',*,*,#5386,.T.);
#5386 = EDGE_CURVE('',#2003,#5387,#5389,.T.);
#5387 = VERTEX_POINT('',#5388);
#5388 = CARTESIAN_POINT('',(-75.5,-12.,-167.));
#5389 = LINE('',#5390,#5391);
#5390 = CARTESIAN_POINT('',(-101.5,-12.,-167.));
#5391 = VECTOR('',#5392,1.);
#5392 = DIRECTION('',(1.,0.,0.));
#5393 = ORIENTED_EDGE('',*,*,#5394,.F.);
#5394 = EDGE_CURVE('',#5378,#5387,#5395,.T.);
#5395 = LINE('',#5396,#5397);
#5396 = CARTESIAN_POINT('',(-75.5,-12.,-180.));
#5397 = VECTOR('',#5398,1.);
#5398 = DIRECTION('',(0.,3.310223024625E-16,1.));
#5399 = PLANE('',#5400);
#5400 = AXIS2_PLACEMENT_3D('',#5401,#5402,#5403);
#5401 = CARTESIAN_POINT('',(-101.5,-12.,-180.));
#5402 = DIRECTION('',(0.,1.,-3.310223024625E-16));
#5403 = DIRECTION('',(1.,0.,0.));
#5404 = ADVANCED_FACE('',(#5405),#5423,.F.);
#5405 = FACE_BOUND('',#5406,.F.);
#5406 = EDGE_LOOP('',(#5407,#5408,#5416,#5422));
#5407 = ORIENTED_EDGE('',*,*,#2010,.F.);
#5408 = ORIENTED_EDGE('',*,*,#5409,.F.);
#5409 = EDGE_CURVE('',#5410,#2011,#5412,.T.);
#5410 = VERTEX_POINT('',#5411);
#5411 = CARTESIAN_POINT('',(-75.5,-13.,-167.));
#5412 = LINE('',#5413,#5414);
#5413 = CARTESIAN_POINT('',(-75.5,-13.,-167.));
#5414 = VECTOR('',#5415,1.);
#5415 = DIRECTION('',(-1.,-0.,0.));
#5416 = ORIENTED_EDGE('',*,*,#5417,.F.);
#5417 = EDGE_CURVE('',#5387,#5410,#5418,.T.);
#5418 = LINE('',#5419,#5420);
#5419 = CARTESIAN_POINT('',(-75.5,-12.,-167.));
#5420 = VECTOR('',#5421,1.);
#5421 = DIRECTION('',(0.,-1.,1.110223024625E-16));
#5422 = ORIENTED_EDGE('',*,*,#5386,.F.);
#5423 = PLANE('',#5424);
#5424 = AXIS2_PLACEMENT_3D('',#5425,#5426,#5427);
#5425 = CARTESIAN_POINT('',(-140.,-12.5,-167.));
#5426 = DIRECTION('',(0.,1.110223024625E-16,1.));
#5427 = DIRECTION('',(0.,-1.,1.110223024625E-16));
#5428 = ADVANCED_FACE('',(#5429),#5447,.F.);
#5429 = FACE_BOUND('',#5430,.F.);
#5430 = EDGE_LOOP('',(#5431,#5439,#5445,#5446));
#5431 = ORIENTED_EDGE('',*,*,#5432,.T.);
#5432 = EDGE_CURVE('',#259,#5433,#5435,.T.);
#5433 = VERTEX_POINT('',#5434);
#5434 = CARTESIAN_POINT('',(-75.5,-13.,-178.8));
#5435 = LINE('',#5436,#5437);
#5436 = CARTESIAN_POINT('',(-75.5,-13.,-178.8));
#5437 = VECTOR('',#5438,1.);
#5438 = DIRECTION('',(1.,0.,0.));
#5439 = ORIENTED_EDGE('',*,*,#5440,.T.);
#5440 = EDGE_CURVE('',#5433,#5410,#5441,.T.);
#5441 = LINE('',#5442,#5443);
#5442 = CARTESIAN_POINT('',(-75.5,-13.,-180.));
#5443 = VECTOR('',#5444,1.);
#5444 = DIRECTION('',(0.,3.310223024625E-16,1.));
#5445 = ORIENTED_EDGE('',*,*,#5409,.T.);
#5446 = ORIENTED_EDGE('',*,*,#2018,.F.);
#5447 = PLANE('',#5448);
#5448 = AXIS2_PLACEMENT_3D('',#5449,#5450,#5451);
#5449 = CARTESIAN_POINT('',(-75.5,-13.,-180.));
#5450 = DIRECTION('',(0.,-1.,3.310223024625E-16));
#5451 = DIRECTION('',(-1.,0.,0.));
#5452 = ADVANCED_FACE('',(#5453),#5478,.F.);
#5453 = FACE_BOUND('',#5454,.F.);
#5454 = EDGE_LOOP('',(#5455,#5463,#5464,#5472));
#5455 = ORIENTED_EDGE('',*,*,#5456,.T.);
#5456 = EDGE_CURVE('',#5457,#251,#5459,.T.);
#5457 = VERTEX_POINT('',#5458);
#5458 = CARTESIAN_POINT('',(-75.5,-21.76607033133,-178.8));
#5459 = LINE('',#5460,#5461);
#5460 = CARTESIAN_POINT('',(-88.5,-21.76607033133,-178.8));
#5461 = VECTOR('',#5462,1.);
#5462 = DIRECTION('',(-1.,0.,0.));
#5463 = ORIENTED_EDGE('',*,*,#2025,.F.);
#5464 = ORIENTED_EDGE('',*,*,#5465,.T.);
#5465 = EDGE_CURVE('',#2026,#5466,#5468,.T.);
#5466 = VERTEX_POINT('',#5467);
#5467 = CARTESIAN_POINT('',(-75.5,-21.76607033133,-167.));
#5468 = LINE('',#5469,#5470);
#5469 = CARTESIAN_POINT('',(-101.5,-21.76607033133,-167.));
#5470 = VECTOR('',#5471,1.);
#5471 = DIRECTION('',(1.,0.,0.));
#5472 = ORIENTED_EDGE('',*,*,#5473,.F.);
#5473 = EDGE_CURVE('',#5457,#5466,#5474,.T.);
#5474 = LINE('',#5475,#5476);
#5475 = CARTESIAN_POINT('',(-75.5,-21.76607033133,-180.));
#5476 = VECTOR('',#5477,1.);
#5477 = DIRECTION('',(0.,3.310223024625E-16,1.));
#5478 = PLANE('',#5479);
#5479 = AXIS2_PLACEMENT_3D('',#5480,#5481,#5482);
#5480 = CARTESIAN_POINT('',(-101.5,-21.76607033133,-180.));
#5481 = DIRECTION('',(0.,1.,-3.310223024625E-16));
#5482 = DIRECTION('',(1.,0.,0.));
#5483 = ADVANCED_FACE('',(#5484),#5502,.F.);
#5484 = FACE_BOUND('',#5485,.F.);
#5485 = EDGE_LOOP('',(#5486,#5487,#5495,#5501));
#5486 = ORIENTED_EDGE('',*,*,#2033,.F.);
#5487 = ORIENTED_EDGE('',*,*,#5488,.F.);
#5488 = EDGE_CURVE('',#5489,#2034,#5491,.T.);
#5489 = VERTEX_POINT('',#5490);
#5490 = CARTESIAN_POINT('',(-75.5,-22.76607033133,-167.));
#5491 = LINE('',#5492,#5493);
#5492 = CARTESIAN_POINT('',(-75.5,-22.76607033133,-167.));
#5493 = VECTOR('',#5494,1.);
#5494 = DIRECTION('',(-1.,-0.,0.));
#5495 = ORIENTED_EDGE('',*,*,#5496,.F.);
#5496 = EDGE_CURVE('',#5466,#5489,#5497,.T.);
#5497 = LINE('',#5498,#5499);
#5498 = CARTESIAN_POINT('',(-75.5,-21.76607033133,-167.));
#5499 = VECTOR('',#5500,1.);
#5500 = DIRECTION('',(0.,-1.,1.110223024625E-16));
#5501 = ORIENTED_EDGE('',*,*,#5465,.F.);
#5502 = PLANE('',#5503);
#5503 = AXIS2_PLACEMENT_3D('',#5504,#5505,#5506);
#5504 = CARTESIAN_POINT('',(-140.,-12.5,-167.));
#5505 = DIRECTION('',(0.,1.110223024625E-16,1.));
#5506 = DIRECTION('',(0.,-1.,1.110223024625E-16));
#5507 = ADVANCED_FACE('',(#5508),#5526,.F.);
#5508 = FACE_BOUND('',#5509,.F.);
#5509 = EDGE_LOOP('',(#5510,#5518,#5524,#5525));
#5510 = ORIENTED_EDGE('',*,*,#5511,.F.);
#5511 = EDGE_CURVE('',#5512,#227,#5514,.T.);
#5512 = VERTEX_POINT('',#5513);
#5513 = CARTESIAN_POINT('',(-75.5,-22.76607033133,-178.8));
#5514 = LINE('',#5515,#5516);
#5515 = CARTESIAN_POINT('',(-75.5,-22.76607033133,-178.8));
#5516 = VECTOR('',#5517,1.);
#5517 = DIRECTION('',(-1.,0.,0.));
#5518 = ORIENTED_EDGE('',*,*,#5519,.T.);
#5519 = EDGE_CURVE('',#5512,#5489,#5520,.T.);
#5520 = LINE('',#5521,#5522);
#5521 = CARTESIAN_POINT('',(-75.5,-22.76607033133,-180.));
#5522 = VECTOR('',#5523,1.);
#5523 = DIRECTION('',(0.,3.310223024625E-16,1.));
#5524 = ORIENTED_EDGE('',*,*,#5488,.T.);
#5525 = ORIENTED_EDGE('',*,*,#2041,.F.);
#5526 = PLANE('',#5527);
#5527 = AXIS2_PLACEMENT_3D('',#5528,#5529,#5530);
#5528 = CARTESIAN_POINT('',(-75.5,-22.76607033133,-180.));
#5529 = DIRECTION('',(0.,-1.,3.310223024625E-16));
#5530 = DIRECTION('',(-1.,0.,0.));
#5531 = ADVANCED_FACE('',(#5532),#5551,.T.);
#5532 = FACE_BOUND('',#5533,.T.);
#5533 = EDGE_LOOP('',(#5534,#5543,#5549,#5550));
#5534 = ORIENTED_EDGE('',*,*,#5535,.F.);
#5535 = EDGE_CURVE('',#5536,#4880,#5538,.T.);
#5536 = VERTEX_POINT('',#5537);
#5537 = CARTESIAN_POINT('',(-75.5,-31.37574065197,-95.92944763918));
#5538 = CIRCLE('',#5539,8.);
#5539 = AXIS2_PLACEMENT_3D('',#5540,#5541,#5542);
#5540 = CARTESIAN_POINT('',(-75.5,-39.10314726228,-98.));
#5541 = DIRECTION('',(1.,0.,-0.));
#5542 = DIRECTION('',(0.,1.110223024625E-16,1.));
#5543 = ORIENTED_EDGE('',*,*,#5544,.T.);
#5544 = EDGE_CURVE('',#5536,#2058,#5545,.T.);
#5545 = LINE('',#5546,#5547);
#5546 = CARTESIAN_POINT('',(-75.,-31.37574065197,-95.92944763918));
#5547 = VECTOR('',#5548,1.);
#5548 = DIRECTION('',(-1.,0.,-0.));
#5549 = ORIENTED_EDGE('',*,*,#2057,.T.);
#5550 = ORIENTED_EDGE('',*,*,#4887,.F.);
#5551 = CYLINDRICAL_SURFACE('',#5552,8.);
#5552 = AXIS2_PLACEMENT_3D('',#5553,#5554,#5555);
#5553 = CARTESIAN_POINT('',(-75.,-39.10314726228,-98.));
#5554 = DIRECTION('',(1.,0.,0.));
#5555 = DIRECTION('',(0.,1.110223024625E-16,1.));
#5556 = ADVANCED_FACE('',(#5557),#5575,.T.);
#5557 = FACE_BOUND('',#5558,.T.);
#5558 = EDGE_LOOP('',(#5559,#5567,#5573,#5574));
#5559 = ORIENTED_EDGE('',*,*,#5560,.T.);
#5560 = EDGE_CURVE('',#5536,#5561,#5563,.T.);
#5561 = VERTEX_POINT('',#5562);
#5562 = CARTESIAN_POINT('',(-75.5,-25.70865498103,-117.0792992939));
#5563 = LINE('',#5564,#5565);
#5564 = CARTESIAN_POINT('',(-75.5,-18.67392000242,-143.3332876519));
#5565 = VECTOR('',#5566,1.);
#5566 = DIRECTION('',(-0.,0.258819045103,-0.965925826289));
#5567 = ORIENTED_EDGE('',*,*,#5568,.T.);
#5568 = EDGE_CURVE('',#5561,#2067,#5569,.T.);
#5569 = LINE('',#5570,#5571);
#5570 = CARTESIAN_POINT('',(-75.,-25.70865498103,-117.0792992939));
#5571 = VECTOR('',#5572,1.);
#5572 = DIRECTION('',(-1.,0.,-0.));
#5573 = ORIENTED_EDGE('',*,*,#2066,.F.);
#5574 = ORIENTED_EDGE('',*,*,#5544,.F.);
#5575 = PLANE('',#5576);
#5576 = AXIS2_PLACEMENT_3D('',#5577,#5578,#5579);
#5577 = CARTESIAN_POINT('',(-75.,-25.70865498103,-117.0792992939));
#5578 = DIRECTION('',(0.,0.965925826289,0.258819045103));
#5579 = DIRECTION('',(0.,-0.258819045103,0.965925826289));
#5580 = ADVANCED_FACE('',(#5581),#5600,.F.);
#5581 = FACE_BOUND('',#5582,.F.);
#5582 = EDGE_LOOP('',(#5583,#5592,#5593,#5594));
#5583 = ORIENTED_EDGE('',*,*,#5584,.F.);
#5584 = EDGE_CURVE('',#5561,#5585,#5587,.T.);
#5585 = VERTEX_POINT('',#5586);
#5586 = CARTESIAN_POINT('',(-75.5,5.789843290181,-148.5777975652));
#5587 = CIRCLE('',#5588,44.545603449538);
#5588 = AXIS2_PLACEMENT_3D('',#5589,#5590,#5591);
#5589 = CARTESIAN_POINT('',(-75.5,17.319093838506,-105.5500487456));
#5590 = DIRECTION('',(1.,0.,-0.));
#5591 = DIRECTION('',(0.,1.110223024625E-16,1.));
#5592 = ORIENTED_EDGE('',*,*,#5568,.T.);
#5593 = ORIENTED_EDGE('',*,*,#2074,.T.);
#5594 = ORIENTED_EDGE('',*,*,#5595,.F.);
#5595 = EDGE_CURVE('',#5585,#2075,#5596,.T.);
#5596 = LINE('',#5597,#5598);
#5597 = CARTESIAN_POINT('',(-75.,5.789843290181,-148.5777975652));
#5598 = VECTOR('',#5599,1.);
#5599 = DIRECTION('',(-1.,0.,-0.));
#5600 = CYLINDRICAL_SURFACE('',#5601,44.545603449538);
#5601 = AXIS2_PLACEMENT_3D('',#5602,#5603,#5604);
#5602 = CARTESIAN_POINT('',(-75.,17.319093838506,-105.5500487456));
#5603 = DIRECTION('',(1.,0.,0.));
#5604 = DIRECTION('',(0.,1.110223024625E-16,1.));
#5605 = ADVANCED_FACE('',(#5606),#5634,.T.);
#5606 = FACE_BOUND('',#5607,.T.);
#5607 = EDGE_LOOP('',(#5608,#5619,#5625,#5626,#5627,#5628));
#5608 = ORIENTED_EDGE('',*,*,#5609,.T.);
#5609 = EDGE_CURVE('',#5610,#5612,#5614,.T.);
#5610 = VERTEX_POINT('',#5611);
#5611 = CARTESIAN_POINT('',(-75.5,7.,-148.9020580783));
#5612 = VERTEX_POINT('',#5613);
#5613 = CARTESIAN_POINT('',(-75.77259338968,9.07055236082,
    -149.4568609112));
#5614 = ELLIPSE('',#5615,8.282209443281,8.);
#5615 = AXIS2_PLACEMENT_3D('',#5616,#5617,#5618);
#5616 = CARTESIAN_POINT('',(-83.5,7.,-148.9020580783));
#5617 = DIRECTION('',(0.,0.258819045103,0.965925826289));
#5618 = DIRECTION('',(0.,0.965925826289,-0.258819045103));
#5619 = ORIENTED_EDGE('',*,*,#5620,.T.);
#5620 = EDGE_CURVE('',#5612,#3639,#5621,.T.);
#5621 = LINE('',#5622,#5623);
#5622 = CARTESIAN_POINT('',(-75.,9.07055236082,-149.4568609112));
#5623 = VECTOR('',#5624,1.);
#5624 = DIRECTION('',(-1.,0.,-0.));
#5625 = ORIENTED_EDGE('',*,*,#3675,.F.);
#5626 = ORIENTED_EDGE('',*,*,#2083,.F.);
#5627 = ORIENTED_EDGE('',*,*,#5595,.F.);
#5628 = ORIENTED_EDGE('',*,*,#5629,.T.);
#5629 = EDGE_CURVE('',#5585,#5610,#5630,.T.);
#5630 = LINE('',#5631,#5632);
#5631 = CARTESIAN_POINT('',(-75.5,-14.90159625878,-143.0335430478));
#5632 = VECTOR('',#5633,1.);
#5633 = DIRECTION('',(-0.,0.965925826289,-0.258819045103));
#5634 = PLANE('',#5635);
#5635 = AXIS2_PLACEMENT_3D('',#5636,#5637,#5638);
#5636 = CARTESIAN_POINT('',(-75.,9.07055236082,-149.4568609112));
#5637 = DIRECTION('',(0.,0.258819045103,0.965925826289));
#5638 = DIRECTION('',(0.,-0.965925826289,0.258819045103));
#5639 = ADVANCED_FACE('',(#5640),#5651,.F.);
#5640 = FACE_BOUND('',#5641,.F.);
#5641 = EDGE_LOOP('',(#5642,#5643,#5649,#5650));
#5642 = ORIENTED_EDGE('',*,*,#2528,.F.);
#5643 = ORIENTED_EDGE('',*,*,#5644,.T.);
#5644 = EDGE_CURVE('',#251,#227,#5645,.T.);
#5645 = LINE('',#5646,#5647);
#5646 = CARTESIAN_POINT('',(-76.7,-2.233929668666,-178.8));
#5647 = VECTOR('',#5648,1.);
#5648 = DIRECTION('',(0.,-1.,1.110223024625E-16));
#5649 = ORIENTED_EDGE('',*,*,#2107,.T.);
#5650 = ORIENTED_EDGE('',*,*,#4799,.F.);
#5651 = PLANE('',#5652);
#5652 = AXIS2_PLACEMENT_3D('',#5653,#5654,#5655);
#5653 = CARTESIAN_POINT('',(-76.7,-2.233929668666,-178.8));
#5654 = DIRECTION('',(1.,0.,0.));
#5655 = DIRECTION('',(0.,-1.110223024625E-16,-1.));
#5656 = ADVANCED_FACE('',(#5657),#5668,.F.);
#5657 = FACE_BOUND('',#5658,.F.);
#5658 = EDGE_LOOP('',(#5659,#5660,#5666,#5667));
#5659 = ORIENTED_EDGE('',*,*,#3188,.F.);
#5660 = ORIENTED_EDGE('',*,*,#5661,.T.);
#5661 = EDGE_CURVE('',#283,#259,#5662,.T.);
#5662 = LINE('',#5663,#5664);
#5663 = CARTESIAN_POINT('',(-76.7,-2.233929668666,-178.8));
#5664 = VECTOR('',#5665,1.);
#5665 = DIRECTION('',(0.,-1.,1.110223024625E-16));
#5666 = ORIENTED_EDGE('',*,*,#3038,.F.);
#5667 = ORIENTED_EDGE('',*,*,#4810,.F.);
#5668 = PLANE('',#5669);
#5669 = AXIS2_PLACEMENT_3D('',#5670,#5671,#5672);
#5670 = CARTESIAN_POINT('',(-76.7,-2.233929668666,-178.8));
#5671 = DIRECTION('',(1.,0.,0.));
#5672 = DIRECTION('',(0.,-1.110223024625E-16,-1.));
#5673 = ADVANCED_FACE('',(#5674),#5685,.F.);
#5674 = FACE_BOUND('',#5675,.F.);
#5675 = EDGE_LOOP('',(#5676,#5677,#5683,#5684));
#5676 = ORIENTED_EDGE('',*,*,#3516,.F.);
#5677 = ORIENTED_EDGE('',*,*,#5678,.T.);
#5678 = EDGE_CURVE('',#315,#291,#5679,.T.);
#5679 = LINE('',#5680,#5681);
#5680 = CARTESIAN_POINT('',(-76.7,-2.233929668666,-178.8));
#5681 = VECTOR('',#5682,1.);
#5682 = DIRECTION('',(0.,-1.,1.110223024625E-16));
#5683 = ORIENTED_EDGE('',*,*,#3461,.F.);
#5684 = ORIENTED_EDGE('',*,*,#4821,.F.);
#5685 = PLANE('',#5686);
#5686 = AXIS2_PLACEMENT_3D('',#5687,#5688,#5689);
#5687 = CARTESIAN_POINT('',(-76.7,-2.233929668666,-178.8));
#5688 = DIRECTION('',(1.,0.,0.));
#5689 = DIRECTION('',(0.,-1.110223024625E-16,-1.));
#5690 = ADVANCED_FACE('',(#5691),#5711,.T.);
#5691 = FACE_BOUND('',#5692,.T.);
#5692 = EDGE_LOOP('',(#5693,#5702,#5709,#5710));
#5693 = ORIENTED_EDGE('',*,*,#5694,.F.);
#5694 = EDGE_CURVE('',#5695,#5612,#5697,.T.);
#5695 = VERTEX_POINT('',#5696);
#5696 = CARTESIAN_POINT('',(-83.5,15.,-157.1842675215));
#5697 = ELLIPSE('',#5698,11.313708498985,8.);
#5698 = AXIS2_PLACEMENT_3D('',#5699,#5700,#5701);
#5699 = CARTESIAN_POINT('',(-83.5,7.,-157.1842675215));
#5700 = DIRECTION('',(0.707106781187,-2.385046229342E-16,-0.707106781187
    ));
#5701 = DIRECTION('',(-0.707106781187,-2.385046229342E-16,
    -0.707106781187));
#5702 = ORIENTED_EDGE('',*,*,#5703,.T.);
#5703 = EDGE_CURVE('',#5695,#3630,#5704,.T.);
#5704 = ELLIPSE('',#5705,9.614803401237,8.);
#5705 = AXIS2_PLACEMENT_3D('',#5706,#5707,#5708);
#5706 = CARTESIAN_POINT('',(-83.5,7.,-157.1842675215));
#5707 = DIRECTION('',(0.832050294338,-6.158409296133E-17,-0.554700196225
    ));
#5708 = DIRECTION('',(0.554700196225,9.2376139442E-17,0.832050294338));
#5709 = ORIENTED_EDGE('',*,*,#3638,.T.);
#5710 = ORIENTED_EDGE('',*,*,#5620,.F.);
#5711 = CYLINDRICAL_SURFACE('',#5712,8.);
#5712 = AXIS2_PLACEMENT_3D('',#5713,#5714,#5715);
#5713 = CARTESIAN_POINT('',(-75.,7.,-157.1842675215));
#5714 = DIRECTION('',(1.,0.,0.));
#5715 = DIRECTION('',(0.,1.110223024625E-16,1.));
#5716 = ADVANCED_FACE('',(#5717),#5727,.F.);
#5717 = FACE_BOUND('',#5718,.F.);
#5718 = EDGE_LOOP('',(#5719,#5725,#5726));
#5719 = ORIENTED_EDGE('',*,*,#5720,.F.);
#5720 = EDGE_CURVE('',#5695,#3622,#5721,.T.);
#5721 = LINE('',#5722,#5723);
#5722 = CARTESIAN_POINT('',(-83.5,15.,-157.1842675215));
#5723 = VECTOR('',#5724,1.);
#5724 = DIRECTION('',(0.,-1.,1.110223024625E-16));
#5725 = ORIENTED_EDGE('',*,*,#5703,.T.);
#5726 = ORIENTED_EDGE('',*,*,#3629,.F.);
#5727 = PLANE('',#5728);
#5728 = AXIS2_PLACEMENT_3D('',#5729,#5730,#5731);
#5729 = CARTESIAN_POINT('',(-79.5,15.,-151.1842675215));
#5730 = DIRECTION('',(0.832050294338,-6.158409296133E-17,-0.554700196225
    ));
#5731 = DIRECTION('',(-0.554700196225,-9.2376139442E-17,-0.832050294338)
  );
#5732 = ADVANCED_FACE('',(#5733),#5751,.F.);
#5733 = FACE_BOUND('',#5734,.F.);
#5734 = EDGE_LOOP('',(#5735,#5743,#5744,#5745));
#5735 = ORIENTED_EDGE('',*,*,#5736,.F.);
#5736 = EDGE_CURVE('',#5695,#5737,#5739,.T.);
#5737 = VERTEX_POINT('',#5738);
#5738 = CARTESIAN_POINT('',(-196.5,15.,-157.1842675215));
#5739 = LINE('',#5740,#5741);
#5740 = CARTESIAN_POINT('',(-75.,15.,-157.1842675215));
#5741 = VECTOR('',#5742,1.);
#5742 = DIRECTION('',(-1.,0.,-0.));
#5743 = ORIENTED_EDGE('',*,*,#5720,.T.);
#5744 = ORIENTED_EDGE('',*,*,#3726,.T.);
#5745 = ORIENTED_EDGE('',*,*,#5746,.F.);
#5746 = EDGE_CURVE('',#5737,#3719,#5747,.T.);
#5747 = LINE('',#5748,#5749);
#5748 = CARTESIAN_POINT('',(-196.5,15.,-157.1842675215));
#5749 = VECTOR('',#5750,1.);
#5750 = DIRECTION('',(0.,-1.,1.110223024625E-16));
#5751 = PLANE('',#5752);
#5752 = AXIS2_PLACEMENT_3D('',#5753,#5754,#5755);
#5753 = CARTESIAN_POINT('',(-83.5,15.,-157.1842675215));
#5754 = DIRECTION('',(0.,-1.110223024625E-16,-1.));
#5755 = DIRECTION('',(-1.,0.,0.));
#5756 = ADVANCED_FACE('',(#5757),#5782,.F.);
#5757 = FACE_BOUND('',#5758,.F.);
#5758 = EDGE_LOOP('',(#5759,#5760,#5768,#5776));
#5759 = ORIENTED_EDGE('',*,*,#3741,.F.);
#5760 = ORIENTED_EDGE('',*,*,#5761,.T.);
#5761 = EDGE_CURVE('',#3742,#5762,#5764,.T.);
#5762 = VERTEX_POINT('',#5763);
#5763 = CARTESIAN_POINT('',(-197.8,-32.,-151.5));
#5764 = LINE('',#5765,#5766);
#5765 = CARTESIAN_POINT('',(-203.3,-32.,-151.5));
#5766 = VECTOR('',#5767,1.);
#5767 = DIRECTION('',(1.,0.,0.));
#5768 = ORIENTED_EDGE('',*,*,#5769,.T.);
#5769 = EDGE_CURVE('',#5762,#5770,#5772,.T.);
#5770 = VERTEX_POINT('',#5771);
#5771 = CARTESIAN_POINT('',(-197.8,-34.15,-151.5));
#5772 = LINE('',#5773,#5774);
#5773 = CARTESIAN_POINT('',(-197.8,-32.,-151.5));
#5774 = VECTOR('',#5775,1.);
#5775 = DIRECTION('',(0.,-1.,1.110223024625E-16));
#5776 = ORIENTED_EDGE('',*,*,#5777,.T.);
#5777 = EDGE_CURVE('',#5770,#3744,#5778,.T.);
#5778 = LINE('',#5779,#5780);
#5779 = CARTESIAN_POINT('',(-197.8,-34.15,-151.5));
#5780 = VECTOR('',#5781,1.);
#5781 = DIRECTION('',(-1.,0.,0.));
#5782 = PLANE('',#5783);
#5783 = AXIS2_PLACEMENT_3D('',#5784,#5785,#5786);
#5784 = CARTESIAN_POINT('',(-203.3,-32.,-151.5));
#5785 = DIRECTION('',(0.,-1.110223024625E-16,-1.));
#5786 = DIRECTION('',(0.,-1.,1.110223024625E-16));
#5787 = ADVANCED_FACE('',(#5788),#5816,.T.);
#5788 = FACE_BOUND('',#5789,.T.);
#5789 = EDGE_LOOP('',(#5790,#5798,#5799,#5800,#5808));
#5790 = ORIENTED_EDGE('',*,*,#5791,.F.);
#5791 = EDGE_CURVE('',#5770,#5792,#5794,.T.);
#5792 = VERTEX_POINT('',#5793);
#5793 = CARTESIAN_POINT('',(-197.8,-34.90780804299,-152.2578080429));
#5794 = LINE('',#5795,#5796);
#5795 = CARTESIAN_POINT('',(-197.8,-36.14095470415,-153.4909547041));
#5796 = VECTOR('',#5797,1.);
#5797 = DIRECTION('',(0.,-0.707106781187,-0.707106781187));
#5798 = ORIENTED_EDGE('',*,*,#5777,.T.);
#5799 = ORIENTED_EDGE('',*,*,#3751,.T.);
#5800 = ORIENTED_EDGE('',*,*,#5801,.F.);
#5801 = EDGE_CURVE('',#5802,#3752,#5804,.T.);
#5802 = VERTEX_POINT('',#5803);
#5803 = CARTESIAN_POINT('',(-198.1370142975,-35.15,-152.5));
#5804 = LINE('',#5805,#5806);
#5805 = CARTESIAN_POINT('',(-197.8,-35.15,-152.5));
#5806 = VECTOR('',#5807,1.);
#5807 = DIRECTION('',(-1.,0.,0.));
#5808 = ORIENTED_EDGE('',*,*,#5809,.T.);
#5809 = EDGE_CURVE('',#5802,#5792,#5810,.T.);
#5810 = B_SPLINE_CURVE_WITH_KNOTS('',4,(#5811,#5812,#5813,#5814,#5815),
  .UNSPECIFIED.,.F.,.F.,(5,5),(0.,1.),.PIECEWISE_BEZIER_KNOTS.);
#5811 = CARTESIAN_POINT('',(-198.1370142975,-35.15,-152.5));
#5812 = CARTESIAN_POINT('',(-198.0528369481,-35.08936754012,
    -152.4393675401));
#5813 = CARTESIAN_POINT('',(-197.9686009008,-35.02879886553,
    -152.3787988655));
#5814 = CARTESIAN_POINT('',(-197.8843194974,-34.96828154363,
    -152.3182815436));
#5815 = CARTESIAN_POINT('',(-197.8,-34.90780804299,-152.2578080429));
#5816 = PLANE('',#5817);
#5817 = AXIS2_PLACEMENT_3D('',#5818,#5819,#5820);
#5818 = CARTESIAN_POINT('',(-197.8,-34.65,-152.));
#5819 = DIRECTION('',(0.,-0.707106781187,0.707106781187));
#5820 = DIRECTION('',(-1.,0.,0.));
#5821 = ADVANCED_FACE('',(#5822),#5848,.F.);
#5822 = FACE_BOUND('',#5823,.F.);
#5823 = EDGE_LOOP('',(#5824,#5832,#5840,#5846,#5847));
#5824 = ORIENTED_EDGE('',*,*,#5825,.T.);
#5825 = EDGE_CURVE('',#3842,#5826,#5828,.T.);
#5826 = VERTEX_POINT('',#5827);
#5827 = CARTESIAN_POINT('',(-202.8,-32.,-161.5));
#5828 = LINE('',#5829,#5830);
#5829 = CARTESIAN_POINT('',(-203.3,-32.,-161.5));
#5830 = VECTOR('',#5831,1.);
#5831 = DIRECTION('',(1.,0.,0.));
#5832 = ORIENTED_EDGE('',*,*,#5833,.T.);
#5833 = EDGE_CURVE('',#5826,#5834,#5836,.T.);
#5834 = VERTEX_POINT('',#5835);
#5835 = CARTESIAN_POINT('',(-197.8,-32.,-158.5));
#5836 = LINE('',#5837,#5838);
#5837 = CARTESIAN_POINT('',(-201.7338235294,-32.,-160.8602941176));
#5838 = VECTOR('',#5839,1.);
#5839 = DIRECTION('',(0.857492925713,5.712050337476E-17,0.514495755428)
  );
#5840 = ORIENTED_EDGE('',*,*,#5841,.T.);
#5841 = EDGE_CURVE('',#5834,#5762,#5842,.T.);
#5842 = LINE('',#5843,#5844);
#5843 = CARTESIAN_POINT('',(-197.8,-32.,-161.5));
#5844 = VECTOR('',#5845,1.);
#5845 = DIRECTION('',(0.,1.110223024625E-16,1.));
#5846 = ORIENTED_EDGE('',*,*,#5761,.F.);
#5847 = ORIENTED_EDGE('',*,*,#3849,.F.);
#5848 = PLANE('',#5849);
#5849 = AXIS2_PLACEMENT_3D('',#5850,#5851,#5852);
#5850 = CARTESIAN_POINT('',(-203.3,-32.,-161.5));
#5851 = DIRECTION('',(0.,-1.,1.110223024625E-16));
#5852 = DIRECTION('',(0.,1.110223024625E-16,1.));
#5853 = ADVANCED_FACE('',(#5854),#5873,.F.);
#5854 = FACE_BOUND('',#5855,.F.);
#5855 = EDGE_LOOP('',(#5856,#5857,#5866,#5872));
#5856 = ORIENTED_EDGE('',*,*,#5801,.F.);
#5857 = ORIENTED_EDGE('',*,*,#5858,.F.);
#5858 = EDGE_CURVE('',#5859,#5802,#5861,.T.);
#5859 = VERTEX_POINT('',#5860);
#5860 = CARTESIAN_POINT('',(-198.8,-35.15,-153.3864471274));
#5861 = HYPERBOLA('',#5862,1.35,1.35);
#5862 = AXIS2_PLACEMENT_3D('',#5863,#5864,#5865);
#5863 = CARTESIAN_POINT('',(-200.55,-35.15,-154.5));
#5864 = DIRECTION('',(0.,-1.,3.310223024625E-16));
#5865 = DIRECTION('',(1.,0.,0.));
#5866 = ORIENTED_EDGE('',*,*,#5867,.F.);
#5867 = EDGE_CURVE('',#3760,#5859,#5868,.T.);
#5868 = LINE('',#5869,#5870);
#5869 = CARTESIAN_POINT('',(-75.,-35.15,-153.3864471274));
#5870 = VECTOR('',#5871,1.);
#5871 = DIRECTION('',(1.,0.,0.));
#5872 = ORIENTED_EDGE('',*,*,#3759,.F.);
#5873 = PLANE('',#5874);
#5874 = AXIS2_PLACEMENT_3D('',#5875,#5876,#5877);
#5875 = CARTESIAN_POINT('',(-197.8,-35.15,-151.5));
#5876 = DIRECTION('',(-0.,1.,-3.310223024625E-16));
#5877 = DIRECTION('',(-1.,0.,0.));
#5878 = ADVANCED_FACE('',(#5879),#5897,.F.);
#5879 = FACE_BOUND('',#5880,.F.);
#5880 = EDGE_LOOP('',(#5881,#5889,#5895,#5896));
#5881 = ORIENTED_EDGE('',*,*,#5882,.T.);
#5882 = EDGE_CURVE('',#3834,#5883,#5885,.T.);
#5883 = VERTEX_POINT('',#5884);
#5884 = CARTESIAN_POINT('',(-202.8,-41.,-161.5));
#5885 = LINE('',#5886,#5887);
#5886 = CARTESIAN_POINT('',(-203.3,-41.,-161.5));
#5887 = VECTOR('',#5888,1.);
#5888 = DIRECTION('',(1.,0.,0.));
#5889 = ORIENTED_EDGE('',*,*,#5890,.T.);
#5890 = EDGE_CURVE('',#5883,#5826,#5891,.T.);
#5891 = LINE('',#5892,#5893);
#5892 = CARTESIAN_POINT('',(-202.8,-41.,-161.5));
#5893 = VECTOR('',#5894,1.);
#5894 = DIRECTION('',(0.,1.,-1.110223024625E-16));
#5895 = ORIENTED_EDGE('',*,*,#5825,.F.);
#5896 = ORIENTED_EDGE('',*,*,#3841,.F.);
#5897 = PLANE('',#5898);
#5898 = AXIS2_PLACEMENT_3D('',#5899,#5900,#5901);
#5899 = CARTESIAN_POINT('',(-203.3,-41.,-161.5));
#5900 = DIRECTION('',(0.,1.110223024625E-16,1.));
#5901 = DIRECTION('',(0.,1.,-1.110223024625E-16));
#5902 = ADVANCED_FACE('',(#5903),#5922,.F.);
#5903 = FACE_BOUND('',#5904,.F.);
#5904 = EDGE_LOOP('',(#5905,#5913,#5914,#5915));
#5905 = ORIENTED_EDGE('',*,*,#5906,.F.);
#5906 = EDGE_CURVE('',#3768,#5907,#5909,.T.);
#5907 = VERTEX_POINT('',#5908);
#5908 = CARTESIAN_POINT('',(-198.8,-35.15,-155.6135528725));
#5909 = LINE('',#5910,#5911);
#5910 = CARTESIAN_POINT('',(-75.,-35.15,-155.6135528725));
#5911 = VECTOR('',#5912,1.);
#5912 = DIRECTION('',(1.,0.,0.));
#5913 = ORIENTED_EDGE('',*,*,#3767,.T.);
#5914 = ORIENTED_EDGE('',*,*,#5867,.T.);
#5915 = ORIENTED_EDGE('',*,*,#5916,.F.);
#5916 = EDGE_CURVE('',#5907,#5859,#5917,.T.);
#5917 = CIRCLE('',#5918,1.75);
#5918 = AXIS2_PLACEMENT_3D('',#5919,#5920,#5921);
#5919 = CARTESIAN_POINT('',(-198.8,-36.5,-154.5));
#5920 = DIRECTION('',(1.,-0.,0.));
#5921 = DIRECTION('',(0.,0.771428571429,-0.636315927181));
#5922 = CYLINDRICAL_SURFACE('',#5923,1.75);
#5923 = AXIS2_PLACEMENT_3D('',#5924,#5925,#5926);
#5924 = CARTESIAN_POINT('',(-75.,-36.5,-154.5));
#5925 = DIRECTION('',(1.,0.,0.));
#5926 = DIRECTION('',(0.,1.110223024625E-16,1.));
#5927 = ADVANCED_FACE('',(#5928),#5954,.F.);
#5928 = FACE_BOUND('',#5929,.F.);
#5929 = EDGE_LOOP('',(#5930,#5931,#5932,#5940,#5948));
#5930 = ORIENTED_EDGE('',*,*,#5882,.F.);
#5931 = ORIENTED_EDGE('',*,*,#3833,.F.);
#5932 = ORIENTED_EDGE('',*,*,#5933,.T.);
#5933 = EDGE_CURVE('',#3826,#5934,#5936,.T.);
#5934 = VERTEX_POINT('',#5935);
#5935 = CARTESIAN_POINT('',(-197.8,-41.,-151.5));
#5936 = LINE('',#5937,#5938);
#5937 = CARTESIAN_POINT('',(-203.3,-41.,-151.5));
#5938 = VECTOR('',#5939,1.);
#5939 = DIRECTION('',(1.,0.,0.));
#5940 = ORIENTED_EDGE('',*,*,#5941,.T.);
#5941 = EDGE_CURVE('',#5934,#5942,#5944,.T.);
#5942 = VERTEX_POINT('',#5943);
#5943 = CARTESIAN_POINT('',(-197.8,-41.,-158.5));
#5944 = LINE('',#5945,#5946);
#5945 = CARTESIAN_POINT('',(-197.8,-41.,-151.5));
#5946 = VECTOR('',#5947,1.);
#5947 = DIRECTION('',(0.,-1.110223024625E-16,-1.));
#5948 = ORIENTED_EDGE('',*,*,#5949,.F.);
#5949 = EDGE_CURVE('',#5883,#5942,#5950,.T.);
#5950 = LINE('',#5951,#5952);
#5951 = CARTESIAN_POINT('',(-199.5279411764,-41.,-159.5367647058));
#5952 = VECTOR('',#5953,1.);
#5953 = DIRECTION('',(0.857492925713,5.712050337476E-17,0.514495755428)
  );
#5954 = PLANE('',#5955);
#5955 = AXIS2_PLACEMENT_3D('',#5956,#5957,#5958);
#5956 = CARTESIAN_POINT('',(-203.3,-41.,-151.5));
#5957 = DIRECTION('',(0.,1.,-1.110223024625E-16));
#5958 = DIRECTION('',(0.,-1.110223024625E-16,-1.));
#5959 = ADVANCED_FACE('',(#5960),#5987,.F.);
#5960 = FACE_BOUND('',#5961,.F.);
#5961 = EDGE_LOOP('',(#5962,#5963,#5972,#5980,#5986));
#5962 = ORIENTED_EDGE('',*,*,#5906,.T.);
#5963 = ORIENTED_EDGE('',*,*,#5964,.T.);
#5964 = EDGE_CURVE('',#5907,#5965,#5967,.T.);
#5965 = VERTEX_POINT('',#5966);
#5966 = CARTESIAN_POINT('',(-197.8,-35.15,-156.8958297101));
#5967 = HYPERBOLA('',#5968,1.35,1.35);
#5968 = AXIS2_PLACEMENT_3D('',#5969,#5970,#5971);
#5969 = CARTESIAN_POINT('',(-200.55,-35.15,-154.5));
#5970 = DIRECTION('',(0.,1.,-3.310223024625E-16));
#5971 = DIRECTION('',(1.,0.,0.));
#5972 = ORIENTED_EDGE('',*,*,#5973,.T.);
#5973 = EDGE_CURVE('',#5965,#5974,#5976,.T.);
#5974 = VERTEX_POINT('',#5975);
#5975 = CARTESIAN_POINT('',(-197.8,-35.15,-157.5));
#5976 = LINE('',#5977,#5978);
#5977 = CARTESIAN_POINT('',(-197.8,-35.15,-151.5));
#5978 = VECTOR('',#5979,1.);
#5979 = DIRECTION('',(0.,-3.310223024625E-16,-1.));
#5980 = ORIENTED_EDGE('',*,*,#5981,.T.);
#5981 = EDGE_CURVE('',#5974,#3777,#5982,.T.);
#5982 = LINE('',#5983,#5984);
#5983 = CARTESIAN_POINT('',(-197.8,-35.15,-157.5));
#5984 = VECTOR('',#5985,1.);
#5985 = DIRECTION('',(-1.,0.,0.));
#5986 = ORIENTED_EDGE('',*,*,#3776,.F.);
#5987 = PLANE('',#5988);
#5988 = AXIS2_PLACEMENT_3D('',#5989,#5990,#5991);
#5989 = CARTESIAN_POINT('',(-197.8,-35.15,-151.5));
#5990 = DIRECTION('',(-0.,1.,-3.310223024625E-16));
#5991 = DIRECTION('',(-1.,0.,0.));
#5992 = ADVANCED_FACE('',(#5993),#6011,.F.);
#5993 = FACE_BOUND('',#5994,.F.);
#5994 = EDGE_LOOP('',(#5995,#5996,#6004,#6010));
#5995 = ORIENTED_EDGE('',*,*,#3825,.F.);
#5996 = ORIENTED_EDGE('',*,*,#5997,.T.);
#5997 = EDGE_CURVE('',#3818,#5998,#6000,.T.);
#5998 = VERTEX_POINT('',#5999);
#5999 = CARTESIAN_POINT('',(-197.8,-38.85,-151.5));
#6000 = LINE('',#6001,#6002);
#6001 = CARTESIAN_POINT('',(-203.3,-38.85,-151.5));
#6002 = VECTOR('',#6003,1.);
#6003 = DIRECTION('',(1.,0.,0.));
#6004 = ORIENTED_EDGE('',*,*,#6005,.T.);
#6005 = EDGE_CURVE('',#5998,#5934,#6006,.T.);
#6006 = LINE('',#6007,#6008);
#6007 = CARTESIAN_POINT('',(-197.8,-32.,-151.5));
#6008 = VECTOR('',#6009,1.);
#6009 = DIRECTION('',(0.,-1.,1.110223024625E-16));
#6010 = ORIENTED_EDGE('',*,*,#5933,.F.);
#6011 = PLANE('',#6012);
#6012 = AXIS2_PLACEMENT_3D('',#6013,#6014,#6015);
#6013 = CARTESIAN_POINT('',(-203.3,-32.,-151.5));
#6014 = DIRECTION('',(0.,-1.110223024625E-16,-1.));
#6015 = DIRECTION('',(0.,-1.,1.110223024625E-16));
#6016 = ADVANCED_FACE('',(#6017),#6035,.T.);
#6017 = FACE_BOUND('',#6018,.T.);
#6018 = EDGE_LOOP('',(#6019,#6027,#6028,#6029));
#6019 = ORIENTED_EDGE('',*,*,#6020,.T.);
#6020 = EDGE_CURVE('',#6021,#5974,#6023,.T.);
#6021 = VERTEX_POINT('',#6022);
#6022 = CARTESIAN_POINT('',(-197.8,-37.85,-157.5));
#6023 = LINE('',#6024,#6025);
#6024 = CARTESIAN_POINT('',(-197.8,-37.85,-157.5));
#6025 = VECTOR('',#6026,1.);
#6026 = DIRECTION('',(0.,1.,-1.110223024625E-16));
#6027 = ORIENTED_EDGE('',*,*,#5981,.T.);
#6028 = ORIENTED_EDGE('',*,*,#3784,.T.);
#6029 = ORIENTED_EDGE('',*,*,#6030,.T.);
#6030 = EDGE_CURVE('',#3785,#6021,#6031,.T.);
#6031 = LINE('',#6032,#6033);
#6032 = CARTESIAN_POINT('',(-203.3,-37.85,-157.5));
#6033 = VECTOR('',#6034,1.);
#6034 = DIRECTION('',(1.,0.,0.));
#6035 = PLANE('',#6036);
#6036 = AXIS2_PLACEMENT_3D('',#6037,#6038,#6039);
#6037 = CARTESIAN_POINT('',(-140.,-36.5,-157.5));
#6038 = DIRECTION('',(0.,1.110223024625E-16,1.));
#6039 = DIRECTION('',(0.,-1.,1.110223024625E-16));
#6040 = ADVANCED_FACE('',(#6041),#6069,.T.);
#6041 = FACE_BOUND('',#6042,.T.);
#6042 = EDGE_LOOP('',(#6043,#6051,#6052,#6053,#6061));
#6043 = ORIENTED_EDGE('',*,*,#6044,.F.);
#6044 = EDGE_CURVE('',#3810,#6045,#6047,.T.);
#6045 = VERTEX_POINT('',#6046);
#6046 = CARTESIAN_POINT('',(-198.1370142975,-37.85,-152.5));
#6047 = LINE('',#6048,#6049);
#6048 = CARTESIAN_POINT('',(-203.3,-37.85,-152.5));
#6049 = VECTOR('',#6050,1.);
#6050 = DIRECTION('',(1.,0.,0.));
#6051 = ORIENTED_EDGE('',*,*,#3817,.F.);
#6052 = ORIENTED_EDGE('',*,*,#5997,.T.);
#6053 = ORIENTED_EDGE('',*,*,#6054,.T.);
#6054 = EDGE_CURVE('',#5998,#6055,#6057,.T.);
#6055 = VERTEX_POINT('',#6056);
#6056 = CARTESIAN_POINT('',(-197.8,-38.092191957,-152.2578080429));
#6057 = LINE('',#6058,#6059);
#6058 = CARTESIAN_POINT('',(-197.8,-36.85904529584,-153.4909547041));
#6059 = VECTOR('',#6060,1.);
#6060 = DIRECTION('',(0.,0.707106781187,-0.707106781187));
#6061 = ORIENTED_EDGE('',*,*,#6062,.F.);
#6062 = EDGE_CURVE('',#6045,#6055,#6063,.T.);
#6063 = B_SPLINE_CURVE_WITH_KNOTS('',4,(#6064,#6065,#6066,#6067,#6068),
  .UNSPECIFIED.,.F.,.F.,(5,5),(0.,1.),.PIECEWISE_BEZIER_KNOTS.);
#6064 = CARTESIAN_POINT('',(-198.1370142975,-37.85,-152.5));
#6065 = CARTESIAN_POINT('',(-198.0528369481,-37.9106324599,-152.43936754
    ));
#6066 = CARTESIAN_POINT('',(-197.968600901,-37.97120113544,
    -152.3787988645));
#6067 = CARTESIAN_POINT('',(-197.8843194976,-38.03171845623,
    -152.3182815437));
#6068 = CARTESIAN_POINT('',(-197.8,-38.092191957,-152.2578080429));
#6069 = PLANE('',#6070);
#6070 = AXIS2_PLACEMENT_3D('',#6071,#6072,#6073);
#6071 = CARTESIAN_POINT('',(-203.3,-38.35,-152.));
#6072 = DIRECTION('',(0.,0.707106781187,0.707106781187));
#6073 = DIRECTION('',(1.,0.,0.));
#6074 = ADVANCED_FACE('',(#6075),#6102,.F.);
#6075 = FACE_BOUND('',#6076,.F.);
#6076 = EDGE_LOOP('',(#6077,#6085,#6086,#6087,#6095));
#6077 = ORIENTED_EDGE('',*,*,#6078,.F.);
#6078 = EDGE_CURVE('',#3793,#6079,#6081,.T.);
#6079 = VERTEX_POINT('',#6080);
#6080 = CARTESIAN_POINT('',(-198.8,-37.85,-155.6135528725));
#6081 = LINE('',#6082,#6083);
#6082 = CARTESIAN_POINT('',(-75.,-37.85,-155.6135528725));
#6083 = VECTOR('',#6084,1.);
#6084 = DIRECTION('',(1.,0.,0.));
#6085 = ORIENTED_EDGE('',*,*,#3792,.T.);
#6086 = ORIENTED_EDGE('',*,*,#6030,.T.);
#6087 = ORIENTED_EDGE('',*,*,#6088,.F.);
#6088 = EDGE_CURVE('',#6089,#6021,#6091,.T.);
#6089 = VERTEX_POINT('',#6090);
#6090 = CARTESIAN_POINT('',(-197.8,-37.85,-156.8958297101));
#6091 = LINE('',#6092,#6093);
#6092 = CARTESIAN_POINT('',(-197.8,-37.85,-151.5));
#6093 = VECTOR('',#6094,1.);
#6094 = DIRECTION('',(0.,-3.310223024625E-16,-1.));
#6095 = ORIENTED_EDGE('',*,*,#6096,.F.);
#6096 = EDGE_CURVE('',#6079,#6089,#6097,.T.);
#6097 = HYPERBOLA('',#6098,1.35,1.35);
#6098 = AXIS2_PLACEMENT_3D('',#6099,#6100,#6101);
#6099 = CARTESIAN_POINT('',(-200.55,-37.85,-154.5));
#6100 = DIRECTION('',(0.,1.,-3.310223024625E-16));
#6101 = DIRECTION('',(1.,0.,0.));
#6102 = PLANE('',#6103);
#6103 = AXIS2_PLACEMENT_3D('',#6104,#6105,#6106);
#6104 = CARTESIAN_POINT('',(-203.3,-37.85,-151.5));
#6105 = DIRECTION('',(0.,-1.,3.310223024625E-16));
#6106 = DIRECTION('',(1.,0.,0.));
#6107 = ADVANCED_FACE('',(#6108),#6127,.F.);
#6108 = FACE_BOUND('',#6109,.F.);
#6109 = EDGE_LOOP('',(#6110,#6111,#6112,#6120));
#6110 = ORIENTED_EDGE('',*,*,#6044,.F.);
#6111 = ORIENTED_EDGE('',*,*,#3809,.T.);
#6112 = ORIENTED_EDGE('',*,*,#6113,.T.);
#6113 = EDGE_CURVE('',#3801,#6114,#6116,.T.);
#6114 = VERTEX_POINT('',#6115);
#6115 = CARTESIAN_POINT('',(-198.8,-37.85,-153.3864471274));
#6116 = LINE('',#6117,#6118);
#6117 = CARTESIAN_POINT('',(-75.,-37.85,-153.3864471274));
#6118 = VECTOR('',#6119,1.);
#6119 = DIRECTION('',(1.,0.,0.));
#6120 = ORIENTED_EDGE('',*,*,#6121,.T.);
#6121 = EDGE_CURVE('',#6114,#6045,#6122,.T.);
#6122 = HYPERBOLA('',#6123,1.35,1.35);
#6123 = AXIS2_PLACEMENT_3D('',#6124,#6125,#6126);
#6124 = CARTESIAN_POINT('',(-200.55,-37.85,-154.5));
#6125 = DIRECTION('',(0.,-1.,3.310223024625E-16));
#6126 = DIRECTION('',(1.,0.,0.));
#6127 = PLANE('',#6128);
#6128 = AXIS2_PLACEMENT_3D('',#6129,#6130,#6131);
#6129 = CARTESIAN_POINT('',(-203.3,-37.85,-151.5));
#6130 = DIRECTION('',(0.,-1.,3.310223024625E-16));
#6131 = DIRECTION('',(1.,0.,0.));
#6132 = ADVANCED_FACE('',(#6133),#6145,.F.);
#6133 = FACE_BOUND('',#6134,.F.);
#6134 = EDGE_LOOP('',(#6135,#6136,#6137,#6138));
#6135 = ORIENTED_EDGE('',*,*,#6113,.F.);
#6136 = ORIENTED_EDGE('',*,*,#3800,.T.);
#6137 = ORIENTED_EDGE('',*,*,#6078,.T.);
#6138 = ORIENTED_EDGE('',*,*,#6139,.F.);
#6139 = EDGE_CURVE('',#6114,#6079,#6140,.T.);
#6140 = CIRCLE('',#6141,1.75);
#6141 = AXIS2_PLACEMENT_3D('',#6142,#6143,#6144);
#6142 = CARTESIAN_POINT('',(-198.8,-36.5,-154.5));
#6143 = DIRECTION('',(1.,0.,0.));
#6144 = DIRECTION('',(0.,-0.771428571429,0.636315927181));
#6145 = CYLINDRICAL_SURFACE('',#6146,1.75);
#6146 = AXIS2_PLACEMENT_3D('',#6147,#6148,#6149);
#6147 = CARTESIAN_POINT('',(-75.,-36.5,-154.5));
#6148 = DIRECTION('',(1.,0.,0.));
#6149 = DIRECTION('',(0.,1.110223024625E-16,1.));
#6150 = ADVANCED_FACE('',(#6151),#6186,.T.);
#6151 = FACE_BOUND('',#6152,.T.);
#6152 = EDGE_LOOP('',(#6153,#6154,#6162,#6171,#6179,#6185));
#6153 = ORIENTED_EDGE('',*,*,#4033,.F.);
#6154 = ORIENTED_EDGE('',*,*,#6155,.T.);
#6155 = EDGE_CURVE('',#3997,#6156,#6158,.T.);
#6156 = VERTEX_POINT('',#6157);
#6157 = CARTESIAN_POINT('',(-204.2274066103,9.07055236082,
    -149.4568609112));
#6158 = LINE('',#6159,#6160);
#6159 = CARTESIAN_POINT('',(-75.,9.07055236082,-149.4568609112));
#6160 = VECTOR('',#6161,1.);
#6161 = DIRECTION('',(-1.,0.,-0.));
#6162 = ORIENTED_EDGE('',*,*,#6163,.T.);
#6163 = EDGE_CURVE('',#6156,#6164,#6166,.T.);
#6164 = VERTEX_POINT('',#6165);
#6165 = CARTESIAN_POINT('',(-204.5,7.,-148.9020580783));
#6166 = ELLIPSE('',#6167,8.282209443281,8.);
#6167 = AXIS2_PLACEMENT_3D('',#6168,#6169,#6170);
#6168 = CARTESIAN_POINT('',(-196.5,7.,-148.9020580783));
#6169 = DIRECTION('',(0.,0.258819045103,0.965925826289));
#6170 = DIRECTION('',(0.,0.965925826289,-0.258819045103));
#6171 = ORIENTED_EDGE('',*,*,#6172,.F.);
#6172 = EDGE_CURVE('',#6173,#6164,#6175,.T.);
#6173 = VERTEX_POINT('',#6174);
#6174 = CARTESIAN_POINT('',(-204.5,5.789843290181,-148.5777975652));
#6175 = LINE('',#6176,#6177);
#6176 = CARTESIAN_POINT('',(-204.5,-14.90159625878,-143.0335430478));
#6177 = VECTOR('',#6178,1.);
#6178 = DIRECTION('',(0.,0.965925826289,-0.258819045103));
#6179 = ORIENTED_EDGE('',*,*,#6180,.F.);
#6180 = EDGE_CURVE('',#3866,#6173,#6181,.T.);
#6181 = LINE('',#6182,#6183);
#6182 = CARTESIAN_POINT('',(-75.,5.789843290181,-148.5777975652));
#6183 = VECTOR('',#6184,1.);
#6184 = DIRECTION('',(-1.,0.,-0.));
#6185 = ORIENTED_EDGE('',*,*,#3865,.T.);
#6186 = PLANE('',#6187);
#6187 = AXIS2_PLACEMENT_3D('',#6188,#6189,#6190);
#6188 = CARTESIAN_POINT('',(-75.,9.07055236082,-149.4568609112));
#6189 = DIRECTION('',(0.,0.258819045103,0.965925826289));
#6190 = DIRECTION('',(0.,-0.965925826289,0.258819045103));
#6191 = ADVANCED_FACE('',(#6192),#6211,.F.);
#6192 = FACE_BOUND('',#6193,.F.);
#6193 = EDGE_LOOP('',(#6194,#6195,#6203,#6210));
#6194 = ORIENTED_EDGE('',*,*,#3873,.F.);
#6195 = ORIENTED_EDGE('',*,*,#6196,.T.);
#6196 = EDGE_CURVE('',#3874,#6197,#6199,.T.);
#6197 = VERTEX_POINT('',#6198);
#6198 = CARTESIAN_POINT('',(-204.5,-25.70865498103,-117.0792992939));
#6199 = LINE('',#6200,#6201);
#6200 = CARTESIAN_POINT('',(-75.,-25.70865498103,-117.0792992939));
#6201 = VECTOR('',#6202,1.);
#6202 = DIRECTION('',(-1.,0.,-0.));
#6203 = ORIENTED_EDGE('',*,*,#6204,.T.);
#6204 = EDGE_CURVE('',#6197,#6173,#6205,.T.);
#6205 = CIRCLE('',#6206,44.545603449538);
#6206 = AXIS2_PLACEMENT_3D('',#6207,#6208,#6209);
#6207 = CARTESIAN_POINT('',(-204.5,17.319093838506,-105.5500487456));
#6208 = DIRECTION('',(1.,0.,-0.));
#6209 = DIRECTION('',(0.,1.110223024625E-16,1.));
#6210 = ORIENTED_EDGE('',*,*,#6180,.F.);
#6211 = CYLINDRICAL_SURFACE('',#6212,44.545603449538);
#6212 = AXIS2_PLACEMENT_3D('',#6213,#6214,#6215);
#6213 = CARTESIAN_POINT('',(-75.,17.319093838506,-105.5500487456));
#6214 = DIRECTION('',(1.,0.,0.));
#6215 = DIRECTION('',(0.,1.110223024625E-16,1.));
#6216 = ADVANCED_FACE('',(#6217),#6235,.T.);
#6217 = FACE_BOUND('',#6218,.T.);
#6218 = EDGE_LOOP('',(#6219,#6220,#6221,#6229));
#6219 = ORIENTED_EDGE('',*,*,#3882,.T.);
#6220 = ORIENTED_EDGE('',*,*,#6196,.T.);
#6221 = ORIENTED_EDGE('',*,*,#6222,.F.);
#6222 = EDGE_CURVE('',#6223,#6197,#6225,.T.);
#6223 = VERTEX_POINT('',#6224);
#6224 = CARTESIAN_POINT('',(-204.5,-31.37574065197,-95.92944763918));
#6225 = LINE('',#6226,#6227);
#6226 = CARTESIAN_POINT('',(-204.5,-18.67392000242,-143.3332876519));
#6227 = VECTOR('',#6228,1.);
#6228 = DIRECTION('',(0.,0.258819045103,-0.965925826289));
#6229 = ORIENTED_EDGE('',*,*,#6230,.F.);
#6230 = EDGE_CURVE('',#3883,#6223,#6231,.T.);
#6231 = LINE('',#6232,#6233);
#6232 = CARTESIAN_POINT('',(-75.,-31.37574065197,-95.92944763918));
#6233 = VECTOR('',#6234,1.);
#6234 = DIRECTION('',(-1.,0.,-0.));
#6235 = PLANE('',#6236);
#6236 = AXIS2_PLACEMENT_3D('',#6237,#6238,#6239);
#6237 = CARTESIAN_POINT('',(-75.,-25.70865498103,-117.0792992939));
#6238 = DIRECTION('',(0.,0.965925826289,0.258819045103));
#6239 = DIRECTION('',(0.,-0.258819045103,0.965925826289));
#6240 = ADVANCED_FACE('',(#6241),#6253,.T.);
#6241 = FACE_BOUND('',#6242,.T.);
#6242 = EDGE_LOOP('',(#6243,#6244,#6245,#6252));
#6243 = ORIENTED_EDGE('',*,*,#3890,.F.);
#6244 = ORIENTED_EDGE('',*,*,#6230,.T.);
#6245 = ORIENTED_EDGE('',*,*,#6246,.T.);
#6246 = EDGE_CURVE('',#6223,#4838,#6247,.T.);
#6247 = CIRCLE('',#6248,8.);
#6248 = AXIS2_PLACEMENT_3D('',#6249,#6250,#6251);
#6249 = CARTESIAN_POINT('',(-204.5,-39.10314726228,-98.));
#6250 = DIRECTION('',(1.,0.,-0.));
#6251 = DIRECTION('',(0.,1.110223024625E-16,1.));
#6252 = ORIENTED_EDGE('',*,*,#4837,.F.);
#6253 = CYLINDRICAL_SURFACE('',#6254,8.);
#6254 = AXIS2_PLACEMENT_3D('',#6255,#6256,#6257);
#6255 = CARTESIAN_POINT('',(-75.,-39.10314726228,-98.));
#6256 = DIRECTION('',(1.,0.,0.));
#6257 = DIRECTION('',(0.,1.110223024625E-16,1.));
#6258 = ADVANCED_FACE('',(#6259),#6284,.T.);
#6259 = FACE_BOUND('',#6260,.T.);
#6260 = EDGE_LOOP('',(#6261,#6269,#6277,#6283));
#6261 = ORIENTED_EDGE('',*,*,#6262,.F.);
#6262 = EDGE_CURVE('',#6263,#445,#6265,.T.);
#6263 = VERTEX_POINT('',#6264);
#6264 = CARTESIAN_POINT('',(-204.5,-22.76607033133,-178.8));
#6265 = LINE('',#6266,#6267);
#6266 = CARTESIAN_POINT('',(-140.,-22.76607033133,-178.8));
#6267 = VECTOR('',#6268,1.);
#6268 = DIRECTION('',(1.,0.,0.));
#6269 = ORIENTED_EDGE('',*,*,#6270,.T.);
#6270 = EDGE_CURVE('',#6263,#6271,#6273,.T.);
#6271 = VERTEX_POINT('',#6272);
#6272 = CARTESIAN_POINT('',(-204.5,-22.76607033133,-167.));
#6273 = LINE('',#6274,#6275);
#6274 = CARTESIAN_POINT('',(-204.5,-22.76607033133,-180.));
#6275 = VECTOR('',#6276,1.);
#6276 = DIRECTION('',(0.,3.310223024625E-16,1.));
#6277 = ORIENTED_EDGE('',*,*,#6278,.T.);
#6278 = EDGE_CURVE('',#6271,#3908,#6279,.T.);
#6279 = LINE('',#6280,#6281);
#6280 = CARTESIAN_POINT('',(-204.5,-22.76607033133,-167.));
#6281 = VECTOR('',#6282,1.);
#6282 = DIRECTION('',(1.,0.,0.));
#6283 = ORIENTED_EDGE('',*,*,#3907,.T.);
#6284 = PLANE('',#6285);
#6285 = AXIS2_PLACEMENT_3D('',#6286,#6287,#6288);
#6286 = CARTESIAN_POINT('',(-204.5,-22.76607033133,-180.));
#6287 = DIRECTION('',(0.,1.,-3.310223024625E-16));
#6288 = DIRECTION('',(1.,0.,0.));
#6289 = ADVANCED_FACE('',(#6290),#6308,.F.);
#6290 = FACE_BOUND('',#6291,.F.);
#6291 = EDGE_LOOP('',(#6292,#6293,#6294,#6302));
#6292 = ORIENTED_EDGE('',*,*,#6278,.T.);
#6293 = ORIENTED_EDGE('',*,*,#3915,.T.);
#6294 = ORIENTED_EDGE('',*,*,#6295,.T.);
#6295 = EDGE_CURVE('',#3916,#6296,#6298,.T.);
#6296 = VERTEX_POINT('',#6297);
#6297 = CARTESIAN_POINT('',(-204.5,-21.76607033133,-167.));
#6298 = LINE('',#6299,#6300);
#6299 = CARTESIAN_POINT('',(-178.5,-21.76607033133,-167.));
#6300 = VECTOR('',#6301,1.);
#6301 = DIRECTION('',(-1.,-0.,0.));
#6302 = ORIENTED_EDGE('',*,*,#6303,.T.);
#6303 = EDGE_CURVE('',#6296,#6271,#6304,.T.);
#6304 = LINE('',#6305,#6306);
#6305 = CARTESIAN_POINT('',(-204.5,-21.76607033133,-167.));
#6306 = VECTOR('',#6307,1.);
#6307 = DIRECTION('',(0.,-1.,1.110223024625E-16));
#6308 = PLANE('',#6309);
#6309 = AXIS2_PLACEMENT_3D('',#6310,#6311,#6312);
#6310 = CARTESIAN_POINT('',(-140.,-12.5,-167.));
#6311 = DIRECTION('',(0.,1.110223024625E-16,1.));
#6312 = DIRECTION('',(0.,-1.,1.110223024625E-16));
#6313 = ADVANCED_FACE('',(#6314),#6332,.T.);
#6314 = FACE_BOUND('',#6315,.T.);
#6315 = EDGE_LOOP('',(#6316,#6324,#6325,#6326));
#6316 = ORIENTED_EDGE('',*,*,#6317,.F.);
#6317 = EDGE_CURVE('',#421,#6318,#6320,.T.);
#6318 = VERTEX_POINT('',#6319);
#6319 = CARTESIAN_POINT('',(-204.5,-21.76607033133,-178.8));
#6320 = LINE('',#6321,#6322);
#6321 = CARTESIAN_POINT('',(-191.5,-21.76607033133,-178.8));
#6322 = VECTOR('',#6323,1.);
#6323 = DIRECTION('',(-1.,0.,0.));
#6324 = ORIENTED_EDGE('',*,*,#3923,.T.);
#6325 = ORIENTED_EDGE('',*,*,#6295,.T.);
#6326 = ORIENTED_EDGE('',*,*,#6327,.F.);
#6327 = EDGE_CURVE('',#6318,#6296,#6328,.T.);
#6328 = LINE('',#6329,#6330);
#6329 = CARTESIAN_POINT('',(-204.5,-21.76607033133,-180.));
#6330 = VECTOR('',#6331,1.);
#6331 = DIRECTION('',(0.,3.310223024625E-16,1.));
#6332 = PLANE('',#6333);
#6333 = AXIS2_PLACEMENT_3D('',#6334,#6335,#6336);
#6334 = CARTESIAN_POINT('',(-178.5,-21.76607033133,-180.));
#6335 = DIRECTION('',(0.,-1.,3.310223024625E-16));
#6336 = DIRECTION('',(-1.,0.,0.));
#6337 = ADVANCED_FACE('',(#6338),#6363,.T.);
#6338 = FACE_BOUND('',#6339,.T.);
#6339 = EDGE_LOOP('',(#6340,#6348,#6356,#6362));
#6340 = ORIENTED_EDGE('',*,*,#6341,.F.);
#6341 = EDGE_CURVE('',#6342,#413,#6344,.T.);
#6342 = VERTEX_POINT('',#6343);
#6343 = CARTESIAN_POINT('',(-204.5,-13.,-178.8));
#6344 = LINE('',#6345,#6346);
#6345 = CARTESIAN_POINT('',(-204.5,-13.,-178.8));
#6346 = VECTOR('',#6347,1.);
#6347 = DIRECTION('',(1.,0.,0.));
#6348 = ORIENTED_EDGE('',*,*,#6349,.T.);
#6349 = EDGE_CURVE('',#6342,#6350,#6352,.T.);
#6350 = VERTEX_POINT('',#6351);
#6351 = CARTESIAN_POINT('',(-204.5,-13.,-167.));
#6352 = LINE('',#6353,#6354);
#6353 = CARTESIAN_POINT('',(-204.5,-13.,-180.));
#6354 = VECTOR('',#6355,1.);
#6355 = DIRECTION('',(0.,3.310223024625E-16,1.));
#6356 = ORIENTED_EDGE('',*,*,#6357,.T.);
#6357 = EDGE_CURVE('',#6350,#3931,#6358,.T.);
#6358 = LINE('',#6359,#6360);
#6359 = CARTESIAN_POINT('',(-204.5,-13.,-167.));
#6360 = VECTOR('',#6361,1.);
#6361 = DIRECTION('',(1.,0.,0.));
#6362 = ORIENTED_EDGE('',*,*,#3930,.T.);
#6363 = PLANE('',#6364);
#6364 = AXIS2_PLACEMENT_3D('',#6365,#6366,#6367);
#6365 = CARTESIAN_POINT('',(-204.5,-13.,-180.));
#6366 = DIRECTION('',(0.,1.,-3.310223024625E-16));
#6367 = DIRECTION('',(1.,0.,0.));
#6368 = ADVANCED_FACE('',(#6369),#6387,.F.);
#6369 = FACE_BOUND('',#6370,.F.);
#6370 = EDGE_LOOP('',(#6371,#6372,#6373,#6381));
#6371 = ORIENTED_EDGE('',*,*,#6357,.T.);
#6372 = ORIENTED_EDGE('',*,*,#3938,.T.);
#6373 = ORIENTED_EDGE('',*,*,#6374,.T.);
#6374 = EDGE_CURVE('',#3939,#6375,#6377,.T.);
#6375 = VERTEX_POINT('',#6376);
#6376 = CARTESIAN_POINT('',(-204.5,-12.,-167.));
#6377 = LINE('',#6378,#6379);
#6378 = CARTESIAN_POINT('',(-178.5,-12.,-167.));
#6379 = VECTOR('',#6380,1.);
#6380 = DIRECTION('',(-1.,-0.,0.));
#6381 = ORIENTED_EDGE('',*,*,#6382,.T.);
#6382 = EDGE_CURVE('',#6375,#6350,#6383,.T.);
#6383 = LINE('',#6384,#6385);
#6384 = CARTESIAN_POINT('',(-204.5,-12.,-167.));
#6385 = VECTOR('',#6386,1.);
#6386 = DIRECTION('',(0.,-1.,1.110223024625E-16));
#6387 = PLANE('',#6388);
#6388 = AXIS2_PLACEMENT_3D('',#6389,#6390,#6391);
#6389 = CARTESIAN_POINT('',(-140.,-12.5,-167.));
#6390 = DIRECTION('',(0.,1.110223024625E-16,1.));
#6391 = DIRECTION('',(0.,-1.,1.110223024625E-16));
#6392 = ADVANCED_FACE('',(#6393),#6411,.T.);
#6393 = FACE_BOUND('',#6394,.T.);
#6394 = EDGE_LOOP('',(#6395,#6403,#6404,#6405));
#6395 = ORIENTED_EDGE('',*,*,#6396,.F.);
#6396 = EDGE_CURVE('',#389,#6397,#6399,.T.);
#6397 = VERTEX_POINT('',#6398);
#6398 = CARTESIAN_POINT('',(-204.5,-12.,-178.8));
#6399 = LINE('',#6400,#6401);
#6400 = CARTESIAN_POINT('',(-191.5,-12.,-178.8));
#6401 = VECTOR('',#6402,1.);
#6402 = DIRECTION('',(-1.,0.,0.));
#6403 = ORIENTED_EDGE('',*,*,#3946,.T.);
#6404 = ORIENTED_EDGE('',*,*,#6374,.T.);
#6405 = ORIENTED_EDGE('',*,*,#6406,.F.);
#6406 = EDGE_CURVE('',#6397,#6375,#6407,.T.);
#6407 = LINE('',#6408,#6409);
#6408 = CARTESIAN_POINT('',(-204.5,-12.,-180.));
#6409 = VECTOR('',#6410,1.);
#6410 = DIRECTION('',(0.,3.310223024625E-16,1.));
#6411 = PLANE('',#6412);
#6412 = AXIS2_PLACEMENT_3D('',#6413,#6414,#6415);
#6413 = CARTESIAN_POINT('',(-178.5,-12.,-180.));
#6414 = DIRECTION('',(0.,-1.,3.310223024625E-16));
#6415 = DIRECTION('',(-1.,0.,0.));
#6416 = ADVANCED_FACE('',(#6417),#6442,.T.);
#6417 = FACE_BOUND('',#6418,.T.);
#6418 = EDGE_LOOP('',(#6419,#6427,#6435,#6441));
#6419 = ORIENTED_EDGE('',*,*,#6420,.F.);
#6420 = EDGE_CURVE('',#6421,#381,#6423,.T.);
#6421 = VERTEX_POINT('',#6422);
#6422 = CARTESIAN_POINT('',(-204.5,-3.233929668666,-178.8));
#6423 = LINE('',#6424,#6425);
#6424 = CARTESIAN_POINT('',(-204.5,-3.233929668666,-178.8));
#6425 = VECTOR('',#6426,1.);
#6426 = DIRECTION('',(1.,0.,0.));
#6427 = ORIENTED_EDGE('',*,*,#6428,.T.);
#6428 = EDGE_CURVE('',#6421,#6429,#6431,.T.);
#6429 = VERTEX_POINT('',#6430);
#6430 = CARTESIAN_POINT('',(-204.5,-3.233929668666,-167.));
#6431 = LINE('',#6432,#6433);
#6432 = CARTESIAN_POINT('',(-204.5,-3.233929668666,-180.));
#6433 = VECTOR('',#6434,1.);
#6434 = DIRECTION('',(0.,3.310223024625E-16,1.));
#6435 = ORIENTED_EDGE('',*,*,#6436,.T.);
#6436 = EDGE_CURVE('',#6429,#3954,#6437,.T.);
#6437 = LINE('',#6438,#6439);
#6438 = CARTESIAN_POINT('',(-204.5,-3.233929668666,-167.));
#6439 = VECTOR('',#6440,1.);
#6440 = DIRECTION('',(1.,0.,0.));
#6441 = ORIENTED_EDGE('',*,*,#3953,.T.);
#6442 = PLANE('',#6443);
#6443 = AXIS2_PLACEMENT_3D('',#6444,#6445,#6446);
#6444 = CARTESIAN_POINT('',(-204.5,-3.233929668666,-180.));
#6445 = DIRECTION('',(0.,1.,-3.310223024625E-16));
#6446 = DIRECTION('',(1.,0.,0.));
#6447 = ADVANCED_FACE('',(#6448),#6466,.F.);
#6448 = FACE_BOUND('',#6449,.F.);
#6449 = EDGE_LOOP('',(#6450,#6451,#6452,#6460));
#6450 = ORIENTED_EDGE('',*,*,#6436,.T.);
#6451 = ORIENTED_EDGE('',*,*,#3961,.T.);
#6452 = ORIENTED_EDGE('',*,*,#6453,.T.);
#6453 = EDGE_CURVE('',#3962,#6454,#6456,.T.);
#6454 = VERTEX_POINT('',#6455);
#6455 = CARTESIAN_POINT('',(-204.5,-2.233929668666,-167.));
#6456 = LINE('',#6457,#6458);
#6457 = CARTESIAN_POINT('',(-178.5,-2.233929668666,-167.));
#6458 = VECTOR('',#6459,1.);
#6459 = DIRECTION('',(-1.,-0.,0.));
#6460 = ORIENTED_EDGE('',*,*,#6461,.T.);
#6461 = EDGE_CURVE('',#6454,#6429,#6462,.T.);
#6462 = LINE('',#6463,#6464);
#6463 = CARTESIAN_POINT('',(-204.5,-2.233929668666,-167.));
#6464 = VECTOR('',#6465,1.);
#6465 = DIRECTION('',(0.,-1.,1.110223024625E-16));
#6466 = PLANE('',#6467);
#6467 = AXIS2_PLACEMENT_3D('',#6468,#6469,#6470);
#6468 = CARTESIAN_POINT('',(-140.,-12.5,-167.));
#6469 = DIRECTION('',(0.,1.110223024625E-16,1.));
#6470 = DIRECTION('',(0.,-1.,1.110223024625E-16));
#6471 = ADVANCED_FACE('',(#6472),#6490,.T.);
#6472 = FACE_BOUND('',#6473,.T.);
#6473 = EDGE_LOOP('',(#6474,#6482,#6483,#6484));
#6474 = ORIENTED_EDGE('',*,*,#6475,.T.);
#6475 = EDGE_CURVE('',#6476,#357,#6478,.T.);
#6476 = VERTEX_POINT('',#6477);
#6477 = CARTESIAN_POINT('',(-204.5,-2.233929668666,-178.8));
#6478 = LINE('',#6479,#6480);
#6479 = CARTESIAN_POINT('',(-204.5,-2.233929668666,-178.8));
#6480 = VECTOR('',#6481,1.);
#6481 = DIRECTION('',(1.,0.,0.));
#6482 = ORIENTED_EDGE('',*,*,#3969,.T.);
#6483 = ORIENTED_EDGE('',*,*,#6453,.T.);
#6484 = ORIENTED_EDGE('',*,*,#6485,.F.);
#6485 = EDGE_CURVE('',#6476,#6454,#6486,.T.);
#6486 = LINE('',#6487,#6488);
#6487 = CARTESIAN_POINT('',(-204.5,-2.233929668666,-180.));
#6488 = VECTOR('',#6489,1.);
#6489 = DIRECTION('',(0.,3.310223024625E-16,1.));
#6490 = PLANE('',#6491);
#6491 = AXIS2_PLACEMENT_3D('',#6492,#6493,#6494);
#6492 = CARTESIAN_POINT('',(-178.5,-2.233929668666,-180.));
#6493 = DIRECTION('',(0.,-1.,3.310223024625E-16));
#6494 = DIRECTION('',(-1.,0.,0.));
#6495 = ADVANCED_FACE('',(#6496),#6514,.T.);
#6496 = FACE_BOUND('',#6497,.T.);
#6497 = EDGE_LOOP('',(#6498,#6505,#6512,#6513));
#6498 = ORIENTED_EDGE('',*,*,#6499,.T.);
#6499 = EDGE_CURVE('',#3988,#5737,#6500,.T.);
#6500 = ELLIPSE('',#6501,9.614803401237,8.);
#6501 = AXIS2_PLACEMENT_3D('',#6502,#6503,#6504);
#6502 = CARTESIAN_POINT('',(-196.5,7.,-157.1842675215));
#6503 = DIRECTION('',(-0.832050294338,-6.158409296133E-17,
    -0.554700196225));
#6504 = DIRECTION('',(0.554700196225,-9.2376139442E-17,-0.832050294338)
  );
#6505 = ORIENTED_EDGE('',*,*,#6506,.F.);
#6506 = EDGE_CURVE('',#6156,#5737,#6507,.T.);
#6507 = ELLIPSE('',#6508,11.313708498985,8.);
#6508 = AXIS2_PLACEMENT_3D('',#6509,#6510,#6511);
#6509 = CARTESIAN_POINT('',(-196.5,7.,-157.1842675215));
#6510 = DIRECTION('',(-0.707106781187,-2.385046229342E-16,
    -0.707106781187));
#6511 = DIRECTION('',(0.707106781187,-2.385046229342E-16,-0.707106781187
    ));
#6512 = ORIENTED_EDGE('',*,*,#6155,.F.);
#6513 = ORIENTED_EDGE('',*,*,#3996,.F.);
#6514 = CYLINDRICAL_SURFACE('',#6515,8.);
#6515 = AXIS2_PLACEMENT_3D('',#6516,#6517,#6518);
#6516 = CARTESIAN_POINT('',(-75.,7.,-157.1842675215));
#6517 = DIRECTION('',(1.,0.,0.));
#6518 = DIRECTION('',(0.,1.110223024625E-16,1.));
#6519 = ADVANCED_FACE('',(#6520),#6525,.F.);
#6520 = FACE_BOUND('',#6521,.F.);
#6521 = EDGE_LOOP('',(#6522,#6523,#6524));
#6522 = ORIENTED_EDGE('',*,*,#6499,.T.);
#6523 = ORIENTED_EDGE('',*,*,#5746,.T.);
#6524 = ORIENTED_EDGE('',*,*,#3987,.F.);
#6525 = PLANE('',#6526);
#6526 = AXIS2_PLACEMENT_3D('',#6527,#6528,#6529);
#6527 = CARTESIAN_POINT('',(-196.5,15.,-157.1842675215));
#6528 = DIRECTION('',(-0.832050294338,-6.158409296133E-17,
    -0.554700196225));
#6529 = DIRECTION('',(-0.554700196225,9.2376139442E-17,0.832050294338));
#6530 = ADVANCED_FACE('',(#6531),#6542,.T.);
#6531 = FACE_BOUND('',#6532,.T.);
#6532 = EDGE_LOOP('',(#6533,#6534,#6540,#6541));
#6533 = ORIENTED_EDGE('',*,*,#4144,.T.);
#6534 = ORIENTED_EDGE('',*,*,#6535,.T.);
#6535 = EDGE_CURVE('',#421,#445,#6536,.T.);
#6536 = LINE('',#6537,#6538);
#6537 = CARTESIAN_POINT('',(-203.3,-2.233929668666,-178.8));
#6538 = VECTOR('',#6539,1.);
#6539 = DIRECTION('',(0.,-1.,1.110223024625E-16));
#6540 = ORIENTED_EDGE('',*,*,#4058,.T.);
#6541 = ORIENTED_EDGE('',*,*,#4760,.F.);
#6542 = PLANE('',#6543);
#6543 = AXIS2_PLACEMENT_3D('',#6544,#6545,#6546);
#6544 = CARTESIAN_POINT('',(-203.3,-2.233929668666,-178.8));
#6545 = DIRECTION('',(1.,0.,0.));
#6546 = DIRECTION('',(0.,-1.110223024625E-16,-1.));
#6547 = ADVANCED_FACE('',(#6548),#6559,.T.);
#6548 = FACE_BOUND('',#6549,.T.);
#6549 = EDGE_LOOP('',(#6550,#6551,#6557,#6558));
#6550 = ORIENTED_EDGE('',*,*,#4120,.F.);
#6551 = ORIENTED_EDGE('',*,*,#6552,.T.);
#6552 = EDGE_CURVE('',#357,#381,#6553,.T.);
#6553 = LINE('',#6554,#6555);
#6554 = CARTESIAN_POINT('',(-203.3,-2.233929668666,-178.8));
#6555 = VECTOR('',#6556,1.);
#6556 = DIRECTION('',(0.,-1.,1.110223024625E-16));
#6557 = ORIENTED_EDGE('',*,*,#4190,.T.);
#6558 = ORIENTED_EDGE('',*,*,#4785,.F.);
#6559 = PLANE('',#6560);
#6560 = AXIS2_PLACEMENT_3D('',#6561,#6562,#6563);
#6561 = CARTESIAN_POINT('',(-203.3,-2.233929668666,-178.8));
#6562 = DIRECTION('',(1.,0.,0.));
#6563 = DIRECTION('',(0.,-1.110223024625E-16,-1.));
#6564 = ADVANCED_FACE('',(#6565),#6576,.T.);
#6565 = FACE_BOUND('',#6566,.T.);
#6566 = EDGE_LOOP('',(#6567,#6568,#6574,#6575));
#6567 = ORIENTED_EDGE('',*,*,#4271,.T.);
#6568 = ORIENTED_EDGE('',*,*,#6569,.T.);
#6569 = EDGE_CURVE('',#389,#413,#6570,.T.);
#6570 = LINE('',#6571,#6572);
#6571 = CARTESIAN_POINT('',(-203.3,-2.233929668666,-178.8));
#6572 = VECTOR('',#6573,1.);
#6573 = DIRECTION('',(0.,-1.,1.110223024625E-16));
#6574 = ORIENTED_EDGE('',*,*,#4216,.T.);
#6575 = ORIENTED_EDGE('',*,*,#4774,.F.);
#6576 = PLANE('',#6577);
#6577 = AXIS2_PLACEMENT_3D('',#6578,#6579,#6580);
#6578 = CARTESIAN_POINT('',(-203.3,-2.233929668666,-178.8));
#6579 = DIRECTION('',(1.,0.,0.));
#6580 = DIRECTION('',(0.,-1.110223024625E-16,-1.));
#6581 = ADVANCED_FACE('',(#6582),#6725,.F.);
#6582 = FACE_BOUND('',#6583,.F.);
#6583 = EDGE_LOOP('',(#6584,#6638,#6643,#6644,#6645,#6646,#6647,#6648,
    #6649,#6650,#6651,#6658,#6719));
#6584 = ORIENTED_EDGE('',*,*,#6585,.F.);
#6585 = EDGE_CURVE('',#6586,#6588,#6590,.T.);
#6586 = VERTEX_POINT('',#6587);
#6587 = CARTESIAN_POINT('',(-182.799174962,-85.43463878976,-180.));
#6588 = VERTEX_POINT('',#6589);
#6589 = CARTESIAN_POINT('',(-185.9729005272,-87.,-180.));
#6590 = B_SPLINE_CURVE_WITH_KNOTS('',6,(#6591,#6592,#6593,#6594,#6595,
    #6596,#6597,#6598,#6599,#6600,#6601,#6602,#6603,#6604,#6605,#6606,
    #6607,#6608,#6609,#6610,#6611,#6612,#6613,#6614,#6615,#6616,#6617,
    #6618,#6619,#6620,#6621,#6622,#6623,#6624,#6625,#6626,#6627,#6628,
    #6629,#6630,#6631,#6632,#6633,#6634,#6635,#6636,#6637),
  .UNSPECIFIED.,.F.,.F.,(7,5,5,5,5,5,5,5,5,7),(0.,9.161004313985E-02,
    0.168238531594,0.250552423186,0.361504937868,0.499268269106,
    0.671554423256,0.822918489866,0.969208645955,1.),.UNSPECIFIED.);
#6591 = CARTESIAN_POINT('',(-182.799174962,-85.43463878976,-180.));
#6592 = CARTESIAN_POINT('',(-182.8458430121,-85.49547392655,-180.));
#6593 = CARTESIAN_POINT('',(-182.8941442773,-85.55554062154,-180.));
#6594 = CARTESIAN_POINT('',(-182.9439662876,-85.61463715323,-180.));
#6595 = CARTESIAN_POINT('',(-182.9951589806,-85.67256217874,-180.));
#6596 = CARTESIAN_POINT('',(-183.0475361484,-85.72912369842,-180.));
#6597 = CARTESIAN_POINT('',(-183.1454944829,-85.8301738763,-180.));
#6598 = CARTESIAN_POINT('',(-183.1907912694,-85.87512927955,-180.));
#6599 = CARTESIAN_POINT('',(-183.2366403656,-85.91891402082,-180.));
#6600 = CARTESIAN_POINT('',(-183.2829151675,-85.96145330488,-180.));
#6601 = CARTESIAN_POINT('',(-183.3294928361,-86.00269472081,-180.));
#6602 = CARTESIAN_POINT('',(-183.4264924333,-86.08547683757,-180.));
#6603 = CARTESIAN_POINT('',(-183.4769459205,-86.12681496354,-180.));
#6604 = CARTESIAN_POINT('',(-183.5274786882,-86.16658191997,-180.));
#6605 = CARTESIAN_POINT('',(-183.5779721935,-86.20477336749,-180.));
#6606 = CARTESIAN_POINT('',(-183.628329094,-86.24140899253,-180.));
#6607 = CARTESIAN_POINT('',(-183.7460639673,-86.32385433686,-180.));
#6608 = CARTESIAN_POINT('',(-183.8132656542,-86.36841951601,-180.));
#6609 = CARTESIAN_POINT('',(-183.8799021069,-86.41031126609,-180.));
#6610 = CARTESIAN_POINT('',(-183.9458571825,-86.44966419861,-180.));
#6611 = CARTESIAN_POINT('',(-184.011064056,-86.48662510668,-180.));
#6612 = CARTESIAN_POINT('',(-184.1554997315,-86.56445129907,-180.));
#6613 = CARTESIAN_POINT('',(-184.2342984218,-86.60409593,-180.));
#6614 = CARTESIAN_POINT('',(-184.3118487561,-86.64056748493,-180.));
#6615 = CARTESIAN_POINT('',(-184.3881504237,-86.67413045859,-180.));
#6616 = CARTESIAN_POINT('',(-184.4632378202,-86.70502266315,-180.));
#6617 = CARTESIAN_POINT('',(-184.6296308478,-86.76901043948,-180.));
#6618 = CARTESIAN_POINT('',(-184.7202713946,-86.80071289918,-180.));
#6619 = CARTESIAN_POINT('',(-184.809203318,-86.82897196256,-180.));
#6620 = CARTESIAN_POINT('',(-184.8965397192,-86.85411001412,-180.));
#6621 = CARTESIAN_POINT('',(-184.9823972749,-86.87639392199,-180.));
#6622 = CARTESIAN_POINT('',(-185.1411374438,-86.91330802334,-180.));
#6623 = CARTESIAN_POINT('',(-185.2143243113,-86.92853793365,-180.));
#6624 = CARTESIAN_POINT('',(-185.2865364394,-86.94188227415,-180.));
#6625 = CARTESIAN_POINT('',(-185.3578437315,-86.95346178434,-180.));
#6626 = CARTESIAN_POINT('',(-185.4283105631,-86.96337577638,-180.));
#6627 = CARTESIAN_POINT('',(-185.5653494603,-86.97976170148,-180.));
#6628 = CARTESIAN_POINT('',(-185.6319719213,-86.98633771812,-180.));
#6629 = CARTESIAN_POINT('',(-185.6979196157,-86.99151187559,-180.));
#6630 = CARTESIAN_POINT('',(-185.7632410461,-86.99534571225,-180.));
#6631 = CARTESIAN_POINT('',(-185.827980274,-86.99788958979,-180.));
#6632 = CARTESIAN_POINT('',(-185.9056906597,-86.99945815015,-180.));
#6633 = CARTESIAN_POINT('',(-185.9191791344,-86.99967560153,-180.));
#6634 = CARTESIAN_POINT('',(-185.9326439934,-86.99983814819,-180.));
#6635 = CARTESIAN_POINT('',(-185.9460856057,-86.99994616244,-180.));
#6636 = CARTESIAN_POINT('',(-185.9595043324,-87.,-180.));
#6637 = CARTESIAN_POINT('',(-185.9729005272,-87.,-180.));
#6638 = ORIENTED_EDGE('',*,*,#6639,.F.);
#6639 = EDGE_CURVE('',#4711,#6586,#6640,.T.);
#6640 = B_SPLINE_CURVE_WITH_KNOTS('',1,(#6641,#6642),.UNSPECIFIED.,.F.,
  .F.,(2,2),(0.,1.),.PIECEWISE_BEZIER_KNOTS.);
#6641 = CARTESIAN_POINT('',(-156.,-50.5,-180.));
#6642 = CARTESIAN_POINT('',(-184.,-87.,-180.));
#6643 = ORIENTED_EDGE('',*,*,#4718,.F.);
#6644 = ORIENTED_EDGE('',*,*,#4341,.T.);
#6645 = ORIENTED_EDGE('',*,*,#4310,.F.);
#6646 = ORIENTED_EDGE('',*,*,#4366,.T.);
#6647 = ORIENTED_EDGE('',*,*,#4415,.F.);
#6648 = ORIENTED_EDGE('',*,*,#4439,.T.);
#6649 = ORIENTED_EDGE('',*,*,#4725,.F.);
#6650 = ORIENTED_EDGE('',*,*,#4733,.F.);
#6651 = ORIENTED_EDGE('',*,*,#6652,.T.);
#6652 = EDGE_CURVE('',#4734,#6653,#6655,.T.);
#6653 = VERTEX_POINT('',#6654);
#6654 = CARTESIAN_POINT('',(-192.9260370207,-84.29597189948,-180.));
#6655 = B_SPLINE_CURVE_WITH_KNOTS('',1,(#6656,#6657),.UNSPECIFIED.,.F.,
  .F.,(2,2),(0.,1.),.PIECEWISE_BEZIER_KNOTS.);
#6656 = CARTESIAN_POINT('',(-204.5,-50.5,-180.));
#6657 = CARTESIAN_POINT('',(-192.,-87.,-180.));
#6658 = ORIENTED_EDGE('',*,*,#6659,.T.);
#6659 = EDGE_CURVE('',#6653,#6660,#6662,.T.);
#6660 = VERTEX_POINT('',#6661);
#6661 = CARTESIAN_POINT('',(-189.1417990742,-87.,-180.));
#6662 = B_SPLINE_CURVE_WITH_KNOTS('',7,(#6663,#6664,#6665,#6666,#6667,
    #6668,#6669,#6670,#6671,#6672,#6673,#6674,#6675,#6676,#6677,#6678,
    #6679,#6680,#6681,#6682,#6683,#6684,#6685,#6686,#6687,#6688,#6689,
    #6690,#6691,#6692,#6693,#6694,#6695,#6696,#6697,#6698,#6699,#6700,
    #6701,#6702,#6703,#6704,#6705,#6706,#6707,#6708,#6709,#6710,#6711,
    #6712,#6713,#6714,#6715,#6716,#6717,#6718),.UNSPECIFIED.,.F.,.F.,(8,
    6,6,6,6,6,6,6,6,8),(0.,7.058783394614E-02,0.153986262981,
    0.203349273042,0.340655031179,0.459831145679,0.57545966995,
    0.701527997914,0.882606991351,1.),.UNSPECIFIED.);
#6663 = CARTESIAN_POINT('',(-192.9260370207,-84.29597189948,-180.));
#6664 = CARTESIAN_POINT('',(-192.8999156276,-84.37224636526,-180.));
#6665 = CARTESIAN_POINT('',(-192.8718251536,-84.44841895652,-180.));
#6666 = CARTESIAN_POINT('',(-192.8417957547,-84.5242602176,-180.));
#6667 = CARTESIAN_POINT('',(-192.8098904184,-84.59952434356,-180.));
#6668 = CARTESIAN_POINT('',(-192.7762093863,-84.67395713246,-180.));
#6669 = CARTESIAN_POINT('',(-192.7408917566,-84.74730369699,-180.));
#6670 = CARTESIAN_POINT('',(-192.6606622324,-84.90439727668,-180.));
#6671 = CARTESIAN_POINT('',(-192.6151586043,-84.98764305492,-180.));
#6672 = CARTESIAN_POINT('',(-192.5678955947,-85.0686353018,-180.));
#6673 = CARTESIAN_POINT('',(-192.5191883266,-85.14707248617,-180.));
#6674 = CARTESIAN_POINT('',(-192.4693480474,-85.22275648877,-180.));
#6675 = CARTESIAN_POINT('',(-192.418664874,-85.29557517227,-180.));
#6676 = CARTESIAN_POINT('',(-192.3370567517,-85.40685710224,-180.));
#6677 = CARTESIAN_POINT('',(-192.3065048958,-85.44721948494,-180.));
#6678 = CARTESIAN_POINT('',(-192.2757943165,-85.486563269,-180.));
#6679 = CARTESIAN_POINT('',(-192.2449693936,-85.52489308057,-180.));
#6680 = CARTESIAN_POINT('',(-192.2140690389,-85.56222089515,-180.));
#6681 = CARTESIAN_POINT('',(-192.1831266616,-85.59856433472,-180.));
#6682 = CARTESIAN_POINT('',(-192.0660629585,-85.73235801248,-180.));
#6683 = CARTESIAN_POINT('',(-191.9798918776,-85.82327003239,-180.));
#6684 = CARTESIAN_POINT('',(-191.894185159,-85.90724608363,-180.));
#6685 = CARTESIAN_POINT('',(-191.8092717266,-85.98491519362,-180.));
#6686 = CARTESIAN_POINT('',(-191.725330866,-86.05687601639,-180.));
#6687 = CARTESIAN_POINT('',(-191.6424238225,-86.12369222037,-180.));
#6688 = CARTESIAN_POINT('',(-191.48941263,-86.23985786991,-180.));
#6689 = CARTESIAN_POINT('',(-191.4190935553,-86.29032591904,-180.));
#6690 = CARTESIAN_POINT('',(-191.3495529119,-86.33760744397,-180.));
#6691 = CARTESIAN_POINT('',(-191.280776785,-86.3819724615,-180.));
#6692 = CARTESIAN_POINT('',(-191.212740614,-86.42365297447,-180.));
#6693 = CARTESIAN_POINT('',(-191.1454109072,-86.4628521777,-180.));
#6694 = CARTESIAN_POINT('',(-191.0140648136,-86.53554608099,-180.));
#6695 = CARTESIAN_POINT('',(-190.9500144249,-86.56917315269,-180.));
#6696 = CARTESIAN_POINT('',(-190.8865599913,-86.60079069443,-180.));
#6697 = CARTESIAN_POINT('',(-190.8236677045,-86.63053458793,-180.));
#6698 = CARTESIAN_POINT('',(-190.7613040502,-86.65852179449,-180.));
#6699 = CARTESIAN_POINT('',(-190.6994354836,-86.68485455945,-180.));
#6700 = CARTESIAN_POINT('',(-190.5710765005,-86.73662652439,-180.));
#6701 = CARTESIAN_POINT('',(-190.5046746703,-86.76176988996,-180.));
#6702 = CARTESIAN_POINT('',(-190.4387798264,-86.78516793146,-180.));
#6703 = CARTESIAN_POINT('',(-190.3733517336,-86.80691832205,-180.));
#6704 = CARTESIAN_POINT('',(-190.3083521832,-86.82710388017,-180.));
#6705 = CARTESIAN_POINT('',(-190.2437444232,-86.84579544829,-180.));
#6706 = CARTESIAN_POINT('',(-190.0872040847,-86.88784530359,-180.));
#6707 = CARTESIAN_POINT('',(-189.9956515846,-86.90968031036,-180.));
#6708 = CARTESIAN_POINT('',(-189.9047293183,-86.92874158197,-180.));
#6709 = CARTESIAN_POINT('',(-189.8143405782,-86.94516795869,-180.));
#6710 = CARTESIAN_POINT('',(-189.7243947718,-86.95906611878,-180.));
#6711 = CARTESIAN_POINT('',(-189.6348052445,-86.97051691831,-180.));
#6712 = CARTESIAN_POINT('',(-189.4875836729,-86.98545109236,-180.));
#6713 = CARTESIAN_POINT('',(-189.4297942555,-86.99032020867,-180.));
#6714 = CARTESIAN_POINT('',(-189.3720969461,-86.99420012793,-180.));
#6715 = CARTESIAN_POINT('',(-189.3144698421,-86.99710228513,-180.));
#6716 = CARTESIAN_POINT('',(-189.2568916593,-86.99903426289,-180.));
#6717 = CARTESIAN_POINT('',(-189.1993415755,-86.99999999999,-180.));
#6718 = CARTESIAN_POINT('',(-189.1417990742,-87.,-180.));
#6719 = ORIENTED_EDGE('',*,*,#6720,.F.);
#6720 = EDGE_CURVE('',#6588,#6660,#6721,.T.);
#6721 = LINE('',#6722,#6723);
#6722 = CARTESIAN_POINT('',(-184.,-87.,-180.));
#6723 = VECTOR('',#6724,1.);
#6724 = DIRECTION('',(-1.,-6.661338147751E-33,-6.E-17));
#6725 = B_SPLINE_SURFACE_WITH_KNOTS('',1,1,(
    (#6726,#6727)
    ,(#6728,#6729
    )),.UNSPECIFIED.,.F.,.F.,.F.,(2,2),(2,2),(0.,48.499999999985),(0.,1.
    ),.PIECEWISE_BEZIER_KNOTS.);
#6726 = CARTESIAN_POINT('',(-156.,-50.5,-180.));
#6727 = CARTESIAN_POINT('',(-184.,-87.,-180.));
#6728 = CARTESIAN_POINT('',(-204.5,-50.5,-180.));
#6729 = CARTESIAN_POINT('',(-192.,-87.,-180.));
#6730 = ADVANCED_FACE('',(#6731),#6874,.T.);
#6731 = FACE_BOUND('',#6732,.T.);
#6732 = EDGE_LOOP('',(#6733,#6787,#6792,#6793,#6794,#6795,#6796,#6797,
    #6798,#6799,#6800,#6807,#6868));
#6733 = ORIENTED_EDGE('',*,*,#6734,.F.);
#6734 = EDGE_CURVE('',#6735,#6737,#6739,.T.);
#6735 = VERTEX_POINT('',#6736);
#6736 = CARTESIAN_POINT('',(-97.20082503799,-85.43463878976,-180.));
#6737 = VERTEX_POINT('',#6738);
#6738 = CARTESIAN_POINT('',(-94.02709947276,-87.,-180.));
#6739 = B_SPLINE_CURVE_WITH_KNOTS('',6,(#6740,#6741,#6742,#6743,#6744,
    #6745,#6746,#6747,#6748,#6749,#6750,#6751,#6752,#6753,#6754,#6755,
    #6756,#6757,#6758,#6759,#6760,#6761,#6762,#6763,#6764,#6765,#6766,
    #6767,#6768,#6769,#6770,#6771,#6772,#6773,#6774,#6775,#6776,#6777,
    #6778,#6779,#6780,#6781,#6782,#6783,#6784,#6785,#6786),
  .UNSPECIFIED.,.F.,.F.,(7,5,5,5,5,5,5,5,5,7),(0.,9.161004313985E-02,
    0.168238531594,0.250552423186,0.361504937868,0.499268269106,
    0.671554423256,0.822918489866,0.969208645955,1.),.UNSPECIFIED.);
#6740 = CARTESIAN_POINT('',(-97.20082503799,-85.43463878976,-180.));
#6741 = CARTESIAN_POINT('',(-97.15415698784,-85.49547392655,-180.));
#6742 = CARTESIAN_POINT('',(-97.10585572269,-85.55554062154,-180.));
#6743 = CARTESIAN_POINT('',(-97.05603371234,-85.61463715323,-180.));
#6744 = CARTESIAN_POINT('',(-97.00484101936,-85.67256217874,-180.));
#6745 = CARTESIAN_POINT('',(-96.95246385158,-85.72912369842,-180.));
#6746 = CARTESIAN_POINT('',(-96.85450551705,-85.8301738763,-180.));
#6747 = CARTESIAN_POINT('',(-96.80920873051,-85.87512927955,-180.));
#6748 = CARTESIAN_POINT('',(-96.76335963438,-85.91891402082,-180.));
#6749 = CARTESIAN_POINT('',(-96.71708483249,-85.96145330488,-180.));
#6750 = CARTESIAN_POINT('',(-96.67050716388,-86.00269472081,-180.));
#6751 = CARTESIAN_POINT('',(-96.57350756669,-86.08547683757,-180.));
#6752 = CARTESIAN_POINT('',(-96.5230540794,-86.12681496354,-180.));
#6753 = CARTESIAN_POINT('',(-96.47252131174,-86.16658191997,-180.));
#6754 = CARTESIAN_POINT('',(-96.4220278064,-86.20477336749,-180.));
#6755 = CARTESIAN_POINT('',(-96.37167090594,-86.24140899253,-180.));
#6756 = CARTESIAN_POINT('',(-96.25393603263,-86.32385433686,-180.));
#6757 = CARTESIAN_POINT('',(-96.18673434575,-86.36841951601,-180.));
#6758 = CARTESIAN_POINT('',(-96.12009789308,-86.41031126609,-180.));
#6759 = CARTESIAN_POINT('',(-96.05414281747,-86.44966419861,-180.));
#6760 = CARTESIAN_POINT('',(-95.9889359439,-86.48662510668,-180.));
#6761 = CARTESIAN_POINT('',(-95.84450026845,-86.56445129907,-180.));
#6762 = CARTESIAN_POINT('',(-95.76570157814,-86.60409593,-180.));
#6763 = CARTESIAN_POINT('',(-95.68815124381,-86.64056748493,-180.));
#6764 = CARTESIAN_POINT('',(-95.61184957623,-86.67413045859,-180.));
#6765 = CARTESIAN_POINT('',(-95.53676217978,-86.70502266315,-180.));
#6766 = CARTESIAN_POINT('',(-95.37036915214,-86.76901043948,-180.));
#6767 = CARTESIAN_POINT('',(-95.2797286053,-86.80071289918,-180.));
#6768 = CARTESIAN_POINT('',(-95.19079668194,-86.82897196256,-180.));
#6769 = CARTESIAN_POINT('',(-95.1034602807,-86.85411001412,-180.));
#6770 = CARTESIAN_POINT('',(-95.01760272502,-86.87639392199,-180.));
#6771 = CARTESIAN_POINT('',(-94.85886255612,-86.91330802334,-180.));
#6772 = CARTESIAN_POINT('',(-94.78567568861,-86.92853793365,-180.));
#6773 = CARTESIAN_POINT('',(-94.71346356059,-86.94188227415,-180.));
#6774 = CARTESIAN_POINT('',(-94.64215626843,-86.95346178434,-180.));
#6775 = CARTESIAN_POINT('',(-94.5716894368,-86.96337577638,-180.));
#6776 = CARTESIAN_POINT('',(-94.43465053961,-86.97976170148,-180.));
#6777 = CARTESIAN_POINT('',(-94.36802807865,-86.98633771812,-180.));
#6778 = CARTESIAN_POINT('',(-94.30208038421,-86.99151187559,-180.));
#6779 = CARTESIAN_POINT('',(-94.23675895385,-86.99534571225,-180.));
#6780 = CARTESIAN_POINT('',(-94.17201972599,-86.99788958979,-180.));
#6781 = CARTESIAN_POINT('',(-94.0943093402,-86.99945815015,-180.));
#6782 = CARTESIAN_POINT('',(-94.08082086557,-86.99967560153,-180.));
#6783 = CARTESIAN_POINT('',(-94.06735600654,-86.99983814819,-180.));
#6784 = CARTESIAN_POINT('',(-94.05391439427,-86.99994616244,-180.));
#6785 = CARTESIAN_POINT('',(-94.04049566754,-87.,-180.));
#6786 = CARTESIAN_POINT('',(-94.02709947276,-87.,-180.));
#6787 = ORIENTED_EDGE('',*,*,#6788,.F.);
#6788 = EDGE_CURVE('',#4703,#6735,#6789,.T.);
#6789 = B_SPLINE_CURVE_WITH_KNOTS('',1,(#6790,#6791),.UNSPECIFIED.,.F.,
  .F.,(2,2),(0.,1.),.PIECEWISE_BEZIER_KNOTS.);
#6790 = CARTESIAN_POINT('',(-123.9999999999,-50.5,-180.));
#6791 = CARTESIAN_POINT('',(-96.,-87.,-180.));
#6792 = ORIENTED_EDGE('',*,*,#4702,.F.);
#6793 = ORIENTED_EDGE('',*,*,#4513,.F.);
#6794 = ORIENTED_EDGE('',*,*,#4482,.F.);
#6795 = ORIENTED_EDGE('',*,*,#4538,.F.);
#6796 = ORIENTED_EDGE('',*,*,#4587,.F.);
#6797 = ORIENTED_EDGE('',*,*,#4611,.F.);
#6798 = ORIENTED_EDGE('',*,*,#4695,.F.);
#6799 = ORIENTED_EDGE('',*,*,#4686,.F.);
#6800 = ORIENTED_EDGE('',*,*,#6801,.T.);
#6801 = EDGE_CURVE('',#4678,#6802,#6804,.T.);
#6802 = VERTEX_POINT('',#6803);
#6803 = CARTESIAN_POINT('',(-87.07396297927,-84.29597189948,-180.));
#6804 = B_SPLINE_CURVE_WITH_KNOTS('',1,(#6805,#6806),.UNSPECIFIED.,.F.,
  .F.,(2,2),(0.,1.),.PIECEWISE_BEZIER_KNOTS.);
#6805 = CARTESIAN_POINT('',(-75.49999999999,-50.5,-180.));
#6806 = CARTESIAN_POINT('',(-88.,-87.,-180.));
#6807 = ORIENTED_EDGE('',*,*,#6808,.T.);
#6808 = EDGE_CURVE('',#6802,#6809,#6811,.T.);
#6809 = VERTEX_POINT('',#6810);
#6810 = CARTESIAN_POINT('',(-90.85820092577,-87.,-180.));
#6811 = B_SPLINE_CURVE_WITH_KNOTS('',7,(#6812,#6813,#6814,#6815,#6816,
    #6817,#6818,#6819,#6820,#6821,#6822,#6823,#6824,#6825,#6826,#6827,
    #6828,#6829,#6830,#6831,#6832,#6833,#6834,#6835,#6836,#6837,#6838,
    #6839,#6840,#6841,#6842,#6843,#6844,#6845,#6846,#6847,#6848,#6849,
    #6850,#6851,#6852,#6853,#6854,#6855,#6856,#6857,#6858,#6859,#6860,
    #6861,#6862,#6863,#6864,#6865,#6866,#6867),.UNSPECIFIED.,.F.,.F.,(8,
    6,6,6,6,6,6,6,6,8),(0.,7.058783394614E-02,0.153986262981,
    0.203349273042,0.340655031179,0.459831145679,0.57545966995,
    0.701527997914,0.882606991351,1.),.UNSPECIFIED.);
#6812 = CARTESIAN_POINT('',(-87.07396297927,-84.29597189948,-180.));
#6813 = CARTESIAN_POINT('',(-87.10008437237,-84.37224636526,-180.));
#6814 = CARTESIAN_POINT('',(-87.12817484635,-84.44841895652,-180.));
#6815 = CARTESIAN_POINT('',(-87.15820424521,-84.5242602176,-180.));
#6816 = CARTESIAN_POINT('',(-87.19010958151,-84.59952434356,-180.));
#6817 = CARTESIAN_POINT('',(-87.22379061361,-84.67395713246,-180.));
#6818 = CARTESIAN_POINT('',(-87.25910824333,-84.74730369699,-180.));
#6819 = CARTESIAN_POINT('',(-87.33933776754,-84.90439727668,-180.));
#6820 = CARTESIAN_POINT('',(-87.38484139561,-84.98764305492,-180.));
#6821 = CARTESIAN_POINT('',(-87.4321044052,-85.0686353018,-180.));
#6822 = CARTESIAN_POINT('',(-87.48081167331,-85.14707248617,-180.));
#6823 = CARTESIAN_POINT('',(-87.53065195259,-85.22275648877,-180.));
#6824 = CARTESIAN_POINT('',(-87.58133512596,-85.29557517227,-180.));
#6825 = CARTESIAN_POINT('',(-87.66294324827,-85.40685710224,-180.));
#6826 = CARTESIAN_POINT('',(-87.69349510413,-85.44721948494,-180.));
#6827 = CARTESIAN_POINT('',(-87.72420568348,-85.486563269,-180.));
#6828 = CARTESIAN_POINT('',(-87.75503060633,-85.52489308057,-180.));
#6829 = CARTESIAN_POINT('',(-87.78593096106,-85.56222089515,-180.));
#6830 = CARTESIAN_POINT('',(-87.81687333838,-85.59856433472,-180.));
#6831 = CARTESIAN_POINT('',(-87.93393704142,-85.73235801248,-180.));
#6832 = CARTESIAN_POINT('',(-88.02010812231,-85.82327003239,-180.));
#6833 = CARTESIAN_POINT('',(-88.10581484092,-85.90724608363,-180.));
#6834 = CARTESIAN_POINT('',(-88.19072827333,-85.98491519362,-180.));
#6835 = CARTESIAN_POINT('',(-88.27466913394,-86.05687601639,-180.));
#6836 = CARTESIAN_POINT('',(-88.35757617745,-86.12369222037,-180.));
#6837 = CARTESIAN_POINT('',(-88.51058737,-86.23985786991,-180.));
#6838 = CARTESIAN_POINT('',(-88.58090644469,-86.29032591904,-180.));
#6839 = CARTESIAN_POINT('',(-88.65044708808,-86.33760744397,-180.));
#6840 = CARTESIAN_POINT('',(-88.71922321499,-86.3819724615,-180.));
#6841 = CARTESIAN_POINT('',(-88.78725938592,-86.42365297447,-180.));
#6842 = CARTESIAN_POINT('',(-88.8545890927,-86.4628521777,-180.));
#6843 = CARTESIAN_POINT('',(-88.98593518636,-86.53554608099,-180.));
#6844 = CARTESIAN_POINT('',(-89.04998557502,-86.56917315269,-180.));
#6845 = CARTESIAN_POINT('',(-89.11344000863,-86.60079069443,-180.));
#6846 = CARTESIAN_POINT('',(-89.17633229545,-86.63053458793,-180.));
#6847 = CARTESIAN_POINT('',(-89.23869594979,-86.65852179449,-180.));
#6848 = CARTESIAN_POINT('',(-89.30056451638,-86.68485455945,-180.));
#6849 = CARTESIAN_POINT('',(-89.42892349942,-86.73662652439,-180.));
#6850 = CARTESIAN_POINT('',(-89.49532532963,-86.76176988996,-180.));
#6851 = CARTESIAN_POINT('',(-89.56122017356,-86.78516793146,-180.));
#6852 = CARTESIAN_POINT('',(-89.62664826631,-86.80691832205,-180.));
#6853 = CARTESIAN_POINT('',(-89.69164781671,-86.82710388017,-180.));
#6854 = CARTESIAN_POINT('',(-89.75625557673,-86.84579544829,-180.));
#6855 = CARTESIAN_POINT('',(-89.91279591528,-86.88784530359,-180.));
#6856 = CARTESIAN_POINT('',(-90.00434841531,-86.90968031036,-180.));
#6857 = CARTESIAN_POINT('',(-90.09527068166,-86.92874158197,-180.));
#6858 = CARTESIAN_POINT('',(-90.18565942172,-86.94516795869,-180.));
#6859 = CARTESIAN_POINT('',(-90.27560522814,-86.95906611878,-180.));
#6860 = CARTESIAN_POINT('',(-90.36519475543,-86.97051691831,-180.));
#6861 = CARTESIAN_POINT('',(-90.51241632707,-86.98545109236,-180.));
#6862 = CARTESIAN_POINT('',(-90.57020574445,-86.99032020867,-180.));
#6863 = CARTESIAN_POINT('',(-90.62790305387,-86.99420012793,-180.));
#6864 = CARTESIAN_POINT('',(-90.68553015785,-86.99710228513,-180.));
#6865 = CARTESIAN_POINT('',(-90.74310834063,-86.99903426289,-180.));
#6866 = CARTESIAN_POINT('',(-90.80065842443,-86.99999999999,-180.));
#6867 = CARTESIAN_POINT('',(-90.85820092577,-87.,-180.));
#6868 = ORIENTED_EDGE('',*,*,#6869,.F.);
#6869 = EDGE_CURVE('',#6737,#6809,#6870,.T.);
#6870 = LINE('',#6871,#6872);
#6871 = CARTESIAN_POINT('',(-96.,-87.,-180.));
#6872 = VECTOR('',#6873,1.);
#6873 = DIRECTION('',(1.,-6.661338147751E-33,-6.E-17));
#6874 = B_SPLINE_SURFACE_WITH_KNOTS('',1,1,(
    (#6875,#6876)
    ,(#6877,#6878
    )),.UNSPECIFIED.,.F.,.F.,.F.,(2,2),(2,2),(0.,48.499999999985),(0.,1.
    ),.PIECEWISE_BEZIER_KNOTS.);
#6875 = CARTESIAN_POINT('',(-123.9999999999,-50.5,-180.));
#6876 = CARTESIAN_POINT('',(-96.,-87.,-180.));
#6877 = CARTESIAN_POINT('',(-75.49999999999,-50.5,-180.));
#6878 = CARTESIAN_POINT('',(-88.,-87.,-180.));
#6879 = ADVANCED_FACE('',(#6880),#6897,.T.);
#6880 = FACE_BOUND('',#6881,.F.);
#6881 = EDGE_LOOP('',(#6882,#6883,#6889,#6890,#6891));
#6882 = ORIENTED_EDGE('',*,*,#4641,.F.);
#6883 = ORIENTED_EDGE('',*,*,#6884,.T.);
#6884 = EDGE_CURVE('',#4642,#5737,#6885,.T.);
#6885 = LINE('',#6886,#6887);
#6886 = CARTESIAN_POINT('',(-196.5,15.,-180.));
#6887 = VECTOR('',#6888,1.);
#6888 = DIRECTION('',(0.,3.310223024625E-16,1.));
#6889 = ORIENTED_EDGE('',*,*,#6506,.F.);
#6890 = ORIENTED_EDGE('',*,*,#6163,.T.);
#6891 = ORIENTED_EDGE('',*,*,#6892,.F.);
#6892 = EDGE_CURVE('',#4644,#6164,#6893,.T.);
#6893 = LINE('',#6894,#6895);
#6894 = CARTESIAN_POINT('',(-204.5,7.,-180.));
#6895 = VECTOR('',#6896,1.);
#6896 = DIRECTION('',(0.,3.310223024625E-16,1.));
#6897 = CYLINDRICAL_SURFACE('',#6898,8.);
#6898 = AXIS2_PLACEMENT_3D('',#6899,#6900,#6901);
#6899 = CARTESIAN_POINT('',(-196.5,7.,-180.));
#6900 = DIRECTION('',(0.,-3.310223024625E-16,-1.));
#6901 = DIRECTION('',(-1.,0.,0.));
#6902 = ADVANCED_FACE('',(#6903),#6914,.T.);
#6903 = FACE_BOUND('',#6904,.T.);
#6904 = EDGE_LOOP('',(#6905,#6906,#6907,#6908));
#6905 = ORIENTED_EDGE('',*,*,#4652,.T.);
#6906 = ORIENTED_EDGE('',*,*,#6884,.T.);
#6907 = ORIENTED_EDGE('',*,*,#5736,.F.);
#6908 = ORIENTED_EDGE('',*,*,#6909,.F.);
#6909 = EDGE_CURVE('',#4653,#5695,#6910,.T.);
#6910 = LINE('',#6911,#6912);
#6911 = CARTESIAN_POINT('',(-83.5,15.,-180.));
#6912 = VECTOR('',#6913,1.);
#6913 = DIRECTION('',(0.,3.310223024625E-16,1.));
#6914 = PLANE('',#6915);
#6915 = AXIS2_PLACEMENT_3D('',#6916,#6917,#6918);
#6916 = CARTESIAN_POINT('',(-140.,15.,-135.));
#6917 = DIRECTION('',(-0.,1.,-3.910223024625E-16));
#6918 = DIRECTION('',(0.,-3.910223024625E-16,-1.));
#6919 = ADVANCED_FACE('',(#6920,#6935,#6946,#6957),#6968,.T.);
#6920 = FACE_BOUND('',#6921,.T.);
#6921 = EDGE_LOOP('',(#6922,#6928,#6929,#6930,#6931,#6932,#6933,#6934));
#6922 = ORIENTED_EDGE('',*,*,#6923,.T.);
#6923 = EDGE_CURVE('',#4743,#4846,#6924,.T.);
#6924 = LINE('',#6925,#6926);
#6925 = CARTESIAN_POINT('',(-204.5,-50.5,-180.));
#6926 = VECTOR('',#6927,1.);
#6927 = DIRECTION('',(0.,3.310223024625E-16,1.));
#6928 = ORIENTED_EDGE('',*,*,#4845,.T.);
#6929 = ORIENTED_EDGE('',*,*,#6246,.F.);
#6930 = ORIENTED_EDGE('',*,*,#6222,.T.);
#6931 = ORIENTED_EDGE('',*,*,#6204,.T.);
#6932 = ORIENTED_EDGE('',*,*,#6172,.T.);
#6933 = ORIENTED_EDGE('',*,*,#6892,.F.);
#6934 = ORIENTED_EDGE('',*,*,#4751,.F.);
#6935 = FACE_BOUND('',#6936,.T.);
#6936 = EDGE_LOOP('',(#6937,#6938,#6944,#6945));
#6937 = ORIENTED_EDGE('',*,*,#6270,.F.);
#6938 = ORIENTED_EDGE('',*,*,#6939,.F.);
#6939 = EDGE_CURVE('',#6318,#6263,#6940,.T.);
#6940 = LINE('',#6941,#6942);
#6941 = CARTESIAN_POINT('',(-204.5,-2.233929668666,-178.8));
#6942 = VECTOR('',#6943,1.);
#6943 = DIRECTION('',(0.,-1.,1.110223024625E-16));
#6944 = ORIENTED_EDGE('',*,*,#6327,.T.);
#6945 = ORIENTED_EDGE('',*,*,#6303,.T.);
#6946 = FACE_BOUND('',#6947,.T.);
#6947 = EDGE_LOOP('',(#6948,#6949,#6955,#6956));
#6948 = ORIENTED_EDGE('',*,*,#6349,.F.);
#6949 = ORIENTED_EDGE('',*,*,#6950,.F.);
#6950 = EDGE_CURVE('',#6397,#6342,#6951,.T.);
#6951 = LINE('',#6952,#6953);
#6952 = CARTESIAN_POINT('',(-204.5,-2.233929668666,-178.8));
#6953 = VECTOR('',#6954,1.);
#6954 = DIRECTION('',(0.,-1.,1.110223024625E-16));
#6955 = ORIENTED_EDGE('',*,*,#6406,.T.);
#6956 = ORIENTED_EDGE('',*,*,#6382,.T.);
#6957 = FACE_BOUND('',#6958,.T.);
#6958 = EDGE_LOOP('',(#6959,#6960,#6966,#6967));
#6959 = ORIENTED_EDGE('',*,*,#6428,.F.);
#6960 = ORIENTED_EDGE('',*,*,#6961,.F.);
#6961 = EDGE_CURVE('',#6476,#6421,#6962,.T.);
#6962 = LINE('',#6963,#6964);
#6963 = CARTESIAN_POINT('',(-204.5,-2.233929668666,-178.8));
#6964 = VECTOR('',#6965,1.);
#6965 = DIRECTION('',(0.,-1.,1.110223024625E-16));
#6966 = ORIENTED_EDGE('',*,*,#6485,.T.);
#6967 = ORIENTED_EDGE('',*,*,#6461,.T.);
#6968 = PLANE('',#6969);
#6969 = AXIS2_PLACEMENT_3D('',#6970,#6971,#6972);
#6970 = CARTESIAN_POINT('',(-204.5,-28.31478897464,-142.2385956212));
#6971 = DIRECTION('',(-1.,0.,-0.));
#6972 = DIRECTION('',(0.,1.,-1.110223024625E-16));
#6973 = ADVANCED_FACE('',(#6974),#6986,.T.);
#6974 = FACE_BOUND('',#6975,.T.);
#6975 = EDGE_LOOP('',(#6976,#6977,#6978,#6979,#6980));
#6976 = ORIENTED_EDGE('',*,*,#4660,.F.);
#6977 = ORIENTED_EDGE('',*,*,#6909,.T.);
#6978 = ORIENTED_EDGE('',*,*,#5694,.T.);
#6979 = ORIENTED_EDGE('',*,*,#5609,.F.);
#6980 = ORIENTED_EDGE('',*,*,#6981,.F.);
#6981 = EDGE_CURVE('',#4661,#5610,#6982,.T.);
#6982 = LINE('',#6983,#6984);
#6983 = CARTESIAN_POINT('',(-75.5,7.,-180.));
#6984 = VECTOR('',#6985,1.);
#6985 = DIRECTION('',(0.,3.310223024625E-16,1.));
#6986 = CYLINDRICAL_SURFACE('',#6987,8.);
#6987 = AXIS2_PLACEMENT_3D('',#6988,#6989,#6990);
#6988 = CARTESIAN_POINT('',(-83.5,7.,-180.));
#6989 = DIRECTION('',(0.,-3.310223024625E-16,-1.));
#6990 = DIRECTION('',(1.,0.,0.));
#6991 = ADVANCED_FACE('',(#6992),#7038,.T.);
#6992 = FACE_BOUND('',#6993,.F.);
#6993 = EDGE_LOOP('',(#6994,#6995,#6996,#6997,#7005));
#6994 = ORIENTED_EDGE('',*,*,#4742,.F.);
#6995 = ORIENTED_EDGE('',*,*,#6923,.T.);
#6996 = ORIENTED_EDGE('',*,*,#4853,.T.);
#6997 = ORIENTED_EDGE('',*,*,#6998,.F.);
#6998 = EDGE_CURVE('',#6999,#4854,#7001,.T.);
#6999 = VERTEX_POINT('',#7000);
#7000 = CARTESIAN_POINT('',(-196.5,-58.5,-153.7056393294));
#7001 = LINE('',#7002,#7003);
#7002 = CARTESIAN_POINT('',(-196.5,-58.5,-180.));
#7003 = VECTOR('',#7004,1.);
#7004 = DIRECTION('',(0.,3.310223024625E-16,1.));
#7005 = ORIENTED_EDGE('',*,*,#7006,.T.);
#7006 = EDGE_CURVE('',#6999,#4734,#7007,.T.);
#7007 = B_SPLINE_CURVE_WITH_KNOTS('',8,(#7008,#7009,#7010,#7011,#7012,
    #7013,#7014,#7015,#7016,#7017,#7018,#7019,#7020,#7021,#7022,#7023,
    #7024,#7025,#7026,#7027,#7028,#7029,#7030,#7031,#7032,#7033,#7034,
    #7035,#7036,#7037),.UNSPECIFIED.,.F.,.F.,(9,7,7,7,9),(0.,
    1.687403955182E-02,0.542971804102,0.762097283681,1.),.UNSPECIFIED.);
#7008 = CARTESIAN_POINT('',(-196.5,-58.5,-153.7056393294));
#7009 = CARTESIAN_POINT('',(-196.525403061,-58.49999997185,
    -153.7594109962));
#7010 = CARTESIAN_POINT('',(-196.5507558755,-58.49990781712,
    -153.8131947498));
#7011 = CARTESIAN_POINT('',(-196.576058051,-58.49972409807,
    -153.8669905239));
#7012 = CARTESIAN_POINT('',(-196.6013092826,-58.49944943724,
    -153.9207982675));
#7013 = CARTESIAN_POINT('',(-196.6265093165,-58.49908449002,
    -153.9746179368));
#7014 = CARTESIAN_POINT('',(-196.6516579142,-58.49862991719,
    -154.0284494868));
#7015 = CARTESIAN_POINT('',(-196.6767548168,-58.49808635741,
    -154.0822928633));
#7016 = CARTESIAN_POINT('',(-197.4826478204,-58.47775126506,
    -155.8152399791));
#7017 = CARTESIAN_POINT('',(-198.2126438556,-58.37214371007,
    -157.5050796714));
#7018 = CARTESIAN_POINT('',(-198.8844157982,-58.1998394793,
    -159.2049522529));
#7019 = CARTESIAN_POINT('',(-199.4969497553,-57.97777441666,
    -160.913421477));
#7020 = CARTESIAN_POINT('',(-200.0514711831,-57.71910592786,
    -162.6290169964));
#7021 = CARTESIAN_POINT('',(-200.5496434387,-57.4353850577,
    -164.350736821));
#7022 = CARTESIAN_POINT('',(-200.9929981569,-57.137271157,
    -166.0782205454));
#7023 = CARTESIAN_POINT('',(-201.5432439107,-56.71348500647,
    -168.534539033));
#7024 = CARTESIAN_POINT('',(-201.6954940599,-56.58870567337,
    -169.2578492387));
#7025 = CARTESIAN_POINT('',(-201.8381937193,-56.46472216307,
    -169.9822490591));
#7026 = CARTESIAN_POINT('',(-201.971279284,-56.34258964352,
    -170.7077673421));
#7027 = CARTESIAN_POINT('',(-202.0946221279,-56.22348020286,
    -171.4344295242));
#7028 = CARTESIAN_POINT('',(-202.2080078605,-56.10874727678,
    -172.162264851));
#7029 = CARTESIAN_POINT('',(-202.3111217331,-55.999965977,
    -172.8913111686));
#7030 = CARTESIAN_POINT('',(-202.5039180435,-55.78914764931,
    -174.4144910515));
#7031 = CARTESIAN_POINT('',(-202.5916968565,-55.68848210641,
    -175.2088830662));
#7032 = CARTESIAN_POINT('',(-202.6663671133,-55.5991428429,
    -176.0047643076));
#7033 = CARTESIAN_POINT('',(-202.727275775,-55.52362207741,
    -176.8020389475));
#7034 = CARTESIAN_POINT('',(-202.7736852384,-55.4645419476,
    -177.6005329778));
#7035 = CARTESIAN_POINT('',(-202.8048658988,-55.42435943975,
    -178.3999868293));
#7036 = CARTESIAN_POINT('',(-202.8204568357,-55.40426603963,
    -179.1999947369));
#7037 = CARTESIAN_POINT('',(-202.8204568357,-55.40426603963,-180.));
#7038 = CYLINDRICAL_SURFACE('',#7039,8.);
#7039 = AXIS2_PLACEMENT_3D('',#7040,#7041,#7042);
#7040 = CARTESIAN_POINT('',(-196.5,-50.5,-180.));
#7041 = DIRECTION('',(0.,-3.310223024625E-16,-1.));
#7042 = DIRECTION('',(-1.,0.,0.));
#7043 = ADVANCED_FACE('',(#7044,#7059,#7070,#7081),#7092,.T.);
#7044 = FACE_BOUND('',#7045,.T.);
#7045 = EDGE_LOOP('',(#7046,#7047,#7048,#7049,#7050,#7051,#7052,#7053));
#7046 = ORIENTED_EDGE('',*,*,#4669,.T.);
#7047 = ORIENTED_EDGE('',*,*,#6981,.T.);
#7048 = ORIENTED_EDGE('',*,*,#5629,.F.);
#7049 = ORIENTED_EDGE('',*,*,#5584,.F.);
#7050 = ORIENTED_EDGE('',*,*,#5560,.F.);
#7051 = ORIENTED_EDGE('',*,*,#5535,.T.);
#7052 = ORIENTED_EDGE('',*,*,#4879,.F.);
#7053 = ORIENTED_EDGE('',*,*,#7054,.F.);
#7054 = EDGE_CURVE('',#4670,#4871,#7055,.T.);
#7055 = LINE('',#7056,#7057);
#7056 = CARTESIAN_POINT('',(-75.5,-50.5,-180.));
#7057 = VECTOR('',#7058,1.);
#7058 = DIRECTION('',(0.,3.310223024625E-16,1.));
#7059 = FACE_BOUND('',#7060,.T.);
#7060 = EDGE_LOOP('',(#7061,#7062,#7063,#7064));
#7061 = ORIENTED_EDGE('',*,*,#5519,.T.);
#7062 = ORIENTED_EDGE('',*,*,#5496,.F.);
#7063 = ORIENTED_EDGE('',*,*,#5473,.F.);
#7064 = ORIENTED_EDGE('',*,*,#7065,.T.);
#7065 = EDGE_CURVE('',#5457,#5512,#7066,.T.);
#7066 = LINE('',#7067,#7068);
#7067 = CARTESIAN_POINT('',(-75.5,-2.233929668666,-178.8));
#7068 = VECTOR('',#7069,1.);
#7069 = DIRECTION('',(0.,-1.,1.110223024625E-16));
#7070 = FACE_BOUND('',#7071,.T.);
#7071 = EDGE_LOOP('',(#7072,#7073,#7074,#7075));
#7072 = ORIENTED_EDGE('',*,*,#5440,.T.);
#7073 = ORIENTED_EDGE('',*,*,#5417,.F.);
#7074 = ORIENTED_EDGE('',*,*,#5394,.F.);
#7075 = ORIENTED_EDGE('',*,*,#7076,.T.);
#7076 = EDGE_CURVE('',#5378,#5433,#7077,.T.);
#7077 = LINE('',#7078,#7079);
#7078 = CARTESIAN_POINT('',(-75.5,-2.233929668666,-178.8));
#7079 = VECTOR('',#7080,1.);
#7080 = DIRECTION('',(0.,-1.,1.110223024625E-16));
#7081 = FACE_BOUND('',#7082,.T.);
#7082 = EDGE_LOOP('',(#7083,#7084,#7085,#7086));
#7083 = ORIENTED_EDGE('',*,*,#5361,.T.);
#7084 = ORIENTED_EDGE('',*,*,#5338,.F.);
#7085 = ORIENTED_EDGE('',*,*,#5315,.F.);
#7086 = ORIENTED_EDGE('',*,*,#7087,.T.);
#7087 = EDGE_CURVE('',#5299,#5354,#7088,.T.);
#7088 = LINE('',#7089,#7090);
#7089 = CARTESIAN_POINT('',(-75.5,-2.233929668666,-178.8));
#7090 = VECTOR('',#7091,1.);
#7091 = DIRECTION('',(0.,-1.,1.110223024625E-16));
#7092 = PLANE('',#7093);
#7093 = AXIS2_PLACEMENT_3D('',#7094,#7095,#7096);
#7094 = CARTESIAN_POINT('',(-75.5,-28.31478897464,-142.2385956212));
#7095 = DIRECTION('',(1.,0.,0.));
#7096 = DIRECTION('',(0.,-1.,1.110223024625E-16));
#7097 = ADVANCED_FACE('',(#7098),#7144,.T.);
#7098 = FACE_BOUND('',#7099,.T.);
#7099 = EDGE_LOOP('',(#7100,#7101,#7102,#7103,#7111));
#7100 = ORIENTED_EDGE('',*,*,#4677,.F.);
#7101 = ORIENTED_EDGE('',*,*,#7054,.T.);
#7102 = ORIENTED_EDGE('',*,*,#4870,.T.);
#7103 = ORIENTED_EDGE('',*,*,#7104,.F.);
#7104 = EDGE_CURVE('',#7105,#4863,#7107,.T.);
#7105 = VERTEX_POINT('',#7106);
#7106 = CARTESIAN_POINT('',(-83.5,-58.5,-153.7056393294));
#7107 = LINE('',#7108,#7109);
#7108 = CARTESIAN_POINT('',(-83.5,-58.5,-180.));
#7109 = VECTOR('',#7110,1.);
#7110 = DIRECTION('',(0.,3.310223024625E-16,1.));
#7111 = ORIENTED_EDGE('',*,*,#7112,.T.);
#7112 = EDGE_CURVE('',#7105,#4678,#7113,.T.);
#7113 = B_SPLINE_CURVE_WITH_KNOTS('',8,(#7114,#7115,#7116,#7117,#7118,
    #7119,#7120,#7121,#7122,#7123,#7124,#7125,#7126,#7127,#7128,#7129,
    #7130,#7131,#7132,#7133,#7134,#7135,#7136,#7137,#7138,#7139,#7140,
    #7141,#7142,#7143),.UNSPECIFIED.,.F.,.F.,(9,7,7,7,9),(0.,
    1.687403955182E-02,0.542971804102,0.762097283681,1.),.UNSPECIFIED.);
#7114 = CARTESIAN_POINT('',(-83.5,-58.5,-153.7056393294));
#7115 = CARTESIAN_POINT('',(-83.47459693891,-58.49999997185,
    -153.7594109962));
#7116 = CARTESIAN_POINT('',(-83.44924412449,-58.49990781712,
    -153.8131947498));
#7117 = CARTESIAN_POINT('',(-83.42394194893,-58.49972409807,
    -153.8669905239));
#7118 = CARTESIAN_POINT('',(-83.39869071731,-58.49944943724,
    -153.9207982675));
#7119 = CARTESIAN_POINT('',(-83.37349068345,-58.49908449002,
    -153.9746179368));
#7120 = CARTESIAN_POINT('',(-83.34834208579,-58.49862991719,
    -154.0284494868));
#7121 = CARTESIAN_POINT('',(-83.32324518317,-58.49808635741,
    -154.0822928633));
#7122 = CARTESIAN_POINT('',(-82.51735217955,-58.47775126506,
    -155.8152399791));
#7123 = CARTESIAN_POINT('',(-81.7873561443,-58.37214371007,
    -157.5050796714));
#7124 = CARTESIAN_POINT('',(-81.11558420177,-58.1998394793,
    -159.2049522529));
#7125 = CARTESIAN_POINT('',(-80.50305024462,-57.97777441666,
    -160.913421477));
#7126 = CARTESIAN_POINT('',(-79.94852881687,-57.71910592786,
    -162.6290169964));
#7127 = CARTESIAN_POINT('',(-79.45035656127,-57.4353850577,
    -164.350736821));
#7128 = CARTESIAN_POINT('',(-79.00700184308,-57.137271157,
    -166.0782205454));
#7129 = CARTESIAN_POINT('',(-78.45675608924,-56.71348500647,
    -168.534539033));
#7130 = CARTESIAN_POINT('',(-78.30450594001,-56.58870567337,
    -169.2578492387));
#7131 = CARTESIAN_POINT('',(-78.16180628062,-56.46472216307,
    -169.9822490591));
#7132 = CARTESIAN_POINT('',(-78.02872071591,-56.34258964352,
    -170.7077673421));
#7133 = CARTESIAN_POINT('',(-77.90537787201,-56.22348020286,
    -171.4344295242));
#7134 = CARTESIAN_POINT('',(-77.79199213946,-56.10874727678,
    -172.162264851));
#7135 = CARTESIAN_POINT('',(-77.68887826687,-55.999965977,
    -172.8913111686));
#7136 = CARTESIAN_POINT('',(-77.4960819564,-55.78914764931,
    -174.4144910515));
#7137 = CARTESIAN_POINT('',(-77.40830314344,-55.68848210641,
    -175.2088830662));
#7138 = CARTESIAN_POINT('',(-77.33363288669,-55.5991428429,
    -176.0047643076));
#7139 = CARTESIAN_POINT('',(-77.27272422495,-55.52362207741,
    -176.8020389475));
#7140 = CARTESIAN_POINT('',(-77.22631476154,-55.4645419476,
    -177.6005329778));
#7141 = CARTESIAN_POINT('',(-77.19513410115,-55.42435943975,
    -178.3999868293));
#7142 = CARTESIAN_POINT('',(-77.17954316425,-55.40426603963,
    -179.1999947369));
#7143 = CARTESIAN_POINT('',(-77.17954316425,-55.40426603963,-180.));
#7144 = CYLINDRICAL_SURFACE('',#7145,8.);
#7145 = AXIS2_PLACEMENT_3D('',#7146,#7147,#7148);
#7146 = CARTESIAN_POINT('',(-83.5,-50.5,-180.));
#7147 = DIRECTION('',(0.,-3.310223024625E-16,-1.));
#7148 = DIRECTION('',(1.,0.,0.));
#7149 = ADVANCED_FACE('',(#7150),#7376,.T.);
#7150 = FACE_BOUND('',#7151,.T.);
#7151 = EDGE_LOOP('',(#7152,#7262,#7263,#7373,#7374,#7375));
#7152 = ORIENTED_EDGE('',*,*,#7153,.F.);
#7153 = EDGE_CURVE('',#4711,#6999,#7154,.T.);
#7154 = B_SPLINE_CURVE_WITH_KNOTS('',8,(#7155,#7156,#7157,#7158,#7159,
    #7160,#7161,#7162,#7163,#7164,#7165,#7166,#7167,#7168,#7169,#7170,
    #7171,#7172,#7173,#7174,#7175,#7176,#7177,#7178,#7179,#7180,#7181,
    #7182,#7183,#7184,#7185,#7186,#7187,#7188,#7189,#7190,#7191,#7192,
    #7193,#7194,#7195,#7196,#7197,#7198,#7199,#7200,#7201,#7202,#7203,
    #7204,#7205,#7206,#7207,#7208,#7209,#7210,#7211,#7212,#7213,#7214,
    #7215,#7216,#7217,#7218,#7219,#7220,#7221,#7222,#7223,#7224,#7225,
    #7226,#7227,#7228,#7229,#7230,#7231,#7232,#7233,#7234,#7235,#7236,
    #7237,#7238,#7239,#7240,#7241,#7242,#7243,#7244,#7245,#7246,#7247,
    #7248,#7249,#7250,#7251,#7252,#7253,#7254,#7255,#7256,#7257,#7258,
    #7259,#7260,#7261),.UNSPECIFIED.,.F.,.F.,(9,7,7,7,7,7,7,7,7,7,7,7,7,
    7,7,9),(0.,0.221579121505,0.420762599184,0.509387153692,
    0.604221409649,0.639476568088,0.659677560073,0.700714307872,
    0.747464122245,0.770805627714,0.816313385054,0.90086205692,
    0.948414577779,0.973521727677,0.986293048048,1.),.UNSPECIFIED.);
#7155 = CARTESIAN_POINT('',(-162.1369863013,-58.5,-180.));
#7156 = CARTESIAN_POINT('',(-162.1369863013,-58.5,-178.1335094089));
#7157 = CARTESIAN_POINT('',(-162.1895266559,-58.5,-176.2672555646));
#7158 = CARTESIAN_POINT('',(-162.2945872427,-58.5,-174.402656766));
#7159 = CARTESIAN_POINT('',(-162.4526931105,-58.5,-172.5413871408));
#7160 = CARTESIAN_POINT('',(-162.6648816754,-58.5,-170.6853799637));
#7161 = CARTESIAN_POINT('',(-162.9327010976,-58.5,-168.836829882));
#7162 = CARTESIAN_POINT('',(-163.258348651,-58.5,-166.9982109704));
#7163 = CARTESIAN_POINT('',(-163.9926813132,-58.5,-163.5309914423));
#7164 = CARTESIAN_POINT('',(-164.3894456419,-58.5,-161.9009019513));
#7165 = CARTESIAN_POINT('',(-164.8377428656,-58.5,-160.2833895563));
#7166 = CARTESIAN_POINT('',(-165.3405764975,-58.5,-158.6809687294));
#7167 = CARTESIAN_POINT('',(-165.9015075065,-58.5,-157.0973177856));
#7168 = CARTESIAN_POINT('',(-166.5249733295,-58.5,-155.537417382));
#7169 = CARTESIAN_POINT('',(-167.2163447582,-58.5,-154.0075694179));
#7170 = CARTESIAN_POINT('',(-168.3252159323,-58.5,-151.8524807885));
#7171 = CARTESIAN_POINT('',(-168.6816226343,-58.5,-151.1966625745));
#7172 = CARTESIAN_POINT('',(-169.0536737462,-58.5,-150.5493817694));
#7173 = CARTESIAN_POINT('',(-169.4421005349,-58.5,-149.9115957509));
#7174 = CARTESIAN_POINT('',(-169.8476708633,-58.5,-149.2844765568));
#7175 = CARTESIAN_POINT('',(-170.271201688,-58.5,-148.6694191232));
#7176 = CARTESIAN_POINT('',(-170.7135869875,-58.5,-148.0680600032));
#7177 = CARTESIAN_POINT('',(-171.670484239,-58.5,-146.8555108496));
#7178 = CARTESIAN_POINT('',(-172.1876306968,-58.5,-146.2468989093));
#7179 = CARTESIAN_POINT('',(-172.7286659941,-58.5,-145.6585495979));
#7180 = CARTESIAN_POINT('',(-173.2948178536,-58.5,-145.0933943469));
#7181 = CARTESIAN_POINT('',(-173.8871016432,-58.5,-144.5551581824));
#7182 = CARTESIAN_POINT('',(-174.5062685858,-58.5,-144.0483047669));
#7183 = CARTESIAN_POINT('',(-175.1527380864,-58.5,-143.5779635391));
#7184 = CARTESIAN_POINT('',(-176.0769685521,-58.5,-142.9906511974));
#7185 = CARTESIAN_POINT('',(-176.3311609498,-58.5,-142.8373500176));
#7186 = CARTESIAN_POINT('',(-176.5890430569,-58.5,-142.6902168832));
#7187 = CARTESIAN_POINT('',(-176.8505633668,-58.5,-142.5495706086));
#7188 = CARTESIAN_POINT('',(-177.1156458174,-58.5,-142.4157400613));
#7189 = CARTESIAN_POINT('',(-177.3841870964,-58.5,-142.2890587973));
#7190 = CARTESIAN_POINT('',(-177.6560539466,-58.5,-142.1698596953));
#7191 = CARTESIAN_POINT('',(-178.0886690024,-58.5,-141.9946437374));
#7192 = CARTESIAN_POINT('',(-178.2472943906,-58.5,-141.9333818834));
#7193 = CARTESIAN_POINT('',(-178.4069245951,-58.5,-141.8747456053));
#7194 = CARTESIAN_POINT('',(-178.5675241615,-58.5,-141.8187955842));
#7195 = CARTESIAN_POINT('',(-178.7290540523,-58.5,-141.7655910949));
#7196 = CARTESIAN_POINT('',(-178.8914714768,-58.5,-141.7151894956));
#7197 = CARTESIAN_POINT('',(-179.054729721,-58.5,-141.6676457169));
#7198 = CARTESIAN_POINT('',(-179.5520292825,-58.5,-141.5323413132));
#7199 = CARTESIAN_POINT('',(-179.8885704812,-58.5,-141.4536708965));
#7200 = CARTESIAN_POINT('',(-180.227942168,-58.5,-141.3874481915));
#7201 = CARTESIAN_POINT('',(-180.5696497027,-58.5,-141.3340548243));
#7202 = CARTESIAN_POINT('',(-180.9131617434,-58.5,-141.2937943863));
#7203 = CARTESIAN_POINT('',(-181.2579087788,-58.5,-141.2668804639));
#7204 = CARTESIAN_POINT('',(-181.6032816608,-58.5,-141.2534246692));
#7205 = CARTESIAN_POINT('',(-182.3420574435,-58.5,-141.2534246692));
#7206 = CARTESIAN_POINT('',(-182.7355277375,-58.5,-141.2708874607));
#7207 = CARTESIAN_POINT('',(-183.1280655291,-58.5,-141.3058196462));
#7208 = CARTESIAN_POINT('',(-183.5187733418,-58.5,-141.3580296199));
#7209 = CARTESIAN_POINT('',(-183.9068273336,-58.5,-141.4271575255));
#7210 = CARTESIAN_POINT('',(-184.291473401,-58.5,-141.5127017735));
#7211 = CARTESIAN_POINT('',(-184.6720237644,-58.5,-141.6140421193));
#7212 = CARTESIAN_POINT('',(-185.235500652,-58.5,-141.7885847137));
#7213 = CARTESIAN_POINT('',(-185.4219840867,-58.5,-141.8504727788));
#7214 = CARTESIAN_POINT('',(-185.6072342894,-58.5,-141.9160373022));
#7215 = CARTESIAN_POINT('',(-185.7911884827,-58.5,-141.9851880928));
#7216 = CARTESIAN_POINT('',(-185.9737907921,-58.5,-142.0578319445));
#7217 = CARTESIAN_POINT('',(-186.1549918735,-58.5,-142.1338736194));
#7218 = CARTESIAN_POINT('',(-186.3347485416,-58.5,-142.2132168309));
#7219 = CARTESIAN_POINT('',(-186.860596902,-58.5,-142.4567056744));
#7220 = CARTESIAN_POINT('',(-187.2025273521,-58.5,-142.6298245566));
#7221 = CARTESIAN_POINT('',(-187.5385546179,-58.5,-142.8144131481));
#7222 = CARTESIAN_POINT('',(-187.8684959307,-58.5,-143.0097614577));
#7223 = CARTESIAN_POINT('',(-188.192235042,-58.5,-143.2151764689));
#7224 = CARTESIAN_POINT('',(-188.5097133055,-58.5,-143.429997066));
#7225 = CARTESIAN_POINT('',(-188.8209226825,-58.5,-143.6536056444));
#7226 = CARTESIAN_POINT('',(-189.6925179968,-58.5,-144.3161538054));
#7227 = CARTESIAN_POINT('',(-190.2374471667,-58.5,-144.7751165215));
#7228 = CARTESIAN_POINT('',(-190.7611334889,-58.5,-145.2588051165));
#7229 = CARTESIAN_POINT('',(-191.2641462662,-58.5,-145.76409738));
#7230 = CARTESIAN_POINT('',(-191.7471663696,-58.5,-146.2882795315));
#7231 = CARTESIAN_POINT('',(-192.2109714519,-58.5,-146.8290599589));
#7232 = CARTESIAN_POINT('',(-192.6564188004,-58.5,-147.3845854924));
#7233 = CARTESIAN_POINT('',(-193.3251488672,-58.5,-148.2734111532));
#7234 = CARTESIAN_POINT('',(-193.560321894,-58.5,-148.5975404023));
#7235 = CARTESIAN_POINT('',(-193.7900899604,-58.5,-148.9255704122));
#7236 = CARTESIAN_POINT('',(-194.0145915943,-58.5,-149.2572463679));
#7237 = CARTESIAN_POINT('',(-194.2339597241,-58.5,-149.5923355434));
#7238 = CARTESIAN_POINT('',(-194.4483226006,-58.5,-149.9306266566));
#7239 = CARTESIAN_POINT('',(-194.6578047201,-58.5,-150.2719292252));
#7240 = CARTESIAN_POINT('',(-194.9706190035,-58.5,-150.7977765876));
#7241 = CARTESIAN_POINT('',(-195.077382944,-58.5,-150.9802712138));
#7242 = CARTESIAN_POINT('',(-195.1828370435,-58.5,-151.1635312037));
#7243 = CARTESIAN_POINT('',(-195.2869983605,-58.5,-151.3475320521));
#7244 = CARTESIAN_POINT('',(-195.3898835363,-58.5,-151.5322503447));
#7245 = CARTESIAN_POINT('',(-195.4915087958,-58.5,-151.7176637581));
#7246 = CARTESIAN_POINT('',(-195.5918899467,-58.5,-151.9037510601));
#7247 = CARTESIAN_POINT('',(-195.7414785112,-58.5,-152.1854821731));
#7248 = CARTESIAN_POINT('',(-195.7917184597,-58.5,-152.280870664));
#7249 = CARTESIAN_POINT('',(-195.841761266,-58.5,-152.376655774));
#7250 = CARTESIAN_POINT('',(-195.8916059752,-58.5,-152.4728356842));
#7251 = CARTESIAN_POINT('',(-195.9412516379,-58.5,-152.5694085656));
#7252 = CARTESIAN_POINT('',(-195.9906973097,-58.5,-152.6663725786));
#7253 = CARTESIAN_POINT('',(-196.039942052,-58.5,-152.7637258729));
#7254 = CARTESIAN_POINT('',(-196.1416207093,-58.5,-152.9663678237));
#7255 = CARTESIAN_POINT('',(-196.1938919409,-58.5,-153.0714523411));
#7256 = CARTESIAN_POINT('',(-196.2458012359,-58.5,-153.1767168517));
#7257 = CARTESIAN_POINT('',(-196.297350852,-58.5,-153.2821585734));
#7258 = CARTESIAN_POINT('',(-196.3485431214,-58.5,-153.3877746523));
#7259 = CARTESIAN_POINT('',(-196.3993805474,-58.5,-153.4935620152));
#7260 = CARTESIAN_POINT('',(-196.4498655697,-58.5,-153.599517652));
#7261 = CARTESIAN_POINT('',(-196.5,-58.5,-153.7056393294));
#7262 = ORIENTED_EDGE('',*,*,#4710,.T.);
#7263 = ORIENTED_EDGE('',*,*,#7264,.T.);
#7264 = EDGE_CURVE('',#4703,#7105,#7265,.T.);
#7265 = B_SPLINE_CURVE_WITH_KNOTS('',8,(#7266,#7267,#7268,#7269,#7270,
    #7271,#7272,#7273,#7274,#7275,#7276,#7277,#7278,#7279,#7280,#7281,
    #7282,#7283,#7284,#7285,#7286,#7287,#7288,#7289,#7290,#7291,#7292,
    #7293,#7294,#7295,#7296,#7297,#7298,#7299,#7300,#7301,#7302,#7303,
    #7304,#7305,#7306,#7307,#7308,#7309,#7310,#7311,#7312,#7313,#7314,
    #7315,#7316,#7317,#7318,#7319,#7320,#7321,#7322,#7323,#7324,#7325,
    #7326,#7327,#7328,#7329,#7330,#7331,#7332,#7333,#7334,#7335,#7336,
    #7337,#7338,#7339,#7340,#7341,#7342,#7343,#7344,#7345,#7346,#7347,
    #7348,#7349,#7350,#7351,#7352,#7353,#7354,#7355,#7356,#7357,#7358,
    #7359,#7360,#7361,#7362,#7363,#7364,#7365,#7366,#7367,#7368,#7369,
    #7370,#7371,#7372),.UNSPECIFIED.,.F.,.F.,(9,7,7,7,7,7,7,7,7,7,7,7,7,
    7,7,9),(0.,0.221579121505,0.420762599184,0.509387153692,
    0.604221409649,0.639476568088,0.659677560073,0.700714307872,
    0.747464122245,0.770805627714,0.816313385054,0.90086205692,
    0.948414577779,0.973521727677,0.986293048048,1.),.UNSPECIFIED.);
#7266 = CARTESIAN_POINT('',(-117.8630136986,-58.5,-180.));
#7267 = CARTESIAN_POINT('',(-117.8630136986,-58.5,-178.1335094089));
#7268 = CARTESIAN_POINT('',(-117.810473344,-58.5,-176.2672555646));
#7269 = CARTESIAN_POINT('',(-117.7054127572,-58.5,-174.402656766));
#7270 = CARTESIAN_POINT('',(-117.5473068894,-58.5,-172.5413871408));
#7271 = CARTESIAN_POINT('',(-117.3351183245,-58.5,-170.6853799637));
#7272 = CARTESIAN_POINT('',(-117.0672989023,-58.5,-168.836829882));
#7273 = CARTESIAN_POINT('',(-116.7416513489,-58.5,-166.9982109704));
#7274 = CARTESIAN_POINT('',(-116.0073186867,-58.5,-163.5309914423));
#7275 = CARTESIAN_POINT('',(-115.610554358,-58.5,-161.9009019513));
#7276 = CARTESIAN_POINT('',(-115.1622571343,-58.5,-160.2833895563));
#7277 = CARTESIAN_POINT('',(-114.6594235024,-58.5,-158.6809687294));
#7278 = CARTESIAN_POINT('',(-114.0984924934,-58.5,-157.0973177856));
#7279 = CARTESIAN_POINT('',(-113.4750266704,-58.5,-155.537417382));
#7280 = CARTESIAN_POINT('',(-112.7836552417,-58.5,-154.0075694179));
#7281 = CARTESIAN_POINT('',(-111.6747840676,-58.5,-151.8524807885));
#7282 = CARTESIAN_POINT('',(-111.3183773656,-58.5,-151.1966625745));
#7283 = CARTESIAN_POINT('',(-110.9463262537,-58.5,-150.5493817694));
#7284 = CARTESIAN_POINT('',(-110.557899465,-58.5,-149.9115957509));
#7285 = CARTESIAN_POINT('',(-110.1523291366,-58.5,-149.2844765568));
#7286 = CARTESIAN_POINT('',(-109.7287983119,-58.5,-148.6694191232));
#7287 = CARTESIAN_POINT('',(-109.2864130124,-58.5,-148.0680600032));
#7288 = CARTESIAN_POINT('',(-108.3295157609,-58.5,-146.8555108496));
#7289 = CARTESIAN_POINT('',(-107.8123693031,-58.5,-146.2468989093));
#7290 = CARTESIAN_POINT('',(-107.2713340058,-58.5,-145.6585495979));
#7291 = CARTESIAN_POINT('',(-106.7051821463,-58.5,-145.0933943469));
#7292 = CARTESIAN_POINT('',(-106.1128983567,-58.5,-144.5551581824));
#7293 = CARTESIAN_POINT('',(-105.4937314141,-58.5,-144.0483047669));
#7294 = CARTESIAN_POINT('',(-104.8472619135,-58.5,-143.5779635391));
#7295 = CARTESIAN_POINT('',(-103.9230314478,-58.5,-142.9906511974));
#7296 = CARTESIAN_POINT('',(-103.6688390501,-58.5,-142.8373500176));
#7297 = CARTESIAN_POINT('',(-103.410956943,-58.5,-142.6902168832));
#7298 = CARTESIAN_POINT('',(-103.1494366331,-58.5,-142.5495706086));
#7299 = CARTESIAN_POINT('',(-102.8843541825,-58.5,-142.4157400613));
#7300 = CARTESIAN_POINT('',(-102.6158129035,-58.5,-142.2890587973));
#7301 = CARTESIAN_POINT('',(-102.3439460533,-58.5,-142.1698596953));
#7302 = CARTESIAN_POINT('',(-101.9113309975,-58.5,-141.9946437374));
#7303 = CARTESIAN_POINT('',(-101.7527056093,-58.5,-141.9333818834));
#7304 = CARTESIAN_POINT('',(-101.5930754048,-58.5,-141.8747456053));
#7305 = CARTESIAN_POINT('',(-101.4324758384,-58.5,-141.8187955842));
#7306 = CARTESIAN_POINT('',(-101.2709459476,-58.5,-141.7655910949));
#7307 = CARTESIAN_POINT('',(-101.1085285231,-58.5,-141.7151894956));
#7308 = CARTESIAN_POINT('',(-100.9452702789,-58.5,-141.6676457169));
#7309 = CARTESIAN_POINT('',(-100.4479707174,-58.5,-141.5323413132));
#7310 = CARTESIAN_POINT('',(-100.1114295187,-58.5,-141.4536708965));
#7311 = CARTESIAN_POINT('',(-99.77205783199,-58.5,-141.3874481915));
#7312 = CARTESIAN_POINT('',(-99.43035029725,-58.5,-141.3340548243));
#7313 = CARTESIAN_POINT('',(-99.08683825654,-58.5,-141.2937943863));
#7314 = CARTESIAN_POINT('',(-98.74209122115,-58.5,-141.2668804639));
#7315 = CARTESIAN_POINT('',(-98.39671833917,-58.5,-141.2534246692));
#7316 = CARTESIAN_POINT('',(-97.65794255648,-58.5,-141.2534246692));
#7317 = CARTESIAN_POINT('',(-97.26447226244,-58.5,-141.2708874607));
#7318 = CARTESIAN_POINT('',(-96.87193447087,-58.5,-141.3058196462));
#7319 = CARTESIAN_POINT('',(-96.48122665819,-58.5,-141.3580296199));
#7320 = CARTESIAN_POINT('',(-96.0931726663,-58.5,-141.4271575255));
#7321 = CARTESIAN_POINT('',(-95.70852659896,-58.5,-141.5127017735));
#7322 = CARTESIAN_POINT('',(-95.32797623554,-58.5,-141.6140421193));
#7323 = CARTESIAN_POINT('',(-94.76449934792,-58.5,-141.7885847137));
#7324 = CARTESIAN_POINT('',(-94.57801591324,-58.5,-141.8504727788));
#7325 = CARTESIAN_POINT('',(-94.39276571054,-58.5,-141.9160373022));
#7326 = CARTESIAN_POINT('',(-94.20881151723,-58.5,-141.9851880928));
#7327 = CARTESIAN_POINT('',(-94.02620920789,-58.5,-142.0578319445));
#7328 = CARTESIAN_POINT('',(-93.84500812646,-58.5,-142.1338736194));
#7329 = CARTESIAN_POINT('',(-93.66525145838,-58.5,-142.2132168309));
#7330 = CARTESIAN_POINT('',(-93.13940309791,-58.5,-142.4567056744));
#7331 = CARTESIAN_POINT('',(-92.79747264784,-58.5,-142.6298245566));
#7332 = CARTESIAN_POINT('',(-92.46144538207,-58.5,-142.8144131481));
#7333 = CARTESIAN_POINT('',(-92.13150406923,-58.5,-143.0097614577));
#7334 = CARTESIAN_POINT('',(-91.80776495792,-58.5,-143.2151764689));
#7335 = CARTESIAN_POINT('',(-91.49028669444,-58.5,-143.429997066));
#7336 = CARTESIAN_POINT('',(-91.17907731747,-58.5,-143.6536056444));
#7337 = CARTESIAN_POINT('',(-90.30748200319,-58.5,-144.3161538054));
#7338 = CARTESIAN_POINT('',(-89.76255283324,-58.5,-144.7751165215));
#7339 = CARTESIAN_POINT('',(-89.23886651103,-58.5,-145.2588051165));
#7340 = CARTESIAN_POINT('',(-88.73585373373,-58.5,-145.76409738));
#7341 = CARTESIAN_POINT('',(-88.25283363034,-58.5,-146.2882795315));
#7342 = CARTESIAN_POINT('',(-87.78902854808,-58.5,-146.8290599589));
#7343 = CARTESIAN_POINT('',(-87.34358119959,-58.5,-147.3845854924));
#7344 = CARTESIAN_POINT('',(-86.67485113271,-58.5,-148.2734111532));
#7345 = CARTESIAN_POINT('',(-86.4396781059,-58.5,-148.5975404023));
#7346 = CARTESIAN_POINT('',(-86.20991003959,-58.5,-148.9255704122));
#7347 = CARTESIAN_POINT('',(-85.98540840564,-58.5,-149.2572463679));
#7348 = CARTESIAN_POINT('',(-85.76604027587,-58.5,-149.5923355434));
#7349 = CARTESIAN_POINT('',(-85.55167739937,-58.5,-149.9306266566));
#7350 = CARTESIAN_POINT('',(-85.34219527984,-58.5,-150.2719292252));
#7351 = CARTESIAN_POINT('',(-85.02938099645,-58.5,-150.7977765876));
#7352 = CARTESIAN_POINT('',(-84.92261705597,-58.5,-150.9802712138));
#7353 = CARTESIAN_POINT('',(-84.8171629564,-58.5,-151.1635312037));
#7354 = CARTESIAN_POINT('',(-84.71300163944,-58.5,-151.3475320521));
#7355 = CARTESIAN_POINT('',(-84.6101164636,-58.5,-151.5322503447));
#7356 = CARTESIAN_POINT('',(-84.50849120417,-58.5,-151.7176637581));
#7357 = CARTESIAN_POINT('',(-84.40811005321,-58.5,-151.9037510601));
#7358 = CARTESIAN_POINT('',(-84.2585214888,-58.5,-152.1854821731));
#7359 = CARTESIAN_POINT('',(-84.20828154021,-58.5,-152.280870664));
#7360 = CARTESIAN_POINT('',(-84.15823873392,-58.5,-152.376655774));
#7361 = CARTESIAN_POINT('',(-84.10839402472,-58.5,-152.4728356842));
#7362 = CARTESIAN_POINT('',(-84.05874836208,-58.5,-152.5694085656));
#7363 = CARTESIAN_POINT('',(-84.0093026902,-58.5,-152.6663725786));
#7364 = CARTESIAN_POINT('',(-83.96005794794,-58.5,-152.7637258729));
#7365 = CARTESIAN_POINT('',(-83.85837929068,-58.5,-152.9663678237));
#7366 = CARTESIAN_POINT('',(-83.80610805903,-58.5,-153.0714523411));
#7367 = CARTESIAN_POINT('',(-83.75419876402,-58.5,-153.1767168517));
#7368 = CARTESIAN_POINT('',(-83.70264914798,-58.5,-153.2821585734));
#7369 = CARTESIAN_POINT('',(-83.65145687857,-58.5,-153.3877746523));
#7370 = CARTESIAN_POINT('',(-83.60061945257,-58.5,-153.4935620152));
#7371 = CARTESIAN_POINT('',(-83.5501344302,-58.5,-153.599517652));
#7372 = CARTESIAN_POINT('',(-83.5,-58.5,-153.7056393294));
#7373 = ORIENTED_EDGE('',*,*,#7104,.T.);
#7374 = ORIENTED_EDGE('',*,*,#4862,.T.);
#7375 = ORIENTED_EDGE('',*,*,#6998,.F.);
#7376 = PLANE('',#7377);
#7377 = AXIS2_PLACEMENT_3D('',#7378,#7379,#7380);
#7378 = CARTESIAN_POINT('',(-140.,-58.5,-129.8404355071));
#7379 = DIRECTION('',(0.,-1.,5.210223024625E-16));
#7380 = DIRECTION('',(0.,5.210223024625E-16,1.));
#7381 = ADVANCED_FACE('',(#7382),#7413,.F.);
#7382 = FACE_BOUND('',#7383,.F.);
#7383 = EDGE_LOOP('',(#7384,#7385,#7386,#7387,#7393,#7394,#7395,#7396,
    #7403,#7404,#7405,#7406));
#7384 = ORIENTED_EDGE('',*,*,#5189,.T.);
#7385 = ORIENTED_EDGE('',*,*,#5150,.T.);
#7386 = ORIENTED_EDGE('',*,*,#5086,.T.);
#7387 = ORIENTED_EDGE('',*,*,#7388,.T.);
#7388 = EDGE_CURVE('',#5087,#4979,#7389,.T.);
#7389 = LINE('',#7390,#7391);
#7390 = CARTESIAN_POINT('',(-82.2,-41.,-158.5));
#7391 = VECTOR('',#7392,1.);
#7392 = DIRECTION('',(0.,1.,-1.110223024625E-16));
#7393 = ORIENTED_EDGE('',*,*,#4986,.T.);
#7394 = ORIENTED_EDGE('',*,*,#4915,.T.);
#7395 = ORIENTED_EDGE('',*,*,#4947,.T.);
#7396 = ORIENTED_EDGE('',*,*,#7397,.F.);
#7397 = EDGE_CURVE('',#5119,#4948,#7398,.T.);
#7398 = CIRCLE('',#7399,2.75);
#7399 = AXIS2_PLACEMENT_3D('',#7400,#7401,#7402);
#7400 = CARTESIAN_POINT('',(-82.2,-36.5,-154.5));
#7401 = DIRECTION('',(1.,-0.,0.));
#7402 = DIRECTION('',(0.,0.771428571429,-0.636315927181));
#7403 = ORIENTED_EDGE('',*,*,#5118,.T.);
#7404 = ORIENTED_EDGE('',*,*,#5175,.T.);
#7405 = ORIENTED_EDGE('',*,*,#5239,.F.);
#7406 = ORIENTED_EDGE('',*,*,#7407,.F.);
#7407 = EDGE_CURVE('',#5190,#5231,#7408,.T.);
#7408 = CIRCLE('',#7409,2.75);
#7409 = AXIS2_PLACEMENT_3D('',#7410,#7411,#7412);
#7410 = CARTESIAN_POINT('',(-82.2,-36.5,-154.5));
#7411 = DIRECTION('',(1.,0.,0.));
#7412 = DIRECTION('',(0.,-0.771428571429,0.636315927181));
#7413 = PLANE('',#7414);
#7414 = AXIS2_PLACEMENT_3D('',#7415,#7416,#7417);
#7415 = CARTESIAN_POINT('',(-82.2,-36.5,-156.1138188166));
#7416 = DIRECTION('',(1.,0.,0.));
#7417 = DIRECTION('',(0.,-1.,1.110223024625E-16));
#7418 = ADVANCED_FACE('',(#7419),#7426,.F.);
#7419 = FACE_BOUND('',#7420,.T.);
#7420 = EDGE_LOOP('',(#7421,#7422,#7423,#7424,#7425));
#7421 = ORIENTED_EDGE('',*,*,#5012,.T.);
#7422 = ORIENTED_EDGE('',*,*,#4955,.T.);
#7423 = ORIENTED_EDGE('',*,*,#7397,.F.);
#7424 = ORIENTED_EDGE('',*,*,#5126,.F.);
#7425 = ORIENTED_EDGE('',*,*,#5059,.T.);
#7426 = CONICAL_SURFACE('',#7427,1.75,0.785398163397);
#7427 = AXIS2_PLACEMENT_3D('',#7428,#7429,#7430);
#7428 = CARTESIAN_POINT('',(-81.2,-36.5,-154.5));
#7429 = DIRECTION('',(-1.,0.,0.));
#7430 = DIRECTION('',(-0.,0.771428571429,-0.636315927181));
#7431 = ADVANCED_FACE('',(#7432),#7438,.F.);
#7432 = FACE_BOUND('',#7433,.F.);
#7433 = EDGE_LOOP('',(#7434,#7435,#7436,#7437));
#7434 = ORIENTED_EDGE('',*,*,#5094,.F.);
#7435 = ORIENTED_EDGE('',*,*,#5035,.T.);
#7436 = ORIENTED_EDGE('',*,*,#4978,.T.);
#7437 = ORIENTED_EDGE('',*,*,#7388,.F.);
#7438 = PLANE('',#7439);
#7439 = AXIS2_PLACEMENT_3D('',#7440,#7441,#7442);
#7440 = CARTESIAN_POINT('',(-79.7,-41.,-160.));
#7441 = DIRECTION('',(0.514495755428,1.252008389579E-16,0.857492925713)
  );
#7442 = DIRECTION('',(-2.1317225604E-17,1.,-1.332176784692E-16));
#7443 = ADVANCED_FACE('',(#7444),#7451,.F.);
#7444 = FACE_BOUND('',#7445,.T.);
#7445 = EDGE_LOOP('',(#7446,#7447,#7448,#7449,#7450));
#7446 = ORIENTED_EDGE('',*,*,#5256,.F.);
#7447 = ORIENTED_EDGE('',*,*,#5281,.T.);
#7448 = ORIENTED_EDGE('',*,*,#5230,.T.);
#7449 = ORIENTED_EDGE('',*,*,#7407,.F.);
#7450 = ORIENTED_EDGE('',*,*,#5197,.F.);
#7451 = CONICAL_SURFACE('',#7452,1.75,0.785398163397);
#7452 = AXIS2_PLACEMENT_3D('',#7453,#7454,#7455);
#7453 = CARTESIAN_POINT('',(-81.2,-36.5,-154.5));
#7454 = DIRECTION('',(-1.,0.,0.));
#7455 = DIRECTION('',(0.,-0.771428571429,0.636315927181));
#7456 = ADVANCED_FACE('',(#7457),#7463,.F.);
#7457 = FACE_BOUND('',#7458,.F.);
#7458 = EDGE_LOOP('',(#7459,#7460,#7461,#7462));
#7459 = ORIENTED_EDGE('',*,*,#5298,.F.);
#7460 = ORIENTED_EDGE('',*,*,#7087,.T.);
#7461 = ORIENTED_EDGE('',*,*,#5353,.F.);
#7462 = ORIENTED_EDGE('',*,*,#5678,.F.);
#7463 = PLANE('',#7464);
#7464 = AXIS2_PLACEMENT_3D('',#7465,#7466,#7467);
#7465 = CARTESIAN_POINT('',(-75.5,-2.233929668666,-178.8));
#7466 = DIRECTION('',(0.,-1.110223024625E-16,-1.));
#7467 = DIRECTION('',(-1.,0.,0.));
#7468 = ADVANCED_FACE('',(#7469),#7475,.F.);
#7469 = FACE_BOUND('',#7470,.F.);
#7470 = EDGE_LOOP('',(#7471,#7472,#7473,#7474));
#7471 = ORIENTED_EDGE('',*,*,#5377,.F.);
#7472 = ORIENTED_EDGE('',*,*,#7076,.T.);
#7473 = ORIENTED_EDGE('',*,*,#5432,.F.);
#7474 = ORIENTED_EDGE('',*,*,#5661,.F.);
#7475 = PLANE('',#7476);
#7476 = AXIS2_PLACEMENT_3D('',#7477,#7478,#7479);
#7477 = CARTESIAN_POINT('',(-75.5,-2.233929668666,-178.8));
#7478 = DIRECTION('',(0.,-1.110223024625E-16,-1.));
#7479 = DIRECTION('',(-1.,0.,0.));
#7480 = ADVANCED_FACE('',(#7481),#7487,.F.);
#7481 = FACE_BOUND('',#7482,.F.);
#7482 = EDGE_LOOP('',(#7483,#7484,#7485,#7486));
#7483 = ORIENTED_EDGE('',*,*,#5456,.F.);
#7484 = ORIENTED_EDGE('',*,*,#7065,.T.);
#7485 = ORIENTED_EDGE('',*,*,#5511,.T.);
#7486 = ORIENTED_EDGE('',*,*,#5644,.F.);
#7487 = PLANE('',#7488);
#7488 = AXIS2_PLACEMENT_3D('',#7489,#7490,#7491);
#7489 = CARTESIAN_POINT('',(-75.5,-2.233929668666,-178.8));
#7490 = DIRECTION('',(0.,-1.110223024625E-16,-1.));
#7491 = DIRECTION('',(-1.,0.,0.));
#7492 = ADVANCED_FACE('',(#7493),#7524,.T.);
#7493 = FACE_BOUND('',#7494,.T.);
#7494 = EDGE_LOOP('',(#7495,#7496,#7497,#7498,#7504,#7505,#7506,#7507,
    #7514,#7515,#7516,#7517));
#7495 = ORIENTED_EDGE('',*,*,#6054,.F.);
#7496 = ORIENTED_EDGE('',*,*,#6005,.T.);
#7497 = ORIENTED_EDGE('',*,*,#5941,.T.);
#7498 = ORIENTED_EDGE('',*,*,#7499,.T.);
#7499 = EDGE_CURVE('',#5942,#5834,#7500,.T.);
#7500 = LINE('',#7501,#7502);
#7501 = CARTESIAN_POINT('',(-197.8,-41.,-158.5));
#7502 = VECTOR('',#7503,1.);
#7503 = DIRECTION('',(0.,1.,-1.110223024625E-16));
#7504 = ORIENTED_EDGE('',*,*,#5841,.T.);
#7505 = ORIENTED_EDGE('',*,*,#5769,.T.);
#7506 = ORIENTED_EDGE('',*,*,#5791,.T.);
#7507 = ORIENTED_EDGE('',*,*,#7508,.F.);
#7508 = EDGE_CURVE('',#5965,#5792,#7509,.T.);
#7509 = CIRCLE('',#7510,2.75);
#7510 = AXIS2_PLACEMENT_3D('',#7511,#7512,#7513);
#7511 = CARTESIAN_POINT('',(-197.8,-36.5,-154.5));
#7512 = DIRECTION('',(1.,-0.,0.));
#7513 = DIRECTION('',(0.,0.771428571429,-0.636315927181));
#7514 = ORIENTED_EDGE('',*,*,#5973,.T.);
#7515 = ORIENTED_EDGE('',*,*,#6020,.F.);
#7516 = ORIENTED_EDGE('',*,*,#6088,.F.);
#7517 = ORIENTED_EDGE('',*,*,#7518,.F.);
#7518 = EDGE_CURVE('',#6055,#6089,#7519,.T.);
#7519 = CIRCLE('',#7520,2.75);
#7520 = AXIS2_PLACEMENT_3D('',#7521,#7522,#7523);
#7521 = CARTESIAN_POINT('',(-197.8,-36.5,-154.5));
#7522 = DIRECTION('',(1.,0.,0.));
#7523 = DIRECTION('',(0.,-0.771428571429,0.636315927181));
#7524 = PLANE('',#7525);
#7525 = AXIS2_PLACEMENT_3D('',#7526,#7527,#7528);
#7526 = CARTESIAN_POINT('',(-197.8,-36.5,-156.1138188166));
#7527 = DIRECTION('',(1.,0.,0.));
#7528 = DIRECTION('',(0.,-1.,1.110223024625E-16));
#7529 = ADVANCED_FACE('',(#7530),#7537,.F.);
#7530 = FACE_BOUND('',#7531,.F.);
#7531 = EDGE_LOOP('',(#7532,#7533,#7534,#7535,#7536));
#7532 = ORIENTED_EDGE('',*,*,#5858,.T.);
#7533 = ORIENTED_EDGE('',*,*,#5809,.T.);
#7534 = ORIENTED_EDGE('',*,*,#7508,.F.);
#7535 = ORIENTED_EDGE('',*,*,#5964,.F.);
#7536 = ORIENTED_EDGE('',*,*,#5916,.T.);
#7537 = CONICAL_SURFACE('',#7538,1.75,0.785398163397);
#7538 = AXIS2_PLACEMENT_3D('',#7539,#7540,#7541);
#7539 = CARTESIAN_POINT('',(-198.8,-36.5,-154.5));
#7540 = DIRECTION('',(1.,0.,0.));
#7541 = DIRECTION('',(0.,0.771428571429,-0.636315927181));
#7542 = ADVANCED_FACE('',(#7543),#7549,.F.);
#7543 = FACE_BOUND('',#7544,.T.);
#7544 = EDGE_LOOP('',(#7545,#7546,#7547,#7548));
#7545 = ORIENTED_EDGE('',*,*,#5949,.F.);
#7546 = ORIENTED_EDGE('',*,*,#5890,.T.);
#7547 = ORIENTED_EDGE('',*,*,#5833,.T.);
#7548 = ORIENTED_EDGE('',*,*,#7499,.F.);
#7549 = PLANE('',#7550);
#7550 = AXIS2_PLACEMENT_3D('',#7551,#7552,#7553);
#7551 = CARTESIAN_POINT('',(-200.3,-41.,-160.));
#7552 = DIRECTION('',(-0.514495755428,6.520083895793E-17,0.857492925713)
  );
#7553 = DIRECTION('',(2.1317225604E-17,-1.,8.882692645585E-17));
#7554 = ADVANCED_FACE('',(#7555),#7562,.F.);
#7555 = FACE_BOUND('',#7556,.F.);
#7556 = EDGE_LOOP('',(#7557,#7558,#7559,#7560,#7561));
#7557 = ORIENTED_EDGE('',*,*,#6121,.F.);
#7558 = ORIENTED_EDGE('',*,*,#6139,.T.);
#7559 = ORIENTED_EDGE('',*,*,#6096,.T.);
#7560 = ORIENTED_EDGE('',*,*,#7518,.F.);
#7561 = ORIENTED_EDGE('',*,*,#6062,.F.);
#7562 = CONICAL_SURFACE('',#7563,1.75,0.785398163397);
#7563 = AXIS2_PLACEMENT_3D('',#7564,#7565,#7566);
#7564 = CARTESIAN_POINT('',(-198.8,-36.5,-154.5));
#7565 = DIRECTION('',(1.,0.,0.));
#7566 = DIRECTION('',(0.,-0.771428571429,0.636315927181));
#7567 = ADVANCED_FACE('',(#7568),#7574,.T.);
#7568 = FACE_BOUND('',#7569,.T.);
#7569 = EDGE_LOOP('',(#7570,#7571,#7572,#7573));
#7570 = ORIENTED_EDGE('',*,*,#6317,.T.);
#7571 = ORIENTED_EDGE('',*,*,#6939,.T.);
#7572 = ORIENTED_EDGE('',*,*,#6262,.T.);
#7573 = ORIENTED_EDGE('',*,*,#6535,.F.);
#7574 = PLANE('',#7575);
#7575 = AXIS2_PLACEMENT_3D('',#7576,#7577,#7578);
#7576 = CARTESIAN_POINT('',(-204.5,-2.233929668666,-178.8));
#7577 = DIRECTION('',(0.,1.110223024625E-16,1.));
#7578 = DIRECTION('',(1.,0.,0.));
#7579 = ADVANCED_FACE('',(#7580),#7586,.T.);
#7580 = FACE_BOUND('',#7581,.T.);
#7581 = EDGE_LOOP('',(#7582,#7583,#7584,#7585));
#7582 = ORIENTED_EDGE('',*,*,#6396,.T.);
#7583 = ORIENTED_EDGE('',*,*,#6950,.T.);
#7584 = ORIENTED_EDGE('',*,*,#6341,.T.);
#7585 = ORIENTED_EDGE('',*,*,#6569,.F.);
#7586 = PLANE('',#7587);
#7587 = AXIS2_PLACEMENT_3D('',#7588,#7589,#7590);
#7588 = CARTESIAN_POINT('',(-204.5,-2.233929668666,-178.8));
#7589 = DIRECTION('',(0.,1.110223024625E-16,1.));
#7590 = DIRECTION('',(1.,0.,0.));
#7591 = ADVANCED_FACE('',(#7592),#7598,.T.);
#7592 = FACE_BOUND('',#7593,.T.);
#7593 = EDGE_LOOP('',(#7594,#7595,#7596,#7597));
#7594 = ORIENTED_EDGE('',*,*,#6475,.F.);
#7595 = ORIENTED_EDGE('',*,*,#6961,.T.);
#7596 = ORIENTED_EDGE('',*,*,#6420,.T.);
#7597 = ORIENTED_EDGE('',*,*,#6552,.F.);
#7598 = PLANE('',#7599);
#7599 = AXIS2_PLACEMENT_3D('',#7600,#7601,#7602);
#7600 = CARTESIAN_POINT('',(-204.5,-2.233929668666,-178.8));
#7601 = DIRECTION('',(0.,1.110223024625E-16,1.));
#7602 = DIRECTION('',(1.,0.,0.));
#7603 = ADVANCED_FACE('',(#7604),#7728,.T.);
#7604 = FACE_BOUND('',#7605,.T.);
#7605 = EDGE_LOOP('',(#7606,#7607,#7667,#7668));
#7606 = ORIENTED_EDGE('',*,*,#6659,.T.);
#7607 = ORIENTED_EDGE('',*,*,#7608,.T.);
#7608 = EDGE_CURVE('',#6660,#6588,#7609,.T.);
#7609 = B_SPLINE_CURVE_WITH_KNOTS('',12,(#7610,#7611,#7612,#7613,#7614,
    #7615,#7616,#7617,#7618,#7619,#7620,#7621,#7622,#7623,#7624,#7625,
    #7626,#7627,#7628,#7629,#7630,#7631,#7632,#7633,#7634,#7635,#7636,
    #7637,#7638,#7639,#7640,#7641,#7642,#7643,#7644,#7645,#7646,#7647,
    #7648,#7649,#7650,#7651,#7652,#7653,#7654,#7655,#7656,#7657,#7658,
    #7659,#7660,#7661,#7662,#7663,#7664,#7665,#7666),.UNSPECIFIED.,.F.,
  .F.,(13,11,11,11,11,13),(-0.507679938322,-4.0778E-13,3.141592653589,
    6.283185307179,12.566370614359,13.047227046286),.UNSPECIFIED.);
#7610 = CARTESIAN_POINT('',(-189.1417990742,-87.,-180.6250385688));
#7611 = CARTESIAN_POINT('',(-189.1417990742,-87.,-180.5329385403));
#7612 = CARTESIAN_POINT('',(-189.1417990742,-87.,-180.4481136902));
#7613 = CARTESIAN_POINT('',(-189.1417990742,-87.,-180.3705640185));
#7614 = CARTESIAN_POINT('',(-189.1417990742,-87.,-180.3002895251));
#7615 = CARTESIAN_POINT('',(-189.1417990742,-87.,-180.2372902101));
#7616 = CARTESIAN_POINT('',(-189.1417990742,-87.,-180.1815660735));
#7617 = CARTESIAN_POINT('',(-189.1417990742,-87.,-180.1331171153));
#7618 = CARTESIAN_POINT('',(-189.1417990742,-87.,-180.0919433355));
#7619 = CARTESIAN_POINT('',(-189.1417990742,-87.,-180.058044734));
#7620 = CARTESIAN_POINT('',(-189.1417990742,-87.,-180.031421311));
#7621 = CARTESIAN_POINT('',(-189.1417990742,-87.,-180.0120730663));
#7622 = CARTESIAN_POINT('',(-189.1417990742,-86.99999999999,
    -179.9252902201));
#7623 = CARTESIAN_POINT('',(-189.1477512599,-87.00000000004,
    -179.850560841));
#7624 = CARTESIAN_POINT('',(-189.1597041522,-86.99999999988,
    -179.7735031736));
#7625 = CARTESIAN_POINT('',(-189.1771154048,-87.00000000021,
    -179.6919782437));
#7626 = CARTESIAN_POINT('',(-189.1989925606,-86.99999999969,
    -179.6038925009));
#7627 = CARTESIAN_POINT('',(-189.2238827187,-87.00000000034,
    -179.5072653546));
#7628 = CARTESIAN_POINT('',(-189.2497896783,-86.9999999997,
    -179.4004327937));
#7629 = CARTESIAN_POINT('',(-189.2740971588,-87.00000000019,
    -179.2823313499));
#7630 = CARTESIAN_POINT('',(-189.2935766506,-86.9999999999,
    -179.1528066604));
#7631 = CARTESIAN_POINT('',(-189.3045585009,-87.00000000003,
    -179.0128908895));
#7632 = CARTESIAN_POINT('',(-189.3033447925,-86.99999999999,
    -178.8649932658));
#7633 = CARTESIAN_POINT('',(-189.2705404274,-87.,-178.5609027214));
#7634 = CARTESIAN_POINT('',(-189.23893773,-87.00000000001,
    -178.4046699443));
#7635 = CARTESIAN_POINT('',(-189.1892867837,-86.99999999995,
    -178.2479097125));
#7636 = CARTESIAN_POINT('',(-189.119077269,-87.0000000001,-178.09530101)
  );
#7637 = CARTESIAN_POINT('',(-189.027636834,-86.99999999983,
    -177.9523972069));
#7638 = CARTESIAN_POINT('',(-188.916416234,-87.00000000019,
    -177.8236878323));
#7639 = CARTESIAN_POINT('',(-188.7882775635,-86.99999999983,
    -177.7117602215));
#7640 = CARTESIAN_POINT('',(-188.646452991,-87.00000000011,
    -177.6178753214));
#7641 = CARTESIAN_POINT('',(-188.4938900154,-86.99999999994,
    -177.5429227251));
#7642 = CARTESIAN_POINT('',(-188.333347656,-87.00000000001,
    -177.4876008444));
#7643 = CARTESIAN_POINT('',(-188.1678560753,-86.99999999999,
    -177.4517790153));
#7644 = CARTESIAN_POINT('',(-187.6642878492,-86.99999999999,
    -177.4024597832));
#7645 = CARTESIAN_POINT('',(-187.3191641822,-87.00000000002,
    -177.4470900007));
#7646 = CARTESIAN_POINT('',(-186.9863333847,-86.99999999993,
    -177.5671317522));
#7647 = CARTESIAN_POINT('',(-186.6835626755,-87.00000000012,
    -177.7578077976));
#7648 = CARTESIAN_POINT('',(-186.4328535642,-86.99999999983,
    -178.0040161149));
#7649 = CARTESIAN_POINT('',(-186.2325819438,-87.00000000016,
    -178.2984646782));
#7650 = CARTESIAN_POINT('',(-186.1207648748,-86.99999999986,
    -178.6140446617));
#7651 = CARTESIAN_POINT('',(-186.0457451454,-87.00000000008,
    -178.9106112977));
#7652 = CARTESIAN_POINT('',(-186.0067333458,-86.99999999995,
    -179.1975549393));
#7653 = CARTESIAN_POINT('',(-185.9840515801,-87.00000000001,
    -179.4691883308));
#7654 = CARTESIAN_POINT('',(-185.9729005272,-86.99999999999,
    -179.7347271358));
#7655 = CARTESIAN_POINT('',(-185.9729005272,-87.,-180.0203015121));
#7656 = CARTESIAN_POINT('',(-185.9729005272,-87.,-180.0463821216));
#7657 = CARTESIAN_POINT('',(-185.9729005272,-87.,-180.0782418284));
#7658 = CARTESIAN_POINT('',(-185.9729005272,-87.,-180.1158806325));
#7659 = CARTESIAN_POINT('',(-185.9729005272,-87.,-180.1592985339));
#7660 = CARTESIAN_POINT('',(-185.9729005272,-87.,-180.2084955327));
#7661 = CARTESIAN_POINT('',(-185.9729005272,-87.,-180.2634716287));
#7662 = CARTESIAN_POINT('',(-185.9729005272,-87.,-180.3242268221));
#7663 = CARTESIAN_POINT('',(-185.9729005272,-87.,-180.3907611128));
#7664 = CARTESIAN_POINT('',(-185.9729005272,-87.,-180.4630745008));
#7665 = CARTESIAN_POINT('',(-185.9729005272,-87.,-180.5411669862));
#7666 = CARTESIAN_POINT('',(-185.9729005272,-87.,-180.6250385688));
#7667 = ORIENTED_EDGE('',*,*,#6585,.F.);
#7668 = ORIENTED_EDGE('',*,*,#7669,.F.);
#7669 = EDGE_CURVE('',#6653,#6586,#7670,.T.);
#7670 = B_SPLINE_CURVE_WITH_KNOTS('',12,(#7671,#7672,#7673,#7674,#7675,
    #7676,#7677,#7678,#7679,#7680,#7681,#7682,#7683,#7684,#7685,#7686,
    #7687,#7688,#7689,#7690,#7691,#7692,#7693,#7694,#7695,#7696,#7697,
    #7698,#7699,#7700,#7701,#7702,#7703,#7704,#7705,#7706,#7707,#7708,
    #7709,#7710,#7711,#7712,#7713,#7714,#7715,#7716,#7717,#7718,#7719,
    #7720,#7721,#7722,#7723,#7724,#7725,#7726,#7727),.UNSPECIFIED.,.F.,
  .F.,(13,11,11,11,11,13),(-0.507679938322,-4.0778E-13,3.141592653589,
    6.283185307179,12.566370614359,13.047227046286),.UNSPECIFIED.);
#7671 = CARTESIAN_POINT('',(-192.9260370207,-84.29597189948,
    -180.6250385688));
#7672 = CARTESIAN_POINT('',(-192.9260370207,-84.29597189948,
    -180.5729520214));
#7673 = CARTESIAN_POINT('',(-192.9260370207,-84.29597189949,
    -180.520865474));
#7674 = CARTESIAN_POINT('',(-192.9260370207,-84.29597189949,
    -180.4687789266));
#7675 = CARTESIAN_POINT('',(-192.9260370207,-84.29597189949,
    -180.4166923792));
#7676 = CARTESIAN_POINT('',(-192.9260370207,-84.29597189949,
    -180.3646058318));
#7677 = CARTESIAN_POINT('',(-192.9260370207,-84.29597189949,
    -180.3125192844));
#7678 = CARTESIAN_POINT('',(-192.9260370207,-84.29597189949,
    -180.260432737));
#7679 = CARTESIAN_POINT('',(-192.9260370207,-84.29597189949,
    -180.2083461896));
#7680 = CARTESIAN_POINT('',(-192.9260370207,-84.29597189949,
    -180.1562596422));
#7681 = CARTESIAN_POINT('',(-192.9260370207,-84.29597189949,
    -180.1041730948));
#7682 = CARTESIAN_POINT('',(-192.9260370207,-84.29597189948,
    -180.0520865474));
#7683 = CARTESIAN_POINT('',(-192.9260370207,-84.29597189947,
    -179.6776813454));
#7684 = CARTESIAN_POINT('',(-192.9111797401,-84.30511458021,
    -179.3553764773));
#7685 = CARTESIAN_POINT('',(-192.8815128763,-84.32343765108,
    -179.0327071265));
#7686 = CARTESIAN_POINT('',(-192.8365149393,-84.35121085737,
    -178.7098464179));
#7687 = CARTESIAN_POINT('',(-192.775301028,-84.38892643469,
    -178.3869673675));
#7688 = CARTESIAN_POINT('',(-192.6965910158,-84.43735623696,
    -178.064312771));
#7689 = CARTESIAN_POINT('',(-192.5985893166,-84.49758056189,
    -177.7426387135));
#7690 = CARTESIAN_POINT('',(-192.4789254402,-84.57089374815,
    -177.4237839245));
#7691 = CARTESIAN_POINT('',(-192.3348044958,-84.65849155476,
    -177.1111172089));
#7692 = CARTESIAN_POINT('',(-192.1635168563,-84.76084540142,
    -176.8096151798));
#7693 = CARTESIAN_POINT('',(-191.9634561479,-84.87666848674,
    -176.5253225212));
#7694 = CARTESIAN_POINT('',(-191.5081333824,-85.12608921023,
    -176.002571495));
#7695 = CARTESIAN_POINT('',(-191.2527931722,-85.2597634553,
    -175.764150736));
#7696 = CARTESIAN_POINT('',(-190.9711745814,-85.39806791841,
    -175.5532537809));
#7697 = CARTESIAN_POINT('',(-190.6654984703,-85.5350485364,
    -175.3762352587));
#7698 = CARTESIAN_POINT('',(-190.3438132018,-85.66014360082,
    -175.2328158515));
#7699 = CARTESIAN_POINT('',(-190.0141962172,-85.76633846209,
    -175.1183206564));
#7700 = CARTESIAN_POINT('',(-189.6808820214,-85.85348620682,
    -175.0279476503));
#7701 = CARTESIAN_POINT('',(-189.3451121246,-85.92486817506,
    -174.9590748422));
#7702 = CARTESIAN_POINT('',(-189.0079399368,-85.98237741327,
    -174.9109452034));
#7703 = CARTESIAN_POINT('',(-188.6710349502,-86.02627690269,
    -174.8830930946));
#7704 = CARTESIAN_POINT('',(-188.3347156957,-86.05931251662,
    -174.8745946719));
#7705 = CARTESIAN_POINT('',(-187.3305686084,-86.12751980641,
    -174.907723581));
#7706 = CARTESIAN_POINT('',(-186.667260136,-86.13204179184,
    -175.0075948554));
#7707 = CARTESIAN_POINT('',(-186.0185398677,-86.10547757939,
    -175.1857933539));
#7708 = CARTESIAN_POINT('',(-185.3829543919,-86.04751953516,
    -175.4371403842));
#7709 = CARTESIAN_POINT('',(-184.7942442106,-85.96760294649,
    -175.7905128403));
#7710 = CARTESIAN_POINT('',(-184.221727046,-85.85541605054,
    -176.184869641));
#7711 = CARTESIAN_POINT('',(-183.73152873,-85.70954425552,
    -176.7386891011));
#7712 = CARTESIAN_POINT('',(-183.3620112431,-85.61208092402,
    -177.3275022185));
#7713 = CARTESIAN_POINT('',(-183.0766923163,-85.52096648092,
    -177.9712150094));
#7714 = CARTESIAN_POINT('',(-182.8921871684,-85.46397014698,
    -178.6384904598));
#7715 = CARTESIAN_POINT('',(-182.799174962,-85.43463878975,
    -179.3194030325));
#7716 = CARTESIAN_POINT('',(-182.799174962,-85.43463878976,
    -180.0520865474));
#7717 = CARTESIAN_POINT('',(-182.799174962,-85.43463878976,
    -180.1041730948));
#7718 = CARTESIAN_POINT('',(-182.799174962,-85.43463878976,
    -180.1562596422));
#7719 = CARTESIAN_POINT('',(-182.799174962,-85.43463878976,
    -180.2083461896));
#7720 = CARTESIAN_POINT('',(-182.799174962,-85.43463878976,
    -180.260432737));
#7721 = CARTESIAN_POINT('',(-182.799174962,-85.43463878976,
    -180.3125192844));
#7722 = CARTESIAN_POINT('',(-182.799174962,-85.43463878976,
    -180.3646058318));
#7723 = CARTESIAN_POINT('',(-182.799174962,-85.43463878976,
    -180.4166923792));
#7724 = CARTESIAN_POINT('',(-182.799174962,-85.43463878976,
    -180.4687789266));
#7725 = CARTESIAN_POINT('',(-182.799174962,-85.43463878976,
    -180.520865474));
#7726 = CARTESIAN_POINT('',(-182.799174962,-85.43463878976,
    -180.5729520214));
#7727 = CARTESIAN_POINT('',(-182.799174962,-85.43463878976,
    -180.6250385688));
#7728 = ( BOUNDED_SURFACE() B_SPLINE_SURFACE(2,12,(
    (#7729,#7730,#7731,#7732,#7733,#7734,#7735,#7736,#7737,#7738,#7739
      ,#7740,#7741,#7742,#7743,#7744,#7745,#7746,#7747,#7748,#7749,#7750
      ,#7751,#7752,#7753,#7754,#7755,#7756,#7757,#7758,#7759,#7760,#7761
      ,#7762,#7763,#7764,#7765,#7766,#7767,#7768,#7769,#7770,#7771,#7772
      ,#7773,#7774,#7775,#7776,#7777,#7778,#7779,#7780,#7781,#7782,#7783
      ,#7784,#7785)
    ,(#7786,#7787,#7788,#7789,#7790,#7791,#7792,#7793,#7794,#7795,#7796
      ,#7797,#7798,#7799,#7800,#7801,#7802,#7803,#7804,#7805,#7806,#7807
      ,#7808,#7809,#7810,#7811,#7812,#7813,#7814,#7815,#7816,#7817,#7818
      ,#7819,#7820,#7821,#7822,#7823,#7824,#7825,#7826,#7827,#7828,#7829
      ,#7830,#7831,#7832,#7833,#7834,#7835,#7836,#7837,#7838,#7839,#7840
      ,#7841,#7842)
    ,(#7843,#7844,#7845,#7846,#7847,#7848,#7849,#7850,#7851,#7852,#7853
      ,#7854,#7855,#7856,#7857,#7858,#7859,#7860,#7861,#7862,#7863,#7864
      ,#7865,#7866,#7867,#7868,#7869,#7870,#7871,#7872,#7873,#7874,#7875
      ,#7876,#7877,#7878,#7879,#7880,#7881,#7882,#7883,#7884,#7885,#7886
      ,#7887,#7888,#7889,#7890,#7891,#7892,#7893,#7894,#7895,#7896,#7897
      ,#7898,#7899
)),.UNSPECIFIED.,.F.,.F.,.F.) B_SPLINE_SURFACE_WITH_KNOTS((3,3),(13,11,
    11,11,11,13),(0.,12.56637061436),(-0.507679938322,-4.0778E-13,
    3.141592653589,6.283185307179,12.566370614359,13.047227046286),
.UNSPECIFIED.) GEOMETRIC_REPRESENTATION_ITEM() RATIONAL_B_SPLINE_SURFACE
((
    (1.,1.,1.,1.,1.,1.,1.,1.,1.,1.,1.,1.,1.,1.,1.,1.,1.,1.,1.,1.,1.,1.
      ,1.,1.,1.,1.,1.,1.,1.,1.,1.,1.,1.,1.,1.,1.,1.,1.,1.,1.,1.,1.,1.,1.
      ,1.,1.,1.,1.,1.,1.,1.,1.,1.,1.,1.,1.,1.)
    ,(0.813631665704,0.813631665704,0.813631665704,0.813631665704
      ,0.813631665704,0.813631665704,0.813631665704,0.813631665704
      ,0.813631665704,0.813631665704,0.813631665704,0.813631665704
      ,0.813631665704,0.81433332619,0.815741894065,0.817873047383
      ,0.820758519978,0.824450533344,0.829020633222,0.834548528904
      ,0.841096532558,0.848665196639,0.857125746752,0.875124069021
      ,0.884666759636,0.894428102327,0.903953253497,0.912533377615
      ,0.919740540987,0.925614021176,0.930404520019,0.934249499646
      ,0.937172334521,0.93937018555,0.943901000893,0.944191645178
      ,0.942430351609,0.938627236345,0.933246182868,0.925908192983
      ,0.915902643973,0.909182914363,0.902863537232,0.898887897886
      ,0.896844383781,0.896844383781,0.896844383781,0.896844383781
      ,0.896844383781,0.896844383781,0.896844383781,0.896844383781
      ,0.896844383781,0.896844383781,0.896844383781,0.896844383781
      ,0.896844383781)
    ,(1.,1.,1.,1.,1.,1.,1.,1.,1.,1.,1.,1.,1.,1.,1.,1.,1.,1.,1.,1.,1.,1.
      ,1.,1.,1.,1.,1.,1.,1.,1.,1.,1.,1.,1.,1.,1.,1.,1.,1.,1.,1.,1.,1.,1.
,1.,1.,1.,1.,1.,1.,1.,1.,1.,1.,1.,1.,1.
))) REPRESENTATION_ITEM('') SURFACE() );
#7729 = CARTESIAN_POINT('',(-192.9260370207,-84.29597189948,
    -180.6250385688));
#7730 = CARTESIAN_POINT('',(-192.9260370207,-84.29597189948,
    -180.5729520214));
#7731 = CARTESIAN_POINT('',(-192.9260370207,-84.29597189949,
    -180.520865474));
#7732 = CARTESIAN_POINT('',(-192.9260370207,-84.29597189949,
    -180.4687789266));
#7733 = CARTESIAN_POINT('',(-192.9260370207,-84.29597189949,
    -180.4166923792));
#7734 = CARTESIAN_POINT('',(-192.9260370207,-84.29597189949,
    -180.3646058318));
#7735 = CARTESIAN_POINT('',(-192.9260370207,-84.29597189949,
    -180.3125192844));
#7736 = CARTESIAN_POINT('',(-192.9260370207,-84.29597189949,
    -180.260432737));
#7737 = CARTESIAN_POINT('',(-192.9260370207,-84.29597189949,
    -180.2083461896));
#7738 = CARTESIAN_POINT('',(-192.9260370207,-84.29597189949,
    -180.1562596422));
#7739 = CARTESIAN_POINT('',(-192.9260370207,-84.29597189949,
    -180.1041730948));
#7740 = CARTESIAN_POINT('',(-192.9260370207,-84.29597189948,
    -180.0520865474));
#7741 = CARTESIAN_POINT('',(-192.9260370207,-84.29597189947,
    -179.6776813454));
#7742 = CARTESIAN_POINT('',(-192.9111797401,-84.30511458021,
    -179.3553764773));
#7743 = CARTESIAN_POINT('',(-192.8815128763,-84.32343765108,
    -179.0327071265));
#7744 = CARTESIAN_POINT('',(-192.8365149393,-84.35121085737,
    -178.7098464179));
#7745 = CARTESIAN_POINT('',(-192.775301028,-84.38892643469,
    -178.3869673675));
#7746 = CARTESIAN_POINT('',(-192.6965910158,-84.43735623696,
    -178.064312771));
#7747 = CARTESIAN_POINT('',(-192.5985893166,-84.49758056189,
    -177.7426387135));
#7748 = CARTESIAN_POINT('',(-192.4789254402,-84.57089374815,
    -177.4237839245));
#7749 = CARTESIAN_POINT('',(-192.3348044958,-84.65849155476,
    -177.1111172089));
#7750 = CARTESIAN_POINT('',(-192.1635168563,-84.76084540142,
    -176.8096151798));
#7751 = CARTESIAN_POINT('',(-191.9634561479,-84.87666848674,
    -176.5253225212));
#7752 = CARTESIAN_POINT('',(-191.5081333824,-85.12608921023,
    -176.002571495));
#7753 = CARTESIAN_POINT('',(-191.2527931722,-85.2597634553,
    -175.764150736));
#7754 = CARTESIAN_POINT('',(-190.9711745814,-85.39806791841,
    -175.5532537809));
#7755 = CARTESIAN_POINT('',(-190.6654984703,-85.5350485364,
    -175.3762352587));
#7756 = CARTESIAN_POINT('',(-190.3438132018,-85.66014360082,
    -175.2328158515));
#7757 = CARTESIAN_POINT('',(-190.0141962172,-85.76633846209,
    -175.1183206564));
#7758 = CARTESIAN_POINT('',(-189.6808820214,-85.85348620682,
    -175.0279476503));
#7759 = CARTESIAN_POINT('',(-189.3451121246,-85.92486817506,
    -174.9590748422));
#7760 = CARTESIAN_POINT('',(-189.0079399368,-85.98237741327,
    -174.9109452034));
#7761 = CARTESIAN_POINT('',(-188.6710349502,-86.02627690269,
    -174.8830930946));
#7762 = CARTESIAN_POINT('',(-188.3347156957,-86.05931251662,
    -174.8745946719));
#7763 = CARTESIAN_POINT('',(-187.3305686084,-86.12751980641,
    -174.907723581));
#7764 = CARTESIAN_POINT('',(-186.667260136,-86.13204179184,
    -175.0075948554));
#7765 = CARTESIAN_POINT('',(-186.0185398677,-86.10547757939,
    -175.1857933539));
#7766 = CARTESIAN_POINT('',(-185.3829543919,-86.04751953516,
    -175.4371403842));
#7767 = CARTESIAN_POINT('',(-184.7942442106,-85.96760294649,
    -175.7905128403));
#7768 = CARTESIAN_POINT('',(-184.221727046,-85.85541605054,
    -176.184869641));
#7769 = CARTESIAN_POINT('',(-183.73152873,-85.70954425552,
    -176.7386891011));
#7770 = CARTESIAN_POINT('',(-183.3620112431,-85.61208092402,
    -177.3275022185));
#7771 = CARTESIAN_POINT('',(-183.0766923163,-85.52096648092,
    -177.9712150094));
#7772 = CARTESIAN_POINT('',(-182.8921871684,-85.46397014698,
    -178.6384904598));
#7773 = CARTESIAN_POINT('',(-182.799174962,-85.43463878975,
    -179.3194030325));
#7774 = CARTESIAN_POINT('',(-182.799174962,-85.43463878976,
    -180.0520865474));
#7775 = CARTESIAN_POINT('',(-182.799174962,-85.43463878976,
    -180.1041730948));
#7776 = CARTESIAN_POINT('',(-182.799174962,-85.43463878976,
    -180.1562596422));
#7777 = CARTESIAN_POINT('',(-182.799174962,-85.43463878976,
    -180.2083461896));
#7778 = CARTESIAN_POINT('',(-182.799174962,-85.43463878976,
    -180.260432737));
#7779 = CARTESIAN_POINT('',(-182.799174962,-85.43463878976,
    -180.3125192844));
#7780 = CARTESIAN_POINT('',(-182.799174962,-85.43463878976,
    -180.3646058318));
#7781 = CARTESIAN_POINT('',(-182.799174962,-85.43463878976,
    -180.4166923792));
#7782 = CARTESIAN_POINT('',(-182.799174962,-85.43463878976,
    -180.4687789266));
#7783 = CARTESIAN_POINT('',(-182.799174962,-85.43463878976,
    -180.520865474));
#7784 = CARTESIAN_POINT('',(-182.799174962,-85.43463878976,
    -180.5729520214));
#7785 = CARTESIAN_POINT('',(-182.799174962,-85.43463878976,
    -180.6250385688));
#7786 = CARTESIAN_POINT('',(-192.,-87.,-180.6250385688));
#7787 = CARTESIAN_POINT('',(-192.,-87.,-180.5631603631));
#7788 = CARTESIAN_POINT('',(-192.,-87.,-180.5030624589));
#7789 = CARTESIAN_POINT('',(-192.,-87.,-180.4447448563));
#7790 = CARTESIAN_POINT('',(-192.,-87.,-180.3882075551));
#7791 = CARTESIAN_POINT('',(-192.,-87.,-180.3334505554));
#7792 = CARTESIAN_POINT('',(-192.,-87.,-180.2804738573));
#7793 = CARTESIAN_POINT('',(-192.,-87.,-180.2292774606));
#7794 = CARTESIAN_POINT('',(-192.,-87.,-180.1798613655));
#7795 = CARTESIAN_POINT('',(-192.,-87.,-180.1322255718));
#7796 = CARTESIAN_POINT('',(-192.,-87.,-180.0863700797));
#7797 = CARTESIAN_POINT('',(-192.,-87.,-180.0422948891));
#7798 = CARTESIAN_POINT('',(-192.,-87.,-179.7382734614));
#7799 = CARTESIAN_POINT('',(-191.9853190908,-87.,-179.476977863));
#7800 = CARTESIAN_POINT('',(-191.9560358452,-86.99999999999,
    -179.2163820186));
#7801 = CARTESIAN_POINT('',(-191.9118712988,-87.,-178.9570509936));
#7802 = CARTESIAN_POINT('',(-191.852296147,-86.99999999999,
    -178.6995937748));
#7803 = CARTESIAN_POINT('',(-191.7765097621,-87.,-178.4447388211));
#7804 = CARTESIAN_POINT('',(-191.6834000435,-86.99999999999,
    -178.1935970331));
#7805 = CARTESIAN_POINT('',(-191.5715862659,-87.,-177.9479590346));
#7806 = CARTESIAN_POINT('',(-191.4396330113,-87.,-177.7104669332));
#7807 = CARTESIAN_POINT('',(-191.2865008157,-87.,-177.4845033315));
#7808 = CARTESIAN_POINT('',(-191.1122690323,-87.,-177.2736569497));
#7809 = CARTESIAN_POINT('',(-190.7299743088,-87.,-176.8916239948));
#7810 = CARTESIAN_POINT('',(-190.5230231621,-87.,-176.720114218));
#7811 = CARTESIAN_POINT('',(-190.299995467,-87.,-176.5677719254));
#7812 = CARTESIAN_POINT('',(-190.0630997651,-86.99999999999,
    -176.4363036771));
#7813 = CARTESIAN_POINT('',(-189.8169780325,-87.,-176.3238503647));
#7814 = CARTESIAN_POINT('',(-189.5653381963,-86.99999999999,
    -176.2278810131));
#7815 = CARTESIAN_POINT('',(-189.3097010577,-87.,-176.1475211443));
#7816 = CARTESIAN_POINT('',(-189.0505704402,-87.,-176.083335099));
#7817 = CARTESIAN_POINT('',(-188.7888547236,-87.,-176.0358586048));
#7818 = CARTESIAN_POINT('',(-188.5258929608,-87.,-176.0050907278));
#7819 = CARTESIAN_POINT('',(-188.2625211728,-87.,-175.9915346384));
#7820 = CARTESIAN_POINT('',(-187.4774779078,-87.,-176.002634595));
#7821 = CARTESIAN_POINT('',(-186.9536557531,-87.,-176.0786214105));
#7822 = CARTESIAN_POINT('',(-186.4402195108,-87.,-176.2265702126));
#7823 = CARTESIAN_POINT('',(-185.944556613,-87.,-176.443270254));
#7824 = CARTESIAN_POINT('',(-185.4888616403,-86.99999999999,
    -176.7355495965));
#7825 = CARTESIAN_POINT('',(-185.0630366374,-87.,-177.0770503601));
#7826 = CARTESIAN_POINT('',(-184.7014635959,-86.99999999999,
    -177.4981001624));
#7827 = CARTESIAN_POINT('',(-184.4242125807,-87.,-177.9549879156));
#7828 = CARTESIAN_POINT('',(-184.2106420362,-86.99999999999,
    -178.4454713288));
#7829 = CARTESIAN_POINT('',(-184.0708282314,-87.,-178.9551905762));
#7830 = CARTESIAN_POINT('',(-184.,-87.,-179.4765469228));
#7831 = CARTESIAN_POINT('',(-184.,-87.,-180.0400602189));
#7832 = CARTESIAN_POINT('',(-184.,-87.,-180.082307043));
#7833 = CARTESIAN_POINT('',(-184.,-87.,-180.1267404723));
#7834 = CARTESIAN_POINT('',(-184.,-87.,-180.1733605067));
#7835 = CARTESIAN_POINT('',(-184.,-87.,-180.2221671464));
#7836 = CARTESIAN_POINT('',(-184.,-87.,-180.2731603912));
#7837 = CARTESIAN_POINT('',(-184.,-87.,-180.3263402412));
#7838 = CARTESIAN_POINT('',(-184.,-87.,-180.3817066963));
#7839 = CARTESIAN_POINT('',(-184.,-87.,-180.4392597567));
#7840 = CARTESIAN_POINT('',(-184.,-87.,-180.4989994222));
#7841 = CARTESIAN_POINT('',(-184.,-87.,-180.5609256929));
#7842 = CARTESIAN_POINT('',(-184.,-87.,-180.6250385688));
#7843 = CARTESIAN_POINT('',(-189.1417990742,-87.,-180.6250385688));
#7844 = CARTESIAN_POINT('',(-189.1417990742,-87.,-180.5329385403));
#7845 = CARTESIAN_POINT('',(-189.1417990742,-87.,-180.4481136902));
#7846 = CARTESIAN_POINT('',(-189.1417990742,-87.,-180.3705640185));
#7847 = CARTESIAN_POINT('',(-189.1417990742,-87.,-180.3002895251));
#7848 = CARTESIAN_POINT('',(-189.1417990742,-87.,-180.2372902101));
#7849 = CARTESIAN_POINT('',(-189.1417990742,-87.,-180.1815660735));
#7850 = CARTESIAN_POINT('',(-189.1417990742,-87.,-180.1331171153));
#7851 = CARTESIAN_POINT('',(-189.1417990742,-87.,-180.0919433355));
#7852 = CARTESIAN_POINT('',(-189.1417990742,-87.,-180.058044734));
#7853 = CARTESIAN_POINT('',(-189.1417990742,-87.,-180.031421311));
#7854 = CARTESIAN_POINT('',(-189.1417990742,-87.,-180.0120730663));
#7855 = CARTESIAN_POINT('',(-189.1417990742,-86.99999999999,
    -179.9252902201));
#7856 = CARTESIAN_POINT('',(-189.1477512599,-87.00000000004,
    -179.850560841));
#7857 = CARTESIAN_POINT('',(-189.1597041522,-86.99999999988,
    -179.7735031736));
#7858 = CARTESIAN_POINT('',(-189.1771154048,-87.00000000021,
    -179.6919782437));
#7859 = CARTESIAN_POINT('',(-189.1989925606,-86.99999999969,
    -179.6038925009));
#7860 = CARTESIAN_POINT('',(-189.2238827187,-87.00000000034,
    -179.5072653546));
#7861 = CARTESIAN_POINT('',(-189.2497896783,-86.9999999997,
    -179.4004327937));
#7862 = CARTESIAN_POINT('',(-189.2740971588,-87.00000000019,
    -179.2823313499));
#7863 = CARTESIAN_POINT('',(-189.2935766506,-86.9999999999,
    -179.1528066604));
#7864 = CARTESIAN_POINT('',(-189.3045585009,-87.00000000003,
    -179.0128908895));
#7865 = CARTESIAN_POINT('',(-189.3033447925,-86.99999999999,
    -178.8649932658));
#7866 = CARTESIAN_POINT('',(-189.2705404274,-87.,-178.5609027214));
#7867 = CARTESIAN_POINT('',(-189.23893773,-87.00000000001,
    -178.4046699443));
#7868 = CARTESIAN_POINT('',(-189.1892867837,-86.99999999995,
    -178.2479097125));
#7869 = CARTESIAN_POINT('',(-189.119077269,-87.0000000001,-178.09530101)
  );
#7870 = CARTESIAN_POINT('',(-189.027636834,-86.99999999983,
    -177.9523972069));
#7871 = CARTESIAN_POINT('',(-188.916416234,-87.00000000019,
    -177.8236878323));
#7872 = CARTESIAN_POINT('',(-188.7882775635,-86.99999999983,
    -177.7117602215));
#7873 = CARTESIAN_POINT('',(-188.646452991,-87.00000000011,
    -177.6178753214));
#7874 = CARTESIAN_POINT('',(-188.4938900154,-86.99999999994,
    -177.5429227251));
#7875 = CARTESIAN_POINT('',(-188.333347656,-87.00000000001,
    -177.4876008444));
#7876 = CARTESIAN_POINT('',(-188.1678560753,-86.99999999999,
    -177.4517790153));
#7877 = CARTESIAN_POINT('',(-187.6642878492,-86.99999999999,
    -177.4024597832));
#7878 = CARTESIAN_POINT('',(-187.3191641822,-87.00000000002,
    -177.4470900007));
#7879 = CARTESIAN_POINT('',(-186.9863333847,-86.99999999993,
    -177.5671317522));
#7880 = CARTESIAN_POINT('',(-186.6835626755,-87.00000000012,
    -177.7578077976));
#7881 = CARTESIAN_POINT('',(-186.4328535642,-86.99999999983,
    -178.0040161149));
#7882 = CARTESIAN_POINT('',(-186.2325819438,-87.00000000016,
    -178.2984646782));
#7883 = CARTESIAN_POINT('',(-186.1207648748,-86.99999999986,
    -178.6140446617));
#7884 = CARTESIAN_POINT('',(-186.0457451454,-87.00000000008,
    -178.9106112977));
#7885 = CARTESIAN_POINT('',(-186.0067333458,-86.99999999995,
    -179.1975549393));
#7886 = CARTESIAN_POINT('',(-185.9840515801,-87.00000000001,
    -179.4691883308));
#7887 = CARTESIAN_POINT('',(-185.9729005272,-86.99999999999,
    -179.7347271358));
#7888 = CARTESIAN_POINT('',(-185.9729005272,-87.,-180.0203015121));
#7889 = CARTESIAN_POINT('',(-185.9729005272,-87.,-180.0463821216));
#7890 = CARTESIAN_POINT('',(-185.9729005272,-87.,-180.0782418284));
#7891 = CARTESIAN_POINT('',(-185.9729005272,-87.,-180.1158806325));
#7892 = CARTESIAN_POINT('',(-185.9729005272,-87.,-180.1592985339));
#7893 = CARTESIAN_POINT('',(-185.9729005272,-87.,-180.2084955327));
#7894 = CARTESIAN_POINT('',(-185.9729005272,-87.,-180.2634716287));
#7895 = CARTESIAN_POINT('',(-185.9729005272,-87.,-180.3242268221));
#7896 = CARTESIAN_POINT('',(-185.9729005272,-87.,-180.3907611128));
#7897 = CARTESIAN_POINT('',(-185.9729005272,-87.,-180.4630745008));
#7898 = CARTESIAN_POINT('',(-185.9729005272,-87.,-180.5411669862));
#7899 = CARTESIAN_POINT('',(-185.9729005272,-87.,-180.6250385688));
#7900 = ADVANCED_FACE('',(#7901),#7905,.T.);
#7901 = FACE_BOUND('',#7902,.F.);
#7902 = EDGE_LOOP('',(#7903,#7904));
#7903 = ORIENTED_EDGE('',*,*,#6720,.T.);
#7904 = ORIENTED_EDGE('',*,*,#7608,.T.);
#7905 = PLANE('',#7906);
#7906 = AXIS2_PLACEMENT_3D('',#7907,#7908,#7909);
#7907 = CARTESIAN_POINT('',(-188.,-87.,-178.6143593539));
#7908 = DIRECTION('',(0.,-1.,-1.089776975375E-16));
#7909 = DIRECTION('',(0.,-1.089776975375E-16,1.));
#7910 = ADVANCED_FACE('',(#7911),#7918,.F.);
#7911 = FACE_BOUND('',#7912,.F.);
#7912 = EDGE_LOOP('',(#7913,#7914,#7915,#7916,#7917));
#7913 = ORIENTED_EDGE('',*,*,#6652,.F.);
#7914 = ORIENTED_EDGE('',*,*,#7006,.F.);
#7915 = ORIENTED_EDGE('',*,*,#7153,.F.);
#7916 = ORIENTED_EDGE('',*,*,#6639,.T.);
#7917 = ORIENTED_EDGE('',*,*,#7669,.F.);
#7918 = B_SPLINE_SURFACE_WITH_KNOTS('',11,1,(
    (#7919,#7920)
    ,(#7921,#7922)
    ,(#7923,#7924)
    ,(#7925,#7926)
    ,(#7927,#7928)
    ,(#7929,#7930)
    ,(#7931,#7932)
    ,(#7933,#7934)
    ,(#7935,#7936)
    ,(#7937,#7938)
    ,(#7939,#7940)
    ,(#7941,#7942
    )),.UNSPECIFIED.,.F.,.F.,.F.,(12,12),(2,2),(1.570796326794,
    4.712388980385),(0.,1.),.PIECEWISE_BEZIER_KNOTS.);
#7919 = CARTESIAN_POINT('',(-204.5,-50.5,-180.));
#7920 = CARTESIAN_POINT('',(-192.,-87.,-180.));
#7921 = CARTESIAN_POINT('',(-204.5,-50.49999999999,-166.148432391));
#7922 = CARTESIAN_POINT('',(-192.,-87.,-178.8576026714));
#7923 = CARTESIAN_POINT('',(-202.3242008032,-50.5,-152.2968658648));
#7924 = CARTESIAN_POINT('',(-191.6411062692,-86.99999999999,
    -177.7152054321));
#7925 = CARTESIAN_POINT('',(-197.9726029214,-50.49999999999,
    -139.9642842684));
#7926 = CARTESIAN_POINT('',(-190.9233109039,-87.,-176.6980853004));
#7927 = CARTESIAN_POINT('',(-191.7434571785,-50.5,-130.6697326505));
#7928 = CARTESIAN_POINT('',(-189.8958405927,-86.99999999999,
    -175.9315243423));
#7929 = CARTESIAN_POINT('',(-184.2332836693,-50.49999999999,
    -125.6643310761));
#7930 = CARTESIAN_POINT('',(-188.6570171888,-87.,-175.5187077176));
#7931 = CARTESIAN_POINT('',(-176.2667163306,-50.5,-125.6643310761));
#7932 = CARTESIAN_POINT('',(-187.3429828111,-87.,-175.5187077176));
#7933 = CARTESIAN_POINT('',(-168.7565428215,-50.5,-130.6697326505));
#7934 = CARTESIAN_POINT('',(-186.1041594072,-86.99999999999,
    -175.9315243423));
#7935 = CARTESIAN_POINT('',(-162.5273970785,-50.49999999999,
    -139.9642842684));
#7936 = CARTESIAN_POINT('',(-185.076689096,-87.,-176.6980853004));
#7937 = CARTESIAN_POINT('',(-158.1757991967,-50.5,-152.2968658648));
#7938 = CARTESIAN_POINT('',(-184.3588937306,-86.99999999999,
    -177.7152054321));
#7939 = CARTESIAN_POINT('',(-156.,-50.5,-166.148432391));
#7940 = CARTESIAN_POINT('',(-184.,-87.,-178.8576026714));
#7941 = CARTESIAN_POINT('',(-156.,-50.5,-180.));
#7942 = CARTESIAN_POINT('',(-184.,-87.,-180.));
#7943 = ADVANCED_FACE('',(#7944),#8068,.F.);
#7944 = FACE_BOUND('',#7945,.F.);
#7945 = EDGE_LOOP('',(#7946,#7947,#8007,#8008));
#7946 = ORIENTED_EDGE('',*,*,#6808,.T.);
#7947 = ORIENTED_EDGE('',*,*,#7948,.T.);
#7948 = EDGE_CURVE('',#6809,#6737,#7949,.T.);
#7949 = B_SPLINE_CURVE_WITH_KNOTS('',12,(#7950,#7951,#7952,#7953,#7954,
    #7955,#7956,#7957,#7958,#7959,#7960,#7961,#7962,#7963,#7964,#7965,
    #7966,#7967,#7968,#7969,#7970,#7971,#7972,#7973,#7974,#7975,#7976,
    #7977,#7978,#7979,#7980,#7981,#7982,#7983,#7984,#7985,#7986,#7987,
    #7988,#7989,#7990,#7991,#7992,#7993,#7994,#7995,#7996,#7997,#7998,
    #7999,#8000,#8001,#8002,#8003,#8004,#8005,#8006),.UNSPECIFIED.,.F.,
  .F.,(13,11,11,11,11,13),(-0.507679938322,-4.0778E-13,3.141592653589,
    6.283185307179,12.566370614359,13.047227046286),.UNSPECIFIED.);
#7950 = CARTESIAN_POINT('',(-90.85820092578,-87.,-180.6250385688));
#7951 = CARTESIAN_POINT('',(-90.85820092577,-87.,-180.5329385403));
#7952 = CARTESIAN_POINT('',(-90.85820092577,-87.,-180.4481136902));
#7953 = CARTESIAN_POINT('',(-90.85820092577,-87.,-180.3705640185));
#7954 = CARTESIAN_POINT('',(-90.85820092577,-87.,-180.3002895251));
#7955 = CARTESIAN_POINT('',(-90.85820092577,-87.,-180.2372902101));
#7956 = CARTESIAN_POINT('',(-90.85820092577,-87.,-180.1815660735));
#7957 = CARTESIAN_POINT('',(-90.85820092577,-87.,-180.1331171153));
#7958 = CARTESIAN_POINT('',(-90.85820092577,-87.,-180.0919433355));
#7959 = CARTESIAN_POINT('',(-90.85820092577,-87.,-180.058044734));
#7960 = CARTESIAN_POINT('',(-90.85820092577,-87.,-180.031421311));
#7961 = CARTESIAN_POINT('',(-90.85820092577,-87.,-180.0120730663));
#7962 = CARTESIAN_POINT('',(-90.85820092578,-86.99999999999,
    -179.9252902201));
#7963 = CARTESIAN_POINT('',(-90.85224874,-87.00000000004,-179.850560841)
  );
#7964 = CARTESIAN_POINT('',(-90.84029584775,-86.99999999988,
    -179.7735031736));
#7965 = CARTESIAN_POINT('',(-90.82288459511,-87.00000000021,
    -179.6919782437));
#7966 = CARTESIAN_POINT('',(-90.80100743933,-86.99999999969,
    -179.6038925009));
#7967 = CARTESIAN_POINT('',(-90.77611728123,-87.00000000034,
    -179.5072653546));
#7968 = CARTESIAN_POINT('',(-90.75021032161,-86.9999999997,
    -179.4004327937));
#7969 = CARTESIAN_POINT('',(-90.72590284113,-87.00000000019,
    -179.2823313499));
#7970 = CARTESIAN_POINT('',(-90.70642334931,-86.9999999999,
    -179.1528066604));
#7971 = CARTESIAN_POINT('',(-90.69544149905,-87.00000000003,
    -179.0128908895));
#7972 = CARTESIAN_POINT('',(-90.69665520744,-86.99999999999,
    -178.8649932658));
#7973 = CARTESIAN_POINT('',(-90.72945957252,-87.,-178.5609027214));
#7974 = CARTESIAN_POINT('',(-90.7610622699,-87.00000000001,
    -178.4046699443));
#7975 = CARTESIAN_POINT('',(-90.81071321625,-86.99999999995,
    -178.2479097125));
#7976 = CARTESIAN_POINT('',(-90.88092273094,-87.0000000001,-178.09530101
    ));
#7977 = CARTESIAN_POINT('',(-90.97236316597,-86.99999999983,
    -177.9523972069));
#7978 = CARTESIAN_POINT('',(-91.08358376596,-87.00000000019,
    -177.8236878323));
#7979 = CARTESIAN_POINT('',(-91.21172243649,-86.99999999983,
    -177.7117602215));
#7980 = CARTESIAN_POINT('',(-91.35354700897,-87.00000000011,
    -177.6178753214));
#7981 = CARTESIAN_POINT('',(-91.50610998456,-86.99999999994,
    -177.5429227251));
#7982 = CARTESIAN_POINT('',(-91.66665234393,-87.00000000001,
    -177.4876008444));
#7983 = CARTESIAN_POINT('',(-91.83214392464,-86.99999999999,
    -177.4517790153));
#7984 = CARTESIAN_POINT('',(-92.33571215071,-86.99999999999,
    -177.4024597832));
#7985 = CARTESIAN_POINT('',(-92.68083581776,-87.00000000002,
    -177.4470900007));
#7986 = CARTESIAN_POINT('',(-93.0136666152,-86.99999999993,
    -177.5671317522));
#7987 = CARTESIAN_POINT('',(-93.31643732449,-87.00000000012,
    -177.7578077976));
#7988 = CARTESIAN_POINT('',(-93.56714643579,-86.99999999983,
    -178.0040161149));
#7989 = CARTESIAN_POINT('',(-93.76741805617,-87.00000000016,
    -178.2984646782));
#7990 = CARTESIAN_POINT('',(-93.87923512517,-86.99999999986,
    -178.6140446617));
#7991 = CARTESIAN_POINT('',(-93.95425485459,-87.00000000008,
    -178.9106112977));
#7992 = CARTESIAN_POINT('',(-93.99326665411,-86.99999999995,
    -179.1975549393));
#7993 = CARTESIAN_POINT('',(-94.01594841986,-87.00000000001,
    -179.4691883308));
#7994 = CARTESIAN_POINT('',(-94.02709947276,-86.99999999999,
    -179.7347271358));
#7995 = CARTESIAN_POINT('',(-94.02709947276,-87.,-180.0203015121));
#7996 = CARTESIAN_POINT('',(-94.02709947276,-87.,-180.0463821216));
#7997 = CARTESIAN_POINT('',(-94.02709947276,-87.,-180.0782418284));
#7998 = CARTESIAN_POINT('',(-94.02709947276,-87.,-180.1158806325));
#7999 = CARTESIAN_POINT('',(-94.02709947276,-87.,-180.1592985339));
#8000 = CARTESIAN_POINT('',(-94.02709947276,-87.,-180.2084955327));
#8001 = CARTESIAN_POINT('',(-94.02709947276,-87.,-180.2634716287));
#8002 = CARTESIAN_POINT('',(-94.02709947275,-87.,-180.3242268221));
#8003 = CARTESIAN_POINT('',(-94.02709947275,-87.,-180.3907611128));
#8004 = CARTESIAN_POINT('',(-94.02709947275,-87.,-180.4630745008));
#8005 = CARTESIAN_POINT('',(-94.02709947275,-87.,-180.5411669862));
#8006 = CARTESIAN_POINT('',(-94.02709947275,-87.,-180.6250385688));
#8007 = ORIENTED_EDGE('',*,*,#6734,.F.);
#8008 = ORIENTED_EDGE('',*,*,#8009,.F.);
#8009 = EDGE_CURVE('',#6802,#6735,#8010,.T.);
#8010 = B_SPLINE_CURVE_WITH_KNOTS('',12,(#8011,#8012,#8013,#8014,#8015,
    #8016,#8017,#8018,#8019,#8020,#8021,#8022,#8023,#8024,#8025,#8026,
    #8027,#8028,#8029,#8030,#8031,#8032,#8033,#8034,#8035,#8036,#8037,
    #8038,#8039,#8040,#8041,#8042,#8043,#8044,#8045,#8046,#8047,#8048,
    #8049,#8050,#8051,#8052,#8053,#8054,#8055,#8056,#8057,#8058,#8059,
    #8060,#8061,#8062,#8063,#8064,#8065,#8066,#8067),.UNSPECIFIED.,.F.,
  .F.,(13,11,11,11,11,13),(-0.507679938322,-4.0778E-13,3.141592653589,
    6.283185307179,12.566370614359,13.047227046286),.UNSPECIFIED.);
#8011 = CARTESIAN_POINT('',(-87.07396297927,-84.29597189948,
    -180.6250385688));
#8012 = CARTESIAN_POINT('',(-87.07396297927,-84.29597189948,
    -180.5729520214));
#8013 = CARTESIAN_POINT('',(-87.07396297927,-84.29597189949,
    -180.520865474));
#8014 = CARTESIAN_POINT('',(-87.07396297927,-84.29597189949,
    -180.4687789266));
#8015 = CARTESIAN_POINT('',(-87.07396297927,-84.29597189949,
    -180.4166923792));
#8016 = CARTESIAN_POINT('',(-87.07396297927,-84.29597189949,
    -180.3646058318));
#8017 = CARTESIAN_POINT('',(-87.07396297927,-84.29597189949,
    -180.3125192844));
#8018 = CARTESIAN_POINT('',(-87.07396297927,-84.29597189949,
    -180.260432737));
#8019 = CARTESIAN_POINT('',(-87.07396297927,-84.29597189949,
    -180.2083461896));
#8020 = CARTESIAN_POINT('',(-87.07396297927,-84.29597189949,
    -180.1562596422));
#8021 = CARTESIAN_POINT('',(-87.07396297927,-84.29597189949,
    -180.1041730948));
#8022 = CARTESIAN_POINT('',(-87.07396297927,-84.29597189948,
    -180.0520865474));
#8023 = CARTESIAN_POINT('',(-87.07396297928,-84.29597189947,
    -179.6776813454));
#8024 = CARTESIAN_POINT('',(-87.0888202598,-84.30511458021,
    -179.3553764773));
#8025 = CARTESIAN_POINT('',(-87.11848712367,-84.32343765108,
    -179.0327071265));
#8026 = CARTESIAN_POINT('',(-87.16348506068,-84.35121085737,
    -178.7098464179));
#8027 = CARTESIAN_POINT('',(-87.22469897192,-84.38892643469,
    -178.3869673675));
#8028 = CARTESIAN_POINT('',(-87.30340898414,-84.43735623696,
    -178.064312771));
#8029 = CARTESIAN_POINT('',(-87.40141068332,-84.49758056189,
    -177.7426387135));
#8030 = CARTESIAN_POINT('',(-87.52107455975,-84.57089374815,
    -177.4237839245));
#8031 = CARTESIAN_POINT('',(-87.66519550415,-84.65849155476,
    -177.1111172089));
#8032 = CARTESIAN_POINT('',(-87.83648314361,-84.76084540142,
    -176.8096151798));
#8033 = CARTESIAN_POINT('',(-88.03654385201,-84.87666848674,
    -176.5253225212));
#8034 = CARTESIAN_POINT('',(-88.49186661756,-85.12608921023,
    -176.002571495));
#8035 = CARTESIAN_POINT('',(-88.74720682776,-85.2597634553,
    -175.764150736));
#8036 = CARTESIAN_POINT('',(-89.02882541857,-85.39806791841,
    -175.5532537809));
#8037 = CARTESIAN_POINT('',(-89.3345015296,-85.5350485364,
    -175.3762352587));
#8038 = CARTESIAN_POINT('',(-89.65618679817,-85.66014360082,
    -175.2328158515));
#8039 = CARTESIAN_POINT('',(-89.9858037827,-85.76633846209,
    -175.1183206564));
#8040 = CARTESIAN_POINT('',(-90.31911797856,-85.85348620682,
    -175.0279476503));
#8041 = CARTESIAN_POINT('',(-90.65488787535,-85.92486817506,
    -174.9590748422));
#8042 = CARTESIAN_POINT('',(-90.99206006316,-85.98237741327,
    -174.9109452034));
#8043 = CARTESIAN_POINT('',(-91.32896504974,-86.02627690269,
    -174.8830930946));
#8044 = CARTESIAN_POINT('',(-91.66528430424,-86.05931251662,
    -174.8745946719));
#8045 = CARTESIAN_POINT('',(-92.6694313915,-86.12751980641,
    -174.907723581));
#8046 = CARTESIAN_POINT('',(-93.33273986396,-86.13204179184,
    -175.0075948554));
#8047 = CARTESIAN_POINT('',(-93.98146013227,-86.10547757939,
    -175.1857933539));
#8048 = CARTESIAN_POINT('',(-94.61704560808,-86.04751953516,
    -175.4371403842));
#8049 = CARTESIAN_POINT('',(-95.20575578931,-85.96760294649,
    -175.7905128403));
#8050 = CARTESIAN_POINT('',(-95.77827295394,-85.85541605054,
    -176.184869641));
#8051 = CARTESIAN_POINT('',(-96.2684712699,-85.70954425552,
    -176.7386891011));
#8052 = CARTESIAN_POINT('',(-96.63798875686,-85.61208092402,
    -177.3275022185));
#8053 = CARTESIAN_POINT('',(-96.92330768363,-85.52096648092,
    -177.9712150094));
#8054 = CARTESIAN_POINT('',(-97.10781283156,-85.46397014698,
    -178.6384904598));
#8055 = CARTESIAN_POINT('',(-97.20082503799,-85.43463878975,
    -179.3194030325));
#8056 = CARTESIAN_POINT('',(-97.20082503798,-85.43463878976,
    -180.0520865474));
#8057 = CARTESIAN_POINT('',(-97.20082503798,-85.43463878976,
    -180.1041730948));
#8058 = CARTESIAN_POINT('',(-97.20082503798,-85.43463878976,
    -180.1562596422));
#8059 = CARTESIAN_POINT('',(-97.20082503798,-85.43463878976,
    -180.2083461896));
#8060 = CARTESIAN_POINT('',(-97.20082503798,-85.43463878976,
    -180.260432737));
#8061 = CARTESIAN_POINT('',(-97.20082503798,-85.43463878976,
    -180.3125192844));
#8062 = CARTESIAN_POINT('',(-97.20082503798,-85.43463878976,
    -180.3646058318));
#8063 = CARTESIAN_POINT('',(-97.20082503798,-85.43463878976,
    -180.4166923792));
#8064 = CARTESIAN_POINT('',(-97.20082503798,-85.43463878976,
    -180.4687789266));
#8065 = CARTESIAN_POINT('',(-97.20082503798,-85.43463878976,
    -180.520865474));
#8066 = CARTESIAN_POINT('',(-97.20082503798,-85.43463878976,
    -180.5729520214));
#8067 = CARTESIAN_POINT('',(-97.20082503798,-85.43463878976,
    -180.6250385688));
#8068 = ( BOUNDED_SURFACE() B_SPLINE_SURFACE(2,12,(
    (#8069,#8070,#8071,#8072,#8073,#8074,#8075,#8076,#8077,#8078,#8079
      ,#8080,#8081,#8082,#8083,#8084,#8085,#8086,#8087,#8088,#8089,#8090
      ,#8091,#8092,#8093,#8094,#8095,#8096,#8097,#8098,#8099,#8100,#8101
      ,#8102,#8103,#8104,#8105,#8106,#8107,#8108,#8109,#8110,#8111,#8112
      ,#8113,#8114,#8115,#8116,#8117,#8118,#8119,#8120,#8121,#8122,#8123
      ,#8124,#8125)
    ,(#8126,#8127,#8128,#8129,#8130,#8131,#8132,#8133,#8134,#8135,#8136
      ,#8137,#8138,#8139,#8140,#8141,#8142,#8143,#8144,#8145,#8146,#8147
      ,#8148,#8149,#8150,#8151,#8152,#8153,#8154,#8155,#8156,#8157,#8158
      ,#8159,#8160,#8161,#8162,#8163,#8164,#8165,#8166,#8167,#8168,#8169
      ,#8170,#8171,#8172,#8173,#8174,#8175,#8176,#8177,#8178,#8179,#8180
      ,#8181,#8182)
    ,(#8183,#8184,#8185,#8186,#8187,#8188,#8189,#8190,#8191,#8192,#8193
      ,#8194,#8195,#8196,#8197,#8198,#8199,#8200,#8201,#8202,#8203,#8204
      ,#8205,#8206,#8207,#8208,#8209,#8210,#8211,#8212,#8213,#8214,#8215
      ,#8216,#8217,#8218,#8219,#8220,#8221,#8222,#8223,#8224,#8225,#8226
      ,#8227,#8228,#8229,#8230,#8231,#8232,#8233,#8234,#8235,#8236,#8237
      ,#8238,#8239
)),.UNSPECIFIED.,.F.,.F.,.F.) B_SPLINE_SURFACE_WITH_KNOTS((3,3),(13,11,
    11,11,11,13),(0.,12.56637061436),(-0.507679938322,-4.0778E-13,
    3.141592653589,6.283185307179,12.566370614359,13.047227046286),
.UNSPECIFIED.) GEOMETRIC_REPRESENTATION_ITEM() RATIONAL_B_SPLINE_SURFACE
((
    (1.,1.,1.,1.,1.,1.,1.,1.,1.,1.,1.,1.,1.,1.,1.,1.,1.,1.,1.,1.,1.,1.
      ,1.,1.,1.,1.,1.,1.,1.,1.,1.,1.,1.,1.,1.,1.,1.,1.,1.,1.,1.,1.,1.,1.
      ,1.,1.,1.,1.,1.,1.,1.,1.,1.,1.,1.,1.,1.)
    ,(0.813631665704,0.813631665704,0.813631665704,0.813631665704
      ,0.813631665704,0.813631665704,0.813631665704,0.813631665704
      ,0.813631665704,0.813631665704,0.813631665704,0.813631665704
      ,0.813631665704,0.81433332619,0.815741894065,0.817873047383
      ,0.820758519978,0.824450533344,0.829020633222,0.834548528904
      ,0.841096532558,0.848665196639,0.857125746752,0.875124069021
      ,0.884666759636,0.894428102327,0.903953253497,0.912533377615
      ,0.919740540987,0.925614021176,0.930404520019,0.934249499646
      ,0.937172334521,0.93937018555,0.943901000893,0.944191645178
      ,0.942430351609,0.938627236345,0.933246182868,0.925908192983
      ,0.915902643973,0.909182914363,0.902863537232,0.898887897886
      ,0.896844383781,0.896844383781,0.896844383781,0.896844383781
      ,0.896844383781,0.896844383781,0.896844383781,0.896844383781
      ,0.896844383781,0.896844383781,0.896844383781,0.896844383781
      ,0.896844383781)
    ,(1.,1.,1.,1.,1.,1.,1.,1.,1.,1.,1.,1.,1.,1.,1.,1.,1.,1.,1.,1.,1.,1.
      ,1.,1.,1.,1.,1.,1.,1.,1.,1.,1.,1.,1.,1.,1.,1.,1.,1.,1.,1.,1.,1.,1.
,1.,1.,1.,1.,1.,1.,1.,1.,1.,1.,1.,1.,1.
))) REPRESENTATION_ITEM('') SURFACE() );
#8069 = CARTESIAN_POINT('',(-87.07396297927,-84.29597189948,
    -180.6250385688));
#8070 = CARTESIAN_POINT('',(-87.07396297927,-84.29597189948,
    -180.5729520214));
#8071 = CARTESIAN_POINT('',(-87.07396297927,-84.29597189949,
    -180.520865474));
#8072 = CARTESIAN_POINT('',(-87.07396297927,-84.29597189949,
    -180.4687789266));
#8073 = CARTESIAN_POINT('',(-87.07396297927,-84.29597189949,
    -180.4166923792));
#8074 = CARTESIAN_POINT('',(-87.07396297927,-84.29597189949,
    -180.3646058318));
#8075 = CARTESIAN_POINT('',(-87.07396297927,-84.29597189949,
    -180.3125192844));
#8076 = CARTESIAN_POINT('',(-87.07396297927,-84.29597189949,
    -180.260432737));
#8077 = CARTESIAN_POINT('',(-87.07396297927,-84.29597189949,
    -180.2083461896));
#8078 = CARTESIAN_POINT('',(-87.07396297927,-84.29597189949,
    -180.1562596422));
#8079 = CARTESIAN_POINT('',(-87.07396297927,-84.29597189949,
    -180.1041730948));
#8080 = CARTESIAN_POINT('',(-87.07396297927,-84.29597189948,
    -180.0520865474));
#8081 = CARTESIAN_POINT('',(-87.07396297928,-84.29597189947,
    -179.6776813454));
#8082 = CARTESIAN_POINT('',(-87.0888202598,-84.30511458021,
    -179.3553764773));
#8083 = CARTESIAN_POINT('',(-87.11848712367,-84.32343765108,
    -179.0327071265));
#8084 = CARTESIAN_POINT('',(-87.16348506068,-84.35121085737,
    -178.7098464179));
#8085 = CARTESIAN_POINT('',(-87.22469897192,-84.38892643469,
    -178.3869673675));
#8086 = CARTESIAN_POINT('',(-87.30340898414,-84.43735623696,
    -178.064312771));
#8087 = CARTESIAN_POINT('',(-87.40141068332,-84.49758056189,
    -177.7426387135));
#8088 = CARTESIAN_POINT('',(-87.52107455975,-84.57089374815,
    -177.4237839245));
#8089 = CARTESIAN_POINT('',(-87.66519550415,-84.65849155476,
    -177.1111172089));
#8090 = CARTESIAN_POINT('',(-87.83648314361,-84.76084540142,
    -176.8096151798));
#8091 = CARTESIAN_POINT('',(-88.03654385201,-84.87666848674,
    -176.5253225212));
#8092 = CARTESIAN_POINT('',(-88.49186661756,-85.12608921023,
    -176.002571495));
#8093 = CARTESIAN_POINT('',(-88.74720682776,-85.2597634553,
    -175.764150736));
#8094 = CARTESIAN_POINT('',(-89.02882541857,-85.39806791841,
    -175.5532537809));
#8095 = CARTESIAN_POINT('',(-89.3345015296,-85.5350485364,
    -175.3762352587));
#8096 = CARTESIAN_POINT('',(-89.65618679817,-85.66014360082,
    -175.2328158515));
#8097 = CARTESIAN_POINT('',(-89.9858037827,-85.76633846209,
    -175.1183206564));
#8098 = CARTESIAN_POINT('',(-90.31911797856,-85.85348620682,
    -175.0279476503));
#8099 = CARTESIAN_POINT('',(-90.65488787535,-85.92486817506,
    -174.9590748422));
#8100 = CARTESIAN_POINT('',(-90.99206006316,-85.98237741327,
    -174.9109452034));
#8101 = CARTESIAN_POINT('',(-91.32896504974,-86.02627690269,
    -174.8830930946));
#8102 = CARTESIAN_POINT('',(-91.66528430424,-86.05931251662,
    -174.8745946719));
#8103 = CARTESIAN_POINT('',(-92.6694313915,-86.12751980641,
    -174.907723581));
#8104 = CARTESIAN_POINT('',(-93.33273986396,-86.13204179184,
    -175.0075948554));
#8105 = CARTESIAN_POINT('',(-93.98146013227,-86.10547757939,
    -175.1857933539));
#8106 = CARTESIAN_POINT('',(-94.61704560808,-86.04751953516,
    -175.4371403842));
#8107 = CARTESIAN_POINT('',(-95.20575578931,-85.96760294649,
    -175.7905128403));
#8108 = CARTESIAN_POINT('',(-95.77827295394,-85.85541605054,
    -176.184869641));
#8109 = CARTESIAN_POINT('',(-96.2684712699,-85.70954425552,
    -176.7386891011));
#8110 = CARTESIAN_POINT('',(-96.63798875686,-85.61208092402,
    -177.3275022185));
#8111 = CARTESIAN_POINT('',(-96.92330768363,-85.52096648092,
    -177.9712150094));
#8112 = CARTESIAN_POINT('',(-97.10781283156,-85.46397014698,
    -178.6384904598));
#8113 = CARTESIAN_POINT('',(-97.20082503799,-85.43463878975,
    -179.3194030325));
#8114 = CARTESIAN_POINT('',(-97.20082503798,-85.43463878976,
    -180.0520865474));
#8115 = CARTESIAN_POINT('',(-97.20082503798,-85.43463878976,
    -180.1041730948));
#8116 = CARTESIAN_POINT('',(-97.20082503798,-85.43463878976,
    -180.1562596422));
#8117 = CARTESIAN_POINT('',(-97.20082503798,-85.43463878976,
    -180.2083461896));
#8118 = CARTESIAN_POINT('',(-97.20082503798,-85.43463878976,
    -180.260432737));
#8119 = CARTESIAN_POINT('',(-97.20082503798,-85.43463878976,
    -180.3125192844));
#8120 = CARTESIAN_POINT('',(-97.20082503798,-85.43463878976,
    -180.3646058318));
#8121 = CARTESIAN_POINT('',(-97.20082503798,-85.43463878976,
    -180.4166923792));
#8122 = CARTESIAN_POINT('',(-97.20082503798,-85.43463878976,
    -180.4687789266));
#8123 = CARTESIAN_POINT('',(-97.20082503798,-85.43463878976,
    -180.520865474));
#8124 = CARTESIAN_POINT('',(-97.20082503798,-85.43463878976,
    -180.5729520214));
#8125 = CARTESIAN_POINT('',(-97.20082503798,-85.43463878976,
    -180.6250385688));
#8126 = CARTESIAN_POINT('',(-88.,-87.,-180.6250385688));
#8127 = CARTESIAN_POINT('',(-88.,-87.,-180.5631603631));
#8128 = CARTESIAN_POINT('',(-88.,-87.,-180.5030624589));
#8129 = CARTESIAN_POINT('',(-88.,-87.,-180.4447448563));
#8130 = CARTESIAN_POINT('',(-88.,-87.,-180.3882075551));
#8131 = CARTESIAN_POINT('',(-88.,-87.,-180.3334505554));
#8132 = CARTESIAN_POINT('',(-88.,-87.,-180.2804738573));
#8133 = CARTESIAN_POINT('',(-88.,-87.,-180.2292774606));
#8134 = CARTESIAN_POINT('',(-88.,-87.,-180.1798613655));
#8135 = CARTESIAN_POINT('',(-88.,-87.,-180.1322255718));
#8136 = CARTESIAN_POINT('',(-88.,-87.,-180.0863700797));
#8137 = CARTESIAN_POINT('',(-88.,-87.,-180.0422948891));
#8138 = CARTESIAN_POINT('',(-88.,-87.,-179.7382734614));
#8139 = CARTESIAN_POINT('',(-88.01468090917,-87.,-179.476977863));
#8140 = CARTESIAN_POINT('',(-88.04396415471,-86.99999999999,
    -179.2163820186));
#8141 = CARTESIAN_POINT('',(-88.08812870115,-87.,-178.9570509936));
#8142 = CARTESIAN_POINT('',(-88.14770385294,-86.99999999999,
    -178.6995937748));
#8143 = CARTESIAN_POINT('',(-88.22349023784,-87.,-178.4447388211));
#8144 = CARTESIAN_POINT('',(-88.31659995649,-86.99999999999,
    -178.1935970331));
#8145 = CARTESIAN_POINT('',(-88.42841373409,-87.,-177.9479590346));
#8146 = CARTESIAN_POINT('',(-88.56036698861,-87.,-177.7104669332));
#8147 = CARTESIAN_POINT('',(-88.71349918421,-87.,-177.4845033315));
#8148 = CARTESIAN_POINT('',(-88.88773096761,-87.,-177.2736569497));
#8149 = CARTESIAN_POINT('',(-89.2700256911,-87.,-176.8916239948));
#8150 = CARTESIAN_POINT('',(-89.47697683784,-87.,-176.720114218));
#8151 = CARTESIAN_POINT('',(-89.70000453297,-87.,-176.5677719254));
#8152 = CARTESIAN_POINT('',(-89.93690023483,-86.99999999999,
    -176.4363036771));
#8153 = CARTESIAN_POINT('',(-90.18302196745,-87.,-176.3238503647));
#8154 = CARTESIAN_POINT('',(-90.4346618037,-86.99999999999,
    -176.2278810131));
#8155 = CARTESIAN_POINT('',(-90.6902989422,-87.,-176.1475211443));
#8156 = CARTESIAN_POINT('',(-90.94942955976,-87.,-176.083335099));
#8157 = CARTESIAN_POINT('',(-91.2111452763,-87.,-176.0358586048));
#8158 = CARTESIAN_POINT('',(-91.47410703915,-87.,-176.0050907278));
#8159 = CARTESIAN_POINT('',(-91.7374788271,-87.,-175.9915346384));
#8160 = CARTESIAN_POINT('',(-92.52252209217,-87.,-176.002634595));
#8161 = CARTESIAN_POINT('',(-93.04634424689,-87.,-176.0786214105));
#8162 = CARTESIAN_POINT('',(-93.55978048912,-87.,-176.2265702126));
#8163 = CARTESIAN_POINT('',(-94.05544338692,-87.,-176.443270254));
#8164 = CARTESIAN_POINT('',(-94.51113835966,-86.99999999999,
    -176.7355495965));
#8165 = CARTESIAN_POINT('',(-94.93696336259,-87.,-177.0770503601));
#8166 = CARTESIAN_POINT('',(-95.29853640407,-86.99999999999,
    -177.4981001624));
#8167 = CARTESIAN_POINT('',(-95.57578741926,-87.,-177.9549879156));
#8168 = CARTESIAN_POINT('',(-95.7893579637,-86.99999999999,
    -178.4454713288));
#8169 = CARTESIAN_POINT('',(-95.92917176853,-87.,-178.9551905762));
#8170 = CARTESIAN_POINT('',(-96.,-87.,-179.4765469228));
#8171 = CARTESIAN_POINT('',(-96.,-87.,-180.0400602189));
#8172 = CARTESIAN_POINT('',(-96.,-87.,-180.082307043));
#8173 = CARTESIAN_POINT('',(-96.,-87.,-180.1267404723));
#8174 = CARTESIAN_POINT('',(-96.,-87.,-180.1733605067));
#8175 = CARTESIAN_POINT('',(-96.,-87.,-180.2221671464));
#8176 = CARTESIAN_POINT('',(-96.,-87.,-180.2731603912));
#8177 = CARTESIAN_POINT('',(-96.,-87.,-180.3263402412));
#8178 = CARTESIAN_POINT('',(-96.,-87.,-180.3817066963));
#8179 = CARTESIAN_POINT('',(-96.,-87.,-180.4392597567));
#8180 = CARTESIAN_POINT('',(-96.,-87.,-180.4989994222));
#8181 = CARTESIAN_POINT('',(-96.,-87.,-180.5609256929));
#8182 = CARTESIAN_POINT('',(-96.,-87.,-180.6250385688));
#8183 = CARTESIAN_POINT('',(-90.85820092578,-87.,-180.6250385688));
#8184 = CARTESIAN_POINT('',(-90.85820092577,-87.,-180.5329385403));
#8185 = CARTESIAN_POINT('',(-90.85820092577,-87.,-180.4481136902));
#8186 = CARTESIAN_POINT('',(-90.85820092577,-87.,-180.3705640185));
#8187 = CARTESIAN_POINT('',(-90.85820092577,-87.,-180.3002895251));
#8188 = CARTESIAN_POINT('',(-90.85820092577,-87.,-180.2372902101));
#8189 = CARTESIAN_POINT('',(-90.85820092577,-87.,-180.1815660735));
#8190 = CARTESIAN_POINT('',(-90.85820092577,-87.,-180.1331171153));
#8191 = CARTESIAN_POINT('',(-90.85820092577,-87.,-180.0919433355));
#8192 = CARTESIAN_POINT('',(-90.85820092577,-87.,-180.058044734));
#8193 = CARTESIAN_POINT('',(-90.85820092577,-87.,-180.031421311));
#8194 = CARTESIAN_POINT('',(-90.85820092577,-87.,-180.0120730663));
#8195 = CARTESIAN_POINT('',(-90.85820092578,-86.99999999999,
    -179.9252902201));
#8196 = CARTESIAN_POINT('',(-90.85224874,-87.00000000004,-179.850560841)
  );
#8197 = CARTESIAN_POINT('',(-90.84029584775,-86.99999999988,
    -179.7735031736));
#8198 = CARTESIAN_POINT('',(-90.82288459511,-87.00000000021,
    -179.6919782437));
#8199 = CARTESIAN_POINT('',(-90.80100743933,-86.99999999969,
    -179.6038925009));
#8200 = CARTESIAN_POINT('',(-90.77611728123,-87.00000000034,
    -179.5072653546));
#8201 = CARTESIAN_POINT('',(-90.75021032161,-86.9999999997,
    -179.4004327937));
#8202 = CARTESIAN_POINT('',(-90.72590284113,-87.00000000019,
    -179.2823313499));
#8203 = CARTESIAN_POINT('',(-90.70642334931,-86.9999999999,
    -179.1528066604));
#8204 = CARTESIAN_POINT('',(-90.69544149905,-87.00000000003,
    -179.0128908895));
#8205 = CARTESIAN_POINT('',(-90.69665520744,-86.99999999999,
    -178.8649932658));
#8206 = CARTESIAN_POINT('',(-90.72945957252,-87.,-178.5609027214));
#8207 = CARTESIAN_POINT('',(-90.7610622699,-87.00000000001,
    -178.4046699443));
#8208 = CARTESIAN_POINT('',(-90.81071321625,-86.99999999995,
    -178.2479097125));
#8209 = CARTESIAN_POINT('',(-90.88092273094,-87.0000000001,-178.09530101
    ));
#8210 = CARTESIAN_POINT('',(-90.97236316597,-86.99999999983,
    -177.9523972069));
#8211 = CARTESIAN_POINT('',(-91.08358376596,-87.00000000019,
    -177.8236878323));
#8212 = CARTESIAN_POINT('',(-91.21172243649,-86.99999999983,
    -177.7117602215));
#8213 = CARTESIAN_POINT('',(-91.35354700897,-87.00000000011,
    -177.6178753214));
#8214 = CARTESIAN_POINT('',(-91.50610998456,-86.99999999994,
    -177.5429227251));
#8215 = CARTESIAN_POINT('',(-91.66665234393,-87.00000000001,
    -177.4876008444));
#8216 = CARTESIAN_POINT('',(-91.83214392464,-86.99999999999,
    -177.4517790153));
#8217 = CARTESIAN_POINT('',(-92.33571215071,-86.99999999999,
    -177.4024597832));
#8218 = CARTESIAN_POINT('',(-92.68083581776,-87.00000000002,
    -177.4470900007));
#8219 = CARTESIAN_POINT('',(-93.0136666152,-86.99999999993,
    -177.5671317522));
#8220 = CARTESIAN_POINT('',(-93.31643732449,-87.00000000012,
    -177.7578077976));
#8221 = CARTESIAN_POINT('',(-93.56714643579,-86.99999999983,
    -178.0040161149));
#8222 = CARTESIAN_POINT('',(-93.76741805617,-87.00000000016,
    -178.2984646782));
#8223 = CARTESIAN_POINT('',(-93.87923512517,-86.99999999986,
    -178.6140446617));
#8224 = CARTESIAN_POINT('',(-93.95425485459,-87.00000000008,
    -178.9106112977));
#8225 = CARTESIAN_POINT('',(-93.99326665411,-86.99999999995,
    -179.1975549393));
#8226 = CARTESIAN_POINT('',(-94.01594841986,-87.00000000001,
    -179.4691883308));
#8227 = CARTESIAN_POINT('',(-94.02709947276,-86.99999999999,
    -179.7347271358));
#8228 = CARTESIAN_POINT('',(-94.02709947276,-87.,-180.0203015121));
#8229 = CARTESIAN_POINT('',(-94.02709947276,-87.,-180.0463821216));
#8230 = CARTESIAN_POINT('',(-94.02709947276,-87.,-180.0782418284));
#8231 = CARTESIAN_POINT('',(-94.02709947276,-87.,-180.1158806325));
#8232 = CARTESIAN_POINT('',(-94.02709947276,-87.,-180.1592985339));
#8233 = CARTESIAN_POINT('',(-94.02709947276,-87.,-180.2084955327));
#8234 = CARTESIAN_POINT('',(-94.02709947276,-87.,-180.2634716287));
#8235 = CARTESIAN_POINT('',(-94.02709947275,-87.,-180.3242268221));
#8236 = CARTESIAN_POINT('',(-94.02709947275,-87.,-180.3907611128));
#8237 = CARTESIAN_POINT('',(-94.02709947275,-87.,-180.4630745008));
#8238 = CARTESIAN_POINT('',(-94.02709947275,-87.,-180.5411669862));
#8239 = CARTESIAN_POINT('',(-94.02709947275,-87.,-180.6250385688));
#8240 = ADVANCED_FACE('',(#8241),#8245,.T.);
#8241 = FACE_BOUND('',#8242,.T.);
#8242 = EDGE_LOOP('',(#8243,#8244));
#8243 = ORIENTED_EDGE('',*,*,#6869,.T.);
#8244 = ORIENTED_EDGE('',*,*,#7948,.T.);
#8245 = PLANE('',#8246);
#8246 = AXIS2_PLACEMENT_3D('',#8247,#8248,#8249);
#8247 = CARTESIAN_POINT('',(-92.,-87.,-178.6143593539));
#8248 = DIRECTION('',(0.,-1.,-1.089776975375E-16));
#8249 = DIRECTION('',(0.,1.089776975375E-16,-1.));
#8250 = ADVANCED_FACE('',(#8251),#8258,.T.);
#8251 = FACE_BOUND('',#8252,.T.);
#8252 = EDGE_LOOP('',(#8253,#8254,#8255,#8256,#8257));
#8253 = ORIENTED_EDGE('',*,*,#6801,.F.);
#8254 = ORIENTED_EDGE('',*,*,#7112,.F.);
#8255 = ORIENTED_EDGE('',*,*,#7264,.F.);
#8256 = ORIENTED_EDGE('',*,*,#6788,.T.);
#8257 = ORIENTED_EDGE('',*,*,#8009,.F.);
#8258 = B_SPLINE_SURFACE_WITH_KNOTS('',11,1,(
    (#8259,#8260)
    ,(#8261,#8262)
    ,(#8263,#8264)
    ,(#8265,#8266)
    ,(#8267,#8268)
    ,(#8269,#8270)
    ,(#8271,#8272)
    ,(#8273,#8274)
    ,(#8275,#8276)
    ,(#8277,#8278)
    ,(#8279,#8280)
    ,(#8281,#8282
    )),.UNSPECIFIED.,.F.,.F.,.F.,(12,12),(2,2),(1.570796326794,
    4.712388980385),(0.,1.),.PIECEWISE_BEZIER_KNOTS.);
#8259 = CARTESIAN_POINT('',(-75.49999999999,-50.5,-180.));
#8260 = CARTESIAN_POINT('',(-88.,-87.,-180.));
#8261 = CARTESIAN_POINT('',(-75.49999999999,-50.49999999999,
    -166.148432391));
#8262 = CARTESIAN_POINT('',(-87.99999999999,-87.,-178.8576026714));
#8263 = CARTESIAN_POINT('',(-77.67579919675,-50.5,-152.2968658648));
#8264 = CARTESIAN_POINT('',(-88.3588937307,-86.99999999999,
    -177.7152054321));
#8265 = CARTESIAN_POINT('',(-82.02739707855,-50.49999999999,
    -139.9642842684));
#8266 = CARTESIAN_POINT('',(-89.076689096,-87.,-176.6980853004));
#8267 = CARTESIAN_POINT('',(-88.25654282149,-50.5,-130.6697326505));
#8268 = CARTESIAN_POINT('',(-90.10415940726,-86.99999999999,
    -175.9315243423));
#8269 = CARTESIAN_POINT('',(-95.76671633062,-50.49999999999,
    -125.6643310761));
#8270 = CARTESIAN_POINT('',(-91.34298281112,-87.,-175.5187077176));
#8271 = CARTESIAN_POINT('',(-103.7332836693,-50.5,-125.6643310761));
#8272 = CARTESIAN_POINT('',(-92.65701718887,-87.,-175.5187077176));
#8273 = CARTESIAN_POINT('',(-111.2434571784,-50.5,-130.6697326505));
#8274 = CARTESIAN_POINT('',(-93.89584059275,-86.99999999999,
    -175.9315243423));
#8275 = CARTESIAN_POINT('',(-117.4726029214,-50.49999999999,
    -139.9642842684));
#8276 = CARTESIAN_POINT('',(-94.92331090398,-87.,-176.6980853004));
#8277 = CARTESIAN_POINT('',(-121.8242008032,-50.5,-152.2968658648));
#8278 = CARTESIAN_POINT('',(-95.6411062693,-86.99999999999,
    -177.7152054321));
#8279 = CARTESIAN_POINT('',(-123.9999999999,-50.5,-166.148432391));
#8280 = CARTESIAN_POINT('',(-95.99999999999,-87.,-178.8576026714));
#8281 = CARTESIAN_POINT('',(-123.9999999999,-50.5,-180.));
#8282 = CARTESIAN_POINT('',(-96.,-87.,-180.));
#8283 = ( GEOMETRIC_REPRESENTATION_CONTEXT(3) 
GLOBAL_UNCERTAINTY_ASSIGNED_CONTEXT((#8287)) 
GLOBAL_UNIT_ASSIGNED_CONTEXT((#8284,#8285,#8286)) REPRESENTATION_CONTEXT
('Context #1','3D Context with UNIT and UNCERTAINTY') );
#8284 = ( LENGTH_UNIT() NAMED_UNIT(*) SI_UNIT(.MILLI.,.METRE.) );
#8285 = ( NAMED_UNIT(*) PLANE_ANGLE_UNIT() SI_UNIT($,.RADIAN.) );
#8286 = ( NAMED_UNIT(*) SI_UNIT($,.STERADIAN.) SOLID_ANGLE_UNIT() );
#8287 = UNCERTAINTY_MEASURE_WITH_UNIT(LENGTH_MEASURE(1.E-04),#8284,
  'distance_accuracy_value','confusion accuracy');
#8288 = PRODUCT_RELATED_PRODUCT_CATEGORY('part',$,(#7));
ENDSEC;
END-ISO-10303-21;
