ISO-10303-21;
HEADER;
FILE_DESCRIPTION(('FreeCAD Model'),'2;1');
FILE_NAME('Open CASCADE Shape Model','2025-12-01T23:19:59',('FreeCAD'),(
    'FreeCAD'),'Open CASCADE STEP processor 7.8','FreeCAD','Unknown');
FILE_SCHEMA(('AUTOMOTIVE_DESIGN { 1 0 10303 214 1 1 1 1 }'));
ENDSEC;
DATA;
#1 = APPLICATION_PROTOCOL_DEFINITION('international standard',
  'automotive_design',2000,#2);
#2 = APPLICATION_CONTEXT(
  'core data for automotive mechanical design processes');
#3 = SHAPE_DEFINITION_REPRESENTATION(#4,#10);
#4 = PRODUCT_DEFINITION_SHAPE('','',#5);
#5 = PRODUCT_DEFINITION('design','',#6,#9);
#6 = PRODUCT_DEFINITION_FORMATION('','',#7);
#7 = PRODUCT('Open CASCADE STEP translator 7.8 2',
  'Open CASCADE STEP translator 7.8 2','',(#8));
#8 = PRODUCT_CONTEXT('',#2,'mechanical');
#9 = PRODUCT_DEFINITION_CONTEXT('part definition',#2,'design');
#10 = ADVANCED_BREP_SHAPE_REPRESENTATION('',(#11,#15),#2505);
#11 = AXIS2_PLACEMENT_3D('',#12,#13,#14);
#12 = CARTESIAN_POINT('',(0.,0.,0.));
#13 = DIRECTION('',(0.,0.,1.));
#14 = DIRECTION('',(1.,0.,-0.));
#15 = BREP_WITH_VOIDS('',#16,(#2205,#2355));
#16 = CLOSED_SHELL('',(#17,#100,#147,#171,#195,#226,#250,#322,#347,#377,
    #394,#459,#492,#525,#558,#591,#624,#655,#679,#710,#741,#763,#775,
    #792,#804,#924,#956,#981,#1005,#1072,#1112,#1184,#1209,#1234,#1267,
    #1298,#1322,#1392,#1423,#1454,#1476,#1500,#1524,#1541,#1566,#1596,
    #1608,#1620,#1632,#1649,#1691,#1722,#1755,#1786,#1817,#1839,#1864,
    #1881,#1923,#1954,#1987,#2018,#2049,#2071,#2096,#2113,#2130,#2193));
#17 = ADVANCED_FACE('',(#18,#84),#95,.T.);
#18 = FACE_BOUND('',#19,.T.);
#19 = EDGE_LOOP('',(#20,#30,#38,#46,#54,#62,#70,#78));
#20 = ORIENTED_EDGE('',*,*,#21,.T.);
#21 = EDGE_CURVE('',#22,#24,#26,.T.);
#22 = VERTEX_POINT('',#23);
#23 = CARTESIAN_POINT('',(57.,-158.5,38.5));
#24 = VERTEX_POINT('',#25);
#25 = CARTESIAN_POINT('',(57.,-158.5,15.));
#26 = LINE('',#27,#28);
#27 = CARTESIAN_POINT('',(57.,-158.5,39.5));
#28 = VECTOR('',#29,1.);
#29 = DIRECTION('',(0.,0.,-1.));
#30 = ORIENTED_EDGE('',*,*,#31,.F.);
#31 = EDGE_CURVE('',#32,#24,#34,.T.);
#32 = VERTEX_POINT('',#33);
#33 = CARTESIAN_POINT('',(57.,-139.5,15.));
#34 = LINE('',#35,#36);
#35 = CARTESIAN_POINT('',(57.,-139.5,15.));
#36 = VECTOR('',#37,1.);
#37 = DIRECTION('',(0.,-1.,0.));
#38 = ORIENTED_EDGE('',*,*,#39,.T.);
#39 = EDGE_CURVE('',#32,#40,#42,.T.);
#40 = VERTEX_POINT('',#41);
#41 = CARTESIAN_POINT('',(57.,-139.5,22.5));
#42 = LINE('',#43,#44);
#43 = CARTESIAN_POINT('',(57.,-139.5,17.5));
#44 = VECTOR('',#45,1.);
#45 = DIRECTION('',(0.,0.,1.));
#46 = ORIENTED_EDGE('',*,*,#47,.T.);
#47 = EDGE_CURVE('',#40,#48,#50,.T.);
#48 = VERTEX_POINT('',#49);
#49 = CARTESIAN_POINT('',(57.,-150.5,22.5));
#50 = LINE('',#51,#52);
#51 = CARTESIAN_POINT('',(57.,-139.5,22.5));
#52 = VECTOR('',#53,1.);
#53 = DIRECTION('',(0.,-1.,0.));
#54 = ORIENTED_EDGE('',*,*,#55,.T.);
#55 = EDGE_CURVE('',#48,#56,#58,.T.);
#56 = VERTEX_POINT('',#57);
#57 = CARTESIAN_POINT('',(57.,-150.5,38.5));
#58 = LINE('',#59,#60);
#59 = CARTESIAN_POINT('',(57.,-150.5,15.));
#60 = VECTOR('',#61,1.);
#61 = DIRECTION('',(0.,0.,1.));
#62 = ORIENTED_EDGE('',*,*,#63,.F.);
#63 = EDGE_CURVE('',#64,#56,#66,.T.);
#64 = VERTEX_POINT('',#65);
#65 = CARTESIAN_POINT('',(57.,-151.5,39.5));
#66 = LINE('',#67,#68);
#67 = CARTESIAN_POINT('',(57.,-147.5625,35.5625));
#68 = VECTOR('',#69,1.);
#69 = DIRECTION('',(0.,0.707106781187,-0.707106781187));
#70 = ORIENTED_EDGE('',*,*,#71,.T.);
#71 = EDGE_CURVE('',#64,#72,#74,.T.);
#72 = VERTEX_POINT('',#73);
#73 = CARTESIAN_POINT('',(57.,-157.5,39.5));
#74 = LINE('',#75,#76);
#75 = CARTESIAN_POINT('',(57.,-150.5,39.5));
#76 = VECTOR('',#77,1.);
#77 = DIRECTION('',(0.,-1.,0.));
#78 = ORIENTED_EDGE('',*,*,#79,.F.);
#79 = EDGE_CURVE('',#22,#72,#80,.T.);
#80 = LINE('',#81,#82);
#81 = CARTESIAN_POINT('',(57.,-159.7622126436,37.237787356322));
#82 = VECTOR('',#83,1.);
#83 = DIRECTION('',(0.,0.707106781187,0.707106781187));
#84 = FACE_BOUND('',#85,.T.);
#85 = EDGE_LOOP('',(#86));
#86 = ORIENTED_EDGE('',*,*,#87,.F.);
#87 = EDGE_CURVE('',#88,#88,#90,.T.);
#88 = VERTEX_POINT('',#89);
#89 = CARTESIAN_POINT('',(57.,-153.125,36.5));
#90 = CIRCLE('',#91,1.375);
#91 = AXIS2_PLACEMENT_3D('',#92,#93,#94);
#92 = CARTESIAN_POINT('',(57.,-154.5,36.5));
#93 = DIRECTION('',(1.,0.,0.));
#94 = DIRECTION('',(0.,1.,0.));
#95 = PLANE('',#96);
#96 = AXIS2_PLACEMENT_3D('',#97,#98,#99);
#97 = CARTESIAN_POINT('',(57.,-151.1494252873,25.100574712644));
#98 = DIRECTION('',(1.,0.,0.));
#99 = DIRECTION('',(0.,0.,1.));
#100 = ADVANCED_FACE('',(#101),#142,.T.);
#101 = FACE_BOUND('',#102,.T.);
#102 = EDGE_LOOP('',(#103,#113,#121,#129,#135,#136));
#103 = ORIENTED_EDGE('',*,*,#104,.F.);
#104 = EDGE_CURVE('',#105,#107,#109,.T.);
#105 = VERTEX_POINT('',#106);
#106 = CARTESIAN_POINT('',(52.,-158.5,32.));
#107 = VERTEX_POINT('',#108);
#108 = CARTESIAN_POINT('',(52.,-158.5,38.5));
#109 = LINE('',#110,#111);
#110 = CARTESIAN_POINT('',(52.,-158.5,32.));
#111 = VECTOR('',#112,1.);
#112 = DIRECTION('',(0.,0.,1.));
#113 = ORIENTED_EDGE('',*,*,#114,.F.);
#114 = EDGE_CURVE('',#115,#105,#117,.T.);
#115 = VERTEX_POINT('',#116);
#116 = CARTESIAN_POINT('',(49.,-158.5,32.));
#117 = LINE('',#118,#119);
#118 = CARTESIAN_POINT('',(49.,-158.5,32.));
#119 = VECTOR('',#120,1.);
#120 = DIRECTION('',(1.,0.,0.));
#121 = ORIENTED_EDGE('',*,*,#122,.T.);
#122 = EDGE_CURVE('',#115,#123,#125,.T.);
#123 = VERTEX_POINT('',#124);
#124 = CARTESIAN_POINT('',(49.,-158.5,15.));
#125 = LINE('',#126,#127);
#126 = CARTESIAN_POINT('',(49.,-158.5,31.820916718099));
#127 = VECTOR('',#128,1.);
#128 = DIRECTION('',(0.,0.,-1.));
#129 = ORIENTED_EDGE('',*,*,#130,.F.);
#130 = EDGE_CURVE('',#24,#123,#131,.T.);
#131 = LINE('',#132,#133);
#132 = CARTESIAN_POINT('',(57.,-158.5,15.));
#133 = VECTOR('',#134,1.);
#134 = DIRECTION('',(-1.,0.,0.));
#135 = ORIENTED_EDGE('',*,*,#21,.F.);
#136 = ORIENTED_EDGE('',*,*,#137,.T.);
#137 = EDGE_CURVE('',#22,#107,#138,.T.);
#138 = LINE('',#139,#140);
#139 = CARTESIAN_POINT('',(57.,-158.5,38.5));
#140 = VECTOR('',#141,1.);
#141 = DIRECTION('',(-1.,-0.,-0.));
#142 = PLANE('',#143);
#143 = AXIS2_PLACEMENT_3D('',#144,#145,#146);
#144 = CARTESIAN_POINT('',(53.,-158.5,27.25));
#145 = DIRECTION('',(-0.,-1.,-0.));
#146 = DIRECTION('',(0.,0.,-1.));
#147 = ADVANCED_FACE('',(#148),#166,.T.);
#148 = FACE_BOUND('',#149,.F.);
#149 = EDGE_LOOP('',(#150,#151,#152,#160));
#150 = ORIENTED_EDGE('',*,*,#79,.F.);
#151 = ORIENTED_EDGE('',*,*,#137,.T.);
#152 = ORIENTED_EDGE('',*,*,#153,.T.);
#153 = EDGE_CURVE('',#107,#154,#156,.T.);
#154 = VERTEX_POINT('',#155);
#155 = CARTESIAN_POINT('',(52.,-157.5,39.5));
#156 = LINE('',#157,#158);
#157 = CARTESIAN_POINT('',(52.,-157.9375,39.0625));
#158 = VECTOR('',#159,1.);
#159 = DIRECTION('',(0.,0.707106781187,0.707106781187));
#160 = ORIENTED_EDGE('',*,*,#161,.F.);
#161 = EDGE_CURVE('',#72,#154,#162,.T.);
#162 = LINE('',#163,#164);
#163 = CARTESIAN_POINT('',(57.,-157.5,39.5));
#164 = VECTOR('',#165,1.);
#165 = DIRECTION('',(-1.,-0.,-0.));
#166 = PLANE('',#167);
#167 = AXIS2_PLACEMENT_3D('',#168,#169,#170);
#168 = CARTESIAN_POINT('',(57.,-158.,39.));
#169 = DIRECTION('',(0.,-0.707106781187,0.707106781187));
#170 = DIRECTION('',(1.,0.,0.));
#171 = ADVANCED_FACE('',(#172),#190,.T.);
#172 = FACE_BOUND('',#173,.T.);
#173 = EDGE_LOOP('',(#174,#175,#183,#189));
#174 = ORIENTED_EDGE('',*,*,#71,.F.);
#175 = ORIENTED_EDGE('',*,*,#176,.T.);
#176 = EDGE_CURVE('',#64,#177,#179,.T.);
#177 = VERTEX_POINT('',#178);
#178 = CARTESIAN_POINT('',(52.,-151.5,39.5));
#179 = LINE('',#180,#181);
#180 = CARTESIAN_POINT('',(57.,-151.5,39.5));
#181 = VECTOR('',#182,1.);
#182 = DIRECTION('',(-1.,-0.,-0.));
#183 = ORIENTED_EDGE('',*,*,#184,.F.);
#184 = EDGE_CURVE('',#154,#177,#185,.T.);
#185 = LINE('',#186,#187);
#186 = CARTESIAN_POINT('',(52.,-158.5,39.5));
#187 = VECTOR('',#188,1.);
#188 = DIRECTION('',(0.,1.,0.));
#189 = ORIENTED_EDGE('',*,*,#161,.F.);
#190 = PLANE('',#191);
#191 = AXIS2_PLACEMENT_3D('',#192,#193,#194);
#192 = CARTESIAN_POINT('',(57.,-150.5,39.5));
#193 = DIRECTION('',(0.,0.,1.));
#194 = DIRECTION('',(0.,-1.,0.));
#195 = ADVANCED_FACE('',(#196),#221,.T.);
#196 = FACE_BOUND('',#197,.T.);
#197 = EDGE_LOOP('',(#198,#206,#214,#220));
#198 = ORIENTED_EDGE('',*,*,#199,.F.);
#199 = EDGE_CURVE('',#200,#32,#202,.T.);
#200 = VERTEX_POINT('',#201);
#201 = CARTESIAN_POINT('',(49.,-139.5,15.));
#202 = LINE('',#203,#204);
#203 = CARTESIAN_POINT('',(49.,-139.5,15.));
#204 = VECTOR('',#205,1.);
#205 = DIRECTION('',(1.,0.,0.));
#206 = ORIENTED_EDGE('',*,*,#207,.T.);
#207 = EDGE_CURVE('',#200,#208,#210,.T.);
#208 = VERTEX_POINT('',#209);
#209 = CARTESIAN_POINT('',(49.,-139.5,22.5));
#210 = LINE('',#211,#212);
#211 = CARTESIAN_POINT('',(49.,-139.5,15.));
#212 = VECTOR('',#213,1.);
#213 = DIRECTION('',(0.,0.,1.));
#214 = ORIENTED_EDGE('',*,*,#215,.T.);
#215 = EDGE_CURVE('',#208,#40,#216,.T.);
#216 = LINE('',#217,#218);
#217 = CARTESIAN_POINT('',(49.,-139.5,22.5));
#218 = VECTOR('',#219,1.);
#219 = DIRECTION('',(1.,0.,0.));
#220 = ORIENTED_EDGE('',*,*,#39,.F.);
#221 = PLANE('',#222);
#222 = AXIS2_PLACEMENT_3D('',#223,#224,#225);
#223 = CARTESIAN_POINT('',(53.,-139.5,18.75));
#224 = DIRECTION('',(-1.43E-15,1.,-1.64E-15));
#225 = DIRECTION('',(0.,1.64E-15,1.));
#226 = ADVANCED_FACE('',(#227),#245,.T.);
#227 = FACE_BOUND('',#228,.F.);
#228 = EDGE_LOOP('',(#229,#230,#231,#239));
#229 = ORIENTED_EDGE('',*,*,#63,.F.);
#230 = ORIENTED_EDGE('',*,*,#176,.T.);
#231 = ORIENTED_EDGE('',*,*,#232,.T.);
#232 = EDGE_CURVE('',#177,#233,#235,.T.);
#233 = VERTEX_POINT('',#234);
#234 = CARTESIAN_POINT('',(52.,-150.5,38.5));
#235 = LINE('',#236,#237);
#236 = CARTESIAN_POINT('',(52.,-151.0625,39.0625));
#237 = VECTOR('',#238,1.);
#238 = DIRECTION('',(0.,0.707106781187,-0.707106781187));
#239 = ORIENTED_EDGE('',*,*,#240,.F.);
#240 = EDGE_CURVE('',#56,#233,#241,.T.);
#241 = LINE('',#242,#243);
#242 = CARTESIAN_POINT('',(57.,-150.5,38.5));
#243 = VECTOR('',#244,1.);
#244 = DIRECTION('',(-1.,-0.,-0.));
#245 = PLANE('',#246);
#246 = AXIS2_PLACEMENT_3D('',#247,#248,#249);
#247 = CARTESIAN_POINT('',(57.,-151.,39.));
#248 = DIRECTION('',(0.,0.707106781187,0.707106781187));
#249 = DIRECTION('',(1.,0.,0.));
#250 = ADVANCED_FACE('',(#251),#317,.T.);
#251 = FACE_BOUND('',#252,.T.);
#252 = EDGE_LOOP('',(#253,#254,#262,#270,#278,#286,#294,#302,#310,#316)
  );
#253 = ORIENTED_EDGE('',*,*,#55,.F.);
#254 = ORIENTED_EDGE('',*,*,#255,.F.);
#255 = EDGE_CURVE('',#256,#48,#258,.T.);
#256 = VERTEX_POINT('',#257);
#257 = CARTESIAN_POINT('',(55.8,-150.5,22.5));
#258 = LINE('',#259,#260);
#259 = CARTESIAN_POINT('',(43.748078393586,-150.5,22.5));
#260 = VECTOR('',#261,1.);
#261 = DIRECTION('',(1.,0.,0.));
#262 = ORIENTED_EDGE('',*,*,#263,.T.);
#263 = EDGE_CURVE('',#256,#264,#266,.T.);
#264 = VERTEX_POINT('',#265);
#265 = CARTESIAN_POINT('',(55.8,-150.5,17.5));
#266 = LINE('',#267,#268);
#267 = CARTESIAN_POINT('',(55.8,-150.5,16.25));
#268 = VECTOR('',#269,1.);
#269 = DIRECTION('',(0.,0.,-1.));
#270 = ORIENTED_EDGE('',*,*,#271,.F.);
#271 = EDGE_CURVE('',#272,#264,#274,.T.);
#272 = VERTEX_POINT('',#273);
#273 = CARTESIAN_POINT('',(50.2,-150.5,17.5));
#274 = LINE('',#275,#276);
#275 = CARTESIAN_POINT('',(43.270647446045,-150.5,17.5));
#276 = VECTOR('',#277,1.);
#277 = DIRECTION('',(1.,0.,0.));
#278 = ORIENTED_EDGE('',*,*,#279,.F.);
#279 = EDGE_CURVE('',#280,#272,#282,.T.);
#280 = VERTEX_POINT('',#281);
#281 = CARTESIAN_POINT('',(50.2,-150.5,22.5));
#282 = LINE('',#283,#284);
#283 = CARTESIAN_POINT('',(50.2,-150.5,17.5));
#284 = VECTOR('',#285,1.);
#285 = DIRECTION('',(0.,0.,-1.));
#286 = ORIENTED_EDGE('',*,*,#287,.F.);
#287 = EDGE_CURVE('',#288,#280,#290,.T.);
#288 = VERTEX_POINT('',#289);
#289 = CARTESIAN_POINT('',(49.,-150.5,22.5));
#290 = LINE('',#291,#292);
#291 = CARTESIAN_POINT('',(43.748078393586,-150.5,22.5));
#292 = VECTOR('',#293,1.);
#293 = DIRECTION('',(1.,0.,0.));
#294 = ORIENTED_EDGE('',*,*,#295,.T.);
#295 = EDGE_CURVE('',#288,#296,#298,.T.);
#296 = VERTEX_POINT('',#297);
#297 = CARTESIAN_POINT('',(49.,-150.5,32.));
#298 = LINE('',#299,#300);
#299 = CARTESIAN_POINT('',(49.,-150.5,27.320916718099));
#300 = VECTOR('',#301,1.);
#301 = DIRECTION('',(0.,0.,1.));
#302 = ORIENTED_EDGE('',*,*,#303,.T.);
#303 = EDGE_CURVE('',#296,#304,#306,.T.);
#304 = VERTEX_POINT('',#305);
#305 = CARTESIAN_POINT('',(52.,-150.5,32.));
#306 = LINE('',#307,#308);
#307 = CARTESIAN_POINT('',(49.,-150.5,32.));
#308 = VECTOR('',#309,1.);
#309 = DIRECTION('',(1.,0.,0.));
#310 = ORIENTED_EDGE('',*,*,#311,.F.);
#311 = EDGE_CURVE('',#233,#304,#312,.T.);
#312 = LINE('',#313,#314);
#313 = CARTESIAN_POINT('',(52.,-150.5,39.5));
#314 = VECTOR('',#315,1.);
#315 = DIRECTION('',(0.,0.,-1.));
#316 = ORIENTED_EDGE('',*,*,#240,.F.);
#317 = PLANE('',#318);
#318 = AXIS2_PLACEMENT_3D('',#319,#320,#321);
#319 = CARTESIAN_POINT('',(53.,-150.5,28.7));
#320 = DIRECTION('',(0.,1.,0.));
#321 = DIRECTION('',(0.,0.,1.));
#322 = ADVANCED_FACE('',(#323),#342,.F.);
#323 = FACE_BOUND('',#324,.F.);
#324 = EDGE_LOOP('',(#325,#333,#334,#335));
#325 = ORIENTED_EDGE('',*,*,#326,.F.);
#326 = EDGE_CURVE('',#88,#327,#329,.T.);
#327 = VERTEX_POINT('',#328);
#328 = CARTESIAN_POINT('',(53.,-153.125,36.5));
#329 = LINE('',#330,#331);
#330 = CARTESIAN_POINT('',(57.,-153.125,36.5));
#331 = VECTOR('',#332,1.);
#332 = DIRECTION('',(-1.,-0.,-0.));
#333 = ORIENTED_EDGE('',*,*,#87,.F.);
#334 = ORIENTED_EDGE('',*,*,#326,.T.);
#335 = ORIENTED_EDGE('',*,*,#336,.T.);
#336 = EDGE_CURVE('',#327,#327,#337,.T.);
#337 = CIRCLE('',#338,1.375);
#338 = AXIS2_PLACEMENT_3D('',#339,#340,#341);
#339 = CARTESIAN_POINT('',(53.,-154.5,36.5));
#340 = DIRECTION('',(1.,0.,0.));
#341 = DIRECTION('',(0.,1.,0.));
#342 = CYLINDRICAL_SURFACE('',#343,1.375);
#343 = AXIS2_PLACEMENT_3D('',#344,#345,#346);
#344 = CARTESIAN_POINT('',(57.,-154.5,36.5));
#345 = DIRECTION('',(1.,0.,0.));
#346 = DIRECTION('',(0.,1.,0.));
#347 = ADVANCED_FACE('',(#348,#361),#372,.F.);
#348 = FACE_BOUND('',#349,.F.);
#349 = EDGE_LOOP('',(#350,#351,#352,#353,#354,#355));
#350 = ORIENTED_EDGE('',*,*,#311,.F.);
#351 = ORIENTED_EDGE('',*,*,#232,.F.);
#352 = ORIENTED_EDGE('',*,*,#184,.F.);
#353 = ORIENTED_EDGE('',*,*,#153,.F.);
#354 = ORIENTED_EDGE('',*,*,#104,.F.);
#355 = ORIENTED_EDGE('',*,*,#356,.F.);
#356 = EDGE_CURVE('',#304,#105,#357,.T.);
#357 = LINE('',#358,#359);
#358 = CARTESIAN_POINT('',(52.,-150.5,32.));
#359 = VECTOR('',#360,1.);
#360 = DIRECTION('',(0.,-1.,0.));
#361 = FACE_BOUND('',#362,.F.);
#362 = EDGE_LOOP('',(#363));
#363 = ORIENTED_EDGE('',*,*,#364,.F.);
#364 = EDGE_CURVE('',#365,#365,#367,.T.);
#365 = VERTEX_POINT('',#366);
#366 = CARTESIAN_POINT('',(52.,-152.125,36.5));
#367 = CIRCLE('',#368,2.375);
#368 = AXIS2_PLACEMENT_3D('',#369,#370,#371);
#369 = CARTESIAN_POINT('',(52.,-154.5,36.5));
#370 = DIRECTION('',(1.,0.,0.));
#371 = DIRECTION('',(0.,1.,0.));
#372 = PLANE('',#373);
#373 = AXIS2_PLACEMENT_3D('',#374,#375,#376);
#374 = CARTESIAN_POINT('',(52.,-154.5,35.75));
#375 = DIRECTION('',(1.,0.,0.));
#376 = DIRECTION('',(0.,0.,1.));
#377 = ADVANCED_FACE('',(#378),#389,.F.);
#378 = FACE_BOUND('',#379,.F.);
#379 = EDGE_LOOP('',(#380,#381,#382,#383));
#380 = ORIENTED_EDGE('',*,*,#303,.T.);
#381 = ORIENTED_EDGE('',*,*,#356,.T.);
#382 = ORIENTED_EDGE('',*,*,#114,.F.);
#383 = ORIENTED_EDGE('',*,*,#384,.F.);
#384 = EDGE_CURVE('',#296,#115,#385,.T.);
#385 = LINE('',#386,#387);
#386 = CARTESIAN_POINT('',(49.,-150.5,32.));
#387 = VECTOR('',#388,1.);
#388 = DIRECTION('',(0.,-1.,0.));
#389 = PLANE('',#390);
#390 = AXIS2_PLACEMENT_3D('',#391,#392,#393);
#391 = CARTESIAN_POINT('',(49.,-150.5,32.));
#392 = DIRECTION('',(0.,0.,-1.));
#393 = DIRECTION('',(0.,-1.,0.));
#394 = ADVANCED_FACE('',(#395),#454,.T.);
#395 = FACE_BOUND('',#396,.T.);
#396 = EDGE_LOOP('',(#397,#405,#406,#407,#408,#416,#424,#432,#440,#448)
  );
#397 = ORIENTED_EDGE('',*,*,#398,.F.);
#398 = EDGE_CURVE('',#123,#399,#401,.T.);
#399 = VERTEX_POINT('',#400);
#400 = CARTESIAN_POINT('',(49.,-152.5,15.));
#401 = LINE('',#402,#403);
#402 = CARTESIAN_POINT('',(49.,-158.5,15.));
#403 = VECTOR('',#404,1.);
#404 = DIRECTION('',(0.,1.,0.));
#405 = ORIENTED_EDGE('',*,*,#122,.F.);
#406 = ORIENTED_EDGE('',*,*,#384,.F.);
#407 = ORIENTED_EDGE('',*,*,#295,.F.);
#408 = ORIENTED_EDGE('',*,*,#409,.F.);
#409 = EDGE_CURVE('',#410,#288,#412,.T.);
#410 = VERTEX_POINT('',#411);
#411 = CARTESIAN_POINT('',(49.,-140.7,22.5));
#412 = LINE('',#413,#414);
#413 = CARTESIAN_POINT('',(49.,-139.5,22.5));
#414 = VECTOR('',#415,1.);
#415 = DIRECTION('',(0.,-1.,0.));
#416 = ORIENTED_EDGE('',*,*,#417,.F.);
#417 = EDGE_CURVE('',#418,#410,#420,.T.);
#418 = VERTEX_POINT('',#419);
#419 = CARTESIAN_POINT('',(49.,-140.7,17.5));
#420 = LINE('',#421,#422);
#421 = CARTESIAN_POINT('',(49.,-140.7,17.5));
#422 = VECTOR('',#423,1.);
#423 = DIRECTION('',(0.,0.,1.));
#424 = ORIENTED_EDGE('',*,*,#425,.F.);
#425 = EDGE_CURVE('',#426,#418,#428,.T.);
#426 = VERTEX_POINT('',#427);
#427 = CARTESIAN_POINT('',(48.999999999999,-151.2783448233,17.5));
#428 = LINE('',#429,#430);
#429 = CARTESIAN_POINT('',(49.,-139.7414714971,17.5));
#430 = VECTOR('',#431,1.);
#431 = DIRECTION('',(0.,1.,0.));
#432 = ORIENTED_EDGE('',*,*,#433,.F.);
#433 = EDGE_CURVE('',#434,#426,#436,.T.);
#434 = VERTEX_POINT('',#435);
#435 = CARTESIAN_POINT('',(49.000000000001,-151.2783448233,22.5));
#436 = LINE('',#437,#438);
#437 = CARTESIAN_POINT('',(49.,-151.2783448233,17.5));
#438 = VECTOR('',#439,1.);
#439 = DIRECTION('',(-0.,-0.,-1.));
#440 = ORIENTED_EDGE('',*,*,#441,.F.);
#441 = EDGE_CURVE('',#442,#434,#444,.T.);
#442 = VERTEX_POINT('',#443);
#443 = CARTESIAN_POINT('',(49.,-152.5,22.5));
#444 = LINE('',#445,#446);
#445 = CARTESIAN_POINT('',(49.,-145.4707408376,22.5));
#446 = VECTOR('',#447,1.);
#447 = DIRECTION('',(0.,1.,0.));
#448 = ORIENTED_EDGE('',*,*,#449,.F.);
#449 = EDGE_CURVE('',#399,#442,#450,.T.);
#450 = LINE('',#451,#452);
#451 = CARTESIAN_POINT('',(49.,-152.5,17.5));
#452 = VECTOR('',#453,1.);
#453 = DIRECTION('',(0.,0.,1.));
#454 = PLANE('',#455);
#455 = AXIS2_PLACEMENT_3D('',#456,#457,#458);
#456 = CARTESIAN_POINT('',(49.,-151.9149230879,25.098924692212));
#457 = DIRECTION('',(-1.,-0.,-0.));
#458 = DIRECTION('',(0.,0.,-1.));
#459 = ADVANCED_FACE('',(#460),#487,.F.);
#460 = FACE_BOUND('',#461,.T.);
#461 = EDGE_LOOP('',(#462,#471,#472,#481));
#462 = ORIENTED_EDGE('',*,*,#463,.T.);
#463 = EDGE_CURVE('',#464,#208,#466,.T.);
#464 = VERTEX_POINT('',#465);
#465 = CARTESIAN_POINT('',(36.336603773585,-134.6581132075,22.5));
#466 = CIRCLE('',#467,18.980769230769);
#467 = AXIS2_PLACEMENT_3D('',#468,#469,#470);
#468 = CARTESIAN_POINT('',(49.,-120.5192307692,22.5));
#469 = DIRECTION('',(0.,0.,1.));
#470 = DIRECTION('',(1.,0.,0.));
#471 = ORIENTED_EDGE('',*,*,#207,.F.);
#472 = ORIENTED_EDGE('',*,*,#473,.F.);
#473 = EDGE_CURVE('',#474,#200,#476,.T.);
#474 = VERTEX_POINT('',#475);
#475 = CARTESIAN_POINT('',(36.336603773585,-134.6581132075,15.));
#476 = CIRCLE('',#477,18.980769230769);
#477 = AXIS2_PLACEMENT_3D('',#478,#479,#480);
#478 = CARTESIAN_POINT('',(49.,-120.5192307692,15.));
#479 = DIRECTION('',(0.,0.,1.));
#480 = DIRECTION('',(1.,0.,0.));
#481 = ORIENTED_EDGE('',*,*,#482,.T.);
#482 = EDGE_CURVE('',#474,#464,#483,.T.);
#483 = LINE('',#484,#485);
#484 = CARTESIAN_POINT('',(36.336603773585,-134.6581132075,17.5));
#485 = VECTOR('',#486,1.);
#486 = DIRECTION('',(0.,0.,1.));
#487 = CYLINDRICAL_SURFACE('',#488,18.980769230769);
#488 = AXIS2_PLACEMENT_3D('',#489,#490,#491);
#489 = CARTESIAN_POINT('',(49.,-120.5192307692,15.));
#490 = DIRECTION('',(-0.,-0.,-1.));
#491 = DIRECTION('',(1.,0.,0.));
#492 = ADVANCED_FACE('',(#493),#520,.T.);
#493 = FACE_BOUND('',#494,.F.);
#494 = EDGE_LOOP('',(#495,#505,#512,#513));
#495 = ORIENTED_EDGE('',*,*,#496,.F.);
#496 = EDGE_CURVE('',#497,#499,#501,.T.);
#497 = VERTEX_POINT('',#498);
#498 = CARTESIAN_POINT('',(15.,-126.5,15.));
#499 = VERTEX_POINT('',#500);
#500 = CARTESIAN_POINT('',(15.,-126.5,22.5));
#501 = LINE('',#502,#503);
#502 = CARTESIAN_POINT('',(15.,-126.5,17.5));
#503 = VECTOR('',#504,1.);
#504 = DIRECTION('',(0.,0.,1.));
#505 = ORIENTED_EDGE('',*,*,#506,.F.);
#506 = EDGE_CURVE('',#474,#497,#507,.T.);
#507 = CIRCLE('',#508,31.980769230769);
#508 = AXIS2_PLACEMENT_3D('',#509,#510,#511);
#509 = CARTESIAN_POINT('',(15.,-158.4807692307,15.));
#510 = DIRECTION('',(0.,0.,1.));
#511 = DIRECTION('',(1.,0.,0.));
#512 = ORIENTED_EDGE('',*,*,#482,.T.);
#513 = ORIENTED_EDGE('',*,*,#514,.T.);
#514 = EDGE_CURVE('',#464,#499,#515,.T.);
#515 = CIRCLE('',#516,31.980769230769);
#516 = AXIS2_PLACEMENT_3D('',#517,#518,#519);
#517 = CARTESIAN_POINT('',(15.,-158.4807692307,22.5));
#518 = DIRECTION('',(0.,0.,1.));
#519 = DIRECTION('',(1.,0.,0.));
#520 = CYLINDRICAL_SURFACE('',#521,31.980769230769);
#521 = AXIS2_PLACEMENT_3D('',#522,#523,#524);
#522 = CARTESIAN_POINT('',(15.,-158.4807692307,15.));
#523 = DIRECTION('',(-0.,-0.,-1.));
#524 = DIRECTION('',(1.,0.,0.));
#525 = ADVANCED_FACE('',(#526),#553,.T.);
#526 = FACE_BOUND('',#527,.F.);
#527 = EDGE_LOOP('',(#528,#529,#538,#546));
#528 = ORIENTED_EDGE('',*,*,#449,.F.);
#529 = ORIENTED_EDGE('',*,*,#530,.F.);
#530 = EDGE_CURVE('',#531,#399,#533,.T.);
#531 = VERTEX_POINT('',#532);
#532 = CARTESIAN_POINT('',(27.663396226415,-144.3418867924,15.));
#533 = CIRCLE('',#534,31.980769230769);
#534 = AXIS2_PLACEMENT_3D('',#535,#536,#537);
#535 = CARTESIAN_POINT('',(49.,-120.5192307692,15.));
#536 = DIRECTION('',(0.,0.,1.));
#537 = DIRECTION('',(1.,0.,0.));
#538 = ORIENTED_EDGE('',*,*,#539,.T.);
#539 = EDGE_CURVE('',#531,#540,#542,.T.);
#540 = VERTEX_POINT('',#541);
#541 = CARTESIAN_POINT('',(27.663396226415,-144.3418867924,22.5));
#542 = LINE('',#543,#544);
#543 = CARTESIAN_POINT('',(27.663396226415,-144.3418867924,17.5));
#544 = VECTOR('',#545,1.);
#545 = DIRECTION('',(0.,0.,1.));
#546 = ORIENTED_EDGE('',*,*,#547,.T.);
#547 = EDGE_CURVE('',#540,#442,#548,.T.);
#548 = CIRCLE('',#549,31.980769230769);
#549 = AXIS2_PLACEMENT_3D('',#550,#551,#552);
#550 = CARTESIAN_POINT('',(49.,-120.5192307692,22.5));
#551 = DIRECTION('',(0.,0.,1.));
#552 = DIRECTION('',(1.,0.,0.));
#553 = CYLINDRICAL_SURFACE('',#554,31.980769230769);
#554 = AXIS2_PLACEMENT_3D('',#555,#556,#557);
#555 = CARTESIAN_POINT('',(49.,-120.5192307692,15.));
#556 = DIRECTION('',(-0.,-0.,-1.));
#557 = DIRECTION('',(1.,0.,0.));
#558 = ADVANCED_FACE('',(#559),#586,.F.);
#559 = FACE_BOUND('',#560,.T.);
#560 = EDGE_LOOP('',(#561,#570,#578,#585));
#561 = ORIENTED_EDGE('',*,*,#562,.T.);
#562 = EDGE_CURVE('',#540,#563,#565,.T.);
#563 = VERTEX_POINT('',#564);
#564 = CARTESIAN_POINT('',(15.,-139.5,22.5));
#565 = CIRCLE('',#566,18.980769230769);
#566 = AXIS2_PLACEMENT_3D('',#567,#568,#569);
#567 = CARTESIAN_POINT('',(15.,-158.4807692307,22.5));
#568 = DIRECTION('',(0.,0.,1.));
#569 = DIRECTION('',(1.,0.,0.));
#570 = ORIENTED_EDGE('',*,*,#571,.F.);
#571 = EDGE_CURVE('',#572,#563,#574,.T.);
#572 = VERTEX_POINT('',#573);
#573 = CARTESIAN_POINT('',(15.,-139.5,15.));
#574 = LINE('',#575,#576);
#575 = CARTESIAN_POINT('',(15.,-139.5,15.));
#576 = VECTOR('',#577,1.);
#577 = DIRECTION('',(0.,0.,1.));
#578 = ORIENTED_EDGE('',*,*,#579,.F.);
#579 = EDGE_CURVE('',#531,#572,#580,.T.);
#580 = CIRCLE('',#581,18.980769230769);
#581 = AXIS2_PLACEMENT_3D('',#582,#583,#584);
#582 = CARTESIAN_POINT('',(15.,-158.4807692307,15.));
#583 = DIRECTION('',(0.,0.,1.));
#584 = DIRECTION('',(1.,0.,0.));
#585 = ORIENTED_EDGE('',*,*,#539,.T.);
#586 = CYLINDRICAL_SURFACE('',#587,18.980769230769);
#587 = AXIS2_PLACEMENT_3D('',#588,#589,#590);
#588 = CARTESIAN_POINT('',(15.,-158.4807692307,15.));
#589 = DIRECTION('',(-0.,-0.,-1.));
#590 = DIRECTION('',(1.,0.,0.));
#591 = ADVANCED_FACE('',(#592),#619,.F.);
#592 = FACE_BOUND('',#593,.T.);
#593 = EDGE_LOOP('',(#594,#603,#611,#618));
#594 = ORIENTED_EDGE('',*,*,#595,.F.);
#595 = EDGE_CURVE('',#596,#426,#598,.T.);
#596 = VERTEX_POINT('',#597);
#597 = CARTESIAN_POINT('',(29.041819825237,-143.7021762811,17.5));
#598 = CIRCLE('',#599,33.25922871282);
#599 = AXIS2_PLACEMENT_3D('',#600,#601,#602);
#600 = CARTESIAN_POINT('',(50.2,-118.0407712871,17.5));
#601 = DIRECTION('',(0.,0.,1.));
#602 = DIRECTION('',(1.,0.,0.));
#603 = ORIENTED_EDGE('',*,*,#604,.F.);
#604 = EDGE_CURVE('',#605,#596,#607,.T.);
#605 = VERTEX_POINT('',#606);
#606 = CARTESIAN_POINT('',(29.041819825236,-143.7021762811,22.5));
#607 = LINE('',#608,#609);
#608 = CARTESIAN_POINT('',(29.041819825236,-143.7021762811,17.5));
#609 = VECTOR('',#610,1.);
#610 = DIRECTION('',(-0.,-0.,-1.));
#611 = ORIENTED_EDGE('',*,*,#612,.T.);
#612 = EDGE_CURVE('',#605,#434,#613,.T.);
#613 = CIRCLE('',#614,33.25922871282);
#614 = AXIS2_PLACEMENT_3D('',#615,#616,#617);
#615 = CARTESIAN_POINT('',(50.2,-118.0407712871,22.5));
#616 = DIRECTION('',(0.,0.,1.));
#617 = DIRECTION('',(1.,0.,0.));
#618 = ORIENTED_EDGE('',*,*,#433,.T.);
#619 = CYLINDRICAL_SURFACE('',#620,33.25922871282);
#620 = AXIS2_PLACEMENT_3D('',#621,#622,#623);
#621 = CARTESIAN_POINT('',(50.2,-118.0407712871,17.5));
#622 = DIRECTION('',(-0.,-0.,-1.));
#623 = DIRECTION('',(1.,0.,0.));
#624 = ADVANCED_FACE('',(#625),#650,.T.);
#625 = FACE_BOUND('',#626,.T.);
#626 = EDGE_LOOP('',(#627,#635,#636,#644));
#627 = ORIENTED_EDGE('',*,*,#628,.F.);
#628 = EDGE_CURVE('',#605,#629,#631,.T.);
#629 = VERTEX_POINT('',#630);
#630 = CARTESIAN_POINT('',(35.988895454608,-135.9456563193,22.5));
#631 = LINE('',#632,#633);
#632 = CARTESIAN_POINT('',(28.628756990565,-144.1633674777,22.5));
#633 = VECTOR('',#634,1.);
#634 = DIRECTION('',(0.667169811321,0.744905660377,0.));
#635 = ORIENTED_EDGE('',*,*,#604,.T.);
#636 = ORIENTED_EDGE('',*,*,#637,.F.);
#637 = EDGE_CURVE('',#638,#596,#640,.T.);
#638 = VERTEX_POINT('',#639);
#639 = CARTESIAN_POINT('',(35.988895454608,-135.9456563193,17.5));
#640 = LINE('',#641,#642);
#641 = CARTESIAN_POINT('',(29.870640087378,-142.7767853323,17.5));
#642 = VECTOR('',#643,1.);
#643 = DIRECTION('',(-0.667169811321,-0.744905660377,0.));
#644 = ORIENTED_EDGE('',*,*,#645,.F.);
#645 = EDGE_CURVE('',#629,#638,#646,.T.);
#646 = LINE('',#647,#648);
#647 = CARTESIAN_POINT('',(35.988895454608,-135.9456563193,17.5));
#648 = VECTOR('',#649,1.);
#649 = DIRECTION('',(-0.,-0.,-1.));
#650 = PLANE('',#651);
#651 = AXIS2_PLACEMENT_3D('',#652,#653,#654);
#652 = CARTESIAN_POINT('',(28.628756990565,-144.1633674777,22.5));
#653 = DIRECTION('',(0.744905660377,-0.667169811321,0.));
#654 = DIRECTION('',(0.667169811321,0.744905660377,0.));
#655 = ADVANCED_FACE('',(#656),#674,.T.);
#656 = FACE_BOUND('',#657,.F.);
#657 = EDGE_LOOP('',(#658,#665,#666,#673));
#658 = ORIENTED_EDGE('',*,*,#659,.F.);
#659 = EDGE_CURVE('',#638,#418,#660,.T.);
#660 = CIRCLE('',#661,20.180769230769);
#661 = AXIS2_PLACEMENT_3D('',#662,#663,#664);
#662 = CARTESIAN_POINT('',(49.,-120.5192307692,17.5));
#663 = DIRECTION('',(0.,0.,1.));
#664 = DIRECTION('',(1.,0.,0.));
#665 = ORIENTED_EDGE('',*,*,#645,.F.);
#666 = ORIENTED_EDGE('',*,*,#667,.T.);
#667 = EDGE_CURVE('',#629,#410,#668,.T.);
#668 = CIRCLE('',#669,20.180769230769);
#669 = AXIS2_PLACEMENT_3D('',#670,#671,#672);
#670 = CARTESIAN_POINT('',(49.,-120.5192307692,22.5));
#671 = DIRECTION('',(0.,0.,1.));
#672 = DIRECTION('',(1.,0.,0.));
#673 = ORIENTED_EDGE('',*,*,#417,.F.);
#674 = CYLINDRICAL_SURFACE('',#675,20.180769230769);
#675 = AXIS2_PLACEMENT_3D('',#676,#677,#678);
#676 = CARTESIAN_POINT('',(49.,-120.5192307692,17.5));
#677 = DIRECTION('',(-0.,-0.,-1.));
#678 = DIRECTION('',(1.,0.,0.));
#679 = ADVANCED_FACE('',(#680),#705,.T.);
#680 = FACE_BOUND('',#681,.T.);
#681 = EDGE_LOOP('',(#682,#683,#691,#699));
#682 = ORIENTED_EDGE('',*,*,#279,.T.);
#683 = ORIENTED_EDGE('',*,*,#684,.F.);
#684 = EDGE_CURVE('',#685,#272,#687,.T.);
#685 = VERTEX_POINT('',#686);
#686 = CARTESIAN_POINT('',(50.2,-140.7,17.5));
#687 = LINE('',#688,#689);
#688 = CARTESIAN_POINT('',(50.2,-149.2414714971,17.5));
#689 = VECTOR('',#690,1.);
#690 = DIRECTION('',(0.,-1.,0.));
#691 = ORIENTED_EDGE('',*,*,#692,.F.);
#692 = EDGE_CURVE('',#693,#685,#695,.T.);
#693 = VERTEX_POINT('',#694);
#694 = CARTESIAN_POINT('',(50.2,-140.7,22.5));
#695 = LINE('',#696,#697);
#696 = CARTESIAN_POINT('',(50.2,-140.7,20.));
#697 = VECTOR('',#698,1.);
#698 = DIRECTION('',(0.,0.,-1.));
#699 = ORIENTED_EDGE('',*,*,#700,.F.);
#700 = EDGE_CURVE('',#280,#693,#701,.T.);
#701 = LINE('',#702,#703);
#702 = CARTESIAN_POINT('',(50.2,-157.3,22.5));
#703 = VECTOR('',#704,1.);
#704 = DIRECTION('',(0.,1.,0.));
#705 = PLANE('',#706);
#706 = AXIS2_PLACEMENT_3D('',#707,#708,#709);
#707 = CARTESIAN_POINT('',(50.2,-149.,20.));
#708 = DIRECTION('',(1.,0.,0.));
#709 = DIRECTION('',(0.,0.,1.));
#710 = ADVANCED_FACE('',(#711),#736,.F.);
#711 = FACE_BOUND('',#712,.F.);
#712 = EDGE_LOOP('',(#713,#721,#722,#730));
#713 = ORIENTED_EDGE('',*,*,#714,.F.);
#714 = EDGE_CURVE('',#685,#715,#717,.T.);
#715 = VERTEX_POINT('',#716);
#716 = CARTESIAN_POINT('',(55.8,-140.7,17.5));
#717 = LINE('',#718,#719);
#718 = CARTESIAN_POINT('',(49.,-140.7,17.5));
#719 = VECTOR('',#720,1.);
#720 = DIRECTION('',(1.,0.,0.));
#721 = ORIENTED_EDGE('',*,*,#692,.F.);
#722 = ORIENTED_EDGE('',*,*,#723,.T.);
#723 = EDGE_CURVE('',#693,#724,#726,.T.);
#724 = VERTEX_POINT('',#725);
#725 = CARTESIAN_POINT('',(55.8,-140.7,22.5));
#726 = LINE('',#727,#728);
#727 = CARTESIAN_POINT('',(49.,-140.7,22.5));
#728 = VECTOR('',#729,1.);
#729 = DIRECTION('',(1.,0.,0.));
#730 = ORIENTED_EDGE('',*,*,#731,.F.);
#731 = EDGE_CURVE('',#715,#724,#732,.T.);
#732 = LINE('',#733,#734);
#733 = CARTESIAN_POINT('',(55.8,-140.7,17.5));
#734 = VECTOR('',#735,1.);
#735 = DIRECTION('',(0.,0.,1.));
#736 = PLANE('',#737);
#737 = AXIS2_PLACEMENT_3D('',#738,#739,#740);
#738 = CARTESIAN_POINT('',(49.,-140.7,17.5));
#739 = DIRECTION('',(0.,1.,0.));
#740 = DIRECTION('',(1.,0.,0.));
#741 = ADVANCED_FACE('',(#742),#758,.F.);
#742 = FACE_BOUND('',#743,.F.);
#743 = EDGE_LOOP('',(#744,#750,#751,#757));
#744 = ORIENTED_EDGE('',*,*,#745,.F.);
#745 = EDGE_CURVE('',#715,#264,#746,.T.);
#746 = LINE('',#747,#748);
#747 = CARTESIAN_POINT('',(55.8,-140.7,17.5));
#748 = VECTOR('',#749,1.);
#749 = DIRECTION('',(0.,-1.,0.));
#750 = ORIENTED_EDGE('',*,*,#731,.T.);
#751 = ORIENTED_EDGE('',*,*,#752,.T.);
#752 = EDGE_CURVE('',#724,#256,#753,.T.);
#753 = LINE('',#754,#755);
#754 = CARTESIAN_POINT('',(55.8,-140.7,22.5));
#755 = VECTOR('',#756,1.);
#756 = DIRECTION('',(0.,-1.,0.));
#757 = ORIENTED_EDGE('',*,*,#263,.T.);
#758 = PLANE('',#759);
#759 = AXIS2_PLACEMENT_3D('',#760,#761,#762);
#760 = CARTESIAN_POINT('',(55.8,-140.7,17.5));
#761 = DIRECTION('',(1.,0.,0.));
#762 = DIRECTION('',(0.,-1.,0.));
#763 = ADVANCED_FACE('',(#764),#770,.T.);
#764 = FACE_BOUND('',#765,.T.);
#765 = EDGE_LOOP('',(#766,#767,#768,#769));
#766 = ORIENTED_EDGE('',*,*,#684,.T.);
#767 = ORIENTED_EDGE('',*,*,#271,.T.);
#768 = ORIENTED_EDGE('',*,*,#745,.F.);
#769 = ORIENTED_EDGE('',*,*,#714,.F.);
#770 = PLANE('',#771);
#771 = AXIS2_PLACEMENT_3D('',#772,#773,#774);
#772 = CARTESIAN_POINT('',(29.54129489209,-139.9829429942,17.5));
#773 = DIRECTION('',(0.,0.,1.));
#774 = DIRECTION('',(1.,0.,0.));
#775 = ADVANCED_FACE('',(#776),#787,.F.);
#776 = FACE_BOUND('',#777,.T.);
#777 = EDGE_LOOP('',(#778,#784,#785,#786));
#778 = ORIENTED_EDGE('',*,*,#779,.F.);
#779 = EDGE_CURVE('',#327,#365,#780,.T.);
#780 = LINE('',#781,#782);
#781 = CARTESIAN_POINT('',(53.,-153.125,36.5));
#782 = VECTOR('',#783,1.);
#783 = DIRECTION('',(-0.707106781187,0.707106781187,0.));
#784 = ORIENTED_EDGE('',*,*,#336,.T.);
#785 = ORIENTED_EDGE('',*,*,#779,.T.);
#786 = ORIENTED_EDGE('',*,*,#364,.F.);
#787 = CONICAL_SURFACE('',#788,1.375,0.785398163397);
#788 = AXIS2_PLACEMENT_3D('',#789,#790,#791);
#789 = CARTESIAN_POINT('',(53.,-154.5,36.5));
#790 = DIRECTION('',(-1.,0.,0.));
#791 = DIRECTION('',(0.,1.,0.));
#792 = ADVANCED_FACE('',(#793),#799,.T.);
#793 = FACE_BOUND('',#794,.T.);
#794 = EDGE_LOOP('',(#795,#796,#797,#798));
#795 = ORIENTED_EDGE('',*,*,#637,.T.);
#796 = ORIENTED_EDGE('',*,*,#595,.T.);
#797 = ORIENTED_EDGE('',*,*,#425,.T.);
#798 = ORIENTED_EDGE('',*,*,#659,.F.);
#799 = PLANE('',#800);
#800 = AXIS2_PLACEMENT_3D('',#801,#802,#803);
#801 = CARTESIAN_POINT('',(29.54129489209,-139.9829429942,17.5));
#802 = DIRECTION('',(0.,0.,1.));
#803 = DIRECTION('',(1.,0.,0.));
#804 = ADVANCED_FACE('',(#805,#897,#908),#919,.T.);
#805 = FACE_BOUND('',#806,.T.);
#806 = EDGE_LOOP('',(#807,#808,#809,#810,#811,#812,#813,#814,#815,#823,
    #832,#841,#849,#857,#865,#873,#882,#891));
#807 = ORIENTED_EDGE('',*,*,#506,.F.);
#808 = ORIENTED_EDGE('',*,*,#473,.T.);
#809 = ORIENTED_EDGE('',*,*,#199,.T.);
#810 = ORIENTED_EDGE('',*,*,#31,.T.);
#811 = ORIENTED_EDGE('',*,*,#130,.T.);
#812 = ORIENTED_EDGE('',*,*,#398,.T.);
#813 = ORIENTED_EDGE('',*,*,#530,.F.);
#814 = ORIENTED_EDGE('',*,*,#579,.T.);
#815 = ORIENTED_EDGE('',*,*,#816,.T.);
#816 = EDGE_CURVE('',#572,#817,#819,.T.);
#817 = VERTEX_POINT('',#818);
#818 = CARTESIAN_POINT('',(-15.,-139.5,15.));
#819 = LINE('',#820,#821);
#820 = CARTESIAN_POINT('',(15.,-139.5,15.));
#821 = VECTOR('',#822,1.);
#822 = DIRECTION('',(-1.,0.,0.));
#823 = ORIENTED_EDGE('',*,*,#824,.F.);
#824 = EDGE_CURVE('',#825,#817,#827,.T.);
#825 = VERTEX_POINT('',#826);
#826 = CARTESIAN_POINT('',(-27.66339622641,-144.3418867924,15.));
#827 = CIRCLE('',#828,18.980769230769);
#828 = AXIS2_PLACEMENT_3D('',#829,#830,#831);
#829 = CARTESIAN_POINT('',(-15.,-158.4807692307,15.));
#830 = DIRECTION('',(0.,0.,-1.));
#831 = DIRECTION('',(-1.,-0.,-0.));
#832 = ORIENTED_EDGE('',*,*,#833,.T.);
#833 = EDGE_CURVE('',#825,#834,#836,.T.);
#834 = VERTEX_POINT('',#835);
#835 = CARTESIAN_POINT('',(-49.,-152.5,15.));
#836 = CIRCLE('',#837,31.980769230769);
#837 = AXIS2_PLACEMENT_3D('',#838,#839,#840);
#838 = CARTESIAN_POINT('',(-49.,-120.5192307692,15.));
#839 = DIRECTION('',(0.,0.,-1.));
#840 = DIRECTION('',(-1.,-0.,-0.));
#841 = ORIENTED_EDGE('',*,*,#842,.F.);
#842 = EDGE_CURVE('',#843,#834,#845,.T.);
#843 = VERTEX_POINT('',#844);
#844 = CARTESIAN_POINT('',(-49.,-158.5,15.));
#845 = LINE('',#846,#847);
#846 = CARTESIAN_POINT('',(-49.,-158.5,15.));
#847 = VECTOR('',#848,1.);
#848 = DIRECTION('',(0.,1.,0.));
#849 = ORIENTED_EDGE('',*,*,#850,.F.);
#850 = EDGE_CURVE('',#851,#843,#853,.T.);
#851 = VERTEX_POINT('',#852);
#852 = CARTESIAN_POINT('',(-57.,-158.5,15.));
#853 = LINE('',#854,#855);
#854 = CARTESIAN_POINT('',(-57.,-158.5,15.));
#855 = VECTOR('',#856,1.);
#856 = DIRECTION('',(1.,0.,0.));
#857 = ORIENTED_EDGE('',*,*,#858,.F.);
#858 = EDGE_CURVE('',#859,#851,#861,.T.);
#859 = VERTEX_POINT('',#860);
#860 = CARTESIAN_POINT('',(-57.,-139.5,15.));
#861 = LINE('',#862,#863);
#862 = CARTESIAN_POINT('',(-57.,-139.5,15.));
#863 = VECTOR('',#864,1.);
#864 = DIRECTION('',(-0.,-1.,-0.));
#865 = ORIENTED_EDGE('',*,*,#866,.F.);
#866 = EDGE_CURVE('',#867,#859,#869,.T.);
#867 = VERTEX_POINT('',#868);
#868 = CARTESIAN_POINT('',(-49.,-139.5,15.));
#869 = LINE('',#870,#871);
#870 = CARTESIAN_POINT('',(-49.,-139.5,15.));
#871 = VECTOR('',#872,1.);
#872 = DIRECTION('',(-1.,-0.,-0.));
#873 = ORIENTED_EDGE('',*,*,#874,.F.);
#874 = EDGE_CURVE('',#875,#867,#877,.T.);
#875 = VERTEX_POINT('',#876);
#876 = CARTESIAN_POINT('',(-36.33660377358,-134.6581132075,15.));
#877 = CIRCLE('',#878,18.980769230769);
#878 = AXIS2_PLACEMENT_3D('',#879,#880,#881);
#879 = CARTESIAN_POINT('',(-49.,-120.5192307692,15.));
#880 = DIRECTION('',(0.,0.,-1.));
#881 = DIRECTION('',(-1.,-0.,-0.));
#882 = ORIENTED_EDGE('',*,*,#883,.T.);
#883 = EDGE_CURVE('',#875,#884,#886,.T.);
#884 = VERTEX_POINT('',#885);
#885 = CARTESIAN_POINT('',(-15.,-126.5,15.));
#886 = CIRCLE('',#887,31.980769230769);
#887 = AXIS2_PLACEMENT_3D('',#888,#889,#890);
#888 = CARTESIAN_POINT('',(-15.,-158.4807692307,15.));
#889 = DIRECTION('',(0.,0.,-1.));
#890 = DIRECTION('',(-1.,-0.,-0.));
#891 = ORIENTED_EDGE('',*,*,#892,.F.);
#892 = EDGE_CURVE('',#497,#884,#893,.T.);
#893 = LINE('',#894,#895);
#894 = CARTESIAN_POINT('',(0.,-126.5,15.));
#895 = VECTOR('',#896,1.);
#896 = DIRECTION('',(-1.,-0.,-0.));
#897 = FACE_BOUND('',#898,.T.);
#898 = EDGE_LOOP('',(#899));
#899 = ORIENTED_EDGE('',*,*,#900,.T.);
#900 = EDGE_CURVE('',#901,#901,#903,.T.);
#901 = VERTEX_POINT('',#902);
#902 = CARTESIAN_POINT('',(17.,-133.,15.));
#903 = CIRCLE('',#904,2.);
#904 = AXIS2_PLACEMENT_3D('',#905,#906,#907);
#905 = CARTESIAN_POINT('',(15.,-133.,15.));
#906 = DIRECTION('',(0.,0.,1.));
#907 = DIRECTION('',(1.,0.,0.));
#908 = FACE_BOUND('',#909,.T.);
#909 = EDGE_LOOP('',(#910));
#910 = ORIENTED_EDGE('',*,*,#911,.F.);
#911 = EDGE_CURVE('',#912,#912,#914,.T.);
#912 = VERTEX_POINT('',#913);
#913 = CARTESIAN_POINT('',(-17.,-133.,15.));
#914 = CIRCLE('',#915,2.);
#915 = AXIS2_PLACEMENT_3D('',#916,#917,#918);
#916 = CARTESIAN_POINT('',(-15.,-133.,15.));
#917 = DIRECTION('',(0.,0.,-1.));
#918 = DIRECTION('',(-1.,-0.,-0.));
#919 = PLANE('',#920);
#920 = AXIS2_PLACEMENT_3D('',#921,#922,#923);
#921 = CARTESIAN_POINT('',(1.76E-15,-141.1074494334,15.));
#922 = DIRECTION('',(-0.,-0.,-1.));
#923 = DIRECTION('',(-1.,0.,0.));
#924 = ADVANCED_FACE('',(#925),#951,.T.);
#925 = FACE_BOUND('',#926,.T.);
#926 = EDGE_LOOP('',(#927,#935,#936,#944));
#927 = ORIENTED_EDGE('',*,*,#928,.F.);
#928 = EDGE_CURVE('',#884,#929,#931,.T.);
#929 = VERTEX_POINT('',#930);
#930 = CARTESIAN_POINT('',(-15.,-126.5,22.5));
#931 = LINE('',#932,#933);
#932 = CARTESIAN_POINT('',(-15.,-126.5,17.5));
#933 = VECTOR('',#934,1.);
#934 = DIRECTION('',(0.,0.,1.));
#935 = ORIENTED_EDGE('',*,*,#883,.F.);
#936 = ORIENTED_EDGE('',*,*,#937,.T.);
#937 = EDGE_CURVE('',#875,#938,#940,.T.);
#938 = VERTEX_POINT('',#939);
#939 = CARTESIAN_POINT('',(-36.33660377358,-134.6581132075,22.5));
#940 = LINE('',#941,#942);
#941 = CARTESIAN_POINT('',(-36.33660377358,-134.6581132075,17.5));
#942 = VECTOR('',#943,1.);
#943 = DIRECTION('',(0.,0.,1.));
#944 = ORIENTED_EDGE('',*,*,#945,.T.);
#945 = EDGE_CURVE('',#938,#929,#946,.T.);
#946 = CIRCLE('',#947,31.980769230769);
#947 = AXIS2_PLACEMENT_3D('',#948,#949,#950);
#948 = CARTESIAN_POINT('',(-15.,-158.4807692307,22.5));
#949 = DIRECTION('',(0.,0.,-1.));
#950 = DIRECTION('',(-1.,-0.,-0.));
#951 = CYLINDRICAL_SURFACE('',#952,31.980769230769);
#952 = AXIS2_PLACEMENT_3D('',#953,#954,#955);
#953 = CARTESIAN_POINT('',(-15.,-158.4807692307,15.));
#954 = DIRECTION('',(0.,0.,-1.));
#955 = DIRECTION('',(-1.,-0.,-0.));
#956 = ADVANCED_FACE('',(#957),#976,.F.);
#957 = FACE_BOUND('',#958,.F.);
#958 = EDGE_LOOP('',(#959,#968,#974,#975));
#959 = ORIENTED_EDGE('',*,*,#960,.T.);
#960 = EDGE_CURVE('',#938,#961,#963,.T.);
#961 = VERTEX_POINT('',#962);
#962 = CARTESIAN_POINT('',(-49.,-139.5,22.5));
#963 = CIRCLE('',#964,18.980769230769);
#964 = AXIS2_PLACEMENT_3D('',#965,#966,#967);
#965 = CARTESIAN_POINT('',(-49.,-120.5192307692,22.5));
#966 = DIRECTION('',(0.,0.,-1.));
#967 = DIRECTION('',(-1.,-0.,-0.));
#968 = ORIENTED_EDGE('',*,*,#969,.F.);
#969 = EDGE_CURVE('',#867,#961,#970,.T.);
#970 = LINE('',#971,#972);
#971 = CARTESIAN_POINT('',(-49.,-139.5,15.));
#972 = VECTOR('',#973,1.);
#973 = DIRECTION('',(0.,0.,1.));
#974 = ORIENTED_EDGE('',*,*,#874,.F.);
#975 = ORIENTED_EDGE('',*,*,#937,.T.);
#976 = CYLINDRICAL_SURFACE('',#977,18.980769230769);
#977 = AXIS2_PLACEMENT_3D('',#978,#979,#980);
#978 = CARTESIAN_POINT('',(-49.,-120.5192307692,15.));
#979 = DIRECTION('',(0.,0.,-1.));
#980 = DIRECTION('',(-1.,-0.,-0.));
#981 = ADVANCED_FACE('',(#982),#1000,.T.);
#982 = FACE_BOUND('',#983,.F.);
#983 = EDGE_LOOP('',(#984,#985,#986,#994));
#984 = ORIENTED_EDGE('',*,*,#866,.F.);
#985 = ORIENTED_EDGE('',*,*,#969,.T.);
#986 = ORIENTED_EDGE('',*,*,#987,.T.);
#987 = EDGE_CURVE('',#961,#988,#990,.T.);
#988 = VERTEX_POINT('',#989);
#989 = CARTESIAN_POINT('',(-57.,-139.5,22.5));
#990 = LINE('',#991,#992);
#991 = CARTESIAN_POINT('',(-49.,-139.5,22.5));
#992 = VECTOR('',#993,1.);
#993 = DIRECTION('',(-1.,-0.,-0.));
#994 = ORIENTED_EDGE('',*,*,#995,.F.);
#995 = EDGE_CURVE('',#859,#988,#996,.T.);
#996 = LINE('',#997,#998);
#997 = CARTESIAN_POINT('',(-57.,-139.5,17.5));
#998 = VECTOR('',#999,1.);
#999 = DIRECTION('',(0.,0.,1.));
#1000 = PLANE('',#1001);
#1001 = AXIS2_PLACEMENT_3D('',#1002,#1003,#1004);
#1002 = CARTESIAN_POINT('',(-53.,-139.5,18.75));
#1003 = DIRECTION('',(1.43E-15,1.,-1.64E-15));
#1004 = DIRECTION('',(-0.,-1.64E-15,-1.));
#1005 = ADVANCED_FACE('',(#1006,#1056),#1067,.T.);
#1006 = FACE_BOUND('',#1007,.F.);
#1007 = EDGE_LOOP('',(#1008,#1016,#1017,#1018,#1026,#1034,#1042,#1050));
#1008 = ORIENTED_EDGE('',*,*,#1009,.T.);
#1009 = EDGE_CURVE('',#1010,#851,#1012,.T.);
#1010 = VERTEX_POINT('',#1011);
#1011 = CARTESIAN_POINT('',(-57.,-158.5,38.5));
#1012 = LINE('',#1013,#1014);
#1013 = CARTESIAN_POINT('',(-57.,-158.5,39.5));
#1014 = VECTOR('',#1015,1.);
#1015 = DIRECTION('',(-0.,-0.,-1.));
#1016 = ORIENTED_EDGE('',*,*,#858,.F.);
#1017 = ORIENTED_EDGE('',*,*,#995,.T.);
#1018 = ORIENTED_EDGE('',*,*,#1019,.T.);
#1019 = EDGE_CURVE('',#988,#1020,#1022,.T.);
#1020 = VERTEX_POINT('',#1021);
#1021 = CARTESIAN_POINT('',(-57.,-150.5,22.5));
#1022 = LINE('',#1023,#1024);
#1023 = CARTESIAN_POINT('',(-57.,-139.5,22.5));
#1024 = VECTOR('',#1025,1.);
#1025 = DIRECTION('',(-0.,-1.,-0.));
#1026 = ORIENTED_EDGE('',*,*,#1027,.T.);
#1027 = EDGE_CURVE('',#1020,#1028,#1030,.T.);
#1028 = VERTEX_POINT('',#1029);
#1029 = CARTESIAN_POINT('',(-57.,-150.5,38.5));
#1030 = LINE('',#1031,#1032);
#1031 = CARTESIAN_POINT('',(-57.,-150.5,15.));
#1032 = VECTOR('',#1033,1.);
#1033 = DIRECTION('',(0.,0.,1.));
#1034 = ORIENTED_EDGE('',*,*,#1035,.F.);
#1035 = EDGE_CURVE('',#1036,#1028,#1038,.T.);
#1036 = VERTEX_POINT('',#1037);
#1037 = CARTESIAN_POINT('',(-57.,-151.5,39.5));
#1038 = LINE('',#1039,#1040);
#1039 = CARTESIAN_POINT('',(-57.,-147.5625,35.5625));
#1040 = VECTOR('',#1041,1.);
#1041 = DIRECTION('',(0.,0.707106781187,-0.707106781187));
#1042 = ORIENTED_EDGE('',*,*,#1043,.T.);
#1043 = EDGE_CURVE('',#1036,#1044,#1046,.T.);
#1044 = VERTEX_POINT('',#1045);
#1045 = CARTESIAN_POINT('',(-57.,-157.5,39.5));
#1046 = LINE('',#1047,#1048);
#1047 = CARTESIAN_POINT('',(-57.,-150.5,39.5));
#1048 = VECTOR('',#1049,1.);
#1049 = DIRECTION('',(-0.,-1.,-0.));
#1050 = ORIENTED_EDGE('',*,*,#1051,.F.);
#1051 = EDGE_CURVE('',#1010,#1044,#1052,.T.);
#1052 = LINE('',#1053,#1054);
#1053 = CARTESIAN_POINT('',(-57.,-159.7622126436,37.237787356322));
#1054 = VECTOR('',#1055,1.);
#1055 = DIRECTION('',(0.,0.707106781187,0.707106781187));
#1056 = FACE_BOUND('',#1057,.F.);
#1057 = EDGE_LOOP('',(#1058));
#1058 = ORIENTED_EDGE('',*,*,#1059,.F.);
#1059 = EDGE_CURVE('',#1060,#1060,#1062,.T.);
#1060 = VERTEX_POINT('',#1061);
#1061 = CARTESIAN_POINT('',(-57.,-153.125,36.5));
#1062 = CIRCLE('',#1063,1.375);
#1063 = AXIS2_PLACEMENT_3D('',#1064,#1065,#1066);
#1064 = CARTESIAN_POINT('',(-57.,-154.5,36.5));
#1065 = DIRECTION('',(1.,0.,0.));
#1066 = DIRECTION('',(0.,1.,0.));
#1067 = PLANE('',#1068);
#1068 = AXIS2_PLACEMENT_3D('',#1069,#1070,#1071);
#1069 = CARTESIAN_POINT('',(-57.,-151.1494252873,25.100574712644));
#1070 = DIRECTION('',(-1.,-0.,-0.));
#1071 = DIRECTION('',(0.,0.,-1.));
#1072 = ADVANCED_FACE('',(#1073),#1107,.T.);
#1073 = FACE_BOUND('',#1074,.F.);
#1074 = EDGE_LOOP('',(#1075,#1085,#1093,#1099,#1100,#1101));
#1075 = ORIENTED_EDGE('',*,*,#1076,.F.);
#1076 = EDGE_CURVE('',#1077,#1079,#1081,.T.);
#1077 = VERTEX_POINT('',#1078);
#1078 = CARTESIAN_POINT('',(-52.,-158.5,32.));
#1079 = VERTEX_POINT('',#1080);
#1080 = CARTESIAN_POINT('',(-52.,-158.5,38.5));
#1081 = LINE('',#1082,#1083);
#1082 = CARTESIAN_POINT('',(-52.,-158.5,32.));
#1083 = VECTOR('',#1084,1.);
#1084 = DIRECTION('',(0.,0.,1.));
#1085 = ORIENTED_EDGE('',*,*,#1086,.F.);
#1086 = EDGE_CURVE('',#1087,#1077,#1089,.T.);
#1087 = VERTEX_POINT('',#1088);
#1088 = CARTESIAN_POINT('',(-49.,-158.5,32.));
#1089 = LINE('',#1090,#1091);
#1090 = CARTESIAN_POINT('',(-49.,-158.5,32.));
#1091 = VECTOR('',#1092,1.);
#1092 = DIRECTION('',(-1.,-0.,-0.));
#1093 = ORIENTED_EDGE('',*,*,#1094,.T.);
#1094 = EDGE_CURVE('',#1087,#843,#1095,.T.);
#1095 = LINE('',#1096,#1097);
#1096 = CARTESIAN_POINT('',(-49.,-158.5,31.820916718099));
#1097 = VECTOR('',#1098,1.);
#1098 = DIRECTION('',(-0.,-0.,-1.));
#1099 = ORIENTED_EDGE('',*,*,#850,.F.);
#1100 = ORIENTED_EDGE('',*,*,#1009,.F.);
#1101 = ORIENTED_EDGE('',*,*,#1102,.T.);
#1102 = EDGE_CURVE('',#1010,#1079,#1103,.T.);
#1103 = LINE('',#1104,#1105);
#1104 = CARTESIAN_POINT('',(-57.,-158.5,38.5));
#1105 = VECTOR('',#1106,1.);
#1106 = DIRECTION('',(1.,0.,0.));
#1107 = PLANE('',#1108);
#1108 = AXIS2_PLACEMENT_3D('',#1109,#1110,#1111);
#1109 = CARTESIAN_POINT('',(-53.,-158.5,27.25));
#1110 = DIRECTION('',(0.,-1.,0.));
#1111 = DIRECTION('',(0.,0.,1.));
#1112 = ADVANCED_FACE('',(#1113),#1179,.T.);
#1113 = FACE_BOUND('',#1114,.F.);
#1114 = EDGE_LOOP('',(#1115,#1116,#1117,#1125,#1133,#1141,#1149,#1157,
    #1165,#1173));
#1115 = ORIENTED_EDGE('',*,*,#842,.F.);
#1116 = ORIENTED_EDGE('',*,*,#1094,.F.);
#1117 = ORIENTED_EDGE('',*,*,#1118,.F.);
#1118 = EDGE_CURVE('',#1119,#1087,#1121,.T.);
#1119 = VERTEX_POINT('',#1120);
#1120 = CARTESIAN_POINT('',(-49.,-150.5,32.));
#1121 = LINE('',#1122,#1123);
#1122 = CARTESIAN_POINT('',(-49.,-150.5,32.));
#1123 = VECTOR('',#1124,1.);
#1124 = DIRECTION('',(0.,-1.,0.));
#1125 = ORIENTED_EDGE('',*,*,#1126,.F.);
#1126 = EDGE_CURVE('',#1127,#1119,#1129,.T.);
#1127 = VERTEX_POINT('',#1128);
#1128 = CARTESIAN_POINT('',(-49.,-150.5,22.5));
#1129 = LINE('',#1130,#1131);
#1130 = CARTESIAN_POINT('',(-49.,-150.5,27.320916718099));
#1131 = VECTOR('',#1132,1.);
#1132 = DIRECTION('',(0.,0.,1.));
#1133 = ORIENTED_EDGE('',*,*,#1134,.F.);
#1134 = EDGE_CURVE('',#1135,#1127,#1137,.T.);
#1135 = VERTEX_POINT('',#1136);
#1136 = CARTESIAN_POINT('',(-49.,-140.7,22.5));
#1137 = LINE('',#1138,#1139);
#1138 = CARTESIAN_POINT('',(-49.,-139.5,22.5));
#1139 = VECTOR('',#1140,1.);
#1140 = DIRECTION('',(-0.,-1.,-0.));
#1141 = ORIENTED_EDGE('',*,*,#1142,.F.);
#1142 = EDGE_CURVE('',#1143,#1135,#1145,.T.);
#1143 = VERTEX_POINT('',#1144);
#1144 = CARTESIAN_POINT('',(-49.,-140.7,17.5));
#1145 = LINE('',#1146,#1147);
#1146 = CARTESIAN_POINT('',(-49.,-140.7,17.5));
#1147 = VECTOR('',#1148,1.);
#1148 = DIRECTION('',(0.,0.,1.));
#1149 = ORIENTED_EDGE('',*,*,#1150,.F.);
#1150 = EDGE_CURVE('',#1151,#1143,#1153,.T.);
#1151 = VERTEX_POINT('',#1152);
#1152 = CARTESIAN_POINT('',(-48.99999999999,-151.2783448233,17.5));
#1153 = LINE('',#1154,#1155);
#1154 = CARTESIAN_POINT('',(-49.,-139.7414714971,17.5));
#1155 = VECTOR('',#1156,1.);
#1156 = DIRECTION('',(0.,1.,0.));
#1157 = ORIENTED_EDGE('',*,*,#1158,.F.);
#1158 = EDGE_CURVE('',#1159,#1151,#1161,.T.);
#1159 = VERTEX_POINT('',#1160);
#1160 = CARTESIAN_POINT('',(-49.,-151.2783448233,22.5));
#1161 = LINE('',#1162,#1163);
#1162 = CARTESIAN_POINT('',(-49.,-151.2783448233,17.5));
#1163 = VECTOR('',#1164,1.);
#1164 = DIRECTION('',(0.,0.,-1.));
#1165 = ORIENTED_EDGE('',*,*,#1166,.F.);
#1166 = EDGE_CURVE('',#1167,#1159,#1169,.T.);
#1167 = VERTEX_POINT('',#1168);
#1168 = CARTESIAN_POINT('',(-49.,-152.5,22.5));
#1169 = LINE('',#1170,#1171);
#1170 = CARTESIAN_POINT('',(-49.,-145.4707408376,22.5));
#1171 = VECTOR('',#1172,1.);
#1172 = DIRECTION('',(0.,1.,0.));
#1173 = ORIENTED_EDGE('',*,*,#1174,.F.);
#1174 = EDGE_CURVE('',#834,#1167,#1175,.T.);
#1175 = LINE('',#1176,#1177);
#1176 = CARTESIAN_POINT('',(-49.,-152.5,17.5));
#1177 = VECTOR('',#1178,1.);
#1178 = DIRECTION('',(0.,0.,1.));
#1179 = PLANE('',#1180);
#1180 = AXIS2_PLACEMENT_3D('',#1181,#1182,#1183);
#1181 = CARTESIAN_POINT('',(-49.,-151.9149230879,25.098924692212));
#1182 = DIRECTION('',(1.,0.,0.));
#1183 = DIRECTION('',(0.,0.,1.));
#1184 = ADVANCED_FACE('',(#1185),#1204,.T.);
#1185 = FACE_BOUND('',#1186,.T.);
#1186 = EDGE_LOOP('',(#1187,#1188,#1189,#1197));
#1187 = ORIENTED_EDGE('',*,*,#1174,.F.);
#1188 = ORIENTED_EDGE('',*,*,#833,.F.);
#1189 = ORIENTED_EDGE('',*,*,#1190,.T.);
#1190 = EDGE_CURVE('',#825,#1191,#1193,.T.);
#1191 = VERTEX_POINT('',#1192);
#1192 = CARTESIAN_POINT('',(-27.66339622641,-144.3418867924,22.5));
#1193 = LINE('',#1194,#1195);
#1194 = CARTESIAN_POINT('',(-27.66339622641,-144.3418867924,17.5));
#1195 = VECTOR('',#1196,1.);
#1196 = DIRECTION('',(0.,0.,1.));
#1197 = ORIENTED_EDGE('',*,*,#1198,.T.);
#1198 = EDGE_CURVE('',#1191,#1167,#1199,.T.);
#1199 = CIRCLE('',#1200,31.980769230769);
#1200 = AXIS2_PLACEMENT_3D('',#1201,#1202,#1203);
#1201 = CARTESIAN_POINT('',(-49.,-120.5192307692,22.5));
#1202 = DIRECTION('',(0.,0.,-1.));
#1203 = DIRECTION('',(-1.,-0.,-0.));
#1204 = CYLINDRICAL_SURFACE('',#1205,31.980769230769);
#1205 = AXIS2_PLACEMENT_3D('',#1206,#1207,#1208);
#1206 = CARTESIAN_POINT('',(-49.,-120.5192307692,15.));
#1207 = DIRECTION('',(0.,0.,-1.));
#1208 = DIRECTION('',(-1.,-0.,-0.));
#1209 = ADVANCED_FACE('',(#1210),#1229,.F.);
#1210 = FACE_BOUND('',#1211,.F.);
#1211 = EDGE_LOOP('',(#1212,#1221,#1227,#1228));
#1212 = ORIENTED_EDGE('',*,*,#1213,.T.);
#1213 = EDGE_CURVE('',#1191,#1214,#1216,.T.);
#1214 = VERTEX_POINT('',#1215);
#1215 = CARTESIAN_POINT('',(-15.,-139.5,22.5));
#1216 = CIRCLE('',#1217,18.980769230769);
#1217 = AXIS2_PLACEMENT_3D('',#1218,#1219,#1220);
#1218 = CARTESIAN_POINT('',(-15.,-158.4807692307,22.5));
#1219 = DIRECTION('',(0.,0.,-1.));
#1220 = DIRECTION('',(-1.,-0.,-0.));
#1221 = ORIENTED_EDGE('',*,*,#1222,.F.);
#1222 = EDGE_CURVE('',#817,#1214,#1223,.T.);
#1223 = LINE('',#1224,#1225);
#1224 = CARTESIAN_POINT('',(-15.,-139.5,15.));
#1225 = VECTOR('',#1226,1.);
#1226 = DIRECTION('',(0.,0.,1.));
#1227 = ORIENTED_EDGE('',*,*,#824,.F.);
#1228 = ORIENTED_EDGE('',*,*,#1190,.T.);
#1229 = CYLINDRICAL_SURFACE('',#1230,18.980769230769);
#1230 = AXIS2_PLACEMENT_3D('',#1231,#1232,#1233);
#1231 = CARTESIAN_POINT('',(-15.,-158.4807692307,15.));
#1232 = DIRECTION('',(0.,0.,-1.));
#1233 = DIRECTION('',(-1.,-0.,-0.));
#1234 = ADVANCED_FACE('',(#1235),#1262,.F.);
#1235 = FACE_BOUND('',#1236,.F.);
#1236 = EDGE_LOOP('',(#1237,#1246,#1254,#1261));
#1237 = ORIENTED_EDGE('',*,*,#1238,.F.);
#1238 = EDGE_CURVE('',#1239,#1151,#1241,.T.);
#1239 = VERTEX_POINT('',#1240);
#1240 = CARTESIAN_POINT('',(-29.04181982523,-143.7021762811,17.5));
#1241 = CIRCLE('',#1242,33.25922871282);
#1242 = AXIS2_PLACEMENT_3D('',#1243,#1244,#1245);
#1243 = CARTESIAN_POINT('',(-50.2,-118.0407712871,17.5));
#1244 = DIRECTION('',(0.,0.,-1.));
#1245 = DIRECTION('',(-1.,-0.,-0.));
#1246 = ORIENTED_EDGE('',*,*,#1247,.F.);
#1247 = EDGE_CURVE('',#1248,#1239,#1250,.T.);
#1248 = VERTEX_POINT('',#1249);
#1249 = CARTESIAN_POINT('',(-29.04181982523,-143.7021762811,22.5));
#1250 = LINE('',#1251,#1252);
#1251 = CARTESIAN_POINT('',(-29.04181982523,-143.7021762811,17.5));
#1252 = VECTOR('',#1253,1.);
#1253 = DIRECTION('',(0.,0.,-1.));
#1254 = ORIENTED_EDGE('',*,*,#1255,.T.);
#1255 = EDGE_CURVE('',#1248,#1159,#1256,.T.);
#1256 = CIRCLE('',#1257,33.25922871282);
#1257 = AXIS2_PLACEMENT_3D('',#1258,#1259,#1260);
#1258 = CARTESIAN_POINT('',(-50.2,-118.0407712871,22.5));
#1259 = DIRECTION('',(0.,0.,-1.));
#1260 = DIRECTION('',(-1.,-0.,-0.));
#1261 = ORIENTED_EDGE('',*,*,#1158,.T.);
#1262 = CYLINDRICAL_SURFACE('',#1263,33.25922871282);
#1263 = AXIS2_PLACEMENT_3D('',#1264,#1265,#1266);
#1264 = CARTESIAN_POINT('',(-50.2,-118.0407712871,17.5));
#1265 = DIRECTION('',(0.,0.,-1.));
#1266 = DIRECTION('',(-1.,-0.,-0.));
#1267 = ADVANCED_FACE('',(#1268),#1293,.T.);
#1268 = FACE_BOUND('',#1269,.F.);
#1269 = EDGE_LOOP('',(#1270,#1278,#1279,#1287));
#1270 = ORIENTED_EDGE('',*,*,#1271,.F.);
#1271 = EDGE_CURVE('',#1248,#1272,#1274,.T.);
#1272 = VERTEX_POINT('',#1273);
#1273 = CARTESIAN_POINT('',(-35.9888954546,-135.9456563193,22.5));
#1274 = LINE('',#1275,#1276);
#1275 = CARTESIAN_POINT('',(-28.62875699056,-144.1633674777,22.5));
#1276 = VECTOR('',#1277,1.);
#1277 = DIRECTION('',(-0.667169811321,0.744905660377,0.));
#1278 = ORIENTED_EDGE('',*,*,#1247,.T.);
#1279 = ORIENTED_EDGE('',*,*,#1280,.F.);
#1280 = EDGE_CURVE('',#1281,#1239,#1283,.T.);
#1281 = VERTEX_POINT('',#1282);
#1282 = CARTESIAN_POINT('',(-35.9888954546,-135.9456563193,17.5));
#1283 = LINE('',#1284,#1285);
#1284 = CARTESIAN_POINT('',(-29.87064008737,-142.7767853323,17.5));
#1285 = VECTOR('',#1286,1.);
#1286 = DIRECTION('',(0.667169811321,-0.744905660377,0.));
#1287 = ORIENTED_EDGE('',*,*,#1288,.F.);
#1288 = EDGE_CURVE('',#1272,#1281,#1289,.T.);
#1289 = LINE('',#1290,#1291);
#1290 = CARTESIAN_POINT('',(-35.9888954546,-135.9456563193,17.5));
#1291 = VECTOR('',#1292,1.);
#1292 = DIRECTION('',(0.,0.,-1.));
#1293 = PLANE('',#1294);
#1294 = AXIS2_PLACEMENT_3D('',#1295,#1296,#1297);
#1295 = CARTESIAN_POINT('',(-28.62875699056,-144.1633674777,22.5));
#1296 = DIRECTION('',(-0.744905660377,-0.667169811321,-0.));
#1297 = DIRECTION('',(0.667169811321,-0.744905660377,0.));
#1298 = ADVANCED_FACE('',(#1299),#1317,.T.);
#1299 = FACE_BOUND('',#1300,.T.);
#1300 = EDGE_LOOP('',(#1301,#1308,#1309,#1316));
#1301 = ORIENTED_EDGE('',*,*,#1302,.F.);
#1302 = EDGE_CURVE('',#1281,#1143,#1303,.T.);
#1303 = CIRCLE('',#1304,20.180769230769);
#1304 = AXIS2_PLACEMENT_3D('',#1305,#1306,#1307);
#1305 = CARTESIAN_POINT('',(-49.,-120.5192307692,17.5));
#1306 = DIRECTION('',(0.,0.,-1.));
#1307 = DIRECTION('',(-1.,-0.,-0.));
#1308 = ORIENTED_EDGE('',*,*,#1288,.F.);
#1309 = ORIENTED_EDGE('',*,*,#1310,.T.);
#1310 = EDGE_CURVE('',#1272,#1135,#1311,.T.);
#1311 = CIRCLE('',#1312,20.180769230769);
#1312 = AXIS2_PLACEMENT_3D('',#1313,#1314,#1315);
#1313 = CARTESIAN_POINT('',(-49.,-120.5192307692,22.5));
#1314 = DIRECTION('',(0.,0.,-1.));
#1315 = DIRECTION('',(-1.,-0.,-0.));
#1316 = ORIENTED_EDGE('',*,*,#1142,.F.);
#1317 = CYLINDRICAL_SURFACE('',#1318,20.180769230769);
#1318 = AXIS2_PLACEMENT_3D('',#1319,#1320,#1321);
#1319 = CARTESIAN_POINT('',(-49.,-120.5192307692,17.5));
#1320 = DIRECTION('',(0.,0.,-1.));
#1321 = DIRECTION('',(-1.,-0.,-0.));
#1322 = ADVANCED_FACE('',(#1323),#1387,.T.);
#1323 = FACE_BOUND('',#1324,.F.);
#1324 = EDGE_LOOP('',(#1325,#1326,#1334,#1342,#1350,#1358,#1364,#1365,
    #1373,#1381));
#1325 = ORIENTED_EDGE('',*,*,#1027,.F.);
#1326 = ORIENTED_EDGE('',*,*,#1327,.F.);
#1327 = EDGE_CURVE('',#1328,#1020,#1330,.T.);
#1328 = VERTEX_POINT('',#1329);
#1329 = CARTESIAN_POINT('',(-55.8,-150.5,22.5));
#1330 = LINE('',#1331,#1332);
#1331 = CARTESIAN_POINT('',(-43.74807839358,-150.5,22.5));
#1332 = VECTOR('',#1333,1.);
#1333 = DIRECTION('',(-1.,-0.,-0.));
#1334 = ORIENTED_EDGE('',*,*,#1335,.T.);
#1335 = EDGE_CURVE('',#1328,#1336,#1338,.T.);
#1336 = VERTEX_POINT('',#1337);
#1337 = CARTESIAN_POINT('',(-55.8,-150.5,17.5));
#1338 = LINE('',#1339,#1340);
#1339 = CARTESIAN_POINT('',(-55.8,-150.5,16.25));
#1340 = VECTOR('',#1341,1.);
#1341 = DIRECTION('',(-0.,-0.,-1.));
#1342 = ORIENTED_EDGE('',*,*,#1343,.F.);
#1343 = EDGE_CURVE('',#1344,#1336,#1346,.T.);
#1344 = VERTEX_POINT('',#1345);
#1345 = CARTESIAN_POINT('',(-50.2,-150.5,17.5));
#1346 = LINE('',#1347,#1348);
#1347 = CARTESIAN_POINT('',(-43.27064744604,-150.5,17.5));
#1348 = VECTOR('',#1349,1.);
#1349 = DIRECTION('',(-1.,-0.,-0.));
#1350 = ORIENTED_EDGE('',*,*,#1351,.F.);
#1351 = EDGE_CURVE('',#1352,#1344,#1354,.T.);
#1352 = VERTEX_POINT('',#1353);
#1353 = CARTESIAN_POINT('',(-50.2,-150.5,22.5));
#1354 = LINE('',#1355,#1356);
#1355 = CARTESIAN_POINT('',(-50.2,-150.5,17.5));
#1356 = VECTOR('',#1357,1.);
#1357 = DIRECTION('',(-0.,-0.,-1.));
#1358 = ORIENTED_EDGE('',*,*,#1359,.F.);
#1359 = EDGE_CURVE('',#1127,#1352,#1360,.T.);
#1360 = LINE('',#1361,#1362);
#1361 = CARTESIAN_POINT('',(-43.74807839358,-150.5,22.5));
#1362 = VECTOR('',#1363,1.);
#1363 = DIRECTION('',(-1.,-0.,-0.));
#1364 = ORIENTED_EDGE('',*,*,#1126,.T.);
#1365 = ORIENTED_EDGE('',*,*,#1366,.T.);
#1366 = EDGE_CURVE('',#1119,#1367,#1369,.T.);
#1367 = VERTEX_POINT('',#1368);
#1368 = CARTESIAN_POINT('',(-52.,-150.5,32.));
#1369 = LINE('',#1370,#1371);
#1370 = CARTESIAN_POINT('',(-49.,-150.5,32.));
#1371 = VECTOR('',#1372,1.);
#1372 = DIRECTION('',(-1.,-0.,-0.));
#1373 = ORIENTED_EDGE('',*,*,#1374,.F.);
#1374 = EDGE_CURVE('',#1375,#1367,#1377,.T.);
#1375 = VERTEX_POINT('',#1376);
#1376 = CARTESIAN_POINT('',(-52.,-150.5,38.5));
#1377 = LINE('',#1378,#1379);
#1378 = CARTESIAN_POINT('',(-52.,-150.5,39.5));
#1379 = VECTOR('',#1380,1.);
#1380 = DIRECTION('',(0.,0.,-1.));
#1381 = ORIENTED_EDGE('',*,*,#1382,.F.);
#1382 = EDGE_CURVE('',#1028,#1375,#1383,.T.);
#1383 = LINE('',#1384,#1385);
#1384 = CARTESIAN_POINT('',(-57.,-150.5,38.5));
#1385 = VECTOR('',#1386,1.);
#1386 = DIRECTION('',(1.,0.,0.));
#1387 = PLANE('',#1388);
#1388 = AXIS2_PLACEMENT_3D('',#1389,#1390,#1391);
#1389 = CARTESIAN_POINT('',(-53.,-150.5,28.7));
#1390 = DIRECTION('',(0.,1.,0.));
#1391 = DIRECTION('',(0.,0.,-1.));
#1392 = ADVANCED_FACE('',(#1393),#1418,.T.);
#1393 = FACE_BOUND('',#1394,.F.);
#1394 = EDGE_LOOP('',(#1395,#1396,#1404,#1412));
#1395 = ORIENTED_EDGE('',*,*,#1351,.T.);
#1396 = ORIENTED_EDGE('',*,*,#1397,.F.);
#1397 = EDGE_CURVE('',#1398,#1344,#1400,.T.);
#1398 = VERTEX_POINT('',#1399);
#1399 = CARTESIAN_POINT('',(-50.2,-140.7,17.5));
#1400 = LINE('',#1401,#1402);
#1401 = CARTESIAN_POINT('',(-50.2,-149.2414714971,17.5));
#1402 = VECTOR('',#1403,1.);
#1403 = DIRECTION('',(-0.,-1.,-0.));
#1404 = ORIENTED_EDGE('',*,*,#1405,.F.);
#1405 = EDGE_CURVE('',#1406,#1398,#1408,.T.);
#1406 = VERTEX_POINT('',#1407);
#1407 = CARTESIAN_POINT('',(-50.2,-140.7,22.5));
#1408 = LINE('',#1409,#1410);
#1409 = CARTESIAN_POINT('',(-50.2,-140.7,20.));
#1410 = VECTOR('',#1411,1.);
#1411 = DIRECTION('',(-0.,-0.,-1.));
#1412 = ORIENTED_EDGE('',*,*,#1413,.F.);
#1413 = EDGE_CURVE('',#1352,#1406,#1414,.T.);
#1414 = LINE('',#1415,#1416);
#1415 = CARTESIAN_POINT('',(-50.2,-157.3,22.5));
#1416 = VECTOR('',#1417,1.);
#1417 = DIRECTION('',(0.,1.,0.));
#1418 = PLANE('',#1419);
#1419 = AXIS2_PLACEMENT_3D('',#1420,#1421,#1422);
#1420 = CARTESIAN_POINT('',(-50.2,-149.,20.));
#1421 = DIRECTION('',(-1.,-0.,-0.));
#1422 = DIRECTION('',(0.,0.,-1.));
#1423 = ADVANCED_FACE('',(#1424),#1449,.F.);
#1424 = FACE_BOUND('',#1425,.T.);
#1425 = EDGE_LOOP('',(#1426,#1434,#1435,#1443));
#1426 = ORIENTED_EDGE('',*,*,#1427,.F.);
#1427 = EDGE_CURVE('',#1398,#1428,#1430,.T.);
#1428 = VERTEX_POINT('',#1429);
#1429 = CARTESIAN_POINT('',(-55.8,-140.7,17.5));
#1430 = LINE('',#1431,#1432);
#1431 = CARTESIAN_POINT('',(-49.,-140.7,17.5));
#1432 = VECTOR('',#1433,1.);
#1433 = DIRECTION('',(-1.,-0.,-0.));
#1434 = ORIENTED_EDGE('',*,*,#1405,.F.);
#1435 = ORIENTED_EDGE('',*,*,#1436,.T.);
#1436 = EDGE_CURVE('',#1406,#1437,#1439,.T.);
#1437 = VERTEX_POINT('',#1438);
#1438 = CARTESIAN_POINT('',(-55.8,-140.7,22.5));
#1439 = LINE('',#1440,#1441);
#1440 = CARTESIAN_POINT('',(-49.,-140.7,22.5));
#1441 = VECTOR('',#1442,1.);
#1442 = DIRECTION('',(-1.,-0.,-0.));
#1443 = ORIENTED_EDGE('',*,*,#1444,.F.);
#1444 = EDGE_CURVE('',#1428,#1437,#1445,.T.);
#1445 = LINE('',#1446,#1447);
#1446 = CARTESIAN_POINT('',(-55.8,-140.7,17.5));
#1447 = VECTOR('',#1448,1.);
#1448 = DIRECTION('',(0.,0.,1.));
#1449 = PLANE('',#1450);
#1450 = AXIS2_PLACEMENT_3D('',#1451,#1452,#1453);
#1451 = CARTESIAN_POINT('',(-49.,-140.7,17.5));
#1452 = DIRECTION('',(0.,1.,0.));
#1453 = DIRECTION('',(1.,0.,0.));
#1454 = ADVANCED_FACE('',(#1455),#1471,.F.);
#1455 = FACE_BOUND('',#1456,.T.);
#1456 = EDGE_LOOP('',(#1457,#1463,#1464,#1470));
#1457 = ORIENTED_EDGE('',*,*,#1458,.F.);
#1458 = EDGE_CURVE('',#1428,#1336,#1459,.T.);
#1459 = LINE('',#1460,#1461);
#1460 = CARTESIAN_POINT('',(-55.8,-140.7,17.5));
#1461 = VECTOR('',#1462,1.);
#1462 = DIRECTION('',(-0.,-1.,-0.));
#1463 = ORIENTED_EDGE('',*,*,#1444,.T.);
#1464 = ORIENTED_EDGE('',*,*,#1465,.T.);
#1465 = EDGE_CURVE('',#1437,#1328,#1466,.T.);
#1466 = LINE('',#1467,#1468);
#1467 = CARTESIAN_POINT('',(-55.8,-140.7,22.5));
#1468 = VECTOR('',#1469,1.);
#1469 = DIRECTION('',(-0.,-1.,-0.));
#1470 = ORIENTED_EDGE('',*,*,#1335,.T.);
#1471 = PLANE('',#1472);
#1472 = AXIS2_PLACEMENT_3D('',#1473,#1474,#1475);
#1473 = CARTESIAN_POINT('',(-55.8,-140.7,17.5));
#1474 = DIRECTION('',(-1.,-0.,-0.));
#1475 = DIRECTION('',(0.,1.,0.));
#1476 = ADVANCED_FACE('',(#1477),#1495,.T.);
#1477 = FACE_BOUND('',#1478,.T.);
#1478 = EDGE_LOOP('',(#1479,#1480,#1481,#1489));
#1479 = ORIENTED_EDGE('',*,*,#1051,.F.);
#1480 = ORIENTED_EDGE('',*,*,#1102,.T.);
#1481 = ORIENTED_EDGE('',*,*,#1482,.T.);
#1482 = EDGE_CURVE('',#1079,#1483,#1485,.T.);
#1483 = VERTEX_POINT('',#1484);
#1484 = CARTESIAN_POINT('',(-52.,-157.5,39.5));
#1485 = LINE('',#1486,#1487);
#1486 = CARTESIAN_POINT('',(-52.,-157.9375,39.0625));
#1487 = VECTOR('',#1488,1.);
#1488 = DIRECTION('',(0.,0.707106781187,0.707106781187));
#1489 = ORIENTED_EDGE('',*,*,#1490,.F.);
#1490 = EDGE_CURVE('',#1044,#1483,#1491,.T.);
#1491 = LINE('',#1492,#1493);
#1492 = CARTESIAN_POINT('',(-57.,-157.5,39.5));
#1493 = VECTOR('',#1494,1.);
#1494 = DIRECTION('',(1.,0.,0.));
#1495 = PLANE('',#1496);
#1496 = AXIS2_PLACEMENT_3D('',#1497,#1498,#1499);
#1497 = CARTESIAN_POINT('',(-57.,-158.,39.));
#1498 = DIRECTION('',(0.,-0.707106781187,0.707106781187));
#1499 = DIRECTION('',(1.,0.,0.));
#1500 = ADVANCED_FACE('',(#1501),#1519,.T.);
#1501 = FACE_BOUND('',#1502,.F.);
#1502 = EDGE_LOOP('',(#1503,#1504,#1512,#1518));
#1503 = ORIENTED_EDGE('',*,*,#1043,.F.);
#1504 = ORIENTED_EDGE('',*,*,#1505,.T.);
#1505 = EDGE_CURVE('',#1036,#1506,#1508,.T.);
#1506 = VERTEX_POINT('',#1507);
#1507 = CARTESIAN_POINT('',(-52.,-151.5,39.5));
#1508 = LINE('',#1509,#1510);
#1509 = CARTESIAN_POINT('',(-57.,-151.5,39.5));
#1510 = VECTOR('',#1511,1.);
#1511 = DIRECTION('',(1.,0.,0.));
#1512 = ORIENTED_EDGE('',*,*,#1513,.F.);
#1513 = EDGE_CURVE('',#1483,#1506,#1514,.T.);
#1514 = LINE('',#1515,#1516);
#1515 = CARTESIAN_POINT('',(-52.,-158.5,39.5));
#1516 = VECTOR('',#1517,1.);
#1517 = DIRECTION('',(0.,1.,-0.));
#1518 = ORIENTED_EDGE('',*,*,#1490,.F.);
#1519 = PLANE('',#1520);
#1520 = AXIS2_PLACEMENT_3D('',#1521,#1522,#1523);
#1521 = CARTESIAN_POINT('',(-57.,-150.5,39.5));
#1522 = DIRECTION('',(0.,0.,1.));
#1523 = DIRECTION('',(0.,1.,0.));
#1524 = ADVANCED_FACE('',(#1525),#1536,.T.);
#1525 = FACE_BOUND('',#1526,.T.);
#1526 = EDGE_LOOP('',(#1527,#1528,#1529,#1535));
#1527 = ORIENTED_EDGE('',*,*,#1035,.F.);
#1528 = ORIENTED_EDGE('',*,*,#1505,.T.);
#1529 = ORIENTED_EDGE('',*,*,#1530,.T.);
#1530 = EDGE_CURVE('',#1506,#1375,#1531,.T.);
#1531 = LINE('',#1532,#1533);
#1532 = CARTESIAN_POINT('',(-52.,-151.0625,39.0625));
#1533 = VECTOR('',#1534,1.);
#1534 = DIRECTION('',(0.,0.707106781187,-0.707106781187));
#1535 = ORIENTED_EDGE('',*,*,#1382,.F.);
#1536 = PLANE('',#1537);
#1537 = AXIS2_PLACEMENT_3D('',#1538,#1539,#1540);
#1538 = CARTESIAN_POINT('',(-57.,-151.,39.));
#1539 = DIRECTION('',(0.,0.707106781187,0.707106781187));
#1540 = DIRECTION('',(1.,0.,0.));
#1541 = ADVANCED_FACE('',(#1542),#1561,.F.);
#1542 = FACE_BOUND('',#1543,.T.);
#1543 = EDGE_LOOP('',(#1544,#1552,#1553,#1554));
#1544 = ORIENTED_EDGE('',*,*,#1545,.F.);
#1545 = EDGE_CURVE('',#1060,#1546,#1548,.T.);
#1546 = VERTEX_POINT('',#1547);
#1547 = CARTESIAN_POINT('',(-53.,-153.125,36.5));
#1548 = LINE('',#1549,#1550);
#1549 = CARTESIAN_POINT('',(-57.,-153.125,36.5));
#1550 = VECTOR('',#1551,1.);
#1551 = DIRECTION('',(1.,0.,0.));
#1552 = ORIENTED_EDGE('',*,*,#1059,.F.);
#1553 = ORIENTED_EDGE('',*,*,#1545,.T.);
#1554 = ORIENTED_EDGE('',*,*,#1555,.T.);
#1555 = EDGE_CURVE('',#1546,#1546,#1556,.T.);
#1556 = CIRCLE('',#1557,1.375);
#1557 = AXIS2_PLACEMENT_3D('',#1558,#1559,#1560);
#1558 = CARTESIAN_POINT('',(-53.,-154.5,36.5));
#1559 = DIRECTION('',(1.,0.,0.));
#1560 = DIRECTION('',(0.,1.,0.));
#1561 = CYLINDRICAL_SURFACE('',#1562,1.375);
#1562 = AXIS2_PLACEMENT_3D('',#1563,#1564,#1565);
#1563 = CARTESIAN_POINT('',(-57.,-154.5,36.5));
#1564 = DIRECTION('',(-1.,-0.,-0.));
#1565 = DIRECTION('',(0.,1.,0.));
#1566 = ADVANCED_FACE('',(#1567,#1580),#1591,.F.);
#1567 = FACE_BOUND('',#1568,.T.);
#1568 = EDGE_LOOP('',(#1569,#1570,#1571,#1572,#1573,#1574));
#1569 = ORIENTED_EDGE('',*,*,#1374,.F.);
#1570 = ORIENTED_EDGE('',*,*,#1530,.F.);
#1571 = ORIENTED_EDGE('',*,*,#1513,.F.);
#1572 = ORIENTED_EDGE('',*,*,#1482,.F.);
#1573 = ORIENTED_EDGE('',*,*,#1076,.F.);
#1574 = ORIENTED_EDGE('',*,*,#1575,.F.);
#1575 = EDGE_CURVE('',#1367,#1077,#1576,.T.);
#1576 = LINE('',#1577,#1578);
#1577 = CARTESIAN_POINT('',(-52.,-150.5,32.));
#1578 = VECTOR('',#1579,1.);
#1579 = DIRECTION('',(0.,-1.,0.));
#1580 = FACE_BOUND('',#1581,.T.);
#1581 = EDGE_LOOP('',(#1582));
#1582 = ORIENTED_EDGE('',*,*,#1583,.F.);
#1583 = EDGE_CURVE('',#1584,#1584,#1586,.T.);
#1584 = VERTEX_POINT('',#1585);
#1585 = CARTESIAN_POINT('',(-52.,-152.125,36.5));
#1586 = CIRCLE('',#1587,2.375);
#1587 = AXIS2_PLACEMENT_3D('',#1588,#1589,#1590);
#1588 = CARTESIAN_POINT('',(-52.,-154.5,36.5));
#1589 = DIRECTION('',(1.,0.,0.));
#1590 = DIRECTION('',(0.,1.,0.));
#1591 = PLANE('',#1592);
#1592 = AXIS2_PLACEMENT_3D('',#1593,#1594,#1595);
#1593 = CARTESIAN_POINT('',(-52.,-154.5,35.75));
#1594 = DIRECTION('',(-1.,-0.,-0.));
#1595 = DIRECTION('',(0.,0.,-1.));
#1596 = ADVANCED_FACE('',(#1597),#1603,.F.);
#1597 = FACE_BOUND('',#1598,.T.);
#1598 = EDGE_LOOP('',(#1599,#1600,#1601,#1602));
#1599 = ORIENTED_EDGE('',*,*,#1366,.T.);
#1600 = ORIENTED_EDGE('',*,*,#1575,.T.);
#1601 = ORIENTED_EDGE('',*,*,#1086,.F.);
#1602 = ORIENTED_EDGE('',*,*,#1118,.F.);
#1603 = PLANE('',#1604);
#1604 = AXIS2_PLACEMENT_3D('',#1605,#1606,#1607);
#1605 = CARTESIAN_POINT('',(-49.,-150.5,32.));
#1606 = DIRECTION('',(-0.,-0.,-1.));
#1607 = DIRECTION('',(0.,1.,0.));
#1608 = ADVANCED_FACE('',(#1609),#1615,.T.);
#1609 = FACE_BOUND('',#1610,.F.);
#1610 = EDGE_LOOP('',(#1611,#1612,#1613,#1614));
#1611 = ORIENTED_EDGE('',*,*,#1280,.T.);
#1612 = ORIENTED_EDGE('',*,*,#1238,.T.);
#1613 = ORIENTED_EDGE('',*,*,#1150,.T.);
#1614 = ORIENTED_EDGE('',*,*,#1302,.F.);
#1615 = PLANE('',#1616);
#1616 = AXIS2_PLACEMENT_3D('',#1617,#1618,#1619);
#1617 = CARTESIAN_POINT('',(-29.54129489209,-139.9829429942,17.5));
#1618 = DIRECTION('',(0.,0.,1.));
#1619 = DIRECTION('',(1.,0.,0.));
#1620 = ADVANCED_FACE('',(#1621),#1627,.T.);
#1621 = FACE_BOUND('',#1622,.F.);
#1622 = EDGE_LOOP('',(#1623,#1624,#1625,#1626));
#1623 = ORIENTED_EDGE('',*,*,#1397,.T.);
#1624 = ORIENTED_EDGE('',*,*,#1343,.T.);
#1625 = ORIENTED_EDGE('',*,*,#1458,.F.);
#1626 = ORIENTED_EDGE('',*,*,#1427,.F.);
#1627 = PLANE('',#1628);
#1628 = AXIS2_PLACEMENT_3D('',#1629,#1630,#1631);
#1629 = CARTESIAN_POINT('',(-29.54129489209,-139.9829429942,17.5));
#1630 = DIRECTION('',(0.,0.,1.));
#1631 = DIRECTION('',(1.,0.,0.));
#1632 = ADVANCED_FACE('',(#1633),#1644,.F.);
#1633 = FACE_BOUND('',#1634,.F.);
#1634 = EDGE_LOOP('',(#1635,#1641,#1642,#1643));
#1635 = ORIENTED_EDGE('',*,*,#1636,.F.);
#1636 = EDGE_CURVE('',#1546,#1584,#1637,.T.);
#1637 = LINE('',#1638,#1639);
#1638 = CARTESIAN_POINT('',(-53.,-153.125,36.5));
#1639 = VECTOR('',#1640,1.);
#1640 = DIRECTION('',(0.707106781187,0.707106781187,0.));
#1641 = ORIENTED_EDGE('',*,*,#1555,.T.);
#1642 = ORIENTED_EDGE('',*,*,#1636,.T.);
#1643 = ORIENTED_EDGE('',*,*,#1583,.F.);
#1644 = CONICAL_SURFACE('',#1645,1.375,0.785398163397);
#1645 = AXIS2_PLACEMENT_3D('',#1646,#1647,#1648);
#1646 = CARTESIAN_POINT('',(-53.,-154.5,36.5));
#1647 = DIRECTION('',(1.,0.,0.));
#1648 = DIRECTION('',(0.,1.,0.));
#1649 = ADVANCED_FACE('',(#1650),#1686,.F.);
#1650 = FACE_BOUND('',#1651,.T.);
#1651 = EDGE_LOOP('',(#1652,#1663,#1671,#1680));
#1652 = ORIENTED_EDGE('',*,*,#1653,.F.);
#1653 = EDGE_CURVE('',#1654,#1656,#1658,.T.);
#1654 = VERTEX_POINT('',#1655);
#1655 = CARTESIAN_POINT('',(35.085154752742,-135.1560545916,17.5));
#1656 = VERTEX_POINT('',#1657);
#1657 = CARTESIAN_POINT('',(15.,-127.7,17.5));
#1658 = CIRCLE('',#1659,30.780769230769);
#1659 = AXIS2_PLACEMENT_3D('',#1660,#1661,#1662);
#1660 = CARTESIAN_POINT('',(15.,-158.4807692307,17.5));
#1661 = DIRECTION('',(0.,0.,1.));
#1662 = DIRECTION('',(1.,0.,0.));
#1663 = ORIENTED_EDGE('',*,*,#1664,.F.);
#1664 = EDGE_CURVE('',#1665,#1654,#1667,.T.);
#1665 = VERTEX_POINT('',#1666);
#1666 = CARTESIAN_POINT('',(35.085154752741,-135.1560545916,22.5));
#1667 = LINE('',#1668,#1669);
#1668 = CARTESIAN_POINT('',(35.085154752742,-135.1560545916,17.5));
#1669 = VECTOR('',#1670,1.);
#1670 = DIRECTION('',(-0.,-0.,-1.));
#1671 = ORIENTED_EDGE('',*,*,#1672,.T.);
#1672 = EDGE_CURVE('',#1665,#1673,#1675,.T.);
#1673 = VERTEX_POINT('',#1674);
#1674 = CARTESIAN_POINT('',(15.,-127.7,22.5));
#1675 = CIRCLE('',#1676,30.780769230769);
#1676 = AXIS2_PLACEMENT_3D('',#1677,#1678,#1679);
#1677 = CARTESIAN_POINT('',(15.,-158.4807692307,22.5));
#1678 = DIRECTION('',(0.,0.,1.));
#1679 = DIRECTION('',(1.,0.,0.));
#1680 = ORIENTED_EDGE('',*,*,#1681,.F.);
#1681 = EDGE_CURVE('',#1656,#1673,#1682,.T.);
#1682 = LINE('',#1683,#1684);
#1683 = CARTESIAN_POINT('',(15.,-127.7,17.5));
#1684 = VECTOR('',#1685,1.);
#1685 = DIRECTION('',(0.,0.,1.));
#1686 = CYLINDRICAL_SURFACE('',#1687,30.780769230769);
#1687 = AXIS2_PLACEMENT_3D('',#1688,#1689,#1690);
#1688 = CARTESIAN_POINT('',(15.,-158.4807692307,17.5));
#1689 = DIRECTION('',(-0.,-0.,-1.));
#1690 = DIRECTION('',(1.,0.,0.));
#1691 = ADVANCED_FACE('',(#1692),#1717,.T.);
#1692 = FACE_BOUND('',#1693,.T.);
#1693 = EDGE_LOOP('',(#1694,#1702,#1703,#1711));
#1694 = ORIENTED_EDGE('',*,*,#1695,.F.);
#1695 = EDGE_CURVE('',#1665,#1696,#1698,.T.);
#1696 = VERTEX_POINT('',#1697);
#1697 = CARTESIAN_POINT('',(28.120270010267,-142.9324587102,22.5));
#1698 = LINE('',#1699,#1700);
#1699 = CARTESIAN_POINT('',(35.489358490551,-134.7047547169,22.5));
#1700 = VECTOR('',#1701,1.);
#1701 = DIRECTION('',(-0.667169811318,-0.74490566038,0.));
#1702 = ORIENTED_EDGE('',*,*,#1664,.T.);
#1703 = ORIENTED_EDGE('',*,*,#1704,.F.);
#1704 = EDGE_CURVE('',#1705,#1654,#1707,.T.);
#1705 = VERTEX_POINT('',#1706);
#1706 = CARTESIAN_POINT('',(28.120270010267,-142.9324587102,17.5));
#1707 = LINE('',#1708,#1709);
#1708 = CARTESIAN_POINT('',(32.85399744114,-137.6471770651,17.5));
#1709 = VECTOR('',#1710,1.);
#1710 = DIRECTION('',(0.667169811318,0.74490566038,0.));
#1711 = ORIENTED_EDGE('',*,*,#1712,.F.);
#1712 = EDGE_CURVE('',#1696,#1705,#1713,.T.);
#1713 = LINE('',#1714,#1715);
#1714 = CARTESIAN_POINT('',(28.120270010267,-142.9324587102,17.5));
#1715 = VECTOR('',#1716,1.);
#1716 = DIRECTION('',(-0.,-0.,-1.));
#1717 = PLANE('',#1718);
#1718 = AXIS2_PLACEMENT_3D('',#1719,#1720,#1721);
#1719 = CARTESIAN_POINT('',(35.489358490551,-134.7047547169,22.5));
#1720 = DIRECTION('',(-0.74490566038,0.667169811318,0.));
#1721 = DIRECTION('',(-0.667169811318,-0.74490566038,0.));
#1722 = ADVANCED_FACE('',(#1723),#1750,.T.);
#1723 = FACE_BOUND('',#1724,.F.);
#1724 = EDGE_LOOP('',(#1725,#1734,#1735,#1744));
#1725 = ORIENTED_EDGE('',*,*,#1726,.F.);
#1726 = EDGE_CURVE('',#1705,#1727,#1729,.T.);
#1727 = VERTEX_POINT('',#1728);
#1728 = CARTESIAN_POINT('',(15.,-138.3,17.5));
#1729 = CIRCLE('',#1730,20.896155902565);
#1730 = AXIS2_PLACEMENT_3D('',#1731,#1732,#1733);
#1731 = CARTESIAN_POINT('',(15.,-159.1961559025,17.5));
#1732 = DIRECTION('',(0.,0.,1.));
#1733 = DIRECTION('',(1.,0.,0.));
#1734 = ORIENTED_EDGE('',*,*,#1712,.F.);
#1735 = ORIENTED_EDGE('',*,*,#1736,.T.);
#1736 = EDGE_CURVE('',#1696,#1737,#1739,.T.);
#1737 = VERTEX_POINT('',#1738);
#1738 = CARTESIAN_POINT('',(15.,-138.3,22.5));
#1739 = CIRCLE('',#1740,20.896155902565);
#1740 = AXIS2_PLACEMENT_3D('',#1741,#1742,#1743);
#1741 = CARTESIAN_POINT('',(15.,-159.1961559025,22.5));
#1742 = DIRECTION('',(0.,0.,1.));
#1743 = DIRECTION('',(1.,0.,0.));
#1744 = ORIENTED_EDGE('',*,*,#1745,.F.);
#1745 = EDGE_CURVE('',#1727,#1737,#1746,.T.);
#1746 = LINE('',#1747,#1748);
#1747 = CARTESIAN_POINT('',(15.,-138.3,17.5));
#1748 = VECTOR('',#1749,1.);
#1749 = DIRECTION('',(0.,0.,1.));
#1750 = CYLINDRICAL_SURFACE('',#1751,20.896155902565);
#1751 = AXIS2_PLACEMENT_3D('',#1752,#1753,#1754);
#1752 = CARTESIAN_POINT('',(15.,-159.1961559025,17.5));
#1753 = DIRECTION('',(-0.,-0.,-1.));
#1754 = DIRECTION('',(1.,0.,0.));
#1755 = ADVANCED_FACE('',(#1756),#1781,.F.);
#1756 = FACE_BOUND('',#1757,.F.);
#1757 = EDGE_LOOP('',(#1758,#1759,#1767,#1775));
#1758 = ORIENTED_EDGE('',*,*,#1745,.T.);
#1759 = ORIENTED_EDGE('',*,*,#1760,.T.);
#1760 = EDGE_CURVE('',#1737,#1761,#1763,.T.);
#1761 = VERTEX_POINT('',#1762);
#1762 = CARTESIAN_POINT('',(1.2,-138.3,22.5));
#1763 = LINE('',#1764,#1765);
#1764 = CARTESIAN_POINT('',(15.,-138.3,22.5));
#1765 = VECTOR('',#1766,1.);
#1766 = DIRECTION('',(-1.,0.,0.));
#1767 = ORIENTED_EDGE('',*,*,#1768,.F.);
#1768 = EDGE_CURVE('',#1769,#1761,#1771,.T.);
#1769 = VERTEX_POINT('',#1770);
#1770 = CARTESIAN_POINT('',(1.2,-138.3,17.5));
#1771 = LINE('',#1772,#1773);
#1772 = CARTESIAN_POINT('',(1.2,-138.3,17.5));
#1773 = VECTOR('',#1774,1.);
#1774 = DIRECTION('',(0.,0.,1.));
#1775 = ORIENTED_EDGE('',*,*,#1776,.F.);
#1776 = EDGE_CURVE('',#1727,#1769,#1777,.T.);
#1777 = LINE('',#1778,#1779);
#1778 = CARTESIAN_POINT('',(15.,-138.3,17.5));
#1779 = VECTOR('',#1780,1.);
#1780 = DIRECTION('',(-1.,0.,0.));
#1781 = PLANE('',#1782);
#1782 = AXIS2_PLACEMENT_3D('',#1783,#1784,#1785);
#1783 = CARTESIAN_POINT('',(15.,-138.3,17.5));
#1784 = DIRECTION('',(0.,-1.,0.));
#1785 = DIRECTION('',(-1.,0.,0.));
#1786 = ADVANCED_FACE('',(#1787),#1812,.F.);
#1787 = FACE_BOUND('',#1788,.F.);
#1788 = EDGE_LOOP('',(#1789,#1790,#1798,#1806));
#1789 = ORIENTED_EDGE('',*,*,#1768,.T.);
#1790 = ORIENTED_EDGE('',*,*,#1791,.T.);
#1791 = EDGE_CURVE('',#1761,#1792,#1794,.T.);
#1792 = VERTEX_POINT('',#1793);
#1793 = CARTESIAN_POINT('',(1.2,-127.7,22.5));
#1794 = LINE('',#1795,#1796);
#1795 = CARTESIAN_POINT('',(1.2,-138.3,22.5));
#1796 = VECTOR('',#1797,1.);
#1797 = DIRECTION('',(0.,1.,0.));
#1798 = ORIENTED_EDGE('',*,*,#1799,.F.);
#1799 = EDGE_CURVE('',#1800,#1792,#1802,.T.);
#1800 = VERTEX_POINT('',#1801);
#1801 = CARTESIAN_POINT('',(1.2,-127.7,17.5));
#1802 = LINE('',#1803,#1804);
#1803 = CARTESIAN_POINT('',(1.2,-127.7,17.5));
#1804 = VECTOR('',#1805,1.);
#1805 = DIRECTION('',(0.,0.,1.));
#1806 = ORIENTED_EDGE('',*,*,#1807,.F.);
#1807 = EDGE_CURVE('',#1769,#1800,#1808,.T.);
#1808 = LINE('',#1809,#1810);
#1809 = CARTESIAN_POINT('',(1.2,-138.3,17.5));
#1810 = VECTOR('',#1811,1.);
#1811 = DIRECTION('',(0.,1.,0.));
#1812 = PLANE('',#1813);
#1813 = AXIS2_PLACEMENT_3D('',#1814,#1815,#1816);
#1814 = CARTESIAN_POINT('',(1.2,-138.3,17.5));
#1815 = DIRECTION('',(-1.,0.,0.));
#1816 = DIRECTION('',(0.,1.,0.));
#1817 = ADVANCED_FACE('',(#1818),#1834,.F.);
#1818 = FACE_BOUND('',#1819,.F.);
#1819 = EDGE_LOOP('',(#1820,#1821,#1827,#1828));
#1820 = ORIENTED_EDGE('',*,*,#1799,.T.);
#1821 = ORIENTED_EDGE('',*,*,#1822,.T.);
#1822 = EDGE_CURVE('',#1792,#1673,#1823,.T.);
#1823 = LINE('',#1824,#1825);
#1824 = CARTESIAN_POINT('',(1.2,-127.7,22.5));
#1825 = VECTOR('',#1826,1.);
#1826 = DIRECTION('',(1.,0.,0.));
#1827 = ORIENTED_EDGE('',*,*,#1681,.F.);
#1828 = ORIENTED_EDGE('',*,*,#1829,.F.);
#1829 = EDGE_CURVE('',#1800,#1656,#1830,.T.);
#1830 = LINE('',#1831,#1832);
#1831 = CARTESIAN_POINT('',(1.2,-127.7,17.5));
#1832 = VECTOR('',#1833,1.);
#1833 = DIRECTION('',(1.,0.,0.));
#1834 = PLANE('',#1835);
#1835 = AXIS2_PLACEMENT_3D('',#1836,#1837,#1838);
#1836 = CARTESIAN_POINT('',(1.2,-127.7,17.5));
#1837 = DIRECTION('',(0.,1.,0.));
#1838 = DIRECTION('',(1.,0.,0.));
#1839 = ADVANCED_FACE('',(#1840,#1848),#1859,.T.);
#1840 = FACE_BOUND('',#1841,.T.);
#1841 = EDGE_LOOP('',(#1842,#1843,#1844,#1845,#1846,#1847));
#1842 = ORIENTED_EDGE('',*,*,#1807,.F.);
#1843 = ORIENTED_EDGE('',*,*,#1776,.F.);
#1844 = ORIENTED_EDGE('',*,*,#1726,.F.);
#1845 = ORIENTED_EDGE('',*,*,#1704,.T.);
#1846 = ORIENTED_EDGE('',*,*,#1653,.T.);
#1847 = ORIENTED_EDGE('',*,*,#1829,.F.);
#1848 = FACE_BOUND('',#1849,.T.);
#1849 = EDGE_LOOP('',(#1850));
#1850 = ORIENTED_EDGE('',*,*,#1851,.F.);
#1851 = EDGE_CURVE('',#1852,#1852,#1854,.T.);
#1852 = VERTEX_POINT('',#1853);
#1853 = CARTESIAN_POINT('',(17.,-133.,17.5));
#1854 = CIRCLE('',#1855,2.);
#1855 = AXIS2_PLACEMENT_3D('',#1856,#1857,#1858);
#1856 = CARTESIAN_POINT('',(15.,-133.,17.5));
#1857 = DIRECTION('',(0.,0.,1.));
#1858 = DIRECTION('',(1.,0.,0.));
#1859 = PLANE('',#1860);
#1860 = AXIS2_PLACEMENT_3D('',#1861,#1862,#1863);
#1861 = CARTESIAN_POINT('',(29.54129489209,-139.9829429942,17.5));
#1862 = DIRECTION('',(0.,0.,1.));
#1863 = DIRECTION('',(1.,0.,0.));
#1864 = ADVANCED_FACE('',(#1865),#1876,.F.);
#1865 = FACE_BOUND('',#1866,.T.);
#1866 = EDGE_LOOP('',(#1867,#1873,#1874,#1875));
#1867 = ORIENTED_EDGE('',*,*,#1868,.T.);
#1868 = EDGE_CURVE('',#901,#1852,#1869,.T.);
#1869 = LINE('',#1870,#1871);
#1870 = CARTESIAN_POINT('',(17.,-133.,15.));
#1871 = VECTOR('',#1872,1.);
#1872 = DIRECTION('',(0.,0.,1.));
#1873 = ORIENTED_EDGE('',*,*,#1851,.T.);
#1874 = ORIENTED_EDGE('',*,*,#1868,.F.);
#1875 = ORIENTED_EDGE('',*,*,#900,.F.);
#1876 = CYLINDRICAL_SURFACE('',#1877,2.);
#1877 = AXIS2_PLACEMENT_3D('',#1878,#1879,#1880);
#1878 = CARTESIAN_POINT('',(15.,-133.,15.));
#1879 = DIRECTION('',(-0.,-0.,-1.));
#1880 = DIRECTION('',(1.,0.,0.));
#1881 = ADVANCED_FACE('',(#1882),#1918,.F.);
#1882 = FACE_BOUND('',#1883,.F.);
#1883 = EDGE_LOOP('',(#1884,#1895,#1903,#1912));
#1884 = ORIENTED_EDGE('',*,*,#1885,.F.);
#1885 = EDGE_CURVE('',#1886,#1888,#1890,.T.);
#1886 = VERTEX_POINT('',#1887);
#1887 = CARTESIAN_POINT('',(-35.08515475274,-135.1560545916,17.5));
#1888 = VERTEX_POINT('',#1889);
#1889 = CARTESIAN_POINT('',(-15.,-127.7,17.5));
#1890 = CIRCLE('',#1891,30.780769230769);
#1891 = AXIS2_PLACEMENT_3D('',#1892,#1893,#1894);
#1892 = CARTESIAN_POINT('',(-15.,-158.4807692307,17.5));
#1893 = DIRECTION('',(0.,0.,-1.));
#1894 = DIRECTION('',(-1.,-0.,-0.));
#1895 = ORIENTED_EDGE('',*,*,#1896,.F.);
#1896 = EDGE_CURVE('',#1897,#1886,#1899,.T.);
#1897 = VERTEX_POINT('',#1898);
#1898 = CARTESIAN_POINT('',(-35.08515475274,-135.1560545916,22.5));
#1899 = LINE('',#1900,#1901);
#1900 = CARTESIAN_POINT('',(-35.08515475274,-135.1560545916,17.5));
#1901 = VECTOR('',#1902,1.);
#1902 = DIRECTION('',(0.,0.,-1.));
#1903 = ORIENTED_EDGE('',*,*,#1904,.T.);
#1904 = EDGE_CURVE('',#1897,#1905,#1907,.T.);
#1905 = VERTEX_POINT('',#1906);
#1906 = CARTESIAN_POINT('',(-15.,-127.7,22.5));
#1907 = CIRCLE('',#1908,30.780769230769);
#1908 = AXIS2_PLACEMENT_3D('',#1909,#1910,#1911);
#1909 = CARTESIAN_POINT('',(-15.,-158.4807692307,22.5));
#1910 = DIRECTION('',(0.,0.,-1.));
#1911 = DIRECTION('',(-1.,-0.,-0.));
#1912 = ORIENTED_EDGE('',*,*,#1913,.F.);
#1913 = EDGE_CURVE('',#1888,#1905,#1914,.T.);
#1914 = LINE('',#1915,#1916);
#1915 = CARTESIAN_POINT('',(-15.,-127.7,17.5));
#1916 = VECTOR('',#1917,1.);
#1917 = DIRECTION('',(0.,0.,1.));
#1918 = CYLINDRICAL_SURFACE('',#1919,30.780769230769);
#1919 = AXIS2_PLACEMENT_3D('',#1920,#1921,#1922);
#1920 = CARTESIAN_POINT('',(-15.,-158.4807692307,17.5));
#1921 = DIRECTION('',(0.,0.,-1.));
#1922 = DIRECTION('',(-1.,-0.,-0.));
#1923 = ADVANCED_FACE('',(#1924),#1949,.T.);
#1924 = FACE_BOUND('',#1925,.F.);
#1925 = EDGE_LOOP('',(#1926,#1934,#1935,#1943));
#1926 = ORIENTED_EDGE('',*,*,#1927,.F.);
#1927 = EDGE_CURVE('',#1897,#1928,#1930,.T.);
#1928 = VERTEX_POINT('',#1929);
#1929 = CARTESIAN_POINT('',(-28.12027001026,-142.9324587102,22.5));
#1930 = LINE('',#1931,#1932);
#1931 = CARTESIAN_POINT('',(-35.48935849055,-134.7047547169,22.5));
#1932 = VECTOR('',#1933,1.);
#1933 = DIRECTION('',(0.667169811318,-0.74490566038,0.));
#1934 = ORIENTED_EDGE('',*,*,#1896,.T.);
#1935 = ORIENTED_EDGE('',*,*,#1936,.F.);
#1936 = EDGE_CURVE('',#1937,#1886,#1939,.T.);
#1937 = VERTEX_POINT('',#1938);
#1938 = CARTESIAN_POINT('',(-28.12027001026,-142.9324587102,17.5));
#1939 = LINE('',#1940,#1941);
#1940 = CARTESIAN_POINT('',(-32.85399744114,-137.6471770651,17.5));
#1941 = VECTOR('',#1942,1.);
#1942 = DIRECTION('',(-0.667169811318,0.74490566038,0.));
#1943 = ORIENTED_EDGE('',*,*,#1944,.F.);
#1944 = EDGE_CURVE('',#1928,#1937,#1945,.T.);
#1945 = LINE('',#1946,#1947);
#1946 = CARTESIAN_POINT('',(-28.12027001026,-142.9324587102,17.5));
#1947 = VECTOR('',#1948,1.);
#1948 = DIRECTION('',(0.,0.,-1.));
#1949 = PLANE('',#1950);
#1950 = AXIS2_PLACEMENT_3D('',#1951,#1952,#1953);
#1951 = CARTESIAN_POINT('',(-35.48935849055,-134.7047547169,22.5));
#1952 = DIRECTION('',(0.74490566038,0.667169811318,0.));
#1953 = DIRECTION('',(-0.667169811318,0.74490566038,0.));
#1954 = ADVANCED_FACE('',(#1955),#1982,.T.);
#1955 = FACE_BOUND('',#1956,.T.);
#1956 = EDGE_LOOP('',(#1957,#1966,#1967,#1976));
#1957 = ORIENTED_EDGE('',*,*,#1958,.F.);
#1958 = EDGE_CURVE('',#1937,#1959,#1961,.T.);
#1959 = VERTEX_POINT('',#1960);
#1960 = CARTESIAN_POINT('',(-15.,-138.3,17.5));
#1961 = CIRCLE('',#1962,20.896155902565);
#1962 = AXIS2_PLACEMENT_3D('',#1963,#1964,#1965);
#1963 = CARTESIAN_POINT('',(-15.,-159.1961559025,17.5));
#1964 = DIRECTION('',(0.,0.,-1.));
#1965 = DIRECTION('',(-1.,-0.,-0.));
#1966 = ORIENTED_EDGE('',*,*,#1944,.F.);
#1967 = ORIENTED_EDGE('',*,*,#1968,.T.);
#1968 = EDGE_CURVE('',#1928,#1969,#1971,.T.);
#1969 = VERTEX_POINT('',#1970);
#1970 = CARTESIAN_POINT('',(-15.,-138.3,22.5));
#1971 = CIRCLE('',#1972,20.896155902565);
#1972 = AXIS2_PLACEMENT_3D('',#1973,#1974,#1975);
#1973 = CARTESIAN_POINT('',(-15.,-159.1961559025,22.5));
#1974 = DIRECTION('',(0.,0.,-1.));
#1975 = DIRECTION('',(-1.,-0.,-0.));
#1976 = ORIENTED_EDGE('',*,*,#1977,.F.);
#1977 = EDGE_CURVE('',#1959,#1969,#1978,.T.);
#1978 = LINE('',#1979,#1980);
#1979 = CARTESIAN_POINT('',(-15.,-138.3,17.5));
#1980 = VECTOR('',#1981,1.);
#1981 = DIRECTION('',(0.,0.,1.));
#1982 = CYLINDRICAL_SURFACE('',#1983,20.896155902565);
#1983 = AXIS2_PLACEMENT_3D('',#1984,#1985,#1986);
#1984 = CARTESIAN_POINT('',(-15.,-159.1961559025,17.5));
#1985 = DIRECTION('',(0.,0.,-1.));
#1986 = DIRECTION('',(-1.,-0.,-0.));
#1987 = ADVANCED_FACE('',(#1988),#2013,.F.);
#1988 = FACE_BOUND('',#1989,.T.);
#1989 = EDGE_LOOP('',(#1990,#1991,#1999,#2007));
#1990 = ORIENTED_EDGE('',*,*,#1977,.T.);
#1991 = ORIENTED_EDGE('',*,*,#1992,.T.);
#1992 = EDGE_CURVE('',#1969,#1993,#1995,.T.);
#1993 = VERTEX_POINT('',#1994);
#1994 = CARTESIAN_POINT('',(-1.2,-138.3,22.5));
#1995 = LINE('',#1996,#1997);
#1996 = CARTESIAN_POINT('',(-15.,-138.3,22.5));
#1997 = VECTOR('',#1998,1.);
#1998 = DIRECTION('',(1.,0.,0.));
#1999 = ORIENTED_EDGE('',*,*,#2000,.F.);
#2000 = EDGE_CURVE('',#2001,#1993,#2003,.T.);
#2001 = VERTEX_POINT('',#2002);
#2002 = CARTESIAN_POINT('',(-1.2,-138.3,17.5));
#2003 = LINE('',#2004,#2005);
#2004 = CARTESIAN_POINT('',(-1.2,-138.3,17.5));
#2005 = VECTOR('',#2006,1.);
#2006 = DIRECTION('',(0.,0.,1.));
#2007 = ORIENTED_EDGE('',*,*,#2008,.F.);
#2008 = EDGE_CURVE('',#1959,#2001,#2009,.T.);
#2009 = LINE('',#2010,#2011);
#2010 = CARTESIAN_POINT('',(-15.,-138.3,17.5));
#2011 = VECTOR('',#2012,1.);
#2012 = DIRECTION('',(1.,0.,0.));
#2013 = PLANE('',#2014);
#2014 = AXIS2_PLACEMENT_3D('',#2015,#2016,#2017);
#2015 = CARTESIAN_POINT('',(-15.,-138.3,17.5));
#2016 = DIRECTION('',(-0.,-1.,-0.));
#2017 = DIRECTION('',(-1.,0.,0.));
#2018 = ADVANCED_FACE('',(#2019),#2044,.F.);
#2019 = FACE_BOUND('',#2020,.T.);
#2020 = EDGE_LOOP('',(#2021,#2022,#2030,#2038));
#2021 = ORIENTED_EDGE('',*,*,#2000,.T.);
#2022 = ORIENTED_EDGE('',*,*,#2023,.T.);
#2023 = EDGE_CURVE('',#1993,#2024,#2026,.T.);
#2024 = VERTEX_POINT('',#2025);
#2025 = CARTESIAN_POINT('',(-1.2,-127.7,22.5));
#2026 = LINE('',#2027,#2028);
#2027 = CARTESIAN_POINT('',(-1.2,-138.3,22.5));
#2028 = VECTOR('',#2029,1.);
#2029 = DIRECTION('',(0.,1.,0.));
#2030 = ORIENTED_EDGE('',*,*,#2031,.F.);
#2031 = EDGE_CURVE('',#2032,#2024,#2034,.T.);
#2032 = VERTEX_POINT('',#2033);
#2033 = CARTESIAN_POINT('',(-1.2,-127.7,17.5));
#2034 = LINE('',#2035,#2036);
#2035 = CARTESIAN_POINT('',(-1.2,-127.7,17.5));
#2036 = VECTOR('',#2037,1.);
#2037 = DIRECTION('',(0.,0.,1.));
#2038 = ORIENTED_EDGE('',*,*,#2039,.F.);
#2039 = EDGE_CURVE('',#2001,#2032,#2040,.T.);
#2040 = LINE('',#2041,#2042);
#2041 = CARTESIAN_POINT('',(-1.2,-138.3,17.5));
#2042 = VECTOR('',#2043,1.);
#2043 = DIRECTION('',(0.,1.,0.));
#2044 = PLANE('',#2045);
#2045 = AXIS2_PLACEMENT_3D('',#2046,#2047,#2048);
#2046 = CARTESIAN_POINT('',(-1.2,-138.3,17.5));
#2047 = DIRECTION('',(1.,0.,0.));
#2048 = DIRECTION('',(0.,-1.,0.));
#2049 = ADVANCED_FACE('',(#2050),#2066,.F.);
#2050 = FACE_BOUND('',#2051,.T.);
#2051 = EDGE_LOOP('',(#2052,#2053,#2059,#2060));
#2052 = ORIENTED_EDGE('',*,*,#2031,.T.);
#2053 = ORIENTED_EDGE('',*,*,#2054,.T.);
#2054 = EDGE_CURVE('',#2024,#1905,#2055,.T.);
#2055 = LINE('',#2056,#2057);
#2056 = CARTESIAN_POINT('',(-1.2,-127.7,22.5));
#2057 = VECTOR('',#2058,1.);
#2058 = DIRECTION('',(-1.,-0.,-0.));
#2059 = ORIENTED_EDGE('',*,*,#1913,.F.);
#2060 = ORIENTED_EDGE('',*,*,#2061,.F.);
#2061 = EDGE_CURVE('',#2032,#1888,#2062,.T.);
#2062 = LINE('',#2063,#2064);
#2063 = CARTESIAN_POINT('',(-1.2,-127.7,17.5));
#2064 = VECTOR('',#2065,1.);
#2065 = DIRECTION('',(-1.,-0.,-0.));
#2066 = PLANE('',#2067);
#2067 = AXIS2_PLACEMENT_3D('',#2068,#2069,#2070);
#2068 = CARTESIAN_POINT('',(-1.2,-127.7,17.5));
#2069 = DIRECTION('',(0.,1.,0.));
#2070 = DIRECTION('',(1.,0.,0.));
#2071 = ADVANCED_FACE('',(#2072,#2080),#2091,.T.);
#2072 = FACE_BOUND('',#2073,.F.);
#2073 = EDGE_LOOP('',(#2074,#2075,#2076,#2077,#2078,#2079));
#2074 = ORIENTED_EDGE('',*,*,#2039,.F.);
#2075 = ORIENTED_EDGE('',*,*,#2008,.F.);
#2076 = ORIENTED_EDGE('',*,*,#1958,.F.);
#2077 = ORIENTED_EDGE('',*,*,#1936,.T.);
#2078 = ORIENTED_EDGE('',*,*,#1885,.T.);
#2079 = ORIENTED_EDGE('',*,*,#2061,.F.);
#2080 = FACE_BOUND('',#2081,.F.);
#2081 = EDGE_LOOP('',(#2082));
#2082 = ORIENTED_EDGE('',*,*,#2083,.F.);
#2083 = EDGE_CURVE('',#2084,#2084,#2086,.T.);
#2084 = VERTEX_POINT('',#2085);
#2085 = CARTESIAN_POINT('',(-17.,-133.,17.5));
#2086 = CIRCLE('',#2087,2.);
#2087 = AXIS2_PLACEMENT_3D('',#2088,#2089,#2090);
#2088 = CARTESIAN_POINT('',(-15.,-133.,17.5));
#2089 = DIRECTION('',(0.,0.,-1.));
#2090 = DIRECTION('',(-1.,-0.,-0.));
#2091 = PLANE('',#2092);
#2092 = AXIS2_PLACEMENT_3D('',#2093,#2094,#2095);
#2093 = CARTESIAN_POINT('',(-29.54129489209,-139.9829429942,17.5));
#2094 = DIRECTION('',(0.,0.,1.));
#2095 = DIRECTION('',(1.,0.,0.));
#2096 = ADVANCED_FACE('',(#2097),#2108,.F.);
#2097 = FACE_BOUND('',#2098,.F.);
#2098 = EDGE_LOOP('',(#2099,#2105,#2106,#2107));
#2099 = ORIENTED_EDGE('',*,*,#2100,.T.);
#2100 = EDGE_CURVE('',#912,#2084,#2101,.T.);
#2101 = LINE('',#2102,#2103);
#2102 = CARTESIAN_POINT('',(-17.,-133.,15.));
#2103 = VECTOR('',#2104,1.);
#2104 = DIRECTION('',(0.,0.,1.));
#2105 = ORIENTED_EDGE('',*,*,#2083,.T.);
#2106 = ORIENTED_EDGE('',*,*,#2100,.F.);
#2107 = ORIENTED_EDGE('',*,*,#911,.F.);
#2108 = CYLINDRICAL_SURFACE('',#2109,2.);
#2109 = AXIS2_PLACEMENT_3D('',#2110,#2111,#2112);
#2110 = CARTESIAN_POINT('',(-15.,-133.,15.));
#2111 = DIRECTION('',(0.,0.,-1.));
#2112 = DIRECTION('',(-1.,-0.,-0.));
#2113 = ADVANCED_FACE('',(#2114),#2125,.T.);
#2114 = FACE_BOUND('',#2115,.T.);
#2115 = EDGE_LOOP('',(#2116,#2117,#2123,#2124));
#2116 = ORIENTED_EDGE('',*,*,#571,.T.);
#2117 = ORIENTED_EDGE('',*,*,#2118,.T.);
#2118 = EDGE_CURVE('',#563,#1214,#2119,.T.);
#2119 = LINE('',#2120,#2121);
#2120 = CARTESIAN_POINT('',(15.,-139.5,22.5));
#2121 = VECTOR('',#2122,1.);
#2122 = DIRECTION('',(-1.,0.,0.));
#2123 = ORIENTED_EDGE('',*,*,#1222,.F.);
#2124 = ORIENTED_EDGE('',*,*,#816,.F.);
#2125 = PLANE('',#2126);
#2126 = AXIS2_PLACEMENT_3D('',#2127,#2128,#2129);
#2127 = CARTESIAN_POINT('',(0.,-139.5,18.75));
#2128 = DIRECTION('',(-0.,-1.,-0.));
#2129 = DIRECTION('',(0.,0.,-1.));
#2130 = ADVANCED_FACE('',(#2131,#2172,#2180),#2188,.T.);
#2131 = FACE_BOUND('',#2132,.T.);
#2132 = EDGE_LOOP('',(#2133,#2139,#2140,#2141,#2142,#2143,#2144,#2145,
    #2146,#2147,#2148,#2149,#2150,#2151,#2152,#2153,#2154,#2155,#2156,
    #2157,#2158,#2159,#2160,#2161,#2162,#2163,#2164,#2165,#2166,#2167,
    #2168,#2169,#2170,#2171));
#2133 = ORIENTED_EDGE('',*,*,#2134,.F.);
#2134 = EDGE_CURVE('',#929,#499,#2135,.T.);
#2135 = LINE('',#2136,#2137);
#2136 = CARTESIAN_POINT('',(0.,-126.5,22.5));
#2137 = VECTOR('',#2138,1.);
#2138 = DIRECTION('',(1.,0.,0.));
#2139 = ORIENTED_EDGE('',*,*,#945,.F.);
#2140 = ORIENTED_EDGE('',*,*,#960,.T.);
#2141 = ORIENTED_EDGE('',*,*,#987,.T.);
#2142 = ORIENTED_EDGE('',*,*,#1019,.T.);
#2143 = ORIENTED_EDGE('',*,*,#1327,.F.);
#2144 = ORIENTED_EDGE('',*,*,#1465,.F.);
#2145 = ORIENTED_EDGE('',*,*,#1436,.F.);
#2146 = ORIENTED_EDGE('',*,*,#1413,.F.);
#2147 = ORIENTED_EDGE('',*,*,#1359,.F.);
#2148 = ORIENTED_EDGE('',*,*,#1134,.F.);
#2149 = ORIENTED_EDGE('',*,*,#1310,.F.);
#2150 = ORIENTED_EDGE('',*,*,#1271,.F.);
#2151 = ORIENTED_EDGE('',*,*,#1255,.T.);
#2152 = ORIENTED_EDGE('',*,*,#1166,.F.);
#2153 = ORIENTED_EDGE('',*,*,#1198,.F.);
#2154 = ORIENTED_EDGE('',*,*,#1213,.T.);
#2155 = ORIENTED_EDGE('',*,*,#2118,.F.);
#2156 = ORIENTED_EDGE('',*,*,#562,.F.);
#2157 = ORIENTED_EDGE('',*,*,#547,.T.);
#2158 = ORIENTED_EDGE('',*,*,#441,.T.);
#2159 = ORIENTED_EDGE('',*,*,#612,.F.);
#2160 = ORIENTED_EDGE('',*,*,#628,.T.);
#2161 = ORIENTED_EDGE('',*,*,#667,.T.);
#2162 = ORIENTED_EDGE('',*,*,#409,.T.);
#2163 = ORIENTED_EDGE('',*,*,#287,.T.);
#2164 = ORIENTED_EDGE('',*,*,#700,.T.);
#2165 = ORIENTED_EDGE('',*,*,#723,.T.);
#2166 = ORIENTED_EDGE('',*,*,#752,.T.);
#2167 = ORIENTED_EDGE('',*,*,#255,.T.);
#2168 = ORIENTED_EDGE('',*,*,#47,.F.);
#2169 = ORIENTED_EDGE('',*,*,#215,.F.);
#2170 = ORIENTED_EDGE('',*,*,#463,.F.);
#2171 = ORIENTED_EDGE('',*,*,#514,.T.);
#2172 = FACE_BOUND('',#2173,.T.);
#2173 = EDGE_LOOP('',(#2174,#2175,#2176,#2177,#2178,#2179));
#2174 = ORIENTED_EDGE('',*,*,#1672,.F.);
#2175 = ORIENTED_EDGE('',*,*,#1695,.T.);
#2176 = ORIENTED_EDGE('',*,*,#1736,.T.);
#2177 = ORIENTED_EDGE('',*,*,#1760,.T.);
#2178 = ORIENTED_EDGE('',*,*,#1791,.T.);
#2179 = ORIENTED_EDGE('',*,*,#1822,.T.);
#2180 = FACE_BOUND('',#2181,.T.);
#2181 = EDGE_LOOP('',(#2182,#2183,#2184,#2185,#2186,#2187));
#2182 = ORIENTED_EDGE('',*,*,#1904,.T.);
#2183 = ORIENTED_EDGE('',*,*,#2054,.F.);
#2184 = ORIENTED_EDGE('',*,*,#2023,.F.);
#2185 = ORIENTED_EDGE('',*,*,#1992,.F.);
#2186 = ORIENTED_EDGE('',*,*,#1968,.F.);
#2187 = ORIENTED_EDGE('',*,*,#1927,.F.);
#2188 = PLANE('',#2189);
#2189 = AXIS2_PLACEMENT_3D('',#2190,#2191,#2192);
#2190 = CARTESIAN_POINT('',(-5.65E-15,-140.8642891292,22.5));
#2191 = DIRECTION('',(0.,0.,1.));
#2192 = DIRECTION('',(1.,0.,0.));
#2193 = ADVANCED_FACE('',(#2194),#2200,.T.);
#2194 = FACE_BOUND('',#2195,.T.);
#2195 = EDGE_LOOP('',(#2196,#2197,#2198,#2199));
#2196 = ORIENTED_EDGE('',*,*,#2134,.T.);
#2197 = ORIENTED_EDGE('',*,*,#496,.F.);
#2198 = ORIENTED_EDGE('',*,*,#892,.T.);
#2199 = ORIENTED_EDGE('',*,*,#928,.T.);
#2200 = PLANE('',#2201);
#2201 = AXIS2_PLACEMENT_3D('',#2202,#2203,#2204);
#2202 = CARTESIAN_POINT('',(0.,-126.5,18.75));
#2203 = DIRECTION('',(0.,1.,0.));
#2204 = DIRECTION('',(0.,0.,1.));
#2205 = ORIENTED_CLOSED_SHELL('',*,#2206,.F.);
#2206 = CLOSED_SHELL('',(#2207,#2247,#2278,#2302,#2326,#2343));
#2207 = ADVANCED_FACE('',(#2208),#2242,.F.);
#2208 = FACE_BOUND('',#2209,.T.);
#2209 = EDGE_LOOP('',(#2210,#2220,#2228,#2236));
#2210 = ORIENTED_EDGE('',*,*,#2211,.F.);
#2211 = EDGE_CURVE('',#2212,#2214,#2216,.T.);
#2212 = VERTEX_POINT('',#2213);
#2213 = CARTESIAN_POINT('',(-50.2,-151.7,17.5));
#2214 = VERTEX_POINT('',#2215);
#2215 = CARTESIAN_POINT('',(-50.2,-151.7,30.5));
#2216 = LINE('',#2217,#2218);
#2217 = CARTESIAN_POINT('',(-50.2,-151.7,15.));
#2218 = VECTOR('',#2219,1.);
#2219 = DIRECTION('',(0.,0.,1.));
#2220 = ORIENTED_EDGE('',*,*,#2221,.T.);
#2221 = EDGE_CURVE('',#2212,#2222,#2224,.T.);
#2222 = VERTEX_POINT('',#2223);
#2223 = CARTESIAN_POINT('',(-55.8,-151.7,17.5));
#2224 = LINE('',#2225,#2226);
#2225 = CARTESIAN_POINT('',(-42.67064744604,-151.7,17.5));
#2226 = VECTOR('',#2227,1.);
#2227 = DIRECTION('',(-1.,-0.,-0.));
#2228 = ORIENTED_EDGE('',*,*,#2229,.T.);
#2229 = EDGE_CURVE('',#2222,#2230,#2232,.T.);
#2230 = VERTEX_POINT('',#2231);
#2231 = CARTESIAN_POINT('',(-55.8,-151.7,30.5));
#2232 = LINE('',#2233,#2234);
#2233 = CARTESIAN_POINT('',(-55.8,-151.7,15.));
#2234 = VECTOR('',#2235,1.);
#2235 = DIRECTION('',(0.,0.,1.));
#2236 = ORIENTED_EDGE('',*,*,#2237,.F.);
#2237 = EDGE_CURVE('',#2214,#2230,#2238,.T.);
#2238 = LINE('',#2239,#2240);
#2239 = CARTESIAN_POINT('',(-56.4,-151.7,30.5));
#2240 = VECTOR('',#2241,1.);
#2241 = DIRECTION('',(-1.,-0.,-0.));
#2242 = PLANE('',#2243);
#2243 = AXIS2_PLACEMENT_3D('',#2244,#2245,#2246);
#2244 = CARTESIAN_POINT('',(-55.8,-151.7,15.));
#2245 = DIRECTION('',(-0.,-1.,-0.));
#2246 = DIRECTION('',(-1.,0.,0.));
#2247 = ADVANCED_FACE('',(#2248),#2273,.F.);
#2248 = FACE_BOUND('',#2249,.T.);
#2249 = EDGE_LOOP('',(#2250,#2260,#2266,#2267));
#2250 = ORIENTED_EDGE('',*,*,#2251,.F.);
#2251 = EDGE_CURVE('',#2252,#2254,#2256,.T.);
#2252 = VERTEX_POINT('',#2253);
#2253 = CARTESIAN_POINT('',(-50.2,-157.3,17.5));
#2254 = VERTEX_POINT('',#2255);
#2255 = CARTESIAN_POINT('',(-50.2,-157.3,30.5));
#2256 = LINE('',#2257,#2258);
#2257 = CARTESIAN_POINT('',(-50.2,-157.3,15.));
#2258 = VECTOR('',#2259,1.);
#2259 = DIRECTION('',(0.,0.,1.));
#2260 = ORIENTED_EDGE('',*,*,#2261,.F.);
#2261 = EDGE_CURVE('',#2212,#2252,#2262,.T.);
#2262 = LINE('',#2263,#2264);
#2263 = CARTESIAN_POINT('',(-50.2,-149.2414714971,17.5));
#2264 = VECTOR('',#2265,1.);
#2265 = DIRECTION('',(-0.,-1.,-0.));
#2266 = ORIENTED_EDGE('',*,*,#2211,.T.);
#2267 = ORIENTED_EDGE('',*,*,#2268,.F.);
#2268 = EDGE_CURVE('',#2254,#2214,#2269,.T.);
#2269 = LINE('',#2270,#2271);
#2270 = CARTESIAN_POINT('',(-50.2,-156.5,30.5));
#2271 = VECTOR('',#2272,1.);
#2272 = DIRECTION('',(0.,1.,0.));
#2273 = PLANE('',#2274);
#2274 = AXIS2_PLACEMENT_3D('',#2275,#2276,#2277);
#2275 = CARTESIAN_POINT('',(-50.2,-154.5,27.25));
#2276 = DIRECTION('',(-1.,-0.,-0.));
#2277 = DIRECTION('',(0.,0.,-1.));
#2278 = ADVANCED_FACE('',(#2279),#2297,.F.);
#2279 = FACE_BOUND('',#2280,.T.);
#2280 = EDGE_LOOP('',(#2281,#2282,#2283,#2291));
#2281 = ORIENTED_EDGE('',*,*,#2268,.T.);
#2282 = ORIENTED_EDGE('',*,*,#2237,.T.);
#2283 = ORIENTED_EDGE('',*,*,#2284,.T.);
#2284 = EDGE_CURVE('',#2230,#2285,#2287,.T.);
#2285 = VERTEX_POINT('',#2286);
#2286 = CARTESIAN_POINT('',(-55.8,-157.3,30.5));
#2287 = LINE('',#2288,#2289);
#2288 = CARTESIAN_POINT('',(-55.8,-156.5,30.5));
#2289 = VECTOR('',#2290,1.);
#2290 = DIRECTION('',(-0.,-1.,-0.));
#2291 = ORIENTED_EDGE('',*,*,#2292,.T.);
#2292 = EDGE_CURVE('',#2285,#2254,#2293,.T.);
#2293 = LINE('',#2294,#2295);
#2294 = CARTESIAN_POINT('',(-55.,-157.3,30.5));
#2295 = VECTOR('',#2296,1.);
#2296 = DIRECTION('',(1.,0.,0.));
#2297 = PLANE('',#2298);
#2298 = AXIS2_PLACEMENT_3D('',#2299,#2300,#2301);
#2299 = CARTESIAN_POINT('',(-57.,-158.5,30.5));
#2300 = DIRECTION('',(-0.,-0.,-1.));
#2301 = DIRECTION('',(0.,-1.,0.));
#2302 = ADVANCED_FACE('',(#2303),#2321,.F.);
#2303 = FACE_BOUND('',#2304,.T.);
#2304 = EDGE_LOOP('',(#2305,#2306,#2314,#2320));
#2305 = ORIENTED_EDGE('',*,*,#2229,.F.);
#2306 = ORIENTED_EDGE('',*,*,#2307,.T.);
#2307 = EDGE_CURVE('',#2222,#2308,#2310,.T.);
#2308 = VERTEX_POINT('',#2309);
#2309 = CARTESIAN_POINT('',(-55.8,-157.3,17.5));
#2310 = LINE('',#2311,#2312);
#2311 = CARTESIAN_POINT('',(-55.8,-140.7,17.5));
#2312 = VECTOR('',#2313,1.);
#2313 = DIRECTION('',(-0.,-1.,-0.));
#2314 = ORIENTED_EDGE('',*,*,#2315,.T.);
#2315 = EDGE_CURVE('',#2308,#2285,#2316,.T.);
#2316 = LINE('',#2317,#2318);
#2317 = CARTESIAN_POINT('',(-55.8,-157.3,17.5));
#2318 = VECTOR('',#2319,1.);
#2319 = DIRECTION('',(0.,0.,1.));
#2320 = ORIENTED_EDGE('',*,*,#2284,.F.);
#2321 = PLANE('',#2322);
#2322 = AXIS2_PLACEMENT_3D('',#2323,#2324,#2325);
#2323 = CARTESIAN_POINT('',(-55.8,-154.5,27.25));
#2324 = DIRECTION('',(1.,0.,0.));
#2325 = DIRECTION('',(0.,0.,1.));
#2326 = ADVANCED_FACE('',(#2327),#2338,.F.);
#2327 = FACE_BOUND('',#2328,.T.);
#2328 = EDGE_LOOP('',(#2329,#2330,#2331,#2337));
#2329 = ORIENTED_EDGE('',*,*,#2221,.F.);
#2330 = ORIENTED_EDGE('',*,*,#2261,.T.);
#2331 = ORIENTED_EDGE('',*,*,#2332,.F.);
#2332 = EDGE_CURVE('',#2308,#2252,#2333,.T.);
#2333 = LINE('',#2334,#2335);
#2334 = CARTESIAN_POINT('',(-55.8,-157.3,17.5));
#2335 = VECTOR('',#2336,1.);
#2336 = DIRECTION('',(1.,0.,0.));
#2337 = ORIENTED_EDGE('',*,*,#2307,.F.);
#2338 = PLANE('',#2339);
#2339 = AXIS2_PLACEMENT_3D('',#2340,#2341,#2342);
#2340 = CARTESIAN_POINT('',(-29.54129489209,-139.9829429942,17.5));
#2341 = DIRECTION('',(0.,0.,1.));
#2342 = DIRECTION('',(1.,0.,0.));
#2343 = ADVANCED_FACE('',(#2344),#2350,.F.);
#2344 = FACE_BOUND('',#2345,.T.);
#2345 = EDGE_LOOP('',(#2346,#2347,#2348,#2349));
#2346 = ORIENTED_EDGE('',*,*,#2315,.F.);
#2347 = ORIENTED_EDGE('',*,*,#2332,.T.);
#2348 = ORIENTED_EDGE('',*,*,#2251,.T.);
#2349 = ORIENTED_EDGE('',*,*,#2292,.F.);
#2350 = PLANE('',#2351);
#2351 = AXIS2_PLACEMENT_3D('',#2352,#2353,#2354);
#2352 = CARTESIAN_POINT('',(-53.,-157.3,27.25));
#2353 = DIRECTION('',(0.,1.,0.));
#2354 = DIRECTION('',(0.,0.,-1.));
#2355 = ORIENTED_CLOSED_SHELL('',*,#2356,.F.);
#2356 = CLOSED_SHELL('',(#2357,#2397,#2428,#2452,#2476,#2493));
#2357 = ADVANCED_FACE('',(#2358),#2392,.F.);
#2358 = FACE_BOUND('',#2359,.F.);
#2359 = EDGE_LOOP('',(#2360,#2370,#2378,#2386));
#2360 = ORIENTED_EDGE('',*,*,#2361,.F.);
#2361 = EDGE_CURVE('',#2362,#2364,#2366,.T.);
#2362 = VERTEX_POINT('',#2363);
#2363 = CARTESIAN_POINT('',(50.2,-151.7,17.5));
#2364 = VERTEX_POINT('',#2365);
#2365 = CARTESIAN_POINT('',(50.2,-151.7,30.5));
#2366 = LINE('',#2367,#2368);
#2367 = CARTESIAN_POINT('',(50.2,-151.7,15.));
#2368 = VECTOR('',#2369,1.);
#2369 = DIRECTION('',(0.,0.,1.));
#2370 = ORIENTED_EDGE('',*,*,#2371,.T.);
#2371 = EDGE_CURVE('',#2362,#2372,#2374,.T.);
#2372 = VERTEX_POINT('',#2373);
#2373 = CARTESIAN_POINT('',(55.8,-151.7,17.5));
#2374 = LINE('',#2375,#2376);
#2375 = CARTESIAN_POINT('',(42.670647446045,-151.7,17.5));
#2376 = VECTOR('',#2377,1.);
#2377 = DIRECTION('',(1.,0.,0.));
#2378 = ORIENTED_EDGE('',*,*,#2379,.T.);
#2379 = EDGE_CURVE('',#2372,#2380,#2382,.T.);
#2380 = VERTEX_POINT('',#2381);
#2381 = CARTESIAN_POINT('',(55.8,-151.7,30.5));
#2382 = LINE('',#2383,#2384);
#2383 = CARTESIAN_POINT('',(55.8,-151.7,15.));
#2384 = VECTOR('',#2385,1.);
#2385 = DIRECTION('',(0.,0.,1.));
#2386 = ORIENTED_EDGE('',*,*,#2387,.F.);
#2387 = EDGE_CURVE('',#2364,#2380,#2388,.T.);
#2388 = LINE('',#2389,#2390);
#2389 = CARTESIAN_POINT('',(56.4,-151.7,30.5));
#2390 = VECTOR('',#2391,1.);
#2391 = DIRECTION('',(1.,0.,0.));
#2392 = PLANE('',#2393);
#2393 = AXIS2_PLACEMENT_3D('',#2394,#2395,#2396);
#2394 = CARTESIAN_POINT('',(55.8,-151.7,15.));
#2395 = DIRECTION('',(0.,-1.,0.));
#2396 = DIRECTION('',(-1.,0.,0.));
#2397 = ADVANCED_FACE('',(#2398),#2423,.F.);
#2398 = FACE_BOUND('',#2399,.F.);
#2399 = EDGE_LOOP('',(#2400,#2410,#2416,#2417));
#2400 = ORIENTED_EDGE('',*,*,#2401,.F.);
#2401 = EDGE_CURVE('',#2402,#2404,#2406,.T.);
#2402 = VERTEX_POINT('',#2403);
#2403 = CARTESIAN_POINT('',(50.2,-157.3,17.5));
#2404 = VERTEX_POINT('',#2405);
#2405 = CARTESIAN_POINT('',(50.2,-157.3,30.5));
#2406 = LINE('',#2407,#2408);
#2407 = CARTESIAN_POINT('',(50.2,-157.3,15.));
#2408 = VECTOR('',#2409,1.);
#2409 = DIRECTION('',(0.,0.,1.));
#2410 = ORIENTED_EDGE('',*,*,#2411,.F.);
#2411 = EDGE_CURVE('',#2362,#2402,#2412,.T.);
#2412 = LINE('',#2413,#2414);
#2413 = CARTESIAN_POINT('',(50.2,-149.2414714971,17.5));
#2414 = VECTOR('',#2415,1.);
#2415 = DIRECTION('',(0.,-1.,0.));
#2416 = ORIENTED_EDGE('',*,*,#2361,.T.);
#2417 = ORIENTED_EDGE('',*,*,#2418,.F.);
#2418 = EDGE_CURVE('',#2404,#2364,#2419,.T.);
#2419 = LINE('',#2420,#2421);
#2420 = CARTESIAN_POINT('',(50.2,-156.5,30.5));
#2421 = VECTOR('',#2422,1.);
#2422 = DIRECTION('',(0.,1.,0.));
#2423 = PLANE('',#2424);
#2424 = AXIS2_PLACEMENT_3D('',#2425,#2426,#2427);
#2425 = CARTESIAN_POINT('',(50.2,-154.5,27.25));
#2426 = DIRECTION('',(1.,0.,0.));
#2427 = DIRECTION('',(0.,0.,1.));
#2428 = ADVANCED_FACE('',(#2429),#2447,.F.);
#2429 = FACE_BOUND('',#2430,.F.);
#2430 = EDGE_LOOP('',(#2431,#2432,#2433,#2441));
#2431 = ORIENTED_EDGE('',*,*,#2418,.T.);
#2432 = ORIENTED_EDGE('',*,*,#2387,.T.);
#2433 = ORIENTED_EDGE('',*,*,#2434,.T.);
#2434 = EDGE_CURVE('',#2380,#2435,#2437,.T.);
#2435 = VERTEX_POINT('',#2436);
#2436 = CARTESIAN_POINT('',(55.8,-157.3,30.5));
#2437 = LINE('',#2438,#2439);
#2438 = CARTESIAN_POINT('',(55.8,-156.5,30.5));
#2439 = VECTOR('',#2440,1.);
#2440 = DIRECTION('',(0.,-1.,0.));
#2441 = ORIENTED_EDGE('',*,*,#2442,.T.);
#2442 = EDGE_CURVE('',#2435,#2404,#2443,.T.);
#2443 = LINE('',#2444,#2445);
#2444 = CARTESIAN_POINT('',(55.,-157.3,30.5));
#2445 = VECTOR('',#2446,1.);
#2446 = DIRECTION('',(-1.,0.,0.));
#2447 = PLANE('',#2448);
#2448 = AXIS2_PLACEMENT_3D('',#2449,#2450,#2451);
#2449 = CARTESIAN_POINT('',(57.,-158.5,30.5));
#2450 = DIRECTION('',(0.,0.,-1.));
#2451 = DIRECTION('',(0.,1.,0.));
#2452 = ADVANCED_FACE('',(#2453),#2471,.F.);
#2453 = FACE_BOUND('',#2454,.F.);
#2454 = EDGE_LOOP('',(#2455,#2456,#2464,#2470));
#2455 = ORIENTED_EDGE('',*,*,#2379,.F.);
#2456 = ORIENTED_EDGE('',*,*,#2457,.T.);
#2457 = EDGE_CURVE('',#2372,#2458,#2460,.T.);
#2458 = VERTEX_POINT('',#2459);
#2459 = CARTESIAN_POINT('',(55.8,-157.3,17.5));
#2460 = LINE('',#2461,#2462);
#2461 = CARTESIAN_POINT('',(55.8,-140.7,17.5));
#2462 = VECTOR('',#2463,1.);
#2463 = DIRECTION('',(0.,-1.,0.));
#2464 = ORIENTED_EDGE('',*,*,#2465,.T.);
#2465 = EDGE_CURVE('',#2458,#2435,#2466,.T.);
#2466 = LINE('',#2467,#2468);
#2467 = CARTESIAN_POINT('',(55.8,-157.3,17.5));
#2468 = VECTOR('',#2469,1.);
#2469 = DIRECTION('',(0.,0.,1.));
#2470 = ORIENTED_EDGE('',*,*,#2434,.F.);
#2471 = PLANE('',#2472);
#2472 = AXIS2_PLACEMENT_3D('',#2473,#2474,#2475);
#2473 = CARTESIAN_POINT('',(55.8,-154.5,27.25));
#2474 = DIRECTION('',(-1.,-0.,-0.));
#2475 = DIRECTION('',(0.,0.,-1.));
#2476 = ADVANCED_FACE('',(#2477),#2488,.F.);
#2477 = FACE_BOUND('',#2478,.F.);
#2478 = EDGE_LOOP('',(#2479,#2480,#2481,#2487));
#2479 = ORIENTED_EDGE('',*,*,#2371,.F.);
#2480 = ORIENTED_EDGE('',*,*,#2411,.T.);
#2481 = ORIENTED_EDGE('',*,*,#2482,.F.);
#2482 = EDGE_CURVE('',#2458,#2402,#2483,.T.);
#2483 = LINE('',#2484,#2485);
#2484 = CARTESIAN_POINT('',(55.8,-157.3,17.5));
#2485 = VECTOR('',#2486,1.);
#2486 = DIRECTION('',(-1.,0.,0.));
#2487 = ORIENTED_EDGE('',*,*,#2457,.F.);
#2488 = PLANE('',#2489);
#2489 = AXIS2_PLACEMENT_3D('',#2490,#2491,#2492);
#2490 = CARTESIAN_POINT('',(29.54129489209,-139.9829429942,17.5));
#2491 = DIRECTION('',(0.,0.,1.));
#2492 = DIRECTION('',(1.,0.,0.));
#2493 = ADVANCED_FACE('',(#2494),#2500,.F.);
#2494 = FACE_BOUND('',#2495,.F.);
#2495 = EDGE_LOOP('',(#2496,#2497,#2498,#2499));
#2496 = ORIENTED_EDGE('',*,*,#2465,.F.);
#2497 = ORIENTED_EDGE('',*,*,#2482,.T.);
#2498 = ORIENTED_EDGE('',*,*,#2401,.T.);
#2499 = ORIENTED_EDGE('',*,*,#2442,.F.);
#2500 = PLANE('',#2501);
#2501 = AXIS2_PLACEMENT_3D('',#2502,#2503,#2504);
#2502 = CARTESIAN_POINT('',(53.,-157.3,27.25));
#2503 = DIRECTION('',(0.,1.,0.));
#2504 = DIRECTION('',(0.,0.,1.));
#2505 = ( GEOMETRIC_REPRESENTATION_CONTEXT(3) 
GLOBAL_UNCERTAINTY_ASSIGNED_CONTEXT((#2509)) 
GLOBAL_UNIT_ASSIGNED_CONTEXT((#2506,#2507,#2508)) REPRESENTATION_CONTEXT
('Context #1','3D Context with UNIT and UNCERTAINTY') );
#2506 = ( LENGTH_UNIT() NAMED_UNIT(*) SI_UNIT(.MILLI.,.METRE.) );
#2507 = ( NAMED_UNIT(*) PLANE_ANGLE_UNIT() SI_UNIT($,.RADIAN.) );
#2508 = ( NAMED_UNIT(*) SI_UNIT($,.STERADIAN.) SOLID_ANGLE_UNIT() );
#2509 = UNCERTAINTY_MEASURE_WITH_UNIT(LENGTH_MEASURE(2.E-05),#2506,
  'distance_accuracy_value','confusion accuracy');
#2510 = PRODUCT_RELATED_PRODUCT_CATEGORY('part',$,(#7));
ENDSEC;
END-ISO-10303-21;
