ISO-10303-21;
HEADER;
FILE_DESCRIPTION(('FreeCAD Model'),'2;1');
FILE_NAME('Open CASCADE Shape Model','2025-12-01T23:20:00',('FreeCAD'),(
    'FreeCAD'),'Open CASCADE STEP processor 7.8','FreeCAD','Unknown');
FILE_SCHEMA(('AUTOMOTIVE_DESIGN { 1 0 10303 214 1 1 1 1 }'));
ENDSEC;
DATA;
#1 = APPLICATION_PROTOCOL_DEFINITION('international standard',
  'automotive_design',2000,#2);
#2 = APPLICATION_CONTEXT(
  'core data for automotive mechanical design processes');
#3 = SHAPE_DEFINITION_REPRESENTATION(#4,#10);
#4 = PRODUCT_DEFINITION_SHAPE('','',#5);
#5 = PRODUCT_DEFINITION('design','',#6,#9);
#6 = PRODUCT_DEFINITION_FORMATION('','',#7);
#7 = PRODUCT('Open CASCADE STEP translator 7.8 3',
  'Open CASCADE STEP translator 7.8 3','',(#8));
#8 = PRODUCT_CONTEXT('',#2,'mechanical');
#9 = PRODUCT_DEFINITION_CONTEXT('part definition',#2,'design');
#10 = ADVANCED_BREP_SHAPE_REPRESENTATION('',(#11,#15),#5374);
#11 = AXIS2_PLACEMENT_3D('',#12,#13,#14);
#12 = CARTESIAN_POINT('',(0.,0.,0.));
#13 = DIRECTION('',(0.,0.,1.));
#14 = DIRECTION('',(1.,0.,-0.));
#15 = MANIFOLD_SOLID_BREP('',#16);
#16 = CLOSED_SHELL('',(#17,#57,#104,#128,#265,#297,#314,#363,#387,#834,
    #1099,#1123,#1147,#1171,#1211,#1235,#1259,#1283,#1300,#1324,#1349,
    #1789,#2043,#2093,#2110,#2122,#2134,#2187,#2227,#2278,#2295,#2418,
    #2465,#2489,#2513,#2759,#2781,#2798,#2815,#2837,#2854,#2871,#2893,
    #2910,#2927,#2998,#3022,#3086,#3108,#3125,#3142,#3164,#3181,#3198,
    #3220,#3237,#3254,#3278,#3308,#3325,#3344,#3361,#3391,#3408,#3425,
    #3442,#3454,#3474,#3496,#3513,#3530,#3552,#3569,#3586,#3608,#3625,
    #3642,#3674,#3686,#3710,#3734,#3751,#3822,#4076,#4110,#4134,#4153,
    #4170,#4187,#4204,#4221,#4238,#4255,#4267,#4279,#4291,#4340,#4370,
    #4381,#4397,#4421,#4439,#4489,#4513,#4537,#4561,#4585,#4609,#4633,
    #4673,#4697,#4721,#4738,#4769,#4786,#4821,#4841,#4858,#4880,#4897,
    #4914,#4936,#4953,#4970,#4992,#5009,#5026,#5050,#5062,#5080,#5096,
    #5113,#5131,#5142,#5154,#5166,#5178,#5190,#5214,#5238,#5255,#5267,
    #5284,#5297,#5321,#5345,#5362));
#17 = ADVANCED_FACE('',(#18),#52,.F.);
#18 = FACE_BOUND('',#19,.F.);
#19 = EDGE_LOOP('',(#20,#30,#38,#46));
#20 = ORIENTED_EDGE('',*,*,#21,.F.);
#21 = EDGE_CURVE('',#22,#24,#26,.T.);
#22 = VERTEX_POINT('',#23);
#23 = CARTESIAN_POINT('',(54.1,-29.09999999999,-178.8));
#24 = VERTEX_POINT('',#25);
#25 = CARTESIAN_POINT('',(54.1,-29.,-178.8));
#26 = LINE('',#27,#28);
#27 = CARTESIAN_POINT('',(54.1,-32.09999999999,-178.8));
#28 = VECTOR('',#29,1.);
#29 = DIRECTION('',(0.,1.,7.888897769754E-14));
#30 = ORIENTED_EDGE('',*,*,#31,.F.);
#31 = EDGE_CURVE('',#32,#22,#34,.T.);
#32 = VERTEX_POINT('',#33);
#33 = CARTESIAN_POINT('',(57.203225806452,-29.09999999999,-178.8));
#34 = LINE('',#35,#36);
#35 = CARTESIAN_POINT('',(60.3,-29.09999999999,-178.8));
#36 = VECTOR('',#37,1.);
#37 = DIRECTION('',(-1.,0.,0.));
#38 = ORIENTED_EDGE('',*,*,#39,.T.);
#39 = EDGE_CURVE('',#32,#40,#42,.T.);
#40 = VERTEX_POINT('',#41);
#41 = CARTESIAN_POINT('',(57.1,-28.99999999999,-178.8));
#42 = LINE('',#43,#44);
#43 = CARTESIAN_POINT('',(60.3,-32.09999999999,-178.8));
#44 = VECTOR('',#45,1.);
#45 = DIRECTION('',(-0.718240222789,0.695795215827,5.489057326343E-14));
#46 = ORIENTED_EDGE('',*,*,#47,.F.);
#47 = EDGE_CURVE('',#24,#40,#48,.T.);
#48 = LINE('',#49,#50);
#49 = CARTESIAN_POINT('',(11.000000005063,-29.,-178.8));
#50 = VECTOR('',#51,1.);
#51 = DIRECTION('',(1.,0.,0.));
#52 = PLANE('',#53);
#53 = AXIS2_PLACEMENT_3D('',#54,#55,#56);
#54 = CARTESIAN_POINT('',(2.77E-15,-27.80644103884,-178.8));
#55 = DIRECTION('',(0.,-8.156897769754E-14,1.));
#56 = DIRECTION('',(0.,-1.,-8.156897769754E-14));
#57 = ADVANCED_FACE('',(#58),#99,.T.);
#58 = FACE_BOUND('',#59,.T.);
#59 = EDGE_LOOP('',(#60,#70,#78,#86,#92,#93));
#60 = ORIENTED_EDGE('',*,*,#61,.T.);
#61 = EDGE_CURVE('',#62,#64,#66,.T.);
#62 = VERTEX_POINT('',#63);
#63 = CARTESIAN_POINT('',(54.1,-32.09999999999,-175.8));
#64 = VERTEX_POINT('',#65);
#65 = CARTESIAN_POINT('',(54.1,-32.09999999999,-174.8));
#66 = LINE('',#67,#68);
#67 = CARTESIAN_POINT('',(54.1,-32.09999999999,-178.8));
#68 = VECTOR('',#69,1.);
#69 = DIRECTION('',(0.,-7.915897769754E-14,1.));
#70 = ORIENTED_EDGE('',*,*,#71,.T.);
#71 = EDGE_CURVE('',#64,#72,#74,.T.);
#72 = VERTEX_POINT('',#73);
#73 = CARTESIAN_POINT('',(54.1,-26.09374999999,-174.8));
#74 = LINE('',#75,#76);
#75 = CARTESIAN_POINT('',(54.1,-32.09999999999,-174.8));
#76 = VECTOR('',#77,1.);
#77 = DIRECTION('',(0.,1.,7.888897769754E-14));
#78 = ORIENTED_EDGE('',*,*,#79,.F.);
#79 = EDGE_CURVE('',#80,#72,#82,.T.);
#80 = VERTEX_POINT('',#81);
#81 = CARTESIAN_POINT('',(54.1,-26.09374999999,-178.8));
#82 = LINE('',#83,#84);
#83 = CARTESIAN_POINT('',(54.1,-26.09374999999,-178.8));
#84 = VECTOR('',#85,1.);
#85 = DIRECTION('',(0.,-7.915897769754E-14,1.));
#86 = ORIENTED_EDGE('',*,*,#87,.F.);
#87 = EDGE_CURVE('',#24,#80,#88,.T.);
#88 = LINE('',#89,#90);
#89 = CARTESIAN_POINT('',(54.1,-32.09999999999,-178.8));
#90 = VECTOR('',#91,1.);
#91 = DIRECTION('',(0.,1.,7.888897769754E-14));
#92 = ORIENTED_EDGE('',*,*,#21,.F.);
#93 = ORIENTED_EDGE('',*,*,#94,.T.);
#94 = EDGE_CURVE('',#22,#62,#95,.T.);
#95 = LINE('',#96,#97);
#96 = CARTESIAN_POINT('',(54.1,-30.59999999999,-177.3));
#97 = VECTOR('',#98,1.);
#98 = DIRECTION('',(0.,-0.707106781187,0.707106781186));
#99 = PLANE('',#100);
#100 = AXIS2_PLACEMENT_3D('',#101,#102,#103);
#101 = CARTESIAN_POINT('',(54.1,-32.09999999999,-178.8));
#102 = DIRECTION('',(-1.,0.,0.));
#103 = DIRECTION('',(0.,1.,7.915897769754E-14));
#104 = ADVANCED_FACE('',(#105),#123,.F.);
#105 = FACE_BOUND('',#106,.F.);
#106 = EDGE_LOOP('',(#107,#115,#116,#117));
#107 = ORIENTED_EDGE('',*,*,#108,.F.);
#108 = EDGE_CURVE('',#32,#109,#111,.T.);
#109 = VERTEX_POINT('',#110);
#110 = CARTESIAN_POINT('',(60.3,-32.09999999999,-175.8));
#111 = LINE('',#112,#113);
#112 = CARTESIAN_POINT('',(59.289816700611,-31.12138492871,
    -176.7786150712));
#113 = VECTOR('',#114,1.);
#114 = DIRECTION('',(0.589567597887,-0.571143610453,0.571143610453));
#115 = ORIENTED_EDGE('',*,*,#31,.T.);
#116 = ORIENTED_EDGE('',*,*,#94,.T.);
#117 = ORIENTED_EDGE('',*,*,#118,.F.);
#118 = EDGE_CURVE('',#109,#62,#119,.T.);
#119 = LINE('',#120,#121);
#120 = CARTESIAN_POINT('',(60.3,-32.09999999999,-175.8));
#121 = VECTOR('',#122,1.);
#122 = DIRECTION('',(-1.,0.,0.));
#123 = PLANE('',#124);
#124 = AXIS2_PLACEMENT_3D('',#125,#126,#127);
#125 = CARTESIAN_POINT('',(60.3,-30.59999999999,-177.3));
#126 = DIRECTION('',(-3.E-17,0.707106781186,0.707106781187));
#127 = DIRECTION('',(-1.,-2.12132034356E-17,-2.12132034356E-17));
#128 = ADVANCED_FACE('',(#129),#260,.T.);
#129 = FACE_BOUND('',#130,.T.);
#130 = EDGE_LOOP('',(#131,#141,#149,#157,#165,#173,#181,#189,#197,#205,
    #213,#219,#220,#228,#236,#244,#252));
#131 = ORIENTED_EDGE('',*,*,#132,.F.);
#132 = EDGE_CURVE('',#133,#135,#137,.T.);
#133 = VERTEX_POINT('',#134);
#134 = CARTESIAN_POINT('',(63.3,-29.,-130.6));
#135 = VERTEX_POINT('',#136);
#136 = CARTESIAN_POINT('',(63.3,-29.,-118.4327985647));
#137 = LINE('',#138,#139);
#138 = CARTESIAN_POINT('',(63.3,-29.,-134.));
#139 = VECTOR('',#140,1.);
#140 = DIRECTION('',(0.,3.310223024625E-16,1.));
#141 = ORIENTED_EDGE('',*,*,#142,.T.);
#142 = EDGE_CURVE('',#133,#143,#145,.T.);
#143 = VERTEX_POINT('',#144);
#144 = CARTESIAN_POINT('',(60.8,-29.,-130.6));
#145 = LINE('',#146,#147);
#146 = CARTESIAN_POINT('',(63.3,-29.,-130.6));
#147 = VECTOR('',#148,1.);
#148 = DIRECTION('',(-1.,1.1E-16,1.1E-16));
#149 = ORIENTED_EDGE('',*,*,#150,.F.);
#150 = EDGE_CURVE('',#151,#143,#153,.T.);
#151 = VERTEX_POINT('',#152);
#152 = CARTESIAN_POINT('',(60.8,-29.,-132.45));
#153 = LINE('',#154,#155);
#154 = CARTESIAN_POINT('',(60.8,-29.,-139.8));
#155 = VECTOR('',#156,1.);
#156 = DIRECTION('',(0.,1.110223024625E-16,1.));
#157 = ORIENTED_EDGE('',*,*,#158,.T.);
#158 = EDGE_CURVE('',#151,#159,#161,.T.);
#159 = VERTEX_POINT('',#160);
#160 = CARTESIAN_POINT('',(59.6,-29.,-132.45));
#161 = LINE('',#162,#163);
#162 = CARTESIAN_POINT('',(60.8,-29.,-132.45));
#163 = VECTOR('',#164,1.);
#164 = DIRECTION('',(-1.,0.,0.));
#165 = ORIENTED_EDGE('',*,*,#166,.F.);
#166 = EDGE_CURVE('',#167,#159,#169,.T.);
#167 = VERTEX_POINT('',#168);
#168 = CARTESIAN_POINT('',(59.6,-29.,-136.45));
#169 = LINE('',#170,#171);
#170 = CARTESIAN_POINT('',(59.6,-29.,-136.45));
#171 = VECTOR('',#172,1.);
#172 = DIRECTION('',(0.,1.110223024625E-16,1.));
#173 = ORIENTED_EDGE('',*,*,#174,.F.);
#174 = EDGE_CURVE('',#175,#167,#177,.T.);
#175 = VERTEX_POINT('',#176);
#176 = CARTESIAN_POINT('',(60.8,-29.,-136.45));
#177 = LINE('',#178,#179);
#178 = CARTESIAN_POINT('',(60.8,-29.,-136.45));
#179 = VECTOR('',#180,1.);
#180 = DIRECTION('',(-1.,0.,0.));
#181 = ORIENTED_EDGE('',*,*,#182,.F.);
#182 = EDGE_CURVE('',#183,#175,#185,.T.);
#183 = VERTEX_POINT('',#184);
#184 = CARTESIAN_POINT('',(60.8,-29.,-138.3));
#185 = LINE('',#186,#187);
#186 = CARTESIAN_POINT('',(60.8,-29.,-139.8));
#187 = VECTOR('',#188,1.);
#188 = DIRECTION('',(0.,1.110223024625E-16,1.));
#189 = ORIENTED_EDGE('',*,*,#190,.F.);
#190 = EDGE_CURVE('',#191,#183,#193,.T.);
#191 = VERTEX_POINT('',#192);
#192 = CARTESIAN_POINT('',(63.05,-29.,-139.8));
#193 = LINE('',#194,#195);
#194 = CARTESIAN_POINT('',(63.931557651664,-29.,-140.3877051011));
#195 = VECTOR('',#196,1.);
#196 = DIRECTION('',(-0.832050294338,2.015840929613E-16,0.554700196225)
  );
#197 = ORIENTED_EDGE('',*,*,#198,.F.);
#198 = EDGE_CURVE('',#199,#191,#201,.T.);
#199 = VERTEX_POINT('',#200);
#200 = CARTESIAN_POINT('',(63.3,-29.,-139.8));
#201 = LINE('',#202,#203);
#202 = CARTESIAN_POINT('',(63.3,-29.,-139.8));
#203 = VECTOR('',#204,1.);
#204 = DIRECTION('',(-1.,1.1E-16,1.1E-16));
#205 = ORIENTED_EDGE('',*,*,#206,.F.);
#206 = EDGE_CURVE('',#207,#199,#209,.T.);
#207 = VERTEX_POINT('',#208);
#208 = CARTESIAN_POINT('',(63.3,-29.,-178.8));
#209 = LINE('',#210,#211);
#210 = CARTESIAN_POINT('',(63.3,-29.,-134.));
#211 = VECTOR('',#212,1.);
#212 = DIRECTION('',(0.,3.310223024625E-16,1.));
#213 = ORIENTED_EDGE('',*,*,#214,.F.);
#214 = EDGE_CURVE('',#40,#207,#215,.T.);
#215 = LINE('',#216,#217);
#216 = CARTESIAN_POINT('',(11.000000005063,-29.,-178.8));
#217 = VECTOR('',#218,1.);
#218 = DIRECTION('',(1.,0.,0.));
#219 = ORIENTED_EDGE('',*,*,#47,.F.);
#220 = ORIENTED_EDGE('',*,*,#221,.F.);
#221 = EDGE_CURVE('',#222,#24,#224,.T.);
#222 = VERTEX_POINT('',#223);
#223 = CARTESIAN_POINT('',(28.324555320337,-29.,-178.8));
#224 = LINE('',#225,#226);
#225 = CARTESIAN_POINT('',(11.000000005063,-29.,-178.8));
#226 = VECTOR('',#227,1.);
#227 = DIRECTION('',(1.,0.,0.));
#228 = ORIENTED_EDGE('',*,*,#229,.T.);
#229 = EDGE_CURVE('',#222,#230,#232,.T.);
#230 = VERTEX_POINT('',#231);
#231 = CARTESIAN_POINT('',(28.324555320337,-29.,-180.));
#232 = LINE('',#233,#234);
#233 = CARTESIAN_POINT('',(28.324555320337,-29.,-180.));
#234 = VECTOR('',#235,1.);
#235 = DIRECTION('',(0.,-3.310223024625E-16,-1.));
#236 = ORIENTED_EDGE('',*,*,#237,.F.);
#237 = EDGE_CURVE('',#238,#230,#240,.T.);
#238 = VERTEX_POINT('',#239);
#239 = CARTESIAN_POINT('',(64.5,-29.,-180.));
#240 = LINE('',#241,#242);
#241 = CARTESIAN_POINT('',(11.,-29.,-180.));
#242 = VECTOR('',#243,1.);
#243 = DIRECTION('',(-1.,0.,0.));
#244 = ORIENTED_EDGE('',*,*,#245,.F.);
#245 = EDGE_CURVE('',#246,#238,#248,.T.);
#246 = VERTEX_POINT('',#247);
#247 = CARTESIAN_POINT('',(64.5,-29.,-118.4327985647));
#248 = LINE('',#249,#250);
#249 = CARTESIAN_POINT('',(64.5,-29.,-115.1192978106));
#250 = VECTOR('',#251,1.);
#251 = DIRECTION('',(0.,-3.310223024625E-16,-1.));
#252 = ORIENTED_EDGE('',*,*,#253,.F.);
#253 = EDGE_CURVE('',#135,#246,#254,.T.);
#254 = B_SPLINE_CURVE_WITH_KNOTS('',2,(#255,#256,#257,#258,#259),
  .UNSPECIFIED.,.F.,.F.,(3,1,1,3),(-7.344000000008E-02,-8.546E-14,1.2,
    1.27344),.UNSPECIFIED.);
#255 = CARTESIAN_POINT('',(63.22656,-29.,-118.4327985647));
#256 = CARTESIAN_POINT('',(63.26328,-29.,-118.4327985647));
#257 = CARTESIAN_POINT('',(63.9,-29.,-118.4327985647));
#258 = CARTESIAN_POINT('',(64.53672,-29.,-118.4327985647));
#259 = CARTESIAN_POINT('',(64.57344,-29.,-118.4327985647));
#260 = PLANE('',#261);
#261 = AXIS2_PLACEMENT_3D('',#262,#263,#264);
#262 = CARTESIAN_POINT('',(57.214489647188,-29.,-159.198556857));
#263 = DIRECTION('',(0.,-1.,3.810223024625E-16));
#264 = DIRECTION('',(0.,3.810223024625E-16,1.));
#265 = ADVANCED_FACE('',(#266),#292,.F.);
#266 = FACE_BOUND('',#267,.F.);
#267 = EDGE_LOOP('',(#268,#276,#284,#290,#291));
#268 = ORIENTED_EDGE('',*,*,#269,.T.);
#269 = EDGE_CURVE('',#109,#270,#272,.T.);
#270 = VERTEX_POINT('',#271);
#271 = CARTESIAN_POINT('',(60.3,-32.09999999999,-174.8));
#272 = LINE('',#273,#274);
#273 = CARTESIAN_POINT('',(60.3,-32.09999999999,-178.8));
#274 = VECTOR('',#275,1.);
#275 = DIRECTION('',(0.,-7.915897769754E-14,1.));
#276 = ORIENTED_EDGE('',*,*,#277,.T.);
#277 = EDGE_CURVE('',#270,#278,#280,.T.);
#278 = VERTEX_POINT('',#279);
#279 = CARTESIAN_POINT('',(57.1,-28.99999999999,-174.8));
#280 = LINE('',#281,#282);
#281 = CARTESIAN_POINT('',(60.3,-32.09999999999,-174.8));
#282 = VECTOR('',#283,1.);
#283 = DIRECTION('',(-0.718240222789,0.695795215827,5.489057326343E-14)
  );
#284 = ORIENTED_EDGE('',*,*,#285,.F.);
#285 = EDGE_CURVE('',#40,#278,#286,.T.);
#286 = LINE('',#287,#288);
#287 = CARTESIAN_POINT('',(57.1,-28.99999999999,-178.8));
#288 = VECTOR('',#289,1.);
#289 = DIRECTION('',(0.,-7.915897769754E-14,1.));
#290 = ORIENTED_EDGE('',*,*,#39,.F.);
#291 = ORIENTED_EDGE('',*,*,#108,.T.);
#292 = PLANE('',#293);
#293 = AXIS2_PLACEMENT_3D('',#294,#295,#296);
#294 = CARTESIAN_POINT('',(60.3,-32.09999999999,-178.8));
#295 = DIRECTION('',(-0.695795215827,-0.718240222789,-5.685025931674E-14
    ));
#296 = DIRECTION('',(-0.718240222789,0.695795215827,5.50827512131E-14));
#297 = ADVANCED_FACE('',(#298),#309,.T.);
#298 = FACE_BOUND('',#299,.T.);
#299 = EDGE_LOOP('',(#300,#301,#307,#308));
#300 = ORIENTED_EDGE('',*,*,#269,.T.);
#301 = ORIENTED_EDGE('',*,*,#302,.T.);
#302 = EDGE_CURVE('',#270,#64,#303,.T.);
#303 = LINE('',#304,#305);
#304 = CARTESIAN_POINT('',(60.3,-32.09999999999,-174.8));
#305 = VECTOR('',#306,1.);
#306 = DIRECTION('',(-1.,0.,0.));
#307 = ORIENTED_EDGE('',*,*,#61,.F.);
#308 = ORIENTED_EDGE('',*,*,#118,.F.);
#309 = PLANE('',#310);
#310 = AXIS2_PLACEMENT_3D('',#311,#312,#313);
#311 = CARTESIAN_POINT('',(60.3,-32.09999999999,-178.8));
#312 = DIRECTION('',(0.,-1.,-7.915897769754E-14));
#313 = DIRECTION('',(-1.,0.,0.));
#314 = ADVANCED_FACE('',(#315),#358,.T.);
#315 = FACE_BOUND('',#316,.F.);
#316 = EDGE_LOOP('',(#317,#318,#319,#320,#328,#336,#344,#352));
#317 = ORIENTED_EDGE('',*,*,#277,.F.);
#318 = ORIENTED_EDGE('',*,*,#302,.T.);
#319 = ORIENTED_EDGE('',*,*,#71,.T.);
#320 = ORIENTED_EDGE('',*,*,#321,.T.);
#321 = EDGE_CURVE('',#72,#322,#324,.T.);
#322 = VERTEX_POINT('',#323);
#323 = CARTESIAN_POINT('',(56.158064515755,-24.09999999999,-174.8));
#324 = LINE('',#325,#326);
#325 = CARTESIAN_POINT('',(54.1,-26.09374999999,-174.8));
#326 = VECTOR('',#327,1.);
#327 = DIRECTION('',(0.718240222727,0.695795215891,5.489057326848E-14));
#328 = ORIENTED_EDGE('',*,*,#329,.T.);
#329 = EDGE_CURVE('',#322,#330,#332,.T.);
#330 = VERTEX_POINT('',#331);
#331 = CARTESIAN_POINT('',(63.3,-24.09999999999,-174.8));
#332 = LINE('',#333,#334);
#333 = CARTESIAN_POINT('',(56.158064515755,-24.09999999999,-174.8));
#334 = VECTOR('',#335,1.);
#335 = DIRECTION('',(1.,-0.,0.));
#336 = ORIENTED_EDGE('',*,*,#337,.T.);
#337 = EDGE_CURVE('',#330,#338,#340,.T.);
#338 = VERTEX_POINT('',#339);
#339 = CARTESIAN_POINT('',(63.3,-25.89999999999,-174.8));
#340 = LINE('',#341,#342);
#341 = CARTESIAN_POINT('',(63.3,-24.09999999999,-174.8));
#342 = VECTOR('',#343,1.);
#343 = DIRECTION('',(0.,-1.,-7.888897769754E-14));
#344 = ORIENTED_EDGE('',*,*,#345,.T.);
#345 = EDGE_CURVE('',#338,#346,#348,.T.);
#346 = VERTEX_POINT('',#347);
#347 = CARTESIAN_POINT('',(60.3,-25.89999999999,-174.8));
#348 = LINE('',#349,#350);
#349 = CARTESIAN_POINT('',(63.3,-25.89999999999,-174.8));
#350 = VECTOR('',#351,1.);
#351 = DIRECTION('',(-1.,0.,0.));
#352 = ORIENTED_EDGE('',*,*,#353,.F.);
#353 = EDGE_CURVE('',#278,#346,#354,.T.);
#354 = LINE('',#355,#356);
#355 = CARTESIAN_POINT('',(57.1,-28.99999999999,-174.8));
#356 = VECTOR('',#357,1.);
#357 = DIRECTION('',(0.718240222789,0.695795215827,5.489057326343E-14));
#358 = PLANE('',#359);
#359 = AXIS2_PLACEMENT_3D('',#360,#361,#362);
#360 = CARTESIAN_POINT('',(2.77E-15,-27.80644103884,-174.8));
#361 = DIRECTION('',(0.,-8.156897769754E-14,1.));
#362 = DIRECTION('',(0.,-1.,-8.156897769754E-14));
#363 = ADVANCED_FACE('',(#364),#382,.T.);
#364 = FACE_BOUND('',#365,.T.);
#365 = EDGE_LOOP('',(#366,#367,#368,#376));
#366 = ORIENTED_EDGE('',*,*,#79,.T.);
#367 = ORIENTED_EDGE('',*,*,#321,.T.);
#368 = ORIENTED_EDGE('',*,*,#369,.F.);
#369 = EDGE_CURVE('',#370,#322,#372,.T.);
#370 = VERTEX_POINT('',#371);
#371 = CARTESIAN_POINT('',(56.158064515755,-24.09999999999,-178.8));
#372 = LINE('',#373,#374);
#373 = CARTESIAN_POINT('',(56.158064515755,-24.09999999999,-178.8));
#374 = VECTOR('',#375,1.);
#375 = DIRECTION('',(0.,-7.915897769754E-14,1.));
#376 = ORIENTED_EDGE('',*,*,#377,.F.);
#377 = EDGE_CURVE('',#80,#370,#378,.T.);
#378 = LINE('',#379,#380);
#379 = CARTESIAN_POINT('',(54.1,-26.09374999999,-178.8));
#380 = VECTOR('',#381,1.);
#381 = DIRECTION('',(0.718240222727,0.695795215891,5.489057326848E-14));
#382 = PLANE('',#383);
#383 = AXIS2_PLACEMENT_3D('',#384,#385,#386);
#384 = CARTESIAN_POINT('',(54.1,-26.09374999999,-178.8));
#385 = DIRECTION('',(-0.695795215891,0.718240222727,5.685025931675E-14)
  );
#386 = DIRECTION('',(0.718240222727,0.695795215891,5.508275121309E-14));
#387 = ADVANCED_FACE('',(#388,#709),#829,.T.);
#388 = FACE_BOUND('',#389,.T.);
#389 = EDGE_LOOP('',(#390,#401,#408,#409,#410,#411,#419,#427,#435,#443,
    #451,#459,#467,#475,#483,#491,#499,#507,#515,#523,#532,#540,#549,
    #557,#565,#573,#581,#589,#597,#605,#613,#621,#629,#637,#645,#653,
    #661,#669,#677,#685,#694,#703));
#390 = ORIENTED_EDGE('',*,*,#391,.F.);
#391 = EDGE_CURVE('',#392,#394,#396,.T.);
#392 = VERTEX_POINT('',#393);
#393 = CARTESIAN_POINT('',(15.276328664138,-30.05263157894,-178.8));
#394 = VERTEX_POINT('',#395);
#395 = CARTESIAN_POINT('',(3.827493293435,-38.59999999999,-178.8));
#396 = CIRCLE('',#397,22.);
#397 = AXIS2_PLACEMENT_3D('',#398,#399,#400);
#398 = CARTESIAN_POINT('',(22.,-51.,-178.8));
#399 = DIRECTION('',(-0.,3.310223024625E-16,1.));
#400 = DIRECTION('',(1.,0.,0.));
#401 = ORIENTED_EDGE('',*,*,#402,.T.);
#402 = EDGE_CURVE('',#392,#222,#403,.T.);
#403 = CIRCLE('',#404,7.);
#404 = AXIS2_PLACEMENT_3D('',#405,#406,#407);
#405 = CARTESIAN_POINT('',(22.,-32.,-178.8));
#406 = DIRECTION('',(0.,-3.310223024625E-16,-1.));
#407 = DIRECTION('',(1.,0.,0.));
#408 = ORIENTED_EDGE('',*,*,#221,.T.);
#409 = ORIENTED_EDGE('',*,*,#87,.T.);
#410 = ORIENTED_EDGE('',*,*,#377,.T.);
#411 = ORIENTED_EDGE('',*,*,#412,.T.);
#412 = EDGE_CURVE('',#370,#413,#415,.T.);
#413 = VERTEX_POINT('',#414);
#414 = CARTESIAN_POINT('',(63.3,-24.09999999999,-178.8));
#415 = LINE('',#416,#417);
#416 = CARTESIAN_POINT('',(56.158064515755,-24.09999999999,-178.8));
#417 = VECTOR('',#418,1.);
#418 = DIRECTION('',(1.,-0.,0.));
#419 = ORIENTED_EDGE('',*,*,#420,.F.);
#420 = EDGE_CURVE('',#421,#413,#423,.T.);
#421 = VERTEX_POINT('',#422);
#422 = CARTESIAN_POINT('',(63.3,-22.76607033133,-178.8));
#423 = LINE('',#424,#425);
#424 = CARTESIAN_POINT('',(63.3,-36.13656600715,-178.8));
#425 = VECTOR('',#426,1.);
#426 = DIRECTION('',(0.,-1.,3.410223024625E-16));
#427 = ORIENTED_EDGE('',*,*,#428,.F.);
#428 = EDGE_CURVE('',#429,#421,#431,.T.);
#429 = VERTEX_POINT('',#430);
#430 = CARTESIAN_POINT('',(38.5,-22.76607033133,-178.8));
#431 = LINE('',#432,#433);
#432 = CARTESIAN_POINT('',(32.250000008393,-22.76607033133,-178.8));
#433 = VECTOR('',#434,1.);
#434 = DIRECTION('',(1.,0.,0.));
#435 = ORIENTED_EDGE('',*,*,#436,.F.);
#436 = EDGE_CURVE('',#437,#429,#439,.T.);
#437 = VERTEX_POINT('',#438);
#438 = CARTESIAN_POINT('',(38.5,-21.76607033133,-178.8));
#439 = LINE('',#440,#441);
#440 = CARTESIAN_POINT('',(38.5,-27.42346551618,-178.8));
#441 = VECTOR('',#442,1.);
#442 = DIRECTION('',(0.,-1.,-7.323897769754E-14));
#443 = ORIENTED_EDGE('',*,*,#444,.F.);
#444 = EDGE_CURVE('',#445,#437,#447,.T.);
#445 = VERTEX_POINT('',#446);
#446 = CARTESIAN_POINT('',(63.3,-21.76607033133,-178.8));
#447 = LINE('',#448,#449);
#448 = CARTESIAN_POINT('',(19.250000008393,-21.76607033133,-178.8));
#449 = VECTOR('',#450,1.);
#450 = DIRECTION('',(-1.,0.,0.));
#451 = ORIENTED_EDGE('',*,*,#452,.F.);
#452 = EDGE_CURVE('',#453,#445,#455,.T.);
#453 = VERTEX_POINT('',#454);
#454 = CARTESIAN_POINT('',(63.3,-13.,-178.8));
#455 = LINE('',#456,#457);
#456 = CARTESIAN_POINT('',(63.3,-36.13656600715,-178.8));
#457 = VECTOR('',#458,1.);
#458 = DIRECTION('',(0.,-1.,3.410223024625E-16));
#459 = ORIENTED_EDGE('',*,*,#460,.F.);
#460 = EDGE_CURVE('',#461,#453,#463,.T.);
#461 = VERTEX_POINT('',#462);
#462 = CARTESIAN_POINT('',(38.5,-13.,-178.8));
#463 = LINE('',#464,#465);
#464 = CARTESIAN_POINT('',(32.250000008393,-13.,-178.8));
#465 = VECTOR('',#466,1.);
#466 = DIRECTION('',(1.,0.,0.));
#467 = ORIENTED_EDGE('',*,*,#468,.F.);
#468 = EDGE_CURVE('',#469,#461,#471,.T.);
#469 = VERTEX_POINT('',#470);
#470 = CARTESIAN_POINT('',(38.5,-12.,-178.8));
#471 = LINE('',#472,#473);
#472 = CARTESIAN_POINT('',(38.5,-22.54043035051,-178.8));
#473 = VECTOR('',#474,1.);
#474 = DIRECTION('',(0.,-1.,-7.323897769754E-14));
#475 = ORIENTED_EDGE('',*,*,#476,.F.);
#476 = EDGE_CURVE('',#477,#469,#479,.T.);
#477 = VERTEX_POINT('',#478);
#478 = CARTESIAN_POINT('',(63.3,-12.,-178.8));
#479 = LINE('',#480,#481);
#480 = CARTESIAN_POINT('',(19.250000008393,-12.,-178.8));
#481 = VECTOR('',#482,1.);
#482 = DIRECTION('',(-1.,0.,0.));
#483 = ORIENTED_EDGE('',*,*,#484,.F.);
#484 = EDGE_CURVE('',#485,#477,#487,.T.);
#485 = VERTEX_POINT('',#486);
#486 = CARTESIAN_POINT('',(63.3,-3.233929668666,-178.8));
#487 = LINE('',#488,#489);
#488 = CARTESIAN_POINT('',(63.3,-36.13656600715,-178.8));
#489 = VECTOR('',#490,1.);
#490 = DIRECTION('',(0.,-1.,3.410223024625E-16));
#491 = ORIENTED_EDGE('',*,*,#492,.F.);
#492 = EDGE_CURVE('',#493,#485,#495,.T.);
#493 = VERTEX_POINT('',#494);
#494 = CARTESIAN_POINT('',(38.5,-3.233929668666,-178.8));
#495 = LINE('',#496,#497);
#496 = CARTESIAN_POINT('',(32.250000008393,-3.233929668666,-178.8));
#497 = VECTOR('',#498,1.);
#498 = DIRECTION('',(1.,0.,0.));
#499 = ORIENTED_EDGE('',*,*,#500,.F.);
#500 = EDGE_CURVE('',#501,#493,#503,.T.);
#501 = VERTEX_POINT('',#502);
#502 = CARTESIAN_POINT('',(38.5,-2.233929668666,-178.8));
#503 = LINE('',#504,#505);
#504 = CARTESIAN_POINT('',(38.5,-17.65739518484,-178.8));
#505 = VECTOR('',#506,1.);
#506 = DIRECTION('',(0.,-1.,-7.323897769754E-14));
#507 = ORIENTED_EDGE('',*,*,#508,.F.);
#508 = EDGE_CURVE('',#509,#501,#511,.T.);
#509 = VERTEX_POINT('',#510);
#510 = CARTESIAN_POINT('',(63.3,-2.233929668666,-178.8));
#511 = LINE('',#512,#513);
#512 = CARTESIAN_POINT('',(19.250000008393,-2.233929668666,-178.8));
#513 = VECTOR('',#514,1.);
#514 = DIRECTION('',(-1.,0.,0.));
#515 = ORIENTED_EDGE('',*,*,#516,.F.);
#516 = EDGE_CURVE('',#517,#509,#519,.T.);
#517 = VERTEX_POINT('',#518);
#518 = CARTESIAN_POINT('',(63.3,7.,-178.8));
#519 = LINE('',#520,#521);
#520 = CARTESIAN_POINT('',(63.3,-36.13656600715,-178.8));
#521 = VECTOR('',#522,1.);
#522 = DIRECTION('',(0.,-1.,3.410223024625E-16));
#523 = ORIENTED_EDGE('',*,*,#524,.F.);
#524 = EDGE_CURVE('',#525,#517,#527,.T.);
#525 = VERTEX_POINT('',#526);
#526 = CARTESIAN_POINT('',(56.5,13.8,-178.8));
#527 = CIRCLE('',#528,6.8);
#528 = AXIS2_PLACEMENT_3D('',#529,#530,#531);
#529 = CARTESIAN_POINT('',(56.5,7.,-178.8));
#530 = DIRECTION('',(0.,-3.310223024625E-16,-1.));
#531 = DIRECTION('',(1.,0.,0.));
#532 = ORIENTED_EDGE('',*,*,#533,.T.);
#533 = EDGE_CURVE('',#525,#534,#536,.T.);
#534 = VERTEX_POINT('',#535);
#535 = CARTESIAN_POINT('',(-56.5,13.8,-178.8));
#536 = LINE('',#537,#538);
#537 = CARTESIAN_POINT('',(0.,13.8,-178.8));
#538 = VECTOR('',#539,1.);
#539 = DIRECTION('',(-1.,0.,0.));
#540 = ORIENTED_EDGE('',*,*,#541,.F.);
#541 = EDGE_CURVE('',#542,#534,#544,.T.);
#542 = VERTEX_POINT('',#543);
#543 = CARTESIAN_POINT('',(-63.3,7.,-178.8));
#544 = CIRCLE('',#545,6.8);
#545 = AXIS2_PLACEMENT_3D('',#546,#547,#548);
#546 = CARTESIAN_POINT('',(-56.5,7.,-178.8));
#547 = DIRECTION('',(-0.,-3.310223024625E-16,-1.));
#548 = DIRECTION('',(-1.,0.,0.));
#549 = ORIENTED_EDGE('',*,*,#550,.T.);
#550 = EDGE_CURVE('',#542,#551,#553,.T.);
#551 = VERTEX_POINT('',#552);
#552 = CARTESIAN_POINT('',(-63.3,-2.233929668666,-178.8));
#553 = LINE('',#554,#555);
#554 = CARTESIAN_POINT('',(-63.3,-36.13656600715,-178.8));
#555 = VECTOR('',#556,1.);
#556 = DIRECTION('',(0.,-1.,3.410223024625E-16));
#557 = ORIENTED_EDGE('',*,*,#558,.T.);
#558 = EDGE_CURVE('',#551,#559,#561,.T.);
#559 = VERTEX_POINT('',#560);
#560 = CARTESIAN_POINT('',(-38.5,-2.233929668666,-178.8));
#561 = LINE('',#562,#563);
#562 = CARTESIAN_POINT('',(-19.2499999916,-2.233929668666,-178.8));
#563 = VECTOR('',#564,1.);
#564 = DIRECTION('',(1.,0.,0.));
#565 = ORIENTED_EDGE('',*,*,#566,.T.);
#566 = EDGE_CURVE('',#559,#567,#569,.T.);
#567 = VERTEX_POINT('',#568);
#568 = CARTESIAN_POINT('',(-38.5,-3.233929668666,-178.8));
#569 = LINE('',#570,#571);
#570 = CARTESIAN_POINT('',(-38.5,-17.65739518484,-178.8));
#571 = VECTOR('',#572,1.);
#572 = DIRECTION('',(0.,-1.,-7.323897769754E-14));
#573 = ORIENTED_EDGE('',*,*,#574,.T.);
#574 = EDGE_CURVE('',#567,#575,#577,.T.);
#575 = VERTEX_POINT('',#576);
#576 = CARTESIAN_POINT('',(-63.3,-3.233929668666,-178.8));
#577 = LINE('',#578,#579);
#578 = CARTESIAN_POINT('',(-32.2499999916,-3.233929668666,-178.8));
#579 = VECTOR('',#580,1.);
#580 = DIRECTION('',(-1.,0.,0.));
#581 = ORIENTED_EDGE('',*,*,#582,.T.);
#582 = EDGE_CURVE('',#575,#583,#585,.T.);
#583 = VERTEX_POINT('',#584);
#584 = CARTESIAN_POINT('',(-63.3,-12.,-178.8));
#585 = LINE('',#586,#587);
#586 = CARTESIAN_POINT('',(-63.3,-36.13656600715,-178.8));
#587 = VECTOR('',#588,1.);
#588 = DIRECTION('',(0.,-1.,3.410223024625E-16));
#589 = ORIENTED_EDGE('',*,*,#590,.T.);
#590 = EDGE_CURVE('',#583,#591,#593,.T.);
#591 = VERTEX_POINT('',#592);
#592 = CARTESIAN_POINT('',(-38.5,-12.,-178.8));
#593 = LINE('',#594,#595);
#594 = CARTESIAN_POINT('',(-19.2499999916,-12.,-178.8));
#595 = VECTOR('',#596,1.);
#596 = DIRECTION('',(1.,0.,0.));
#597 = ORIENTED_EDGE('',*,*,#598,.T.);
#598 = EDGE_CURVE('',#591,#599,#601,.T.);
#599 = VERTEX_POINT('',#600);
#600 = CARTESIAN_POINT('',(-38.5,-13.,-178.8));
#601 = LINE('',#602,#603);
#602 = CARTESIAN_POINT('',(-38.5,-22.54043035051,-178.8));
#603 = VECTOR('',#604,1.);
#604 = DIRECTION('',(0.,-1.,-7.323897769754E-14));
#605 = ORIENTED_EDGE('',*,*,#606,.T.);
#606 = EDGE_CURVE('',#599,#607,#609,.T.);
#607 = VERTEX_POINT('',#608);
#608 = CARTESIAN_POINT('',(-63.3,-13.,-178.8));
#609 = LINE('',#610,#611);
#610 = CARTESIAN_POINT('',(-32.2499999916,-13.,-178.8));
#611 = VECTOR('',#612,1.);
#612 = DIRECTION('',(-1.,0.,0.));
#613 = ORIENTED_EDGE('',*,*,#614,.T.);
#614 = EDGE_CURVE('',#607,#615,#617,.T.);
#615 = VERTEX_POINT('',#616);
#616 = CARTESIAN_POINT('',(-63.3,-21.76607033133,-178.8));
#617 = LINE('',#618,#619);
#618 = CARTESIAN_POINT('',(-63.3,-36.13656600715,-178.8));
#619 = VECTOR('',#620,1.);
#620 = DIRECTION('',(0.,-1.,3.410223024625E-16));
#621 = ORIENTED_EDGE('',*,*,#622,.T.);
#622 = EDGE_CURVE('',#615,#623,#625,.T.);
#623 = VERTEX_POINT('',#624);
#624 = CARTESIAN_POINT('',(-38.5,-21.76607033133,-178.8));
#625 = LINE('',#626,#627);
#626 = CARTESIAN_POINT('',(-19.2499999916,-21.76607033133,-178.8));
#627 = VECTOR('',#628,1.);
#628 = DIRECTION('',(1.,0.,0.));
#629 = ORIENTED_EDGE('',*,*,#630,.T.);
#630 = EDGE_CURVE('',#623,#631,#633,.T.);
#631 = VERTEX_POINT('',#632);
#632 = CARTESIAN_POINT('',(-38.5,-22.76607033133,-178.8));
#633 = LINE('',#634,#635);
#634 = CARTESIAN_POINT('',(-38.5,-27.42346551618,-178.8));
#635 = VECTOR('',#636,1.);
#636 = DIRECTION('',(0.,-1.,-7.323897769754E-14));
#637 = ORIENTED_EDGE('',*,*,#638,.T.);
#638 = EDGE_CURVE('',#631,#639,#641,.T.);
#639 = VERTEX_POINT('',#640);
#640 = CARTESIAN_POINT('',(-63.3,-22.76607033133,-178.8));
#641 = LINE('',#642,#643);
#642 = CARTESIAN_POINT('',(-32.2499999916,-22.76607033133,-178.8));
#643 = VECTOR('',#644,1.);
#644 = DIRECTION('',(-1.,0.,0.));
#645 = ORIENTED_EDGE('',*,*,#646,.T.);
#646 = EDGE_CURVE('',#639,#647,#649,.T.);
#647 = VERTEX_POINT('',#648);
#648 = CARTESIAN_POINT('',(-63.3,-24.09999999999,-178.8));
#649 = LINE('',#650,#651);
#650 = CARTESIAN_POINT('',(-63.3,-36.13656600715,-178.8));
#651 = VECTOR('',#652,1.);
#652 = DIRECTION('',(0.,-1.,3.410223024625E-16));
#653 = ORIENTED_EDGE('',*,*,#654,.F.);
#654 = EDGE_CURVE('',#655,#647,#657,.T.);
#655 = VERTEX_POINT('',#656);
#656 = CARTESIAN_POINT('',(-56.15806451575,-24.09999999999,-178.8));
#657 = LINE('',#658,#659);
#658 = CARTESIAN_POINT('',(-56.15806451575,-24.09999999999,-178.8));
#659 = VECTOR('',#660,1.);
#660 = DIRECTION('',(-1.,0.,0.));
#661 = ORIENTED_EDGE('',*,*,#662,.F.);
#662 = EDGE_CURVE('',#663,#655,#665,.T.);
#663 = VERTEX_POINT('',#664);
#664 = CARTESIAN_POINT('',(-54.1,-26.09374999999,-178.8));
#665 = LINE('',#666,#667);
#666 = CARTESIAN_POINT('',(-54.1,-26.09374999999,-178.8));
#667 = VECTOR('',#668,1.);
#668 = DIRECTION('',(-0.718240222727,0.695795215891,5.489057326848E-14)
  );
#669 = ORIENTED_EDGE('',*,*,#670,.F.);
#670 = EDGE_CURVE('',#671,#663,#673,.T.);
#671 = VERTEX_POINT('',#672);
#672 = CARTESIAN_POINT('',(-54.1,-29.,-178.8));
#673 = LINE('',#674,#675);
#674 = CARTESIAN_POINT('',(-54.1,-32.09999999999,-178.8));
#675 = VECTOR('',#676,1.);
#676 = DIRECTION('',(0.,1.,7.888897769754E-14));
#677 = ORIENTED_EDGE('',*,*,#678,.T.);
#678 = EDGE_CURVE('',#671,#679,#681,.T.);
#679 = VERTEX_POINT('',#680);
#680 = CARTESIAN_POINT('',(-28.32455532033,-29.,-178.8));
#681 = LINE('',#682,#683);
#682 = CARTESIAN_POINT('',(-33.99999999493,-29.,-178.8));
#683 = VECTOR('',#684,1.);
#684 = DIRECTION('',(1.,0.,0.));
#685 = ORIENTED_EDGE('',*,*,#686,.T.);
#686 = EDGE_CURVE('',#679,#687,#689,.T.);
#687 = VERTEX_POINT('',#688);
#688 = CARTESIAN_POINT('',(-15.27632866413,-30.05263157894,-178.8));
#689 = CIRCLE('',#690,7.);
#690 = AXIS2_PLACEMENT_3D('',#691,#692,#693);
#691 = CARTESIAN_POINT('',(-22.,-32.,-178.8));
#692 = DIRECTION('',(0.,-3.310223024625E-16,-1.));
#693 = DIRECTION('',(1.,0.,0.));
#694 = ORIENTED_EDGE('',*,*,#695,.F.);
#695 = EDGE_CURVE('',#696,#687,#698,.T.);
#696 = VERTEX_POINT('',#697);
#697 = CARTESIAN_POINT('',(-3.827493293442,-38.59999999999,-178.8));
#698 = CIRCLE('',#699,22.);
#699 = AXIS2_PLACEMENT_3D('',#700,#701,#702);
#700 = CARTESIAN_POINT('',(-22.,-51.,-178.8));
#701 = DIRECTION('',(-0.,3.310223024625E-16,1.));
#702 = DIRECTION('',(1.,0.,0.));
#703 = ORIENTED_EDGE('',*,*,#704,.F.);
#704 = EDGE_CURVE('',#394,#696,#705,.T.);
#705 = LINE('',#706,#707);
#706 = CARTESIAN_POINT('',(3.827493293427,-38.59999999999,-178.8));
#707 = VECTOR('',#708,1.);
#708 = DIRECTION('',(-1.,0.,0.));
#709 = FACE_BOUND('',#710,.T.);
#710 = EDGE_LOOP('',(#711,#722,#731,#740,#749,#758,#767,#776,#799,#808)
  );
#711 = ORIENTED_EDGE('',*,*,#712,.F.);
#712 = EDGE_CURVE('',#713,#715,#717,.T.);
#713 = VERTEX_POINT('',#714);
#714 = CARTESIAN_POINT('',(-12.5,-3.433929668666,-178.8));
#715 = VERTEX_POINT('',#716);
#716 = CARTESIAN_POINT('',(-1.731659405942,-11.30860620214,-178.8));
#717 = CIRCLE('',#718,11.299999999998);
#718 = AXIS2_PLACEMENT_3D('',#719,#720,#721);
#719 = CARTESIAN_POINT('',(-12.5,-14.73392966866,-178.8));
#720 = DIRECTION('',(0.,-3.310223024625E-16,-1.));
#721 = DIRECTION('',(1.,0.,0.));
#722 = ORIENTED_EDGE('',*,*,#723,.T.);
#723 = EDGE_CURVE('',#713,#724,#726,.T.);
#724 = VERTEX_POINT('',#725);
#725 = CARTESIAN_POINT('',(-12.5,-1.033929668666,-178.8));
#726 = CIRCLE('',#727,1.2);
#727 = AXIS2_PLACEMENT_3D('',#728,#729,#730);
#728 = CARTESIAN_POINT('',(-12.5,-2.233929668666,-178.8));
#729 = DIRECTION('',(0.,-3.310223024625E-16,-1.));
#730 = DIRECTION('',(1.,0.,0.));
#731 = ORIENTED_EDGE('',*,*,#732,.T.);
#732 = EDGE_CURVE('',#724,#733,#735,.T.);
#733 = VERTEX_POINT('',#734);
#734 = CARTESIAN_POINT('',(-1.006711409396,-7.277769975294,-178.8));
#735 = CIRCLE('',#736,13.699999999998);
#736 = AXIS2_PLACEMENT_3D('',#737,#738,#739);
#737 = CARTESIAN_POINT('',(-12.5,-14.73392966866,-178.8));
#738 = DIRECTION('',(0.,-3.310223024625E-16,-1.));
#739 = DIRECTION('',(1.,0.,0.));
#740 = ORIENTED_EDGE('',*,*,#741,.F.);
#741 = EDGE_CURVE('',#742,#733,#744,.T.);
#742 = VERTEX_POINT('',#743);
#743 = CARTESIAN_POINT('',(1.006711409396,-7.277769975294,-178.8));
#744 = CIRCLE('',#745,1.2);
#745 = AXIS2_PLACEMENT_3D('',#746,#747,#748);
#746 = CARTESIAN_POINT('',(7.7E-16,-6.624675695582,-178.8));
#747 = DIRECTION('',(0.,-3.310223024625E-16,-1.));
#748 = DIRECTION('',(1.,0.,0.));
#749 = ORIENTED_EDGE('',*,*,#750,.T.);
#750 = EDGE_CURVE('',#742,#751,#753,.T.);
#751 = VERTEX_POINT('',#752);
#752 = CARTESIAN_POINT('',(12.5,-1.033929668666,-178.8));
#753 = CIRCLE('',#754,13.699999999998);
#754 = AXIS2_PLACEMENT_3D('',#755,#756,#757);
#755 = CARTESIAN_POINT('',(12.5,-14.73392966866,-178.8));
#756 = DIRECTION('',(0.,-3.310223024625E-16,-1.));
#757 = DIRECTION('',(1.,0.,0.));
#758 = ORIENTED_EDGE('',*,*,#759,.T.);
#759 = EDGE_CURVE('',#751,#760,#762,.T.);
#760 = VERTEX_POINT('',#761);
#761 = CARTESIAN_POINT('',(12.5,-3.433929668666,-178.8));
#762 = CIRCLE('',#763,1.2);
#763 = AXIS2_PLACEMENT_3D('',#764,#765,#766);
#764 = CARTESIAN_POINT('',(12.5,-2.233929668666,-178.8));
#765 = DIRECTION('',(0.,-3.310223024625E-16,-1.));
#766 = DIRECTION('',(1.,0.,0.));
#767 = ORIENTED_EDGE('',*,*,#768,.F.);
#768 = EDGE_CURVE('',#769,#760,#771,.T.);
#769 = VERTEX_POINT('',#770);
#770 = CARTESIAN_POINT('',(1.731659405942,-11.30860620214,-178.8));
#771 = CIRCLE('',#772,11.299999999998);
#772 = AXIS2_PLACEMENT_3D('',#773,#774,#775);
#773 = CARTESIAN_POINT('',(12.5,-14.73392966866,-178.8));
#774 = DIRECTION('',(0.,-3.310223024625E-16,-1.));
#775 = DIRECTION('',(1.,0.,0.));
#776 = ORIENTED_EDGE('',*,*,#777,.F.);
#777 = EDGE_CURVE('',#778,#769,#780,.T.);
#778 = VERTEX_POINT('',#779);
#779 = CARTESIAN_POINT('',(2.053714285716,-12.54709231013,-178.8));
#780 = B_SPLINE_CURVE_WITH_KNOTS('',5,(#781,#782,#783,#784,#785,#786,
    #787,#788,#789,#790,#791,#792,#793,#794,#795,#796,#797,#798),
  .UNSPECIFIED.,.F.,.F.,(6,4,4,4,6),(0.,0.148357163459,0.5,
    0.851642836541,1.),.UNSPECIFIED.);
#781 = CARTESIAN_POINT('',(2.053714285716,-12.54709231013,-178.8));
#782 = CARTESIAN_POINT('',(2.025218990034,-12.52033165709,-178.8));
#783 = CARTESIAN_POINT('',(1.997656336293,-12.49226326851,-178.8));
#784 = CARTESIAN_POINT('',(1.97113039565,-12.46293646746,-178.8));
#785 = CARTESIAN_POINT('',(1.945737687186,-12.43241352106,-178.8));
#786 = CARTESIAN_POINT('',(1.864277147257,-12.32576588843,-178.8));
#787 = CARTESIAN_POINT('',(1.813845609302,-12.2444540303,-178.8));
#788 = CARTESIAN_POINT('',(1.771468886021,-12.157856178,-178.8));
#789 = CARTESIAN_POINT('',(1.737995073027,-12.06731199237,-178.8));
#790 = CARTESIAN_POINT('',(1.689653060721,-11.88140917135,-178.8));
#791 = CARTESIAN_POINT('',(1.674779079501,-11.7860283012,-178.8));
#792 = CARTESIAN_POINT('',(1.669602641533,-11.68975691817,-178.8));
#793 = CARTESIAN_POINT('',(1.674035683179,-11.59417812118,-178.8));
#794 = CARTESIAN_POINT('',(1.693225115271,-11.46135755497,-178.8));
#795 = CARTESIAN_POINT('',(1.700532321369,-11.42233135046,-178.8));
#796 = CARTESIAN_POINT('',(1.709411895246,-11.38379772936,-178.8));
#797 = CARTESIAN_POINT('',(1.719809877045,-11.34585808923,-178.8));
#798 = CARTESIAN_POINT('',(1.731659405942,-11.30860620214,-178.8));
#799 = ORIENTED_EDGE('',*,*,#800,.T.);
#800 = EDGE_CURVE('',#778,#801,#803,.T.);
#801 = VERTEX_POINT('',#802);
#802 = CARTESIAN_POINT('',(-2.053714285716,-12.54709231013,-178.8));
#803 = CIRCLE('',#804,3.);
#804 = AXIS2_PLACEMENT_3D('',#805,#806,#807);
#805 = CARTESIAN_POINT('',(0.,-14.73392966866,-178.8));
#806 = DIRECTION('',(0.,-3.310223024625E-16,-1.));
#807 = DIRECTION('',(1.,0.,0.));
#808 = ORIENTED_EDGE('',*,*,#809,.F.);
#809 = EDGE_CURVE('',#715,#801,#810,.T.);
#810 = B_SPLINE_CURVE_WITH_KNOTS('',5,(#811,#812,#813,#814,#815,#816,
    #817,#818,#819,#820,#821,#822,#823,#824,#825,#826,#827,#828),
  .UNSPECIFIED.,.F.,.F.,(6,4,4,4,6),(0.,0.148357163459,0.5,
    0.851642836541,1.),.UNSPECIFIED.);
#811 = CARTESIAN_POINT('',(-1.731659405942,-11.30860620214,-178.8));
#812 = CARTESIAN_POINT('',(-1.719809877045,-11.34585808923,-178.8));
#813 = CARTESIAN_POINT('',(-1.709411895246,-11.38379772936,-178.8));
#814 = CARTESIAN_POINT('',(-1.700532321369,-11.42233135046,-178.8));
#815 = CARTESIAN_POINT('',(-1.693225115271,-11.46135755497,-178.8));
#816 = CARTESIAN_POINT('',(-1.674035683179,-11.59417812118,-178.8));
#817 = CARTESIAN_POINT('',(-1.669602641533,-11.68975691817,-178.8));
#818 = CARTESIAN_POINT('',(-1.674779079501,-11.7860283012,-178.8));
#819 = CARTESIAN_POINT('',(-1.689653060721,-11.88140917135,-178.8));
#820 = CARTESIAN_POINT('',(-1.737995073027,-12.06731199237,-178.8));
#821 = CARTESIAN_POINT('',(-1.771468886021,-12.157856178,-178.8));
#822 = CARTESIAN_POINT('',(-1.813845609302,-12.2444540303,-178.8));
#823 = CARTESIAN_POINT('',(-1.864277147257,-12.32576588843,-178.8));
#824 = CARTESIAN_POINT('',(-1.945737687186,-12.43241352106,-178.8));
#825 = CARTESIAN_POINT('',(-1.97113039565,-12.46293646746,-178.8));
#826 = CARTESIAN_POINT('',(-1.997656336293,-12.49226326851,-178.8));
#827 = CARTESIAN_POINT('',(-2.025218990034,-12.52033165709,-178.8));
#828 = CARTESIAN_POINT('',(-2.053714285716,-12.54709231013,-178.8));
#829 = PLANE('',#830);
#830 = AXIS2_PLACEMENT_3D('',#831,#832,#833);
#831 = CARTESIAN_POINT('',(1.012673122E-08,-24.31268701425,-178.8));
#832 = DIRECTION('',(0.,-7.925897769754E-14,1.));
#833 = DIRECTION('',(0.,-1.,-7.925897769754E-14));
#834 = ADVANCED_FACE('',(#835),#1094,.T.);
#835 = FACE_BOUND('',#836,.T.);
#836 = EDGE_LOOP('',(#837,#956,#965,#973,#979,#980,#988,#996,#1002,#1003
    ,#1011,#1019,#1025,#1026,#1034,#1042,#1048,#1049,#1055,#1056,#1064,
    #1070,#1071,#1079,#1087,#1093));
#837 = ORIENTED_EDGE('',*,*,#838,.T.);
#838 = EDGE_CURVE('',#135,#839,#841,.T.);
#839 = VERTEX_POINT('',#840);
#840 = CARTESIAN_POINT('',(63.3,-25.47093914104,-117.93245014));
#841 = B_SPLINE_CURVE_WITH_KNOTS('',8,(#842,#843,#844,#845,#846,#847,
    #848,#849,#850,#851,#852,#853,#854,#855,#856,#857,#858,#859,#860,
    #861,#862,#863,#864,#865,#866,#867,#868,#869,#870,#871,#872,#873,
    #874,#875,#876,#877,#878,#879,#880,#881,#882,#883,#884,#885,#886,
    #887,#888,#889,#890,#891,#892,#893,#894,#895,#896,#897,#898,#899,
    #900,#901,#902,#903,#904,#905,#906,#907,#908,#909,#910,#911,#912,
    #913,#914,#915,#916,#917,#918,#919,#920,#921,#922,#923,#924,#925,
    #926,#927,#928,#929,#930,#931,#932,#933,#934,#935,#936,#937,#938,
    #939,#940,#941,#942,#943,#944,#945,#946,#947,#948,#949,#950,#951,
    #952,#953,#954,#955),.UNSPECIFIED.,.F.,.F.,(9,7,7,7,7,7,7,7,7,7,7,7,
    7,7,7,7,9),(0.,3.400030133848E-02,5.300157368164E-02,
    7.800404179739E-02,0.382937141844,0.399939088584,0.423941825433,
    0.438943532468,0.467946828767,0.495950010545,0.524953305807,
    0.552956488072,0.576959218502,0.602962184249,0.742976609885,
    0.838989396093,1.),.UNSPECIFIED.);
#842 = CARTESIAN_POINT('',(63.3,-29.,-118.4327985647));
#843 = CARTESIAN_POINT('',(63.3,-29.,-118.4109227099));
#844 = CARTESIAN_POINT('',(63.3,-28.99969615671,-118.3890468329));
#845 = CARTESIAN_POINT('',(63.3,-28.99908846936,-118.3671758637));
#846 = CARTESIAN_POINT('',(63.3,-28.99817703288,-118.3453147276));
#847 = CARTESIAN_POINT('',(63.3,-28.99696203796,-118.3234683452));
#848 = CARTESIAN_POINT('',(63.3,-28.99544377102,-118.3016416323));
#849 = CARTESIAN_POINT('',(63.3,-28.9936226142,-118.2798395001));
#850 = CARTESIAN_POINT('',(63.3,-28.99031227622,-118.2458990817));
#851 = CARTESIAN_POINT('',(63.3,-28.98903105764,-118.2337405166));
#852 = CARTESIAN_POINT('',(63.3,-28.987655473,-118.2215920155));
#853 = CARTESIAN_POINT('',(63.3,-28.98618561496,-118.2094544329));
#854 = CARTESIAN_POINT('',(63.3,-28.98462158543,-118.1973286223));
#855 = CARTESIAN_POINT('',(63.3,-28.98296349562,-118.1852154361));
#856 = CARTESIAN_POINT('',(63.3,-28.98121146599,-118.1731157252));
#857 = CARTESIAN_POINT('',(63.3,-28.97693681268,-118.1451280119));
#858 = CARTESIAN_POINT('',(63.3,-28.97434557502,-118.1292504861));
#859 = CARTESIAN_POINT('',(63.3,-28.97159220897,-118.1133996993));
#860 = CARTESIAN_POINT('',(63.3,-28.96867703774,-118.0975775831));
#861 = CARTESIAN_POINT('',(63.3,-28.96560041205,-118.081786064));
#862 = CARTESIAN_POINT('',(63.3,-28.96236271015,-118.066027063));
#863 = CARTESIAN_POINT('',(63.3,-28.95896433779,-118.0503024962));
#864 = CARTESIAN_POINT('',(63.3,-28.91200449996,-117.8432788383));
#865 = CARTESIAN_POINT('',(63.3,-28.84472788609,-117.6571697192));
#866 = CARTESIAN_POINT('',(63.3,-28.75434832032,-117.4800532729));
#867 = CARTESIAN_POINT('',(63.3,-28.64236816556,-117.3152116749));
#868 = CARTESIAN_POINT('',(63.3,-28.51071282688,-117.1656150688));
#869 = CARTESIAN_POINT('',(63.3,-28.36177759155,-117.0338695207));
#870 = CARTESIAN_POINT('',(63.3,-28.1983654878,-116.922249245));
#871 = CARTESIAN_POINT('',(63.3,-28.01420432633,-116.827435372));
#872 = CARTESIAN_POINT('',(63.3,-28.00444367864,-116.8224956384));
#873 = CARTESIAN_POINT('',(63.3,-27.99464880029,-116.8176237377));
#874 = CARTESIAN_POINT('',(63.3,-27.98482024141,-116.8128199464));
#875 = CARTESIAN_POINT('',(63.3,-27.97495855472,-116.8080845357));
#876 = CARTESIAN_POINT('',(63.3,-27.96506429557,-116.8034177712));
#877 = CARTESIAN_POINT('',(63.3,-27.9551380219,-116.7988199132));
#878 = CARTESIAN_POINT('',(63.3,-27.9311223326,-116.787897766));
#879 = CARTESIAN_POINT('',(63.3,-27.91700168001,-116.7816421592));
#880 = CARTESIAN_POINT('',(63.3,-27.90281991419,-116.7755251138));
#881 = CARTESIAN_POINT('',(63.3,-27.88857862193,-116.7695473254));
#882 = CARTESIAN_POINT('',(63.3,-27.87427939911,-116.7637094674));
#883 = CARTESIAN_POINT('',(63.3,-27.85992385072,-116.7580121915));
#884 = CARTESIAN_POINT('',(63.3,-27.84551359084,-116.7524561274));
#885 = CARTESIAN_POINT('',(63.3,-27.82201065211,-116.7436579803));
#886 = CARTESIAN_POINT('',(63.3,-27.8129503237,-116.7403294761));
#887 = CARTESIAN_POINT('',(63.3,-27.80386965356,-116.7370565183));
#888 = CARTESIAN_POINT('',(63.3,-27.79476903906,-116.7338392517));
#889 = CARTESIAN_POINT('',(63.3,-27.78564887876,-116.7306778177));
#890 = CARTESIAN_POINT('',(63.3,-27.77650957241,-116.7275723545));
#891 = CARTESIAN_POINT('',(63.3,-27.76735152097,-116.7245229965));
#892 = CARTESIAN_POINT('',(63.3,-27.74043409992,-116.7157431743));
#893 = CARTESIAN_POINT('',(63.3,-27.72262450977,-116.7101666724));
#894 = CARTESIAN_POINT('',(63.3,-27.70474926388,-116.7048013177));
#895 = CARTESIAN_POINT('',(63.3,-27.6868112837,-116.6996480098));
#896 = CARTESIAN_POINT('',(63.3,-27.66881350436,-116.6947075996));
#897 = CARTESIAN_POINT('',(63.3,-27.65075887475,-116.6899808888));
#898 = CARTESIAN_POINT('',(63.3,-27.63265035743,-116.6854686307));
#899 = CARTESIAN_POINT('',(63.3,-27.59695768767,-116.6770226045));
#900 = CARTESIAN_POINT('',(63.3,-27.57937698317,-116.6730742532));
#901 = CARTESIAN_POINT('',(63.3,-27.56175149394,-116.6693271094));
#902 = CARTESIAN_POINT('',(63.3,-27.54408390718,-116.6657817639));
#903 = CARTESIAN_POINT('',(63.3,-27.5263769185,-116.662438764));
#904 = CARTESIAN_POINT('',(63.3,-27.50863323194,-116.6592986137));
#905 = CARTESIAN_POINT('',(63.3,-27.49085555996,-116.656361774));
#906 = CARTESIAN_POINT('',(63.3,-27.45460165356,-116.6507979395));
#907 = CARTESIAN_POINT('',(63.3,-27.43612314317,-116.6481857563));
#908 = CARTESIAN_POINT('',(63.3,-27.41761411536,-116.6457925765));
#909 = CARTESIAN_POINT('',(63.3,-27.39907759886,-116.6436188137));
#910 = CARTESIAN_POINT('',(63.3,-27.38051662797,-116.641664831));
#911 = CARTESIAN_POINT('',(63.3,-27.36193424261,-116.6399309411));
#912 = CARTESIAN_POINT('',(63.3,-27.34333348832,-116.6384174064));
#913 = CARTESIAN_POINT('',(63.3,-27.30674327725,-116.6358760563));
#914 = CARTESIAN_POINT('',(63.3,-27.28875485592,-116.6348332915));
#915 = CARTESIAN_POINT('',(63.3,-27.27075489837,-116.6339963351));
#916 = CARTESIAN_POINT('',(63.3,-27.25274615201,-116.6333653337));
#917 = CARTESIAN_POINT('',(63.3,-27.23473136554,-116.63294039));
#918 = CARTESIAN_POINT('',(63.3,-27.21671328897,-116.6327215625));
#919 = CARTESIAN_POINT('',(63.3,-27.19869467359,-116.6327088657));
#920 = CARTESIAN_POINT('',(63.3,-27.16523564023,-116.6330680455));
#921 = CARTESIAN_POINT('',(63.3,-27.14979463337,-116.6333852421));
#922 = CARTESIAN_POINT('',(63.3,-27.13435698447,-116.6338538415));
#923 = CARTESIAN_POINT('',(63.3,-27.11892442556,-116.6344738013));
#924 = CARTESIAN_POINT('',(63.3,-27.10349868757,-116.6352450553));
#925 = CARTESIAN_POINT('',(63.3,-27.08808150037,-116.6361675136));
#926 = CARTESIAN_POINT('',(63.3,-27.07267459275,-116.6372410626));
#927 = CARTESIAN_POINT('',(63.3,-27.04060187881,-116.6397921095));
#928 = CARTESIAN_POINT('',(63.3,-27.02393815549,-116.6412958148));
#929 = CARTESIAN_POINT('',(63.3,-27.00729071935,-116.642976506));
#930 = CARTESIAN_POINT('',(63.3,-26.99066176342,-116.6448339758));
#931 = CARTESIAN_POINT('',(63.3,-26.97405347692,-116.6468679844));
#932 = CARTESIAN_POINT('',(63.3,-26.95746804527,-116.6490782595));
#933 = CARTESIAN_POINT('',(63.3,-26.94090765008,-116.6514644962));
#934 = CARTESIAN_POINT('',(63.3,-26.83535063023,-116.6678208399));
#935 = CARTESIAN_POINT('',(63.3,-26.74711198619,-116.6867078696));
#936 = CARTESIAN_POINT('',(63.3,-26.66000406621,-116.7106346634));
#937 = CARTESIAN_POINT('',(63.3,-26.57436254501,-116.7395203496));
#938 = CARTESIAN_POINT('',(63.3,-26.49051387868,-116.7732583983));
#939 = CARTESIAN_POINT('',(63.3,-26.40877536319,-116.8117174882));
#940 = CARTESIAN_POINT('',(63.3,-26.32945461565,-116.8547408097));
#941 = CARTESIAN_POINT('',(63.3,-26.20031697166,-116.9346496952));
#942 = CARTESIAN_POINT('',(63.3,-26.14905991682,-116.9692163654));
#943 = CARTESIAN_POINT('',(63.3,-26.09917233575,-117.0057849541));
#944 = CARTESIAN_POINT('',(63.3,-26.05074536367,-117.0442919028));
#945 = CARTESIAN_POINT('',(63.3,-26.00386624887,-117.0846689553));
#946 = CARTESIAN_POINT('',(63.3,-25.95861835273,-117.1268431581));
#947 = CARTESIAN_POINT('',(63.3,-25.91508114968,-117.1707368601));
#948 = CARTESIAN_POINT('',(63.3,-25.80331516464,-117.2926216061));
#949 = CARTESIAN_POINT('',(63.3,-25.73831704302,-117.3735864556));
#950 = CARTESIAN_POINT('',(63.3,-25.67869830199,-117.4587695398));
#951 = CARTESIAN_POINT('',(63.3,-25.62477548499,-117.5477510729));
#952 = CARTESIAN_POINT('',(63.3,-25.57682396403,-117.6400874887));
#953 = CARTESIAN_POINT('',(63.3,-25.53507932855,-117.7353128499));
#954 = CARTESIAN_POINT('',(63.3,-25.49973543842,-117.8329383833));
#955 = CARTESIAN_POINT('',(63.3,-25.47093914104,-117.93245014));
#956 = ORIENTED_EDGE('',*,*,#957,.T.);
#957 = EDGE_CURVE('',#839,#958,#960,.T.);
#958 = VERTEX_POINT('',#959);
#959 = CARTESIAN_POINT('',(63.3,5.789843290181,-148.5777975652));
#960 = CIRCLE('',#961,44.545603449538);
#961 = AXIS2_PLACEMENT_3D('',#962,#963,#964);
#962 = CARTESIAN_POINT('',(63.3,17.319093838506,-105.5500487456));
#963 = DIRECTION('',(1.,0.,-0.));
#964 = DIRECTION('',(0.,1.110223024625E-16,1.));
#965 = ORIENTED_EDGE('',*,*,#966,.T.);
#966 = EDGE_CURVE('',#958,#967,#969,.T.);
#967 = VERTEX_POINT('',#968);
#968 = CARTESIAN_POINT('',(63.3,7.,-148.9020580783));
#969 = LINE('',#970,#971);
#970 = CARTESIAN_POINT('',(63.3,-14.90159625878,-143.0335430478));
#971 = VECTOR('',#972,1.);
#972 = DIRECTION('',(-0.,0.965925826289,-0.258819045103));
#973 = ORIENTED_EDGE('',*,*,#974,.F.);
#974 = EDGE_CURVE('',#517,#967,#975,.T.);
#975 = LINE('',#976,#977);
#976 = CARTESIAN_POINT('',(63.3,7.,-180.));
#977 = VECTOR('',#978,1.);
#978 = DIRECTION('',(0.,3.310223024625E-16,1.));
#979 = ORIENTED_EDGE('',*,*,#516,.T.);
#980 = ORIENTED_EDGE('',*,*,#981,.F.);
#981 = EDGE_CURVE('',#982,#509,#984,.T.);
#982 = VERTEX_POINT('',#983);
#983 = CARTESIAN_POINT('',(63.3,-2.233929668666,-167.));
#984 = LINE('',#985,#986);
#985 = CARTESIAN_POINT('',(63.3,-2.233929668666,-180.));
#986 = VECTOR('',#987,1.);
#987 = DIRECTION('',(0.,-3.310223024625E-16,-1.));
#988 = ORIENTED_EDGE('',*,*,#989,.F.);
#989 = EDGE_CURVE('',#990,#982,#992,.T.);
#990 = VERTEX_POINT('',#991);
#991 = CARTESIAN_POINT('',(63.3,-3.233929668666,-167.));
#992 = LINE('',#993,#994);
#993 = CARTESIAN_POINT('',(63.3,-31.5,-167.));
#994 = VECTOR('',#995,1.);
#995 = DIRECTION('',(0.,1.,-1.110223024625E-16));
#996 = ORIENTED_EDGE('',*,*,#997,.F.);
#997 = EDGE_CURVE('',#485,#990,#998,.T.);
#998 = LINE('',#999,#1000);
#999 = CARTESIAN_POINT('',(63.3,-3.233929668666,-180.));
#1000 = VECTOR('',#1001,1.);
#1001 = DIRECTION('',(0.,3.310223024625E-16,1.));
#1002 = ORIENTED_EDGE('',*,*,#484,.T.);
#1003 = ORIENTED_EDGE('',*,*,#1004,.F.);
#1004 = EDGE_CURVE('',#1005,#477,#1007,.T.);
#1005 = VERTEX_POINT('',#1006);
#1006 = CARTESIAN_POINT('',(63.3,-12.,-167.));
#1007 = LINE('',#1008,#1009);
#1008 = CARTESIAN_POINT('',(63.3,-12.,-180.));
#1009 = VECTOR('',#1010,1.);
#1010 = DIRECTION('',(0.,-3.310223024625E-16,-1.));
#1011 = ORIENTED_EDGE('',*,*,#1012,.F.);
#1012 = EDGE_CURVE('',#1013,#1005,#1015,.T.);
#1013 = VERTEX_POINT('',#1014);
#1014 = CARTESIAN_POINT('',(63.3,-13.,-167.));
#1015 = LINE('',#1016,#1017);
#1016 = CARTESIAN_POINT('',(63.3,-31.5,-167.));
#1017 = VECTOR('',#1018,1.);
#1018 = DIRECTION('',(0.,1.,-1.110223024625E-16));
#1019 = ORIENTED_EDGE('',*,*,#1020,.F.);
#1020 = EDGE_CURVE('',#453,#1013,#1021,.T.);
#1021 = LINE('',#1022,#1023);
#1022 = CARTESIAN_POINT('',(63.3,-13.,-180.));
#1023 = VECTOR('',#1024,1.);
#1024 = DIRECTION('',(0.,3.310223024625E-16,1.));
#1025 = ORIENTED_EDGE('',*,*,#452,.T.);
#1026 = ORIENTED_EDGE('',*,*,#1027,.F.);
#1027 = EDGE_CURVE('',#1028,#445,#1030,.T.);
#1028 = VERTEX_POINT('',#1029);
#1029 = CARTESIAN_POINT('',(63.3,-21.76607033133,-167.));
#1030 = LINE('',#1031,#1032);
#1031 = CARTESIAN_POINT('',(63.3,-21.76607033133,-180.));
#1032 = VECTOR('',#1033,1.);
#1033 = DIRECTION('',(0.,-3.310223024625E-16,-1.));
#1034 = ORIENTED_EDGE('',*,*,#1035,.F.);
#1035 = EDGE_CURVE('',#1036,#1028,#1038,.T.);
#1036 = VERTEX_POINT('',#1037);
#1037 = CARTESIAN_POINT('',(63.3,-22.76607033133,-167.));
#1038 = LINE('',#1039,#1040);
#1039 = CARTESIAN_POINT('',(63.3,-31.5,-167.));
#1040 = VECTOR('',#1041,1.);
#1041 = DIRECTION('',(0.,1.,-1.110223024625E-16));
#1042 = ORIENTED_EDGE('',*,*,#1043,.F.);
#1043 = EDGE_CURVE('',#421,#1036,#1044,.T.);
#1044 = LINE('',#1045,#1046);
#1045 = CARTESIAN_POINT('',(63.3,-22.76607033133,-180.));
#1046 = VECTOR('',#1047,1.);
#1047 = DIRECTION('',(0.,3.310223024625E-16,1.));
#1048 = ORIENTED_EDGE('',*,*,#420,.T.);
#1049 = ORIENTED_EDGE('',*,*,#1050,.T.);
#1050 = EDGE_CURVE('',#413,#330,#1051,.T.);
#1051 = LINE('',#1052,#1053);
#1052 = CARTESIAN_POINT('',(63.3,-24.09999999999,-178.8));
#1053 = VECTOR('',#1054,1.);
#1054 = DIRECTION('',(0.,-7.915897769754E-14,1.));
#1055 = ORIENTED_EDGE('',*,*,#337,.T.);
#1056 = ORIENTED_EDGE('',*,*,#1057,.F.);
#1057 = EDGE_CURVE('',#1058,#338,#1060,.T.);
#1058 = VERTEX_POINT('',#1059);
#1059 = CARTESIAN_POINT('',(63.3,-25.89999999999,-178.8));
#1060 = LINE('',#1061,#1062);
#1061 = CARTESIAN_POINT('',(63.3,-25.89999999999,-178.8));
#1062 = VECTOR('',#1063,1.);
#1063 = DIRECTION('',(0.,-7.915897769754E-14,1.));
#1064 = ORIENTED_EDGE('',*,*,#1065,.T.);
#1065 = EDGE_CURVE('',#1058,#207,#1066,.T.);
#1066 = LINE('',#1067,#1068);
#1067 = CARTESIAN_POINT('',(63.3,-36.13656600715,-178.8));
#1068 = VECTOR('',#1069,1.);
#1069 = DIRECTION('',(0.,-1.,3.410223024625E-16));
#1070 = ORIENTED_EDGE('',*,*,#206,.T.);
#1071 = ORIENTED_EDGE('',*,*,#1072,.F.);
#1072 = EDGE_CURVE('',#1073,#199,#1075,.T.);
#1073 = VERTEX_POINT('',#1074);
#1074 = CARTESIAN_POINT('',(63.3,-24.6,-139.8));
#1075 = LINE('',#1076,#1077);
#1076 = CARTESIAN_POINT('',(63.3,-24.6,-139.8));
#1077 = VECTOR('',#1078,1.);
#1078 = DIRECTION('',(0.,-1.,1.110223024625E-16));
#1079 = ORIENTED_EDGE('',*,*,#1080,.F.);
#1080 = EDGE_CURVE('',#1081,#1073,#1083,.T.);
#1081 = VERTEX_POINT('',#1082);
#1082 = CARTESIAN_POINT('',(63.3,-24.6,-130.6));
#1083 = LINE('',#1084,#1085);
#1084 = CARTESIAN_POINT('',(63.3,-24.6,-130.6));
#1085 = VECTOR('',#1086,1.);
#1086 = DIRECTION('',(0.,-1.110223024625E-16,-1.));
#1087 = ORIENTED_EDGE('',*,*,#1088,.F.);
#1088 = EDGE_CURVE('',#133,#1081,#1089,.T.);
#1089 = LINE('',#1090,#1091);
#1090 = CARTESIAN_POINT('',(63.3,-29.,-130.6));
#1091 = VECTOR('',#1092,1.);
#1092 = DIRECTION('',(0.,1.,-1.110223024625E-16));
#1093 = ORIENTED_EDGE('',*,*,#132,.T.);
#1094 = PLANE('',#1095);
#1095 = AXIS2_PLACEMENT_3D('',#1096,#1097,#1098);
#1096 = CARTESIAN_POINT('',(63.3,-50.5,-180.));
#1097 = DIRECTION('',(-1.,0.,0.));
#1098 = DIRECTION('',(-0.,1.,-3.310223024625E-16));
#1099 = ADVANCED_FACE('',(#1100),#1118,.F.);
#1100 = FACE_BOUND('',#1101,.F.);
#1101 = EDGE_LOOP('',(#1102,#1103,#1111,#1117));
#1102 = ORIENTED_EDGE('',*,*,#142,.T.);
#1103 = ORIENTED_EDGE('',*,*,#1104,.T.);
#1104 = EDGE_CURVE('',#143,#1105,#1107,.T.);
#1105 = VERTEX_POINT('',#1106);
#1106 = CARTESIAN_POINT('',(60.8,-24.6,-130.6));
#1107 = LINE('',#1108,#1109);
#1108 = CARTESIAN_POINT('',(60.8,-29.,-130.6));
#1109 = VECTOR('',#1110,1.);
#1110 = DIRECTION('',(0.,1.,-1.110223024625E-16));
#1111 = ORIENTED_EDGE('',*,*,#1112,.F.);
#1112 = EDGE_CURVE('',#1081,#1105,#1113,.T.);
#1113 = LINE('',#1114,#1115);
#1114 = CARTESIAN_POINT('',(63.3,-24.6,-130.6));
#1115 = VECTOR('',#1116,1.);
#1116 = DIRECTION('',(-1.,1.1E-16,1.1E-16));
#1117 = ORIENTED_EDGE('',*,*,#1088,.F.);
#1118 = PLANE('',#1119);
#1119 = AXIS2_PLACEMENT_3D('',#1120,#1121,#1122);
#1120 = CARTESIAN_POINT('',(63.3,-29.,-130.6));
#1121 = DIRECTION('',(-1.1E-16,1.089776975375E-16,-1.));
#1122 = DIRECTION('',(2.2E-16,1.,1.089776975375E-16));
#1123 = ADVANCED_FACE('',(#1124),#1142,.F.);
#1124 = FACE_BOUND('',#1125,.F.);
#1125 = EDGE_LOOP('',(#1126,#1134,#1135,#1136));
#1126 = ORIENTED_EDGE('',*,*,#1127,.F.);
#1127 = EDGE_CURVE('',#1105,#1128,#1130,.T.);
#1128 = VERTEX_POINT('',#1129);
#1129 = CARTESIAN_POINT('',(60.8,-24.6,-132.45));
#1130 = LINE('',#1131,#1132);
#1131 = CARTESIAN_POINT('',(60.8,-24.6,-130.6));
#1132 = VECTOR('',#1133,1.);
#1133 = DIRECTION('',(0.,-1.110223024625E-16,-1.));
#1134 = ORIENTED_EDGE('',*,*,#1104,.F.);
#1135 = ORIENTED_EDGE('',*,*,#150,.F.);
#1136 = ORIENTED_EDGE('',*,*,#1137,.T.);
#1137 = EDGE_CURVE('',#151,#1128,#1138,.T.);
#1138 = LINE('',#1139,#1140);
#1139 = CARTESIAN_POINT('',(60.8,-29.,-132.45));
#1140 = VECTOR('',#1141,1.);
#1141 = DIRECTION('',(0.,1.,-1.110223024625E-16));
#1142 = PLANE('',#1143);
#1143 = AXIS2_PLACEMENT_3D('',#1144,#1145,#1146);
#1144 = CARTESIAN_POINT('',(60.8,-26.8,-135.2));
#1145 = DIRECTION('',(1.,-8.548717289614E-32,-7.7E-16));
#1146 = DIRECTION('',(7.7E-16,1.110223024625E-16,1.));
#1147 = ADVANCED_FACE('',(#1148),#1166,.F.);
#1148 = FACE_BOUND('',#1149,.F.);
#1149 = EDGE_LOOP('',(#1150,#1158,#1164,#1165));
#1150 = ORIENTED_EDGE('',*,*,#1151,.T.);
#1151 = EDGE_CURVE('',#159,#1152,#1154,.T.);
#1152 = VERTEX_POINT('',#1153);
#1153 = CARTESIAN_POINT('',(59.6,-24.6,-132.45));
#1154 = LINE('',#1155,#1156);
#1155 = CARTESIAN_POINT('',(59.6,-29.,-132.45));
#1156 = VECTOR('',#1157,1.);
#1157 = DIRECTION('',(0.,1.,-1.110223024625E-16));
#1158 = ORIENTED_EDGE('',*,*,#1159,.F.);
#1159 = EDGE_CURVE('',#1128,#1152,#1160,.T.);
#1160 = LINE('',#1161,#1162);
#1161 = CARTESIAN_POINT('',(60.8,-24.6,-132.45));
#1162 = VECTOR('',#1163,1.);
#1163 = DIRECTION('',(-1.,0.,0.));
#1164 = ORIENTED_EDGE('',*,*,#1137,.F.);
#1165 = ORIENTED_EDGE('',*,*,#158,.T.);
#1166 = PLANE('',#1167);
#1167 = AXIS2_PLACEMENT_3D('',#1168,#1169,#1170);
#1168 = CARTESIAN_POINT('',(60.8,-29.,-132.45));
#1169 = DIRECTION('',(-0.,-1.110223024625E-16,-1.));
#1170 = DIRECTION('',(0.,1.,-1.110223024625E-16));
#1171 = ADVANCED_FACE('',(#1172),#1206,.F.);
#1172 = FACE_BOUND('',#1173,.F.);
#1173 = EDGE_LOOP('',(#1174,#1182,#1190,#1198,#1204,#1205));
#1174 = ORIENTED_EDGE('',*,*,#1175,.F.);
#1175 = EDGE_CURVE('',#1176,#167,#1178,.T.);
#1176 = VERTEX_POINT('',#1177);
#1177 = CARTESIAN_POINT('',(59.6,-24.6,-136.45));
#1178 = LINE('',#1179,#1180);
#1179 = CARTESIAN_POINT('',(59.6,-24.1,-136.45));
#1180 = VECTOR('',#1181,1.);
#1181 = DIRECTION('',(0.,-1.,1.110223024625E-16));
#1182 = ORIENTED_EDGE('',*,*,#1183,.T.);
#1183 = EDGE_CURVE('',#1176,#1184,#1186,.T.);
#1184 = VERTEX_POINT('',#1185);
#1185 = CARTESIAN_POINT('',(59.6,-24.1,-135.95));
#1186 = LINE('',#1187,#1188);
#1187 = CARTESIAN_POINT('',(59.6,-24.4625,-136.3125));
#1188 = VECTOR('',#1189,1.);
#1189 = DIRECTION('',(0.,0.707106781187,0.707106781187));
#1190 = ORIENTED_EDGE('',*,*,#1191,.F.);
#1191 = EDGE_CURVE('',#1192,#1184,#1194,.T.);
#1192 = VERTEX_POINT('',#1193);
#1193 = CARTESIAN_POINT('',(59.6,-24.1,-132.95));
#1194 = LINE('',#1195,#1196);
#1195 = CARTESIAN_POINT('',(59.6,-24.1,-132.45));
#1196 = VECTOR('',#1197,1.);
#1197 = DIRECTION('',(0.,-1.110223024625E-16,-1.));
#1198 = ORIENTED_EDGE('',*,*,#1199,.F.);
#1199 = EDGE_CURVE('',#1152,#1192,#1200,.T.);
#1200 = LINE('',#1201,#1202);
#1201 = CARTESIAN_POINT('',(59.6,-24.4625,-132.5875));
#1202 = VECTOR('',#1203,1.);
#1203 = DIRECTION('',(0.,0.707106781187,-0.707106781187));
#1204 = ORIENTED_EDGE('',*,*,#1151,.F.);
#1205 = ORIENTED_EDGE('',*,*,#166,.F.);
#1206 = PLANE('',#1207);
#1207 = AXIS2_PLACEMENT_3D('',#1208,#1209,#1210);
#1208 = CARTESIAN_POINT('',(59.6,-26.55,-134.45));
#1209 = DIRECTION('',(1.,0.,0.));
#1210 = DIRECTION('',(0.,-1.,1.110223024625E-16));
#1211 = ADVANCED_FACE('',(#1212),#1230,.F.);
#1212 = FACE_BOUND('',#1213,.F.);
#1213 = EDGE_LOOP('',(#1214,#1215,#1216,#1224));
#1214 = ORIENTED_EDGE('',*,*,#1175,.T.);
#1215 = ORIENTED_EDGE('',*,*,#174,.F.);
#1216 = ORIENTED_EDGE('',*,*,#1217,.F.);
#1217 = EDGE_CURVE('',#1218,#175,#1220,.T.);
#1218 = VERTEX_POINT('',#1219);
#1219 = CARTESIAN_POINT('',(60.8,-24.6,-136.45));
#1220 = LINE('',#1221,#1222);
#1221 = CARTESIAN_POINT('',(60.8,-24.1,-136.45));
#1222 = VECTOR('',#1223,1.);
#1223 = DIRECTION('',(0.,-1.,1.110223024625E-16));
#1224 = ORIENTED_EDGE('',*,*,#1225,.T.);
#1225 = EDGE_CURVE('',#1218,#1176,#1226,.T.);
#1226 = LINE('',#1227,#1228);
#1227 = CARTESIAN_POINT('',(60.8,-24.6,-136.45));
#1228 = VECTOR('',#1229,1.);
#1229 = DIRECTION('',(-1.,0.,0.));
#1230 = PLANE('',#1231);
#1231 = AXIS2_PLACEMENT_3D('',#1232,#1233,#1234);
#1232 = CARTESIAN_POINT('',(60.8,-24.1,-136.45));
#1233 = DIRECTION('',(0.,1.110223024625E-16,1.));
#1234 = DIRECTION('',(0.,-1.,1.110223024625E-16));
#1235 = ADVANCED_FACE('',(#1236),#1254,.F.);
#1236 = FACE_BOUND('',#1237,.F.);
#1237 = EDGE_LOOP('',(#1238,#1246,#1247,#1248));
#1238 = ORIENTED_EDGE('',*,*,#1239,.F.);
#1239 = EDGE_CURVE('',#1218,#1240,#1242,.T.);
#1240 = VERTEX_POINT('',#1241);
#1241 = CARTESIAN_POINT('',(60.8,-24.6,-138.3));
#1242 = LINE('',#1243,#1244);
#1243 = CARTESIAN_POINT('',(60.8,-24.6,-130.6));
#1244 = VECTOR('',#1245,1.);
#1245 = DIRECTION('',(0.,-1.110223024625E-16,-1.));
#1246 = ORIENTED_EDGE('',*,*,#1217,.T.);
#1247 = ORIENTED_EDGE('',*,*,#182,.F.);
#1248 = ORIENTED_EDGE('',*,*,#1249,.F.);
#1249 = EDGE_CURVE('',#1240,#183,#1250,.T.);
#1250 = LINE('',#1251,#1252);
#1251 = CARTESIAN_POINT('',(60.8,-24.6,-138.3));
#1252 = VECTOR('',#1253,1.);
#1253 = DIRECTION('',(-2.2E-16,-1.,-1.089776975375E-16));
#1254 = PLANE('',#1255);
#1255 = AXIS2_PLACEMENT_3D('',#1256,#1257,#1258);
#1256 = CARTESIAN_POINT('',(60.8,-26.8,-135.2));
#1257 = DIRECTION('',(1.,-8.548717289614E-32,-7.7E-16));
#1258 = DIRECTION('',(7.7E-16,1.110223024625E-16,1.));
#1259 = ADVANCED_FACE('',(#1260),#1278,.T.);
#1260 = FACE_BOUND('',#1261,.T.);
#1261 = EDGE_LOOP('',(#1262,#1270,#1276,#1277));
#1262 = ORIENTED_EDGE('',*,*,#1263,.F.);
#1263 = EDGE_CURVE('',#1264,#1240,#1266,.T.);
#1264 = VERTEX_POINT('',#1265);
#1265 = CARTESIAN_POINT('',(63.05,-24.6,-139.8));
#1266 = LINE('',#1267,#1268);
#1267 = CARTESIAN_POINT('',(60.450961538461,-24.6,-138.0673076923));
#1268 = VECTOR('',#1269,1.);
#1269 = DIRECTION('',(-0.832050294338,3.158409296133E-17,0.554700196225)
  );
#1270 = ORIENTED_EDGE('',*,*,#1271,.T.);
#1271 = EDGE_CURVE('',#1264,#191,#1272,.T.);
#1272 = LINE('',#1273,#1274);
#1273 = CARTESIAN_POINT('',(63.05,-24.6,-139.8));
#1274 = VECTOR('',#1275,1.);
#1275 = DIRECTION('',(-2.2E-16,-1.,-1.089776975375E-16));
#1276 = ORIENTED_EDGE('',*,*,#190,.T.);
#1277 = ORIENTED_EDGE('',*,*,#1249,.F.);
#1278 = PLANE('',#1279);
#1279 = AXIS2_PLACEMENT_3D('',#1280,#1281,#1282);
#1280 = CARTESIAN_POINT('',(61.925,-24.6,-139.05));
#1281 = DIRECTION('',(-0.554700196225,-9.2376139442E-17,-0.832050294338)
  );
#1282 = DIRECTION('',(-4.846153846154E-17,-1.,1.433299947702E-16));
#1283 = ADVANCED_FACE('',(#1284),#1295,.F.);
#1284 = FACE_BOUND('',#1285,.F.);
#1285 = EDGE_LOOP('',(#1286,#1292,#1293,#1294));
#1286 = ORIENTED_EDGE('',*,*,#1287,.T.);
#1287 = EDGE_CURVE('',#1073,#1264,#1288,.T.);
#1288 = LINE('',#1289,#1290);
#1289 = CARTESIAN_POINT('',(63.3,-24.6,-139.8));
#1290 = VECTOR('',#1291,1.);
#1291 = DIRECTION('',(-1.,1.1E-16,1.1E-16));
#1292 = ORIENTED_EDGE('',*,*,#1271,.T.);
#1293 = ORIENTED_EDGE('',*,*,#198,.F.);
#1294 = ORIENTED_EDGE('',*,*,#1072,.F.);
#1295 = PLANE('',#1296);
#1296 = AXIS2_PLACEMENT_3D('',#1297,#1298,#1299);
#1297 = CARTESIAN_POINT('',(63.3,-24.6,-139.8));
#1298 = DIRECTION('',(1.1E-16,-1.089776975375E-16,1.));
#1299 = DIRECTION('',(-2.2E-16,-1.,-1.089776975375E-16));
#1300 = ADVANCED_FACE('',(#1301),#1319,.T.);
#1301 = FACE_BOUND('',#1302,.T.);
#1302 = EDGE_LOOP('',(#1303,#1311,#1312,#1313));
#1303 = ORIENTED_EDGE('',*,*,#1304,.F.);
#1304 = EDGE_CURVE('',#40,#1305,#1307,.T.);
#1305 = VERTEX_POINT('',#1306);
#1306 = CARTESIAN_POINT('',(60.3,-25.89999999999,-178.8));
#1307 = LINE('',#1308,#1309);
#1308 = CARTESIAN_POINT('',(57.1,-28.99999999999,-178.8));
#1309 = VECTOR('',#1310,1.);
#1310 = DIRECTION('',(0.718240222789,0.695795215827,5.489057326343E-14)
  );
#1311 = ORIENTED_EDGE('',*,*,#214,.T.);
#1312 = ORIENTED_EDGE('',*,*,#1065,.F.);
#1313 = ORIENTED_EDGE('',*,*,#1314,.T.);
#1314 = EDGE_CURVE('',#1058,#1305,#1315,.T.);
#1315 = LINE('',#1316,#1317);
#1316 = CARTESIAN_POINT('',(63.3,-25.89999999999,-178.8));
#1317 = VECTOR('',#1318,1.);
#1318 = DIRECTION('',(-1.,0.,0.));
#1319 = PLANE('',#1320);
#1320 = AXIS2_PLACEMENT_3D('',#1321,#1322,#1323);
#1321 = CARTESIAN_POINT('',(1.012673122E-08,-24.31268701425,-178.8));
#1322 = DIRECTION('',(0.,-7.925897769754E-14,1.));
#1323 = DIRECTION('',(0.,-1.,-7.925897769754E-14));
#1324 = ADVANCED_FACE('',(#1325),#1344,.F.);
#1325 = FACE_BOUND('',#1326,.F.);
#1326 = EDGE_LOOP('',(#1327,#1336,#1342,#1343));
#1327 = ORIENTED_EDGE('',*,*,#1328,.F.);
#1328 = EDGE_CURVE('',#1329,#230,#1331,.T.);
#1329 = VERTEX_POINT('',#1330);
#1330 = CARTESIAN_POINT('',(15.276328664138,-30.05263157894,-180.));
#1331 = CIRCLE('',#1332,7.);
#1332 = AXIS2_PLACEMENT_3D('',#1333,#1334,#1335);
#1333 = CARTESIAN_POINT('',(22.,-32.,-180.));
#1334 = DIRECTION('',(0.,-1.110223024625E-16,-1.));
#1335 = DIRECTION('',(1.,0.,0.));
#1336 = ORIENTED_EDGE('',*,*,#1337,.F.);
#1337 = EDGE_CURVE('',#392,#1329,#1338,.T.);
#1338 = LINE('',#1339,#1340);
#1339 = CARTESIAN_POINT('',(15.276328664138,-30.05263157894,-180.));
#1340 = VECTOR('',#1341,1.);
#1341 = DIRECTION('',(0.,-3.310223024625E-16,-1.));
#1342 = ORIENTED_EDGE('',*,*,#402,.T.);
#1343 = ORIENTED_EDGE('',*,*,#229,.T.);
#1344 = CYLINDRICAL_SURFACE('',#1345,7.);
#1345 = AXIS2_PLACEMENT_3D('',#1346,#1347,#1348);
#1346 = CARTESIAN_POINT('',(22.,-32.,-180.));
#1347 = DIRECTION('',(0.,-3.310223024625E-16,-1.));
#1348 = DIRECTION('',(1.,0.,0.));
#1349 = ADVANCED_FACE('',(#1350,#1460,#1494,#1528,#1562,#1596,#1630,
    #1750),#1784,.T.);
#1350 = FACE_BOUND('',#1351,.T.);
#1351 = EDGE_LOOP('',(#1352,#1363,#1372,#1380,#1388,#1397,#1405,#1414,
    #1420,#1421,#1422,#1431));
#1352 = ORIENTED_EDGE('',*,*,#1353,.T.);
#1353 = EDGE_CURVE('',#1354,#1356,#1358,.T.);
#1354 = VERTEX_POINT('',#1355);
#1355 = CARTESIAN_POINT('',(-0.58407079646,-45.96432960282,-180.));
#1356 = VERTEX_POINT('',#1357);
#1357 = CARTESIAN_POINT('',(-15.27632866413,-30.05263157894,-180.));
#1358 = CIRCLE('',#1359,22.);
#1359 = AXIS2_PLACEMENT_3D('',#1360,#1361,#1362);
#1360 = CARTESIAN_POINT('',(-22.,-51.,-180.));
#1361 = DIRECTION('',(-0.,3.310223024625E-16,1.));
#1362 = DIRECTION('',(1.,0.,0.));
#1363 = ORIENTED_EDGE('',*,*,#1364,.F.);
#1364 = EDGE_CURVE('',#1365,#1356,#1367,.T.);
#1365 = VERTEX_POINT('',#1366);
#1366 = CARTESIAN_POINT('',(-28.32455532033,-29.,-180.));
#1367 = CIRCLE('',#1368,7.);
#1368 = AXIS2_PLACEMENT_3D('',#1369,#1370,#1371);
#1369 = CARTESIAN_POINT('',(-22.,-32.,-180.));
#1370 = DIRECTION('',(0.,-1.110223024625E-16,-1.));
#1371 = DIRECTION('',(1.,0.,0.));
#1372 = ORIENTED_EDGE('',*,*,#1373,.T.);
#1373 = EDGE_CURVE('',#1365,#1374,#1376,.T.);
#1374 = VERTEX_POINT('',#1375);
#1375 = CARTESIAN_POINT('',(-64.5,-29.,-180.));
#1376 = LINE('',#1377,#1378);
#1377 = CARTESIAN_POINT('',(-34.,-29.,-180.));
#1378 = VECTOR('',#1379,1.);
#1379 = DIRECTION('',(-1.,0.,0.));
#1380 = ORIENTED_EDGE('',*,*,#1381,.T.);
#1381 = EDGE_CURVE('',#1374,#1382,#1384,.T.);
#1382 = VERTEX_POINT('',#1383);
#1383 = CARTESIAN_POINT('',(-64.5,7.,-180.));
#1384 = LINE('',#1385,#1386);
#1385 = CARTESIAN_POINT('',(-64.5,-50.5,-180.));
#1386 = VECTOR('',#1387,1.);
#1387 = DIRECTION('',(0.,1.,1.089776975375E-16));
#1388 = ORIENTED_EDGE('',*,*,#1389,.F.);
#1389 = EDGE_CURVE('',#1390,#1382,#1392,.T.);
#1390 = VERTEX_POINT('',#1391);
#1391 = CARTESIAN_POINT('',(-56.5,15.,-180.));
#1392 = CIRCLE('',#1393,8.);
#1393 = AXIS2_PLACEMENT_3D('',#1394,#1395,#1396);
#1394 = CARTESIAN_POINT('',(-56.5,7.,-180.));
#1395 = DIRECTION('',(0.,-1.089776975375E-16,1.));
#1396 = DIRECTION('',(-1.,0.,0.));
#1397 = ORIENTED_EDGE('',*,*,#1398,.F.);
#1398 = EDGE_CURVE('',#1399,#1390,#1401,.T.);
#1399 = VERTEX_POINT('',#1400);
#1400 = CARTESIAN_POINT('',(56.5,15.,-180.));
#1401 = LINE('',#1402,#1403);
#1402 = CARTESIAN_POINT('',(0.,15.,-180.));
#1403 = VECTOR('',#1404,1.);
#1404 = DIRECTION('',(-1.,0.,0.));
#1405 = ORIENTED_EDGE('',*,*,#1406,.T.);
#1406 = EDGE_CURVE('',#1399,#1407,#1409,.T.);
#1407 = VERTEX_POINT('',#1408);
#1408 = CARTESIAN_POINT('',(64.5,7.,-180.));
#1409 = CIRCLE('',#1410,8.);
#1410 = AXIS2_PLACEMENT_3D('',#1411,#1412,#1413);
#1411 = CARTESIAN_POINT('',(56.5,7.,-180.));
#1412 = DIRECTION('',(0.,1.089776975375E-16,-1.));
#1413 = DIRECTION('',(1.,0.,0.));
#1414 = ORIENTED_EDGE('',*,*,#1415,.F.);
#1415 = EDGE_CURVE('',#238,#1407,#1416,.T.);
#1416 = LINE('',#1417,#1418);
#1417 = CARTESIAN_POINT('',(64.5,-50.5,-180.));
#1418 = VECTOR('',#1419,1.);
#1419 = DIRECTION('',(0.,1.,1.089776975375E-16));
#1420 = ORIENTED_EDGE('',*,*,#237,.T.);
#1421 = ORIENTED_EDGE('',*,*,#1328,.F.);
#1422 = ORIENTED_EDGE('',*,*,#1423,.T.);
#1423 = EDGE_CURVE('',#1329,#1424,#1426,.T.);
#1424 = VERTEX_POINT('',#1425);
#1425 = CARTESIAN_POINT('',(0.58407079646,-45.96432960282,-180.));
#1426 = CIRCLE('',#1427,22.);
#1427 = AXIS2_PLACEMENT_3D('',#1428,#1429,#1430);
#1428 = CARTESIAN_POINT('',(22.,-51.,-180.));
#1429 = DIRECTION('',(-0.,3.310223024625E-16,1.));
#1430 = DIRECTION('',(1.,0.,0.));
#1431 = ORIENTED_EDGE('',*,*,#1432,.T.);
#1432 = EDGE_CURVE('',#1424,#1354,#1433,.T.);
#1433 = B_SPLINE_CURVE_WITH_KNOTS('',5,(#1434,#1435,#1436,#1437,#1438,
    #1439,#1440,#1441,#1442,#1443,#1444,#1445,#1446,#1447,#1448,#1449,
    #1450,#1451,#1452,#1453,#1454,#1455,#1456,#1457,#1458,#1459),
  .UNSPECIFIED.,.F.,.F.,(6,4,4,4,4,4,6),(0.,0.230999894846,
    0.471999608609,0.510999996523,0.532000205553,0.766000225426,1.),
  .UNSPECIFIED.);
#1434 = CARTESIAN_POINT('',(0.58407079646,-45.96432960282,-180.));
#1435 = CARTESIAN_POINT('',(0.567070035339,-46.03663121668,-180.));
#1436 = CARTESIAN_POINT('',(0.538878994339,-46.1063145243,-180.));
#1437 = CARTESIAN_POINT('',(0.500035732994,-46.17104933423,-180.));
#1438 = CARTESIAN_POINT('',(0.45181559688,-46.22871498383,-180.));
#1439 = CARTESIAN_POINT('',(0.337791773716,-46.32889208564,-180.));
#1440 = CARTESIAN_POINT('',(0.271311270272,-46.37064492523,-180.));
#1441 = CARTESIAN_POINT('',(0.198599973595,-46.40121005919,-180.));
#1442 = CARTESIAN_POINT('',(0.122255193188,-46.419495754,-180.));
#1443 = CARTESIAN_POINT('',(3.247113728582E-02,-46.42624509027,-180.));
#1444 = CARTESIAN_POINT('',(1.99408158331E-02,-46.42685844549,-180.));
#1445 = CARTESIAN_POINT('',(7.397324037539E-03,-46.4271442047,-180.));
#1446 = CARTESIAN_POINT('',(-5.147929585968E-03,-46.427102108,-180.));
#1447 = CARTESIAN_POINT('',(-2.443345783165E-02,-46.42653346751,-180.));
#1448 = CARTESIAN_POINT('',(-3.118059293167E-02,-46.42623948203,-180.));
#1449 = CARTESIAN_POINT('',(-3.792314636502E-02,-46.4258505878,-180.));
#1450 = CARTESIAN_POINT('',(-4.46593391758E-02,-46.42536688742,-180.));
#1451 = CARTESIAN_POINT('',(-0.126356423688,-46.41834408262,-180.));
#1452 = CARTESIAN_POINT('',(-0.200318982092,-46.40014748465,-180.));
#1453 = CARTESIAN_POINT('',(-0.270806530053,-46.37040593513,-180.));
#1454 = CARTESIAN_POINT('',(-0.335448882877,-46.33011943757,-180.));
#1455 = CARTESIAN_POINT('',(-0.449301266023,-46.23170338858,-180.));
#1456 = CARTESIAN_POINT('',(-0.498516895739,-46.17356894001,-180.));
#1457 = CARTESIAN_POINT('',(-0.538144881661,-46.10812411752,-180.));
#1458 = CARTESIAN_POINT('',(-0.56684925453,-46.03757016339,-180.));
#1459 = CARTESIAN_POINT('',(-0.58407079646,-45.96432960282,-180.));
#1460 = FACE_BOUND('',#1461,.T.);
#1461 = EDGE_LOOP('',(#1462,#1472,#1480,#1488));
#1462 = ORIENTED_EDGE('',*,*,#1463,.T.);
#1463 = EDGE_CURVE('',#1464,#1466,#1468,.T.);
#1464 = VERTEX_POINT('',#1465);
#1465 = CARTESIAN_POINT('',(-38.5,-21.76607033133,-180.));
#1466 = VERTEX_POINT('',#1467);
#1467 = CARTESIAN_POINT('',(-63.3,-21.76607033133,-180.));
#1468 = LINE('',#1469,#1470);
#1469 = CARTESIAN_POINT('',(-38.5,-21.76607033133,-180.));
#1470 = VECTOR('',#1471,1.);
#1471 = DIRECTION('',(-1.,-0.,0.));
#1472 = ORIENTED_EDGE('',*,*,#1473,.T.);
#1473 = EDGE_CURVE('',#1466,#1474,#1476,.T.);
#1474 = VERTEX_POINT('',#1475);
#1475 = CARTESIAN_POINT('',(-63.3,-22.76607033133,-180.));
#1476 = LINE('',#1477,#1478);
#1477 = CARTESIAN_POINT('',(-63.3,-2.233929668666,-180.));
#1478 = VECTOR('',#1479,1.);
#1479 = DIRECTION('',(0.,-1.,1.110223024625E-16));
#1480 = ORIENTED_EDGE('',*,*,#1481,.T.);
#1481 = EDGE_CURVE('',#1474,#1482,#1484,.T.);
#1482 = VERTEX_POINT('',#1483);
#1483 = CARTESIAN_POINT('',(-38.5,-22.76607033133,-180.));
#1484 = LINE('',#1485,#1486);
#1485 = CARTESIAN_POINT('',(-64.5,-22.76607033133,-180.));
#1486 = VECTOR('',#1487,1.);
#1487 = DIRECTION('',(1.,0.,0.));
#1488 = ORIENTED_EDGE('',*,*,#1489,.T.);
#1489 = EDGE_CURVE('',#1482,#1464,#1490,.T.);
#1490 = LINE('',#1491,#1492);
#1491 = CARTESIAN_POINT('',(-38.5,-22.76607033133,-180.));
#1492 = VECTOR('',#1493,1.);
#1493 = DIRECTION('',(0.,1.,-1.110223024625E-16));
#1494 = FACE_BOUND('',#1495,.T.);
#1495 = EDGE_LOOP('',(#1496,#1506,#1514,#1522));
#1496 = ORIENTED_EDGE('',*,*,#1497,.T.);
#1497 = EDGE_CURVE('',#1498,#1500,#1502,.T.);
#1498 = VERTEX_POINT('',#1499);
#1499 = CARTESIAN_POINT('',(-38.5,-12.,-180.));
#1500 = VERTEX_POINT('',#1501);
#1501 = CARTESIAN_POINT('',(-63.3,-12.,-180.));
#1502 = LINE('',#1503,#1504);
#1503 = CARTESIAN_POINT('',(-38.5,-12.,-180.));
#1504 = VECTOR('',#1505,1.);
#1505 = DIRECTION('',(-1.,-0.,0.));
#1506 = ORIENTED_EDGE('',*,*,#1507,.T.);
#1507 = EDGE_CURVE('',#1500,#1508,#1510,.T.);
#1508 = VERTEX_POINT('',#1509);
#1509 = CARTESIAN_POINT('',(-63.3,-13.,-180.));
#1510 = LINE('',#1511,#1512);
#1511 = CARTESIAN_POINT('',(-63.3,-2.233929668666,-180.));
#1512 = VECTOR('',#1513,1.);
#1513 = DIRECTION('',(0.,-1.,1.110223024625E-16));
#1514 = ORIENTED_EDGE('',*,*,#1515,.T.);
#1515 = EDGE_CURVE('',#1508,#1516,#1518,.T.);
#1516 = VERTEX_POINT('',#1517);
#1517 = CARTESIAN_POINT('',(-38.5,-13.,-180.));
#1518 = LINE('',#1519,#1520);
#1519 = CARTESIAN_POINT('',(-64.5,-13.,-180.));
#1520 = VECTOR('',#1521,1.);
#1521 = DIRECTION('',(1.,0.,0.));
#1522 = ORIENTED_EDGE('',*,*,#1523,.T.);
#1523 = EDGE_CURVE('',#1516,#1498,#1524,.T.);
#1524 = LINE('',#1525,#1526);
#1525 = CARTESIAN_POINT('',(-38.5,-13.,-180.));
#1526 = VECTOR('',#1527,1.);
#1527 = DIRECTION('',(0.,1.,-1.110223024625E-16));
#1528 = FACE_BOUND('',#1529,.T.);
#1529 = EDGE_LOOP('',(#1530,#1540,#1548,#1556));
#1530 = ORIENTED_EDGE('',*,*,#1531,.T.);
#1531 = EDGE_CURVE('',#1532,#1534,#1536,.T.);
#1532 = VERTEX_POINT('',#1533);
#1533 = CARTESIAN_POINT('',(-38.5,-2.233929668666,-180.));
#1534 = VERTEX_POINT('',#1535);
#1535 = CARTESIAN_POINT('',(-63.3,-2.233929668666,-180.));
#1536 = LINE('',#1537,#1538);
#1537 = CARTESIAN_POINT('',(-38.5,-2.233929668666,-180.));
#1538 = VECTOR('',#1539,1.);
#1539 = DIRECTION('',(-1.,-0.,0.));
#1540 = ORIENTED_EDGE('',*,*,#1541,.T.);
#1541 = EDGE_CURVE('',#1534,#1542,#1544,.T.);
#1542 = VERTEX_POINT('',#1543);
#1543 = CARTESIAN_POINT('',(-63.3,-3.233929668666,-180.));
#1544 = LINE('',#1545,#1546);
#1545 = CARTESIAN_POINT('',(-63.3,-2.233929668666,-180.));
#1546 = VECTOR('',#1547,1.);
#1547 = DIRECTION('',(0.,-1.,1.110223024625E-16));
#1548 = ORIENTED_EDGE('',*,*,#1549,.T.);
#1549 = EDGE_CURVE('',#1542,#1550,#1552,.T.);
#1550 = VERTEX_POINT('',#1551);
#1551 = CARTESIAN_POINT('',(-38.5,-3.233929668666,-180.));
#1552 = LINE('',#1553,#1554);
#1553 = CARTESIAN_POINT('',(-64.5,-3.233929668666,-180.));
#1554 = VECTOR('',#1555,1.);
#1555 = DIRECTION('',(1.,0.,0.));
#1556 = ORIENTED_EDGE('',*,*,#1557,.T.);
#1557 = EDGE_CURVE('',#1550,#1532,#1558,.T.);
#1558 = LINE('',#1559,#1560);
#1559 = CARTESIAN_POINT('',(-38.5,-3.233929668666,-180.));
#1560 = VECTOR('',#1561,1.);
#1561 = DIRECTION('',(0.,1.,-1.110223024625E-16));
#1562 = FACE_BOUND('',#1563,.T.);
#1563 = EDGE_LOOP('',(#1564,#1574,#1582,#1590));
#1564 = ORIENTED_EDGE('',*,*,#1565,.F.);
#1565 = EDGE_CURVE('',#1566,#1568,#1570,.T.);
#1566 = VERTEX_POINT('',#1567);
#1567 = CARTESIAN_POINT('',(63.3,-22.76607033133,-180.));
#1568 = VERTEX_POINT('',#1569);
#1569 = CARTESIAN_POINT('',(38.5,-22.76607033133,-180.));
#1570 = LINE('',#1571,#1572);
#1571 = CARTESIAN_POINT('',(64.5,-22.76607033133,-180.));
#1572 = VECTOR('',#1573,1.);
#1573 = DIRECTION('',(-1.,-0.,0.));
#1574 = ORIENTED_EDGE('',*,*,#1575,.F.);
#1575 = EDGE_CURVE('',#1576,#1566,#1578,.T.);
#1576 = VERTEX_POINT('',#1577);
#1577 = CARTESIAN_POINT('',(63.3,-21.76607033133,-180.));
#1578 = LINE('',#1579,#1580);
#1579 = CARTESIAN_POINT('',(63.3,-2.233929668666,-180.));
#1580 = VECTOR('',#1581,1.);
#1581 = DIRECTION('',(0.,-1.,1.110223024625E-16));
#1582 = ORIENTED_EDGE('',*,*,#1583,.F.);
#1583 = EDGE_CURVE('',#1584,#1576,#1586,.T.);
#1584 = VERTEX_POINT('',#1585);
#1585 = CARTESIAN_POINT('',(38.5,-21.76607033133,-180.));
#1586 = LINE('',#1587,#1588);
#1587 = CARTESIAN_POINT('',(38.5,-21.76607033133,-180.));
#1588 = VECTOR('',#1589,1.);
#1589 = DIRECTION('',(1.,0.,0.));
#1590 = ORIENTED_EDGE('',*,*,#1591,.F.);
#1591 = EDGE_CURVE('',#1568,#1584,#1592,.T.);
#1592 = LINE('',#1593,#1594);
#1593 = CARTESIAN_POINT('',(38.5,-22.76607033133,-180.));
#1594 = VECTOR('',#1595,1.);
#1595 = DIRECTION('',(0.,1.,-1.110223024625E-16));
#1596 = FACE_BOUND('',#1597,.T.);
#1597 = EDGE_LOOP('',(#1598,#1608,#1616,#1624));
#1598 = ORIENTED_EDGE('',*,*,#1599,.F.);
#1599 = EDGE_CURVE('',#1600,#1602,#1604,.T.);
#1600 = VERTEX_POINT('',#1601);
#1601 = CARTESIAN_POINT('',(63.3,-13.,-180.));
#1602 = VERTEX_POINT('',#1603);
#1603 = CARTESIAN_POINT('',(38.5,-13.,-180.));
#1604 = LINE('',#1605,#1606);
#1605 = CARTESIAN_POINT('',(64.5,-13.,-180.));
#1606 = VECTOR('',#1607,1.);
#1607 = DIRECTION('',(-1.,-0.,0.));
#1608 = ORIENTED_EDGE('',*,*,#1609,.F.);
#1609 = EDGE_CURVE('',#1610,#1600,#1612,.T.);
#1610 = VERTEX_POINT('',#1611);
#1611 = CARTESIAN_POINT('',(63.3,-12.,-180.));
#1612 = LINE('',#1613,#1614);
#1613 = CARTESIAN_POINT('',(63.3,-2.233929668666,-180.));
#1614 = VECTOR('',#1615,1.);
#1615 = DIRECTION('',(0.,-1.,1.110223024625E-16));
#1616 = ORIENTED_EDGE('',*,*,#1617,.F.);
#1617 = EDGE_CURVE('',#1618,#1610,#1620,.T.);
#1618 = VERTEX_POINT('',#1619);
#1619 = CARTESIAN_POINT('',(38.5,-12.,-180.));
#1620 = LINE('',#1621,#1622);
#1621 = CARTESIAN_POINT('',(38.5,-12.,-180.));
#1622 = VECTOR('',#1623,1.);
#1623 = DIRECTION('',(1.,0.,0.));
#1624 = ORIENTED_EDGE('',*,*,#1625,.F.);
#1625 = EDGE_CURVE('',#1602,#1618,#1626,.T.);
#1626 = LINE('',#1627,#1628);
#1627 = CARTESIAN_POINT('',(38.5,-13.,-180.));
#1628 = VECTOR('',#1629,1.);
#1629 = DIRECTION('',(0.,1.,-1.110223024625E-16));
#1630 = FACE_BOUND('',#1631,.T.);
#1631 = EDGE_LOOP('',(#1632,#1643,#1652,#1661,#1670,#1679,#1688,#1697,
    #1720,#1729));
#1632 = ORIENTED_EDGE('',*,*,#1633,.T.);
#1633 = EDGE_CURVE('',#1634,#1636,#1638,.T.);
#1634 = VERTEX_POINT('',#1635);
#1635 = CARTESIAN_POINT('',(1.731659405942,-11.30860620214,-180.));
#1636 = VERTEX_POINT('',#1637);
#1637 = CARTESIAN_POINT('',(12.5,-3.433929668666,-180.));
#1638 = CIRCLE('',#1639,11.299999999998);
#1639 = AXIS2_PLACEMENT_3D('',#1640,#1641,#1642);
#1640 = CARTESIAN_POINT('',(12.5,-14.73392966866,-180.));
#1641 = DIRECTION('',(0.,-1.110223024625E-16,-1.));
#1642 = DIRECTION('',(1.,0.,0.));
#1643 = ORIENTED_EDGE('',*,*,#1644,.F.);
#1644 = EDGE_CURVE('',#1645,#1636,#1647,.T.);
#1645 = VERTEX_POINT('',#1646);
#1646 = CARTESIAN_POINT('',(12.5,-1.033929668666,-180.));
#1647 = CIRCLE('',#1648,1.2);
#1648 = AXIS2_PLACEMENT_3D('',#1649,#1650,#1651);
#1649 = CARTESIAN_POINT('',(12.5,-2.233929668666,-180.));
#1650 = DIRECTION('',(0.,-1.110223024625E-16,-1.));
#1651 = DIRECTION('',(1.,0.,0.));
#1652 = ORIENTED_EDGE('',*,*,#1653,.F.);
#1653 = EDGE_CURVE('',#1654,#1645,#1656,.T.);
#1654 = VERTEX_POINT('',#1655);
#1655 = CARTESIAN_POINT('',(1.006711409396,-7.277769975294,-180.));
#1656 = CIRCLE('',#1657,13.699999999998);
#1657 = AXIS2_PLACEMENT_3D('',#1658,#1659,#1660);
#1658 = CARTESIAN_POINT('',(12.5,-14.73392966866,-180.));
#1659 = DIRECTION('',(0.,-1.110223024625E-16,-1.));
#1660 = DIRECTION('',(1.,0.,0.));
#1661 = ORIENTED_EDGE('',*,*,#1662,.T.);
#1662 = EDGE_CURVE('',#1654,#1663,#1665,.T.);
#1663 = VERTEX_POINT('',#1664);
#1664 = CARTESIAN_POINT('',(-1.006711409396,-7.277769975294,-180.));
#1665 = CIRCLE('',#1666,1.2);
#1666 = AXIS2_PLACEMENT_3D('',#1667,#1668,#1669);
#1667 = CARTESIAN_POINT('',(7.7E-16,-6.624675695582,-180.));
#1668 = DIRECTION('',(0.,-1.110223024625E-16,-1.));
#1669 = DIRECTION('',(1.,0.,0.));
#1670 = ORIENTED_EDGE('',*,*,#1671,.F.);
#1671 = EDGE_CURVE('',#1672,#1663,#1674,.T.);
#1672 = VERTEX_POINT('',#1673);
#1673 = CARTESIAN_POINT('',(-12.5,-1.033929668666,-180.));
#1674 = CIRCLE('',#1675,13.699999999998);
#1675 = AXIS2_PLACEMENT_3D('',#1676,#1677,#1678);
#1676 = CARTESIAN_POINT('',(-12.5,-14.73392966866,-180.));
#1677 = DIRECTION('',(0.,-1.110223024625E-16,-1.));
#1678 = DIRECTION('',(1.,0.,0.));
#1679 = ORIENTED_EDGE('',*,*,#1680,.F.);
#1680 = EDGE_CURVE('',#1681,#1672,#1683,.T.);
#1681 = VERTEX_POINT('',#1682);
#1682 = CARTESIAN_POINT('',(-12.5,-3.433929668666,-180.));
#1683 = CIRCLE('',#1684,1.2);
#1684 = AXIS2_PLACEMENT_3D('',#1685,#1686,#1687);
#1685 = CARTESIAN_POINT('',(-12.5,-2.233929668666,-180.));
#1686 = DIRECTION('',(0.,-1.110223024625E-16,-1.));
#1687 = DIRECTION('',(1.,0.,0.));
#1688 = ORIENTED_EDGE('',*,*,#1689,.T.);
#1689 = EDGE_CURVE('',#1681,#1690,#1692,.T.);
#1690 = VERTEX_POINT('',#1691);
#1691 = CARTESIAN_POINT('',(-1.731659405942,-11.30860620214,-180.));
#1692 = CIRCLE('',#1693,11.299999999998);
#1693 = AXIS2_PLACEMENT_3D('',#1694,#1695,#1696);
#1694 = CARTESIAN_POINT('',(-12.5,-14.73392966866,-180.));
#1695 = DIRECTION('',(0.,-1.110223024625E-16,-1.));
#1696 = DIRECTION('',(1.,0.,0.));
#1697 = ORIENTED_EDGE('',*,*,#1698,.T.);
#1698 = EDGE_CURVE('',#1690,#1699,#1701,.T.);
#1699 = VERTEX_POINT('',#1700);
#1700 = CARTESIAN_POINT('',(-2.053714285716,-12.54709231013,-180.));
#1701 = B_SPLINE_CURVE_WITH_KNOTS('',5,(#1702,#1703,#1704,#1705,#1706,
    #1707,#1708,#1709,#1710,#1711,#1712,#1713,#1714,#1715,#1716,#1717,
    #1718,#1719),.UNSPECIFIED.,.F.,.F.,(6,4,4,4,6),(0.,0.148357163459,
    0.5,0.851642836541,1.),.UNSPECIFIED.);
#1702 = CARTESIAN_POINT('',(-1.731659405942,-11.30860620214,-180.));
#1703 = CARTESIAN_POINT('',(-1.719809877045,-11.34585808923,-180.));
#1704 = CARTESIAN_POINT('',(-1.709411895246,-11.38379772936,-180.));
#1705 = CARTESIAN_POINT('',(-1.700532321369,-11.42233135046,-180.));
#1706 = CARTESIAN_POINT('',(-1.693225115271,-11.46135755497,-180.));
#1707 = CARTESIAN_POINT('',(-1.674035683179,-11.59417812118,-180.));
#1708 = CARTESIAN_POINT('',(-1.669602641533,-11.68975691817,-180.));
#1709 = CARTESIAN_POINT('',(-1.674779079501,-11.7860283012,-180.));
#1710 = CARTESIAN_POINT('',(-1.689653060721,-11.88140917135,-180.));
#1711 = CARTESIAN_POINT('',(-1.737995073027,-12.06731199237,-180.));
#1712 = CARTESIAN_POINT('',(-1.771468886021,-12.157856178,-180.));
#1713 = CARTESIAN_POINT('',(-1.813845609302,-12.2444540303,-180.));
#1714 = CARTESIAN_POINT('',(-1.864277147257,-12.32576588843,-180.));
#1715 = CARTESIAN_POINT('',(-1.945737687186,-12.43241352106,-180.));
#1716 = CARTESIAN_POINT('',(-1.97113039565,-12.46293646746,-180.));
#1717 = CARTESIAN_POINT('',(-1.997656336293,-12.49226326851,-180.));
#1718 = CARTESIAN_POINT('',(-2.025218990034,-12.52033165709,-180.));
#1719 = CARTESIAN_POINT('',(-2.053714285716,-12.54709231013,-180.));
#1720 = ORIENTED_EDGE('',*,*,#1721,.F.);
#1721 = EDGE_CURVE('',#1722,#1699,#1724,.T.);
#1722 = VERTEX_POINT('',#1723);
#1723 = CARTESIAN_POINT('',(2.053714285716,-12.54709231013,-180.));
#1724 = CIRCLE('',#1725,3.);
#1725 = AXIS2_PLACEMENT_3D('',#1726,#1727,#1728);
#1726 = CARTESIAN_POINT('',(0.,-14.73392966866,-180.));
#1727 = DIRECTION('',(0.,-1.110223024625E-16,-1.));
#1728 = DIRECTION('',(1.,0.,0.));
#1729 = ORIENTED_EDGE('',*,*,#1730,.T.);
#1730 = EDGE_CURVE('',#1722,#1634,#1731,.T.);
#1731 = B_SPLINE_CURVE_WITH_KNOTS('',5,(#1732,#1733,#1734,#1735,#1736,
    #1737,#1738,#1739,#1740,#1741,#1742,#1743,#1744,#1745,#1746,#1747,
    #1748,#1749),.UNSPECIFIED.,.F.,.F.,(6,4,4,4,6),(0.,0.148357163459,
    0.5,0.851642836541,1.),.UNSPECIFIED.);
#1732 = CARTESIAN_POINT('',(2.053714285716,-12.54709231013,-180.));
#1733 = CARTESIAN_POINT('',(2.025218990034,-12.52033165709,-180.));
#1734 = CARTESIAN_POINT('',(1.997656336293,-12.49226326851,-180.));
#1735 = CARTESIAN_POINT('',(1.97113039565,-12.46293646746,-180.));
#1736 = CARTESIAN_POINT('',(1.945737687186,-12.43241352106,-180.));
#1737 = CARTESIAN_POINT('',(1.864277147257,-12.32576588843,-180.));
#1738 = CARTESIAN_POINT('',(1.813845609302,-12.2444540303,-180.));
#1739 = CARTESIAN_POINT('',(1.771468886021,-12.157856178,-180.));
#1740 = CARTESIAN_POINT('',(1.737995073027,-12.06731199237,-180.));
#1741 = CARTESIAN_POINT('',(1.689653060721,-11.88140917135,-180.));
#1742 = CARTESIAN_POINT('',(1.674779079501,-11.7860283012,-180.));
#1743 = CARTESIAN_POINT('',(1.669602641533,-11.68975691817,-180.));
#1744 = CARTESIAN_POINT('',(1.674035683179,-11.59417812118,-180.));
#1745 = CARTESIAN_POINT('',(1.693225115271,-11.46135755497,-180.));
#1746 = CARTESIAN_POINT('',(1.700532321369,-11.42233135046,-180.));
#1747 = CARTESIAN_POINT('',(1.709411895246,-11.38379772936,-180.));
#1748 = CARTESIAN_POINT('',(1.719809877045,-11.34585808923,-180.));
#1749 = CARTESIAN_POINT('',(1.731659405942,-11.30860620214,-180.));
#1750 = FACE_BOUND('',#1751,.T.);
#1751 = EDGE_LOOP('',(#1752,#1762,#1770,#1778));
#1752 = ORIENTED_EDGE('',*,*,#1753,.F.);
#1753 = EDGE_CURVE('',#1754,#1756,#1758,.T.);
#1754 = VERTEX_POINT('',#1755);
#1755 = CARTESIAN_POINT('',(63.3,-3.233929668666,-180.));
#1756 = VERTEX_POINT('',#1757);
#1757 = CARTESIAN_POINT('',(38.5,-3.233929668666,-180.));
#1758 = LINE('',#1759,#1760);
#1759 = CARTESIAN_POINT('',(64.5,-3.233929668666,-180.));
#1760 = VECTOR('',#1761,1.);
#1761 = DIRECTION('',(-1.,-0.,0.));
#1762 = ORIENTED_EDGE('',*,*,#1763,.F.);
#1763 = EDGE_CURVE('',#1764,#1754,#1766,.T.);
#1764 = VERTEX_POINT('',#1765);
#1765 = CARTESIAN_POINT('',(63.3,-2.233929668666,-180.));
#1766 = LINE('',#1767,#1768);
#1767 = CARTESIAN_POINT('',(63.3,-2.233929668666,-180.));
#1768 = VECTOR('',#1769,1.);
#1769 = DIRECTION('',(0.,-1.,1.110223024625E-16));
#1770 = ORIENTED_EDGE('',*,*,#1771,.F.);
#1771 = EDGE_CURVE('',#1772,#1764,#1774,.T.);
#1772 = VERTEX_POINT('',#1773);
#1773 = CARTESIAN_POINT('',(38.5,-2.233929668666,-180.));
#1774 = LINE('',#1775,#1776);
#1775 = CARTESIAN_POINT('',(38.5,-2.233929668666,-180.));
#1776 = VECTOR('',#1777,1.);
#1777 = DIRECTION('',(1.,0.,0.));
#1778 = ORIENTED_EDGE('',*,*,#1779,.F.);
#1779 = EDGE_CURVE('',#1756,#1772,#1780,.T.);
#1780 = LINE('',#1781,#1782);
#1781 = CARTESIAN_POINT('',(38.5,-3.233929668666,-180.));
#1782 = VECTOR('',#1783,1.);
#1783 = DIRECTION('',(0.,1.,-1.110223024625E-16));
#1784 = PLANE('',#1785);
#1785 = AXIS2_PLACEMENT_3D('',#1786,#1787,#1788);
#1786 = CARTESIAN_POINT('',(0.,-21.7731320143,-180.));
#1787 = DIRECTION('',(-0.,-1.110223024625E-16,-1.));
#1788 = DIRECTION('',(0.,1.,-1.110223024625E-16));
#1789 = ADVANCED_FACE('',(#1790,#1936,#1970,#2004),#2038,.T.);
#1790 = FACE_BOUND('',#1791,.T.);
#1791 = EDGE_LOOP('',(#1792,#1793,#1794,#1802,#1810,#1819));
#1792 = ORIENTED_EDGE('',*,*,#245,.T.);
#1793 = ORIENTED_EDGE('',*,*,#1415,.T.);
#1794 = ORIENTED_EDGE('',*,*,#1795,.T.);
#1795 = EDGE_CURVE('',#1407,#1796,#1798,.T.);
#1796 = VERTEX_POINT('',#1797);
#1797 = CARTESIAN_POINT('',(64.5,7.,-148.9020580783));
#1798 = LINE('',#1799,#1800);
#1799 = CARTESIAN_POINT('',(64.5,7.,-180.));
#1800 = VECTOR('',#1801,1.);
#1801 = DIRECTION('',(0.,3.310223024625E-16,1.));
#1802 = ORIENTED_EDGE('',*,*,#1803,.F.);
#1803 = EDGE_CURVE('',#1804,#1796,#1806,.T.);
#1804 = VERTEX_POINT('',#1805);
#1805 = CARTESIAN_POINT('',(64.5,5.789843290181,-148.5777975652));
#1806 = LINE('',#1807,#1808);
#1807 = CARTESIAN_POINT('',(64.5,-14.90159625878,-143.0335430478));
#1808 = VECTOR('',#1809,1.);
#1809 = DIRECTION('',(-0.,0.965925826289,-0.258819045103));
#1810 = ORIENTED_EDGE('',*,*,#1811,.F.);
#1811 = EDGE_CURVE('',#1812,#1804,#1814,.T.);
#1812 = VERTEX_POINT('',#1813);
#1813 = CARTESIAN_POINT('',(64.5,-25.47093914104,-117.93245014));
#1814 = CIRCLE('',#1815,44.545603449538);
#1815 = AXIS2_PLACEMENT_3D('',#1816,#1817,#1818);
#1816 = CARTESIAN_POINT('',(64.5,17.319093838506,-105.5500487456));
#1817 = DIRECTION('',(1.,0.,-0.));
#1818 = DIRECTION('',(0.,1.110223024625E-16,1.));
#1819 = ORIENTED_EDGE('',*,*,#1820,.F.);
#1820 = EDGE_CURVE('',#246,#1812,#1821,.T.);
#1821 = B_SPLINE_CURVE_WITH_KNOTS('',8,(#1822,#1823,#1824,#1825,#1826,
    #1827,#1828,#1829,#1830,#1831,#1832,#1833,#1834,#1835,#1836,#1837,
    #1838,#1839,#1840,#1841,#1842,#1843,#1844,#1845,#1846,#1847,#1848,
    #1849,#1850,#1851,#1852,#1853,#1854,#1855,#1856,#1857,#1858,#1859,
    #1860,#1861,#1862,#1863,#1864,#1865,#1866,#1867,#1868,#1869,#1870,
    #1871,#1872,#1873,#1874,#1875,#1876,#1877,#1878,#1879,#1880,#1881,
    #1882,#1883,#1884,#1885,#1886,#1887,#1888,#1889,#1890,#1891,#1892,
    #1893,#1894,#1895,#1896,#1897,#1898,#1899,#1900,#1901,#1902,#1903,
    #1904,#1905,#1906,#1907,#1908,#1909,#1910,#1911,#1912,#1913,#1914,
    #1915,#1916,#1917,#1918,#1919,#1920,#1921,#1922,#1923,#1924,#1925,
    #1926,#1927,#1928,#1929,#1930,#1931,#1932,#1933,#1934,#1935),
  .UNSPECIFIED.,.F.,.F.,(9,7,7,7,7,7,7,7,7,7,7,7,7,7,7,7,9),(0.,
    3.400030133843E-02,5.300157368156E-02,7.800404179728E-02,
    0.382937141843,0.399939088583,0.423941825432,0.438943532467,
    0.467946828767,0.495950010545,0.524953305807,0.552956488072,
    0.576959218502,0.602962184249,0.742976609885,0.838989396093,1.),
  .UNSPECIFIED.);
#1822 = CARTESIAN_POINT('',(64.5,-29.,-118.4327985647));
#1823 = CARTESIAN_POINT('',(64.5,-29.,-118.4109227099));
#1824 = CARTESIAN_POINT('',(64.5,-28.99969615671,-118.3890468329));
#1825 = CARTESIAN_POINT('',(64.5,-28.99908846936,-118.3671758637));
#1826 = CARTESIAN_POINT('',(64.5,-28.99817703288,-118.3453147276));
#1827 = CARTESIAN_POINT('',(64.5,-28.99696203796,-118.3234683452));
#1828 = CARTESIAN_POINT('',(64.5,-28.99544377102,-118.3016416323));
#1829 = CARTESIAN_POINT('',(64.5,-28.9936226142,-118.2798395001));
#1830 = CARTESIAN_POINT('',(64.5,-28.99031227622,-118.2458990817));
#1831 = CARTESIAN_POINT('',(64.5,-28.98903105764,-118.2337405166));
#1832 = CARTESIAN_POINT('',(64.5,-28.987655473,-118.2215920155));
#1833 = CARTESIAN_POINT('',(64.5,-28.98618561496,-118.2094544329));
#1834 = CARTESIAN_POINT('',(64.5,-28.98462158543,-118.1973286223));
#1835 = CARTESIAN_POINT('',(64.5,-28.98296349562,-118.1852154361));
#1836 = CARTESIAN_POINT('',(64.5,-28.98121146599,-118.1731157252));
#1837 = CARTESIAN_POINT('',(64.5,-28.97693681268,-118.1451280119));
#1838 = CARTESIAN_POINT('',(64.5,-28.97434557502,-118.1292504861));
#1839 = CARTESIAN_POINT('',(64.5,-28.97159220897,-118.1133996993));
#1840 = CARTESIAN_POINT('',(64.5,-28.96867703774,-118.0975775831));
#1841 = CARTESIAN_POINT('',(64.5,-28.96560041205,-118.081786064));
#1842 = CARTESIAN_POINT('',(64.5,-28.96236271015,-118.066027063));
#1843 = CARTESIAN_POINT('',(64.5,-28.95896433779,-118.0503024962));
#1844 = CARTESIAN_POINT('',(64.5,-28.91200449996,-117.8432788383));
#1845 = CARTESIAN_POINT('',(64.5,-28.84472788609,-117.6571697192));
#1846 = CARTESIAN_POINT('',(64.5,-28.75434832031,-117.4800532729));
#1847 = CARTESIAN_POINT('',(64.5,-28.64236816557,-117.3152116749));
#1848 = CARTESIAN_POINT('',(64.5,-28.51071282688,-117.1656150688));
#1849 = CARTESIAN_POINT('',(64.5,-28.36177759155,-117.0338695207));
#1850 = CARTESIAN_POINT('',(64.5,-28.1983654878,-116.922249245));
#1851 = CARTESIAN_POINT('',(64.5,-28.01420432633,-116.827435372));
#1852 = CARTESIAN_POINT('',(64.5,-28.00444367864,-116.8224956384));
#1853 = CARTESIAN_POINT('',(64.5,-27.99464880029,-116.8176237377));
#1854 = CARTESIAN_POINT('',(64.5,-27.98482024141,-116.8128199464));
#1855 = CARTESIAN_POINT('',(64.5,-27.97495855472,-116.8080845357));
#1856 = CARTESIAN_POINT('',(64.5,-27.96506429557,-116.8034177712));
#1857 = CARTESIAN_POINT('',(64.5,-27.9551380219,-116.7988199132));
#1858 = CARTESIAN_POINT('',(64.5,-27.9311223326,-116.787897766));
#1859 = CARTESIAN_POINT('',(64.5,-27.91700168001,-116.7816421592));
#1860 = CARTESIAN_POINT('',(64.5,-27.90281991419,-116.7755251138));
#1861 = CARTESIAN_POINT('',(64.5,-27.88857862193,-116.7695473254));
#1862 = CARTESIAN_POINT('',(64.5,-27.87427939911,-116.7637094674));
#1863 = CARTESIAN_POINT('',(64.5,-27.85992385072,-116.7580121915));
#1864 = CARTESIAN_POINT('',(64.5,-27.84551359084,-116.7524561274));
#1865 = CARTESIAN_POINT('',(64.5,-27.82201065211,-116.7436579803));
#1866 = CARTESIAN_POINT('',(64.5,-27.8129503237,-116.7403294761));
#1867 = CARTESIAN_POINT('',(64.5,-27.80386965356,-116.7370565183));
#1868 = CARTESIAN_POINT('',(64.5,-27.79476903906,-116.7338392517));
#1869 = CARTESIAN_POINT('',(64.5,-27.78564887876,-116.7306778177));
#1870 = CARTESIAN_POINT('',(64.5,-27.77650957241,-116.7275723545));
#1871 = CARTESIAN_POINT('',(64.5,-27.76735152097,-116.7245229965));
#1872 = CARTESIAN_POINT('',(64.5,-27.74043409992,-116.7157431743));
#1873 = CARTESIAN_POINT('',(64.5,-27.72262450977,-116.7101666724));
#1874 = CARTESIAN_POINT('',(64.5,-27.70474926388,-116.7048013177));
#1875 = CARTESIAN_POINT('',(64.5,-27.6868112837,-116.6996480098));
#1876 = CARTESIAN_POINT('',(64.5,-27.66881350436,-116.6947075996));
#1877 = CARTESIAN_POINT('',(64.5,-27.65075887475,-116.6899808888));
#1878 = CARTESIAN_POINT('',(64.5,-27.63265035743,-116.6854686307));
#1879 = CARTESIAN_POINT('',(64.5,-27.59695768767,-116.6770226045));
#1880 = CARTESIAN_POINT('',(64.5,-27.57937698317,-116.6730742532));
#1881 = CARTESIAN_POINT('',(64.5,-27.56175149394,-116.6693271094));
#1882 = CARTESIAN_POINT('',(64.5,-27.54408390718,-116.6657817639));
#1883 = CARTESIAN_POINT('',(64.5,-27.5263769185,-116.662438764));
#1884 = CARTESIAN_POINT('',(64.5,-27.50863323194,-116.6592986137));
#1885 = CARTESIAN_POINT('',(64.5,-27.49085555996,-116.656361774));
#1886 = CARTESIAN_POINT('',(64.5,-27.45460165356,-116.6507979395));
#1887 = CARTESIAN_POINT('',(64.5,-27.43612314317,-116.6481857563));
#1888 = CARTESIAN_POINT('',(64.5,-27.41761411536,-116.6457925765));
#1889 = CARTESIAN_POINT('',(64.5,-27.39907759886,-116.6436188137));
#1890 = CARTESIAN_POINT('',(64.5,-27.38051662797,-116.641664831));
#1891 = CARTESIAN_POINT('',(64.5,-27.36193424261,-116.6399309411));
#1892 = CARTESIAN_POINT('',(64.5,-27.34333348832,-116.6384174064));
#1893 = CARTESIAN_POINT('',(64.5,-27.30674327725,-116.6358760563));
#1894 = CARTESIAN_POINT('',(64.5,-27.28875485592,-116.6348332915));
#1895 = CARTESIAN_POINT('',(64.5,-27.27075489837,-116.6339963351));
#1896 = CARTESIAN_POINT('',(64.5,-27.25274615201,-116.6333653337));
#1897 = CARTESIAN_POINT('',(64.5,-27.23473136554,-116.63294039));
#1898 = CARTESIAN_POINT('',(64.5,-27.21671328897,-116.6327215625));
#1899 = CARTESIAN_POINT('',(64.5,-27.19869467359,-116.6327088657));
#1900 = CARTESIAN_POINT('',(64.5,-27.16523564023,-116.6330680455));
#1901 = CARTESIAN_POINT('',(64.5,-27.14979463337,-116.6333852421));
#1902 = CARTESIAN_POINT('',(64.5,-27.13435698447,-116.6338538415));
#1903 = CARTESIAN_POINT('',(64.5,-27.11892442556,-116.6344738013));
#1904 = CARTESIAN_POINT('',(64.5,-27.10349868757,-116.6352450553));
#1905 = CARTESIAN_POINT('',(64.5,-27.08808150037,-116.6361675136));
#1906 = CARTESIAN_POINT('',(64.5,-27.07267459275,-116.6372410626));
#1907 = CARTESIAN_POINT('',(64.5,-27.04060187881,-116.6397921095));
#1908 = CARTESIAN_POINT('',(64.5,-27.02393815549,-116.6412958148));
#1909 = CARTESIAN_POINT('',(64.5,-27.00729071935,-116.642976506));
#1910 = CARTESIAN_POINT('',(64.5,-26.99066176342,-116.6448339758));
#1911 = CARTESIAN_POINT('',(64.5,-26.97405347692,-116.6468679844));
#1912 = CARTESIAN_POINT('',(64.5,-26.95746804527,-116.6490782595));
#1913 = CARTESIAN_POINT('',(64.5,-26.94090765008,-116.6514644962));
#1914 = CARTESIAN_POINT('',(64.5,-26.83535063023,-116.6678208399));
#1915 = CARTESIAN_POINT('',(64.5,-26.74711198619,-116.6867078696));
#1916 = CARTESIAN_POINT('',(64.5,-26.66000406621,-116.7106346634));
#1917 = CARTESIAN_POINT('',(64.5,-26.57436254501,-116.7395203496));
#1918 = CARTESIAN_POINT('',(64.5,-26.49051387868,-116.7732583983));
#1919 = CARTESIAN_POINT('',(64.5,-26.40877536319,-116.8117174882));
#1920 = CARTESIAN_POINT('',(64.5,-26.32945461565,-116.8547408097));
#1921 = CARTESIAN_POINT('',(64.5,-26.20031697166,-116.9346496952));
#1922 = CARTESIAN_POINT('',(64.5,-26.14905991682,-116.9692163654));
#1923 = CARTESIAN_POINT('',(64.5,-26.09917233575,-117.0057849541));
#1924 = CARTESIAN_POINT('',(64.5,-26.05074536367,-117.0442919028));
#1925 = CARTESIAN_POINT('',(64.5,-26.00386624887,-117.0846689553));
#1926 = CARTESIAN_POINT('',(64.5,-25.95861835273,-117.1268431581));
#1927 = CARTESIAN_POINT('',(64.5,-25.91508114968,-117.1707368601));
#1928 = CARTESIAN_POINT('',(64.5,-25.80331516464,-117.2926216061));
#1929 = CARTESIAN_POINT('',(64.5,-25.73831704302,-117.3735864556));
#1930 = CARTESIAN_POINT('',(64.5,-25.67869830199,-117.4587695398));
#1931 = CARTESIAN_POINT('',(64.5,-25.62477548499,-117.5477510729));
#1932 = CARTESIAN_POINT('',(64.5,-25.57682396402,-117.6400874887));
#1933 = CARTESIAN_POINT('',(64.5,-25.53507932855,-117.7353128499));
#1934 = CARTESIAN_POINT('',(64.5,-25.49973543842,-117.8329383833));
#1935 = CARTESIAN_POINT('',(64.5,-25.47093914104,-117.93245014));
#1936 = FACE_BOUND('',#1937,.T.);
#1937 = EDGE_LOOP('',(#1938,#1948,#1956,#1964));
#1938 = ORIENTED_EDGE('',*,*,#1939,.T.);
#1939 = EDGE_CURVE('',#1940,#1942,#1944,.T.);
#1940 = VERTEX_POINT('',#1941);
#1941 = CARTESIAN_POINT('',(64.5,-3.233929668666,-178.8));
#1942 = VERTEX_POINT('',#1943);
#1943 = CARTESIAN_POINT('',(64.5,-3.233929668666,-167.));
#1944 = LINE('',#1945,#1946);
#1945 = CARTESIAN_POINT('',(64.5,-3.233929668666,-180.));
#1946 = VECTOR('',#1947,1.);
#1947 = DIRECTION('',(0.,3.310223024625E-16,1.));
#1948 = ORIENTED_EDGE('',*,*,#1949,.F.);
#1949 = EDGE_CURVE('',#1950,#1942,#1952,.T.);
#1950 = VERTEX_POINT('',#1951);
#1951 = CARTESIAN_POINT('',(64.5,-2.233929668666,-167.));
#1952 = LINE('',#1953,#1954);
#1953 = CARTESIAN_POINT('',(64.5,-2.233929668666,-167.));
#1954 = VECTOR('',#1955,1.);
#1955 = DIRECTION('',(0.,-1.,1.110223024625E-16));
#1956 = ORIENTED_EDGE('',*,*,#1957,.F.);
#1957 = EDGE_CURVE('',#1958,#1950,#1960,.T.);
#1958 = VERTEX_POINT('',#1959);
#1959 = CARTESIAN_POINT('',(64.5,-2.233929668666,-178.8));
#1960 = LINE('',#1961,#1962);
#1961 = CARTESIAN_POINT('',(64.5,-2.233929668666,-180.));
#1962 = VECTOR('',#1963,1.);
#1963 = DIRECTION('',(0.,3.310223024625E-16,1.));
#1964 = ORIENTED_EDGE('',*,*,#1965,.T.);
#1965 = EDGE_CURVE('',#1958,#1940,#1966,.T.);
#1966 = LINE('',#1967,#1968);
#1967 = CARTESIAN_POINT('',(64.5,-2.233929668666,-178.8));
#1968 = VECTOR('',#1969,1.);
#1969 = DIRECTION('',(0.,-1.,1.110223024625E-16));
#1970 = FACE_BOUND('',#1971,.T.);
#1971 = EDGE_LOOP('',(#1972,#1982,#1990,#1998));
#1972 = ORIENTED_EDGE('',*,*,#1973,.T.);
#1973 = EDGE_CURVE('',#1974,#1976,#1978,.T.);
#1974 = VERTEX_POINT('',#1975);
#1975 = CARTESIAN_POINT('',(64.5,-13.,-178.8));
#1976 = VERTEX_POINT('',#1977);
#1977 = CARTESIAN_POINT('',(64.5,-13.,-167.));
#1978 = LINE('',#1979,#1980);
#1979 = CARTESIAN_POINT('',(64.5,-13.,-180.));
#1980 = VECTOR('',#1981,1.);
#1981 = DIRECTION('',(0.,3.310223024625E-16,1.));
#1982 = ORIENTED_EDGE('',*,*,#1983,.F.);
#1983 = EDGE_CURVE('',#1984,#1976,#1986,.T.);
#1984 = VERTEX_POINT('',#1985);
#1985 = CARTESIAN_POINT('',(64.5,-12.,-167.));
#1986 = LINE('',#1987,#1988);
#1987 = CARTESIAN_POINT('',(64.5,-12.,-167.));
#1988 = VECTOR('',#1989,1.);
#1989 = DIRECTION('',(0.,-1.,1.110223024625E-16));
#1990 = ORIENTED_EDGE('',*,*,#1991,.F.);
#1991 = EDGE_CURVE('',#1992,#1984,#1994,.T.);
#1992 = VERTEX_POINT('',#1993);
#1993 = CARTESIAN_POINT('',(64.5,-12.,-178.8));
#1994 = LINE('',#1995,#1996);
#1995 = CARTESIAN_POINT('',(64.5,-12.,-180.));
#1996 = VECTOR('',#1997,1.);
#1997 = DIRECTION('',(0.,3.310223024625E-16,1.));
#1998 = ORIENTED_EDGE('',*,*,#1999,.T.);
#1999 = EDGE_CURVE('',#1992,#1974,#2000,.T.);
#2000 = LINE('',#2001,#2002);
#2001 = CARTESIAN_POINT('',(64.5,-2.233929668666,-178.8));
#2002 = VECTOR('',#2003,1.);
#2003 = DIRECTION('',(0.,-1.,1.110223024625E-16));
#2004 = FACE_BOUND('',#2005,.T.);
#2005 = EDGE_LOOP('',(#2006,#2016,#2024,#2032));
#2006 = ORIENTED_EDGE('',*,*,#2007,.T.);
#2007 = EDGE_CURVE('',#2008,#2010,#2012,.T.);
#2008 = VERTEX_POINT('',#2009);
#2009 = CARTESIAN_POINT('',(64.5,-22.76607033133,-178.8));
#2010 = VERTEX_POINT('',#2011);
#2011 = CARTESIAN_POINT('',(64.5,-22.76607033133,-167.));
#2012 = LINE('',#2013,#2014);
#2013 = CARTESIAN_POINT('',(64.5,-22.76607033133,-180.));
#2014 = VECTOR('',#2015,1.);
#2015 = DIRECTION('',(0.,3.310223024625E-16,1.));
#2016 = ORIENTED_EDGE('',*,*,#2017,.F.);
#2017 = EDGE_CURVE('',#2018,#2010,#2020,.T.);
#2018 = VERTEX_POINT('',#2019);
#2019 = CARTESIAN_POINT('',(64.5,-21.76607033133,-167.));
#2020 = LINE('',#2021,#2022);
#2021 = CARTESIAN_POINT('',(64.5,-21.76607033133,-167.));
#2022 = VECTOR('',#2023,1.);
#2023 = DIRECTION('',(0.,-1.,1.110223024625E-16));
#2024 = ORIENTED_EDGE('',*,*,#2025,.F.);
#2025 = EDGE_CURVE('',#2026,#2018,#2028,.T.);
#2026 = VERTEX_POINT('',#2027);
#2027 = CARTESIAN_POINT('',(64.5,-21.76607033133,-178.8));
#2028 = LINE('',#2029,#2030);
#2029 = CARTESIAN_POINT('',(64.5,-21.76607033133,-180.));
#2030 = VECTOR('',#2031,1.);
#2031 = DIRECTION('',(0.,3.310223024625E-16,1.));
#2032 = ORIENTED_EDGE('',*,*,#2033,.T.);
#2033 = EDGE_CURVE('',#2026,#2008,#2034,.T.);
#2034 = LINE('',#2035,#2036);
#2035 = CARTESIAN_POINT('',(64.5,-2.233929668666,-178.8));
#2036 = VECTOR('',#2037,1.);
#2037 = DIRECTION('',(0.,-1.,1.110223024625E-16));
#2038 = PLANE('',#2039);
#2039 = AXIS2_PLACEMENT_3D('',#2040,#2041,#2042);
#2040 = CARTESIAN_POINT('',(64.5,-28.31478897464,-142.2385956212));
#2041 = DIRECTION('',(1.,0.,0.));
#2042 = DIRECTION('',(0.,-1.,1.110223024625E-16));
#2043 = ADVANCED_FACE('',(#2044),#2057,.F.);
#2044 = FACE_BOUND('',#2045,.F.);
#2045 = EDGE_LOOP('',(#2046,#2047,#2055,#2056));
#2046 = ORIENTED_EDGE('',*,*,#838,.T.);
#2047 = ORIENTED_EDGE('',*,*,#2048,.T.);
#2048 = EDGE_CURVE('',#839,#1812,#2049,.T.);
#2049 = B_SPLINE_CURVE_WITH_KNOTS('',2,(#2050,#2051,#2052,#2053,#2054),
  .UNSPECIFIED.,.F.,.F.,(3,1,1,3),(-7.344000000008E-02,-8.546E-14,1.2,
    1.27344),.UNSPECIFIED.);
#2050 = CARTESIAN_POINT('',(63.22656,-25.47093914104,-117.93245014));
#2051 = CARTESIAN_POINT('',(63.26328,-25.47093914104,-117.93245014));
#2052 = CARTESIAN_POINT('',(63.9,-25.47093914104,-117.93245014));
#2053 = CARTESIAN_POINT('',(64.53672,-25.47093914104,-117.93245014));
#2054 = CARTESIAN_POINT('',(64.57344,-25.47093914104,-117.93245014));
#2055 = ORIENTED_EDGE('',*,*,#1820,.F.);
#2056 = ORIENTED_EDGE('',*,*,#253,.F.);
#2057 = ( BOUNDED_SURFACE() B_SPLINE_SURFACE(6,2,(
    (#2058,#2059,#2060,#2061,#2062)
    ,(#2063,#2064,#2065,#2066,#2067)
    ,(#2068,#2069,#2070,#2071,#2072)
    ,(#2073,#2074,#2075,#2076,#2077)
    ,(#2078,#2079,#2080,#2081,#2082)
    ,(#2083,#2084,#2085,#2086,#2087)
    ,(#2088,#2089,#2090,#2091,#2092
)),.UNSPECIFIED.,.F.,.F.,.F.) B_SPLINE_SURFACE_WITH_KNOTS((7,7),(3,1,1,3
    ),(0.,1.2),(-7.344000000008E-02,-8.546E-14,1.2,1.27344),
.UNSPECIFIED.) GEOMETRIC_REPRESENTATION_ITEM() RATIONAL_B_SPLINE_SURFACE
((
    (1.108487848155,1.108487848155,1.108487848155,1.108487848155
      ,1.108487848155)
    ,(1.030909629621,1.030909629621,1.030909629621,1.030909629621
      ,1.030909629621)
    ,(0.993419836398,0.993419836398,0.993419836398,0.993419836398
      ,0.993419836398)
    ,(0.980475682816,0.980475682816,0.980475682816,0.980475682816
      ,0.980475682816)
    ,(0.993419836398,0.993419836398,0.993419836398,0.993419836398
      ,0.993419836398)
    ,(1.030909629621,1.030909629621,1.030909629621,1.030909629621
      ,1.030909629621)
    ,(1.108487848155,1.108487848155,1.108487848155,1.108487848155
,1.108487848155))) REPRESENTATION_ITEM('') SURFACE() );
#2058 = CARTESIAN_POINT('',(63.22656,-29.,-118.4327985647));
#2059 = CARTESIAN_POINT('',(63.26328,-29.,-118.4327985647));
#2060 = CARTESIAN_POINT('',(63.9,-29.,-118.4327985647));
#2061 = CARTESIAN_POINT('',(64.53672,-29.,-118.4327985647));
#2062 = CARTESIAN_POINT('',(64.57344,-29.,-118.4327985647));
#2063 = CARTESIAN_POINT('',(63.22656,-29.,-117.5104086957));
#2064 = CARTESIAN_POINT('',(63.26328,-29.,-117.5104086957));
#2065 = CARTESIAN_POINT('',(63.9,-29.,-117.5104086957));
#2066 = CARTESIAN_POINT('',(64.53672,-29.,-117.5104086957));
#2067 = CARTESIAN_POINT('',(64.57344,-29.,-117.5104086957));
#2068 = CARTESIAN_POINT('',(63.22656,-28.45258685991,-116.6785216136));
#2069 = CARTESIAN_POINT('',(63.26328,-28.45258685991,-116.6785216136));
#2070 = CARTESIAN_POINT('',(63.9,-28.45258685991,-116.6785216136));
#2071 = CARTESIAN_POINT('',(64.53672,-28.45258685991,-116.6785216136));
#2072 = CARTESIAN_POINT('',(64.57344,-28.45258685991,-116.6785216136));
#2073 = CARTESIAN_POINT('',(63.22656,-27.50933207073,-116.251015532));
#2074 = CARTESIAN_POINT('',(63.26328,-27.50933207073,-116.251015532));
#2075 = CARTESIAN_POINT('',(63.9,-27.50933207073,-116.251015532));
#2076 = CARTESIAN_POINT('',(64.53672,-27.50933207073,-116.251015532));
#2077 = CARTESIAN_POINT('',(64.57344,-27.50933207073,-116.251015532));
#2078 = CARTESIAN_POINT('',(63.22656,-26.4844171094,-116.3994755236));
#2079 = CARTESIAN_POINT('',(63.26328,-26.4844171094,-116.3994755236));
#2080 = CARTESIAN_POINT('',(63.9,-26.4844171094,-116.3994755236));
#2081 = CARTESIAN_POINT('',(64.53672,-26.4844171094,-116.3994755236));
#2082 = CARTESIAN_POINT('',(64.57344,-26.4844171094,-116.3994755236));
#2083 = CARTESIAN_POINT('',(63.22656,-25.72733709539,-117.0464122405));
#2084 = CARTESIAN_POINT('',(63.26328,-25.72733709539,-117.0464122405));
#2085 = CARTESIAN_POINT('',(63.9,-25.72733709539,-117.0464122405));
#2086 = CARTESIAN_POINT('',(64.53672,-25.72733709539,-117.0464122405));
#2087 = CARTESIAN_POINT('',(64.57344,-25.72733709539,-117.0464122405));
#2088 = CARTESIAN_POINT('',(63.22656,-25.47093914104,-117.93245014));
#2089 = CARTESIAN_POINT('',(63.26328,-25.47093914104,-117.93245014));
#2090 = CARTESIAN_POINT('',(63.9,-25.47093914104,-117.93245014));
#2091 = CARTESIAN_POINT('',(64.53672,-25.47093914104,-117.93245014));
#2092 = CARTESIAN_POINT('',(64.57344,-25.47093914104,-117.93245014));
#2093 = ADVANCED_FACE('',(#2094),#2105,.F.);
#2094 = FACE_BOUND('',#2095,.F.);
#2095 = EDGE_LOOP('',(#2096,#2097,#2098,#2104));
#2096 = ORIENTED_EDGE('',*,*,#285,.T.);
#2097 = ORIENTED_EDGE('',*,*,#353,.T.);
#2098 = ORIENTED_EDGE('',*,*,#2099,.F.);
#2099 = EDGE_CURVE('',#1305,#346,#2100,.T.);
#2100 = LINE('',#2101,#2102);
#2101 = CARTESIAN_POINT('',(60.3,-25.89999999999,-178.8));
#2102 = VECTOR('',#2103,1.);
#2103 = DIRECTION('',(0.,-7.915897769754E-14,1.));
#2104 = ORIENTED_EDGE('',*,*,#1304,.F.);
#2105 = PLANE('',#2106);
#2106 = AXIS2_PLACEMENT_3D('',#2107,#2108,#2109);
#2107 = CARTESIAN_POINT('',(57.1,-28.99999999999,-178.8));
#2108 = DIRECTION('',(-0.695795215827,0.718240222789,5.685025931674E-14)
  );
#2109 = DIRECTION('',(0.718240222789,0.695795215827,5.50827512131E-14));
#2110 = ADVANCED_FACE('',(#2111),#2117,.T.);
#2111 = FACE_BOUND('',#2112,.T.);
#2112 = EDGE_LOOP('',(#2113,#2114,#2115,#2116));
#2113 = ORIENTED_EDGE('',*,*,#369,.T.);
#2114 = ORIENTED_EDGE('',*,*,#329,.T.);
#2115 = ORIENTED_EDGE('',*,*,#1050,.F.);
#2116 = ORIENTED_EDGE('',*,*,#412,.F.);
#2117 = PLANE('',#2118);
#2118 = AXIS2_PLACEMENT_3D('',#2119,#2120,#2121);
#2119 = CARTESIAN_POINT('',(56.158064515755,-24.09999999999,-178.8));
#2120 = DIRECTION('',(0.,1.,7.915897769754E-14));
#2121 = DIRECTION('',(1.,0.,0.));
#2122 = ADVANCED_FACE('',(#2123),#2129,.T.);
#2123 = FACE_BOUND('',#2124,.T.);
#2124 = EDGE_LOOP('',(#2125,#2126,#2127,#2128));
#2125 = ORIENTED_EDGE('',*,*,#1057,.T.);
#2126 = ORIENTED_EDGE('',*,*,#345,.T.);
#2127 = ORIENTED_EDGE('',*,*,#2099,.F.);
#2128 = ORIENTED_EDGE('',*,*,#1314,.F.);
#2129 = PLANE('',#2130);
#2130 = AXIS2_PLACEMENT_3D('',#2131,#2132,#2133);
#2131 = CARTESIAN_POINT('',(63.3,-25.89999999999,-178.8));
#2132 = DIRECTION('',(0.,-1.,-7.915897769754E-14));
#2133 = DIRECTION('',(-1.,0.,0.));
#2134 = ADVANCED_FACE('',(#2135),#2182,.F.);
#2135 = FACE_BOUND('',#2136,.T.);
#2136 = EDGE_LOOP('',(#2137,#2138,#2139,#2140,#2148,#2157,#2165,#2174));
#2137 = ORIENTED_EDGE('',*,*,#1423,.F.);
#2138 = ORIENTED_EDGE('',*,*,#1337,.F.);
#2139 = ORIENTED_EDGE('',*,*,#391,.T.);
#2140 = ORIENTED_EDGE('',*,*,#2141,.T.);
#2141 = EDGE_CURVE('',#394,#2142,#2144,.T.);
#2142 = VERTEX_POINT('',#2143);
#2143 = CARTESIAN_POINT('',(3.827493293435,-38.59999999999,-176.3));
#2144 = LINE('',#2145,#2146);
#2145 = CARTESIAN_POINT('',(3.827493293435,-38.59999999999,-178.8));
#2146 = VECTOR('',#2147,1.);
#2147 = DIRECTION('',(0.,-7.915897769754E-14,1.));
#2148 = ORIENTED_EDGE('',*,*,#2149,.T.);
#2149 = EDGE_CURVE('',#2142,#2150,#2152,.T.);
#2150 = VERTEX_POINT('',#2151);
#2151 = CARTESIAN_POINT('',(1.875,-42.11268460106,-176.3));
#2152 = CIRCLE('',#2153,22.);
#2153 = AXIS2_PLACEMENT_3D('',#2154,#2155,#2156);
#2154 = CARTESIAN_POINT('',(22.,-51.,-176.3));
#2155 = DIRECTION('',(-0.,3.310223024625E-16,1.));
#2156 = DIRECTION('',(1.,0.,0.));
#2157 = ORIENTED_EDGE('',*,*,#2158,.F.);
#2158 = EDGE_CURVE('',#2159,#2150,#2161,.T.);
#2159 = VERTEX_POINT('',#2160);
#2160 = CARTESIAN_POINT('',(1.875,-42.11268460106,-175.05));
#2161 = LINE('',#2162,#2163);
#2162 = CARTESIAN_POINT('',(1.875,-42.11268460106,-175.05));
#2163 = VECTOR('',#2164,1.);
#2164 = DIRECTION('',(-0.,7.787897769754E-14,-1.));
#2165 = ORIENTED_EDGE('',*,*,#2166,.T.);
#2166 = EDGE_CURVE('',#2159,#2167,#2169,.T.);
#2167 = VERTEX_POINT('',#2168);
#2168 = CARTESIAN_POINT('',(0.58407079646,-45.96432960282,-175.05));
#2169 = CIRCLE('',#2170,22.);
#2170 = AXIS2_PLACEMENT_3D('',#2171,#2172,#2173);
#2171 = CARTESIAN_POINT('',(22.,-50.99999999999,-175.05));
#2172 = DIRECTION('',(0.,-7.888897769754E-14,1.));
#2173 = DIRECTION('',(-1.,0.,0.));
#2174 = ORIENTED_EDGE('',*,*,#2175,.F.);
#2175 = EDGE_CURVE('',#1424,#2167,#2176,.T.);
#2176 = B_SPLINE_CURVE_WITH_KNOTS('',2,(#2177,#2178,#2179,#2180,#2181),
  .UNSPECIFIED.,.F.,.F.,(3,1,1,3),(-0.30294,4.866E-14,4.949999999996,
    5.252939999995),.UNSPECIFIED.);
#2177 = CARTESIAN_POINT('',(0.58407079646,-45.96432960282,-180.30294));
#2178 = CARTESIAN_POINT('',(0.58407079646,-45.96432960282,-180.15147));
#2179 = CARTESIAN_POINT('',(0.58407079646,-45.96432960282,-177.525));
#2180 = CARTESIAN_POINT('',(0.58407079646,-45.96432960282,-174.89853));
#2181 = CARTESIAN_POINT('',(0.58407079646,-45.96432960282,-174.74706));
#2182 = CYLINDRICAL_SURFACE('',#2183,22.);
#2183 = AXIS2_PLACEMENT_3D('',#2184,#2185,#2186);
#2184 = CARTESIAN_POINT('',(22.,-51.,-88.));
#2185 = DIRECTION('',(0.,3.310223024625E-16,1.));
#2186 = DIRECTION('',(1.,0.,0.));
#2187 = ADVANCED_FACE('',(#2188),#2222,.F.);
#2188 = FACE_BOUND('',#2189,.F.);
#2189 = EDGE_LOOP('',(#2190,#2191,#2192,#2200,#2208,#2216));
#2190 = ORIENTED_EDGE('',*,*,#704,.F.);
#2191 = ORIENTED_EDGE('',*,*,#2141,.T.);
#2192 = ORIENTED_EDGE('',*,*,#2193,.T.);
#2193 = EDGE_CURVE('',#2142,#2194,#2196,.T.);
#2194 = VERTEX_POINT('',#2195);
#2195 = CARTESIAN_POINT('',(1.875,-38.59999999999,-176.3));
#2196 = LINE('',#2197,#2198);
#2197 = CARTESIAN_POINT('',(1.913746646713,-38.59999999999,-176.3));
#2198 = VECTOR('',#2199,1.);
#2199 = DIRECTION('',(-1.,0.,0.));
#2200 = ORIENTED_EDGE('',*,*,#2201,.F.);
#2201 = EDGE_CURVE('',#2202,#2194,#2204,.T.);
#2202 = VERTEX_POINT('',#2203);
#2203 = CARTESIAN_POINT('',(-1.875,-38.59999999999,-176.3));
#2204 = LINE('',#2205,#2206);
#2205 = CARTESIAN_POINT('',(-1.875,-38.59999999999,-176.3));
#2206 = VECTOR('',#2207,1.);
#2207 = DIRECTION('',(1.,2.45185E-12,1.909720899677E-25));
#2208 = ORIENTED_EDGE('',*,*,#2209,.T.);
#2209 = EDGE_CURVE('',#2202,#2210,#2212,.T.);
#2210 = VERTEX_POINT('',#2211);
#2211 = CARTESIAN_POINT('',(-3.827493293442,-38.59999999999,-176.3));
#2212 = LINE('',#2213,#2214);
#2213 = CARTESIAN_POINT('',(1.913746646713,-38.59999999999,-176.3));
#2214 = VECTOR('',#2215,1.);
#2215 = DIRECTION('',(-1.,0.,0.));
#2216 = ORIENTED_EDGE('',*,*,#2217,.F.);
#2217 = EDGE_CURVE('',#696,#2210,#2218,.T.);
#2218 = LINE('',#2219,#2220);
#2219 = CARTESIAN_POINT('',(-3.827493293442,-38.59999999999,-178.8));
#2220 = VECTOR('',#2221,1.);
#2221 = DIRECTION('',(0.,-7.915897769754E-14,1.));
#2222 = PLANE('',#2223);
#2223 = AXIS2_PLACEMENT_3D('',#2224,#2225,#2226);
#2224 = CARTESIAN_POINT('',(3.827493293427,-38.59999999999,-178.8));
#2225 = DIRECTION('',(0.,-1.,-7.915897769754E-14));
#2226 = DIRECTION('',(-1.,0.,0.));
#2227 = ADVANCED_FACE('',(#2228),#2273,.F.);
#2228 = FACE_BOUND('',#2229,.T.);
#2229 = EDGE_LOOP('',(#2230,#2231,#2241,#2250,#2258,#2265,#2266,#2267));
#2230 = ORIENTED_EDGE('',*,*,#1353,.F.);
#2231 = ORIENTED_EDGE('',*,*,#2232,.T.);
#2232 = EDGE_CURVE('',#1354,#2233,#2235,.T.);
#2233 = VERTEX_POINT('',#2234);
#2234 = CARTESIAN_POINT('',(-0.58407079646,-45.96432960282,-175.05));
#2235 = B_SPLINE_CURVE_WITH_KNOTS('',2,(#2236,#2237,#2238,#2239,#2240),
  .UNSPECIFIED.,.F.,.F.,(3,1,1,3),(-0.30294,4.866E-14,4.949999999996,
    5.252939999995),.UNSPECIFIED.);
#2236 = CARTESIAN_POINT('',(-0.58407079646,-45.96432960282,-180.30294));
#2237 = CARTESIAN_POINT('',(-0.58407079646,-45.96432960282,-180.15147));
#2238 = CARTESIAN_POINT('',(-0.58407079646,-45.96432960282,-177.525));
#2239 = CARTESIAN_POINT('',(-0.58407079646,-45.96432960282,-174.89853));
#2240 = CARTESIAN_POINT('',(-0.58407079646,-45.96432960282,-174.74706));
#2241 = ORIENTED_EDGE('',*,*,#2242,.T.);
#2242 = EDGE_CURVE('',#2233,#2243,#2245,.T.);
#2243 = VERTEX_POINT('',#2244);
#2244 = CARTESIAN_POINT('',(-1.875,-42.11268460107,-175.05));
#2245 = CIRCLE('',#2246,22.);
#2246 = AXIS2_PLACEMENT_3D('',#2247,#2248,#2249);
#2247 = CARTESIAN_POINT('',(-22.,-50.99999999999,-175.05));
#2248 = DIRECTION('',(0.,-7.888897769754E-14,1.));
#2249 = DIRECTION('',(-1.,0.,0.));
#2250 = ORIENTED_EDGE('',*,*,#2251,.T.);
#2251 = EDGE_CURVE('',#2243,#2252,#2254,.T.);
#2252 = VERTEX_POINT('',#2253);
#2253 = CARTESIAN_POINT('',(-1.875,-42.11268460107,-176.3));
#2254 = LINE('',#2255,#2256);
#2255 = CARTESIAN_POINT('',(-1.875,-42.11268460107,-175.05));
#2256 = VECTOR('',#2257,1.);
#2257 = DIRECTION('',(-0.,7.787897769754E-14,-1.));
#2258 = ORIENTED_EDGE('',*,*,#2259,.T.);
#2259 = EDGE_CURVE('',#2252,#2210,#2260,.T.);
#2260 = CIRCLE('',#2261,22.);
#2261 = AXIS2_PLACEMENT_3D('',#2262,#2263,#2264);
#2262 = CARTESIAN_POINT('',(-22.,-51.,-176.3));
#2263 = DIRECTION('',(-0.,3.310223024625E-16,1.));
#2264 = DIRECTION('',(1.,0.,0.));
#2265 = ORIENTED_EDGE('',*,*,#2217,.F.);
#2266 = ORIENTED_EDGE('',*,*,#695,.T.);
#2267 = ORIENTED_EDGE('',*,*,#2268,.T.);
#2268 = EDGE_CURVE('',#687,#1356,#2269,.T.);
#2269 = LINE('',#2270,#2271);
#2270 = CARTESIAN_POINT('',(-15.27632866413,-30.05263157894,-180.));
#2271 = VECTOR('',#2272,1.);
#2272 = DIRECTION('',(0.,-3.310223024625E-16,-1.));
#2273 = CYLINDRICAL_SURFACE('',#2274,22.);
#2274 = AXIS2_PLACEMENT_3D('',#2275,#2276,#2277);
#2275 = CARTESIAN_POINT('',(-22.,-51.,-88.));
#2276 = DIRECTION('',(0.,3.310223024625E-16,1.));
#2277 = DIRECTION('',(1.,0.,0.));
#2278 = ADVANCED_FACE('',(#2279),#2290,.F.);
#2279 = FACE_BOUND('',#2280,.F.);
#2280 = EDGE_LOOP('',(#2281,#2282,#2288,#2289));
#2281 = ORIENTED_EDGE('',*,*,#1364,.F.);
#2282 = ORIENTED_EDGE('',*,*,#2283,.F.);
#2283 = EDGE_CURVE('',#679,#1365,#2284,.T.);
#2284 = LINE('',#2285,#2286);
#2285 = CARTESIAN_POINT('',(-28.32455532033,-29.,-180.));
#2286 = VECTOR('',#2287,1.);
#2287 = DIRECTION('',(0.,-3.310223024625E-16,-1.));
#2288 = ORIENTED_EDGE('',*,*,#686,.T.);
#2289 = ORIENTED_EDGE('',*,*,#2268,.T.);
#2290 = CYLINDRICAL_SURFACE('',#2291,7.);
#2291 = AXIS2_PLACEMENT_3D('',#2292,#2293,#2294);
#2292 = CARTESIAN_POINT('',(-22.,-32.,-180.));
#2293 = DIRECTION('',(0.,-3.310223024625E-16,-1.));
#2294 = DIRECTION('',(1.,0.,0.));
#2295 = ADVANCED_FACE('',(#2296),#2413,.T.);
#2296 = FACE_BOUND('',#2297,.T.);
#2297 = EDGE_LOOP('',(#2298,#2308,#2318,#2324,#2325,#2326,#2327,#2335,
    #2343,#2351,#2359,#2367,#2375,#2383,#2391,#2399,#2407));
#2298 = ORIENTED_EDGE('',*,*,#2299,.T.);
#2299 = EDGE_CURVE('',#2300,#2302,#2304,.T.);
#2300 = VERTEX_POINT('',#2301);
#2301 = CARTESIAN_POINT('',(-63.3,-29.,-130.6));
#2302 = VERTEX_POINT('',#2303);
#2303 = CARTESIAN_POINT('',(-63.3,-29.,-118.4327985647));
#2304 = LINE('',#2305,#2306);
#2305 = CARTESIAN_POINT('',(-63.3,-29.,-134.));
#2306 = VECTOR('',#2307,1.);
#2307 = DIRECTION('',(0.,3.310223024625E-16,1.));
#2308 = ORIENTED_EDGE('',*,*,#2309,.F.);
#2309 = EDGE_CURVE('',#2310,#2302,#2312,.T.);
#2310 = VERTEX_POINT('',#2311);
#2311 = CARTESIAN_POINT('',(-64.5,-29.,-118.4327985647));
#2312 = ( BOUNDED_CURVE() B_SPLINE_CURVE(2,(#2313,#2314,#2315,#2316,
#2317),.UNSPECIFIED.,.F.,.F.) B_SPLINE_CURVE_WITH_KNOTS((3,1,1,3),(
-7.344000000005E-02,-4.665E-14,1.2,1.27344),.UNSPECIFIED.) CURVE() 
GEOMETRIC_REPRESENTATION_ITEM() RATIONAL_B_SPLINE_CURVE((1.108487848155,
    1.108487848155,1.108487848155,1.108487848155,1.108487848155)) 
REPRESENTATION_ITEM('') );
#2313 = CARTESIAN_POINT('',(-64.57344,-29.,-118.4327985647));
#2314 = CARTESIAN_POINT('',(-64.53672,-29.,-118.4327985647));
#2315 = CARTESIAN_POINT('',(-63.9,-29.,-118.4327985647));
#2316 = CARTESIAN_POINT('',(-63.26328,-29.,-118.4327985647));
#2317 = CARTESIAN_POINT('',(-63.22656,-29.,-118.4327985647));
#2318 = ORIENTED_EDGE('',*,*,#2319,.F.);
#2319 = EDGE_CURVE('',#1374,#2310,#2320,.T.);
#2320 = LINE('',#2321,#2322);
#2321 = CARTESIAN_POINT('',(-64.5,-29.,-115.1192978106));
#2322 = VECTOR('',#2323,1.);
#2323 = DIRECTION('',(0.,3.310223024625E-16,1.));
#2324 = ORIENTED_EDGE('',*,*,#1373,.F.);
#2325 = ORIENTED_EDGE('',*,*,#2283,.F.);
#2326 = ORIENTED_EDGE('',*,*,#678,.F.);
#2327 = ORIENTED_EDGE('',*,*,#2328,.F.);
#2328 = EDGE_CURVE('',#2329,#671,#2331,.T.);
#2329 = VERTEX_POINT('',#2330);
#2330 = CARTESIAN_POINT('',(-57.1,-28.99999999999,-178.8));
#2331 = LINE('',#2332,#2333);
#2332 = CARTESIAN_POINT('',(-33.99999999493,-29.,-178.8));
#2333 = VECTOR('',#2334,1.);
#2334 = DIRECTION('',(1.,0.,0.));
#2335 = ORIENTED_EDGE('',*,*,#2336,.F.);
#2336 = EDGE_CURVE('',#2337,#2329,#2339,.T.);
#2337 = VERTEX_POINT('',#2338);
#2338 = CARTESIAN_POINT('',(-63.3,-29.,-178.8));
#2339 = LINE('',#2340,#2341);
#2340 = CARTESIAN_POINT('',(-33.99999999493,-29.,-178.8));
#2341 = VECTOR('',#2342,1.);
#2342 = DIRECTION('',(1.,0.,0.));
#2343 = ORIENTED_EDGE('',*,*,#2344,.T.);
#2344 = EDGE_CURVE('',#2337,#2345,#2347,.T.);
#2345 = VERTEX_POINT('',#2346);
#2346 = CARTESIAN_POINT('',(-63.3,-29.,-139.8));
#2347 = LINE('',#2348,#2349);
#2348 = CARTESIAN_POINT('',(-63.3,-29.,-134.));
#2349 = VECTOR('',#2350,1.);
#2350 = DIRECTION('',(0.,3.310223024625E-16,1.));
#2351 = ORIENTED_EDGE('',*,*,#2352,.T.);
#2352 = EDGE_CURVE('',#2345,#2353,#2355,.T.);
#2353 = VERTEX_POINT('',#2354);
#2354 = CARTESIAN_POINT('',(-63.05,-29.,-139.8));
#2355 = LINE('',#2356,#2357);
#2356 = CARTESIAN_POINT('',(-63.3,-29.,-139.8));
#2357 = VECTOR('',#2358,1.);
#2358 = DIRECTION('',(1.,0.,0.));
#2359 = ORIENTED_EDGE('',*,*,#2360,.T.);
#2360 = EDGE_CURVE('',#2353,#2361,#2363,.T.);
#2361 = VERTEX_POINT('',#2362);
#2362 = CARTESIAN_POINT('',(-60.8,-29.,-138.3));
#2363 = LINE('',#2364,#2365);
#2364 = CARTESIAN_POINT('',(-63.93155765166,-29.,-140.3877051011));
#2365 = VECTOR('',#2366,1.);
#2366 = DIRECTION('',(0.832050294338,1.915840929613E-16,0.554700196225)
  );
#2367 = ORIENTED_EDGE('',*,*,#2368,.T.);
#2368 = EDGE_CURVE('',#2361,#2369,#2371,.T.);
#2369 = VERTEX_POINT('',#2370);
#2370 = CARTESIAN_POINT('',(-60.8,-29.,-136.45));
#2371 = LINE('',#2372,#2373);
#2372 = CARTESIAN_POINT('',(-60.8,-29.,-139.8));
#2373 = VECTOR('',#2374,1.);
#2374 = DIRECTION('',(0.,1.110223024625E-16,1.));
#2375 = ORIENTED_EDGE('',*,*,#2376,.T.);
#2376 = EDGE_CURVE('',#2369,#2377,#2379,.T.);
#2377 = VERTEX_POINT('',#2378);
#2378 = CARTESIAN_POINT('',(-59.6,-29.,-136.45));
#2379 = LINE('',#2380,#2381);
#2380 = CARTESIAN_POINT('',(-60.8,-29.,-136.45));
#2381 = VECTOR('',#2382,1.);
#2382 = DIRECTION('',(1.,0.,0.));
#2383 = ORIENTED_EDGE('',*,*,#2384,.F.);
#2384 = EDGE_CURVE('',#2385,#2377,#2387,.T.);
#2385 = VERTEX_POINT('',#2386);
#2386 = CARTESIAN_POINT('',(-59.6,-29.,-132.45));
#2387 = LINE('',#2388,#2389);
#2388 = CARTESIAN_POINT('',(-59.6,-29.,-132.45));
#2389 = VECTOR('',#2390,1.);
#2390 = DIRECTION('',(0.,-1.110223024625E-16,-1.));
#2391 = ORIENTED_EDGE('',*,*,#2392,.F.);
#2392 = EDGE_CURVE('',#2393,#2385,#2395,.T.);
#2393 = VERTEX_POINT('',#2394);
#2394 = CARTESIAN_POINT('',(-60.8,-29.,-132.45));
#2395 = LINE('',#2396,#2397);
#2396 = CARTESIAN_POINT('',(-60.8,-29.,-132.45));
#2397 = VECTOR('',#2398,1.);
#2398 = DIRECTION('',(1.,0.,0.));
#2399 = ORIENTED_EDGE('',*,*,#2400,.T.);
#2400 = EDGE_CURVE('',#2393,#2401,#2403,.T.);
#2401 = VERTEX_POINT('',#2402);
#2402 = CARTESIAN_POINT('',(-60.8,-29.,-130.6));
#2403 = LINE('',#2404,#2405);
#2404 = CARTESIAN_POINT('',(-60.8,-29.,-139.8));
#2405 = VECTOR('',#2406,1.);
#2406 = DIRECTION('',(0.,1.110223024625E-16,1.));
#2407 = ORIENTED_EDGE('',*,*,#2408,.F.);
#2408 = EDGE_CURVE('',#2300,#2401,#2409,.T.);
#2409 = LINE('',#2410,#2411);
#2410 = CARTESIAN_POINT('',(-63.3,-29.,-130.6));
#2411 = VECTOR('',#2412,1.);
#2412 = DIRECTION('',(1.,0.,0.));
#2413 = PLANE('',#2414);
#2414 = AXIS2_PLACEMENT_3D('',#2415,#2416,#2417);
#2415 = CARTESIAN_POINT('',(-57.21448964718,-29.,-159.198556857));
#2416 = DIRECTION('',(0.,-1.,4.110223024625E-16));
#2417 = DIRECTION('',(0.,4.110223024625E-16,1.));
#2418 = ADVANCED_FACE('',(#2419),#2460,.F.);
#2419 = FACE_BOUND('',#2420,.F.);
#2420 = EDGE_LOOP('',(#2421,#2431,#2439,#2445,#2446,#2454));
#2421 = ORIENTED_EDGE('',*,*,#2422,.T.);
#2422 = EDGE_CURVE('',#2423,#2425,#2427,.T.);
#2423 = VERTEX_POINT('',#2424);
#2424 = CARTESIAN_POINT('',(-54.1,-32.09999999999,-175.8));
#2425 = VERTEX_POINT('',#2426);
#2426 = CARTESIAN_POINT('',(-54.1,-32.09999999999,-174.8));
#2427 = LINE('',#2428,#2429);
#2428 = CARTESIAN_POINT('',(-54.1,-32.09999999999,-178.8));
#2429 = VECTOR('',#2430,1.);
#2430 = DIRECTION('',(0.,-7.915897769754E-14,1.));
#2431 = ORIENTED_EDGE('',*,*,#2432,.T.);
#2432 = EDGE_CURVE('',#2425,#2433,#2435,.T.);
#2433 = VERTEX_POINT('',#2434);
#2434 = CARTESIAN_POINT('',(-54.1,-26.09374999999,-174.8));
#2435 = LINE('',#2436,#2437);
#2436 = CARTESIAN_POINT('',(-54.1,-32.09999999999,-174.8));
#2437 = VECTOR('',#2438,1.);
#2438 = DIRECTION('',(0.,1.,7.888897769754E-14));
#2439 = ORIENTED_EDGE('',*,*,#2440,.F.);
#2440 = EDGE_CURVE('',#663,#2433,#2441,.T.);
#2441 = LINE('',#2442,#2443);
#2442 = CARTESIAN_POINT('',(-54.1,-26.09374999999,-178.8));
#2443 = VECTOR('',#2444,1.);
#2444 = DIRECTION('',(0.,-7.915897769754E-14,1.));
#2445 = ORIENTED_EDGE('',*,*,#670,.F.);
#2446 = ORIENTED_EDGE('',*,*,#2447,.F.);
#2447 = EDGE_CURVE('',#2448,#671,#2450,.T.);
#2448 = VERTEX_POINT('',#2449);
#2449 = CARTESIAN_POINT('',(-54.1,-29.09999999999,-178.8));
#2450 = LINE('',#2451,#2452);
#2451 = CARTESIAN_POINT('',(-54.1,-32.09999999999,-178.8));
#2452 = VECTOR('',#2453,1.);
#2453 = DIRECTION('',(0.,1.,7.888897769754E-14));
#2454 = ORIENTED_EDGE('',*,*,#2455,.T.);
#2455 = EDGE_CURVE('',#2448,#2423,#2456,.T.);
#2456 = LINE('',#2457,#2458);
#2457 = CARTESIAN_POINT('',(-54.1,-30.59999999999,-177.3));
#2458 = VECTOR('',#2459,1.);
#2459 = DIRECTION('',(0.,-0.707106781187,0.707106781186));
#2460 = PLANE('',#2461);
#2461 = AXIS2_PLACEMENT_3D('',#2462,#2463,#2464);
#2462 = CARTESIAN_POINT('',(-54.1,-32.09999999999,-178.8));
#2463 = DIRECTION('',(-1.,0.,0.));
#2464 = DIRECTION('',(0.,1.,7.915897769754E-14));
#2465 = ADVANCED_FACE('',(#2466),#2484,.F.);
#2466 = FACE_BOUND('',#2467,.F.);
#2467 = EDGE_LOOP('',(#2468,#2469,#2477,#2483));
#2468 = ORIENTED_EDGE('',*,*,#2440,.T.);
#2469 = ORIENTED_EDGE('',*,*,#2470,.T.);
#2470 = EDGE_CURVE('',#2433,#2471,#2473,.T.);
#2471 = VERTEX_POINT('',#2472);
#2472 = CARTESIAN_POINT('',(-56.15806451575,-24.09999999999,-174.8));
#2473 = LINE('',#2474,#2475);
#2474 = CARTESIAN_POINT('',(-54.1,-26.09374999999,-174.8));
#2475 = VECTOR('',#2476,1.);
#2476 = DIRECTION('',(-0.718240222727,0.695795215891,5.489057326848E-14)
  );
#2477 = ORIENTED_EDGE('',*,*,#2478,.F.);
#2478 = EDGE_CURVE('',#655,#2471,#2479,.T.);
#2479 = LINE('',#2480,#2481);
#2480 = CARTESIAN_POINT('',(-56.15806451575,-24.09999999999,-178.8));
#2481 = VECTOR('',#2482,1.);
#2482 = DIRECTION('',(0.,-7.915897769754E-14,1.));
#2483 = ORIENTED_EDGE('',*,*,#662,.F.);
#2484 = PLANE('',#2485);
#2485 = AXIS2_PLACEMENT_3D('',#2486,#2487,#2488);
#2486 = CARTESIAN_POINT('',(-54.1,-26.09374999999,-178.8));
#2487 = DIRECTION('',(-0.695795215891,-0.718240222727,
    -5.685025931675E-14));
#2488 = DIRECTION('',(-0.718240222727,0.695795215891,5.508275121309E-14)
  );
#2489 = ADVANCED_FACE('',(#2490),#2508,.F.);
#2490 = FACE_BOUND('',#2491,.F.);
#2491 = EDGE_LOOP('',(#2492,#2493,#2501,#2507));
#2492 = ORIENTED_EDGE('',*,*,#2478,.T.);
#2493 = ORIENTED_EDGE('',*,*,#2494,.T.);
#2494 = EDGE_CURVE('',#2471,#2495,#2497,.T.);
#2495 = VERTEX_POINT('',#2496);
#2496 = CARTESIAN_POINT('',(-63.3,-24.09999999999,-174.8));
#2497 = LINE('',#2498,#2499);
#2498 = CARTESIAN_POINT('',(-56.15806451575,-24.09999999999,-174.8));
#2499 = VECTOR('',#2500,1.);
#2500 = DIRECTION('',(-1.,0.,0.));
#2501 = ORIENTED_EDGE('',*,*,#2502,.F.);
#2502 = EDGE_CURVE('',#647,#2495,#2503,.T.);
#2503 = LINE('',#2504,#2505);
#2504 = CARTESIAN_POINT('',(-63.3,-24.09999999999,-178.8));
#2505 = VECTOR('',#2506,1.);
#2506 = DIRECTION('',(0.,-7.915897769754E-14,1.));
#2507 = ORIENTED_EDGE('',*,*,#654,.F.);
#2508 = PLANE('',#2509);
#2509 = AXIS2_PLACEMENT_3D('',#2510,#2511,#2512);
#2510 = CARTESIAN_POINT('',(-56.15806451575,-24.09999999999,-178.8));
#2511 = DIRECTION('',(0.,-1.,-7.915897769754E-14));
#2512 = DIRECTION('',(-1.,0.,0.));
#2513 = ADVANCED_FACE('',(#2514),#2754,.T.);
#2514 = FACE_BOUND('',#2515,.F.);
#2515 = EDGE_LOOP('',(#2516,#2614,#2623,#2631,#2637,#2638,#2646,#2654,
    #2660,#2661,#2669,#2677,#2683,#2684,#2692,#2700,#2706,#2707,#2708,
    #2716,#2724,#2730,#2731,#2739,#2747,#2753));
#2516 = ORIENTED_EDGE('',*,*,#2517,.T.);
#2517 = EDGE_CURVE('',#2302,#2518,#2520,.T.);
#2518 = VERTEX_POINT('',#2519);
#2519 = CARTESIAN_POINT('',(-63.3,-25.47093914104,-117.93245014));
#2520 = B_SPLINE_CURVE_WITH_KNOTS('',8,(#2521,#2522,#2523,#2524,#2525,
    #2526,#2527,#2528,#2529,#2530,#2531,#2532,#2533,#2534,#2535,#2536,
    #2537,#2538,#2539,#2540,#2541,#2542,#2543,#2544,#2545,#2546,#2547,
    #2548,#2549,#2550,#2551,#2552,#2553,#2554,#2555,#2556,#2557,#2558,
    #2559,#2560,#2561,#2562,#2563,#2564,#2565,#2566,#2567,#2568,#2569,
    #2570,#2571,#2572,#2573,#2574,#2575,#2576,#2577,#2578,#2579,#2580,
    #2581,#2582,#2583,#2584,#2585,#2586,#2587,#2588,#2589,#2590,#2591,
    #2592,#2593,#2594,#2595,#2596,#2597,#2598,#2599,#2600,#2601,#2602,
    #2603,#2604,#2605,#2606,#2607,#2608,#2609,#2610,#2611,#2612,#2613),
  .UNSPECIFIED.,.F.,.F.,(9,7,7,7,7,7,7,7,7,7,7,7,7,9),(0.,
    3.400437133074E-02,5.200771660737E-02,7.801337917206E-02,
    0.433874945304,0.462881718354,0.491888489967,0.520895261494,
    0.548901799993,0.577908574851,0.606915360236,0.742946058175,
    0.836969862898,1.),.UNSPECIFIED.);
#2521 = CARTESIAN_POINT('',(-63.3,-29.,-118.4327985647));
#2522 = CARTESIAN_POINT('',(-63.3,-29.,-118.4109227099));
#2523 = CARTESIAN_POINT('',(-63.3,-28.99969615671,-118.3890468329));
#2524 = CARTESIAN_POINT('',(-63.3,-28.99908846936,-118.3671758637));
#2525 = CARTESIAN_POINT('',(-63.3,-28.99817703288,-118.3453147276));
#2526 = CARTESIAN_POINT('',(-63.3,-28.99696203796,-118.3234683452));
#2527 = CARTESIAN_POINT('',(-63.3,-28.99544377102,-118.3016416323));
#2528 = CARTESIAN_POINT('',(-63.3,-28.9936226142,-118.2798395001));
#2529 = CARTESIAN_POINT('',(-63.3,-28.99037473869,-118.2465395004));
#2530 = CARTESIAN_POINT('',(-63.3,-28.98916566313,-118.2350204102));
#2531 = CARTESIAN_POINT('',(-63.3,-28.98787188958,-118.2235103121));
#2532 = CARTESIAN_POINT('',(-63.3,-28.98649349641,-118.2120099326));
#2533 = CARTESIAN_POINT('',(-63.3,-28.98503056945,-118.2005199976));
#2534 = CARTESIAN_POINT('',(-63.3,-28.98348320199,-118.189041232));
#2535 = CARTESIAN_POINT('',(-63.3,-28.98185149481,-118.1775743596));
#2536 = CARTESIAN_POINT('',(-63.3,-28.97765689895,-118.1495745383));
#2537 = CARTESIAN_POINT('',(-63.3,-28.9750024881,-118.1330552965));
#2538 = CARTESIAN_POINT('',(-63.3,-28.97217264998,-118.1165645576));
#2539 = CARTESIAN_POINT('',(-63.3,-28.9691677432,-118.1001044954));
#2540 = CARTESIAN_POINT('',(-63.3,-28.96598815853,-118.0836772775));
#2541 = CARTESIAN_POINT('',(-63.3,-28.96263431899,-118.0672850653));
#2542 = CARTESIAN_POINT('',(-63.3,-28.95910667977,-118.0509300145));
#2543 = CARTESIAN_POINT('',(-63.3,-28.90476189695,-117.8113496358));
#2544 = CARTESIAN_POINT('',(-63.3,-28.82157635584,-117.5950565326));
#2545 = CARTESIAN_POINT('',(-63.3,-28.70704624689,-117.3919187039));
#2546 = CARTESIAN_POINT('',(-63.3,-28.56382712888,-117.2070435881));
#2547 = CARTESIAN_POINT('',(-63.3,-28.39522931064,-117.0449779758));
#2548 = CARTESIAN_POINT('',(-63.3,-28.20542189787,-116.9094969109));
#2549 = CARTESIAN_POINT('',(-63.3,-27.99920111061,-116.8037836997));
#2550 = CARTESIAN_POINT('',(-63.3,-27.76493114188,-116.7236464255));
#2551 = CARTESIAN_POINT('',(-63.3,-27.747203111,-116.717815833));
#2552 = CARTESIAN_POINT('',(-63.3,-27.72940641188,-116.7121954274));
#2553 = CARTESIAN_POINT('',(-63.3,-27.71154395282,-116.7067861499));
#2554 = CARTESIAN_POINT('',(-63.3,-27.69361865648,-116.7015888931));
#2555 = CARTESIAN_POINT('',(-63.3,-27.67563345997,-116.6966045011));
#2556 = CARTESIAN_POINT('',(-63.3,-27.65759131479,-116.6918337693));
#2557 = CARTESIAN_POINT('',(-63.3,-27.62139905981,-116.68272112));
#2558 = CARTESIAN_POINT('',(-63.3,-27.603248947,-116.6783792017));
#2559 = CARTESIAN_POINT('',(-63.3,-27.58504781436,-116.6742524363));
#2560 = CARTESIAN_POINT('',(-63.3,-27.56679863815,-116.670341521));
#2561 = CARTESIAN_POINT('',(-63.3,-27.54850440495,-116.6666471033));
#2562 = CARTESIAN_POINT('',(-63.3,-27.5301681117,-116.6631697809));
#2563 = CARTESIAN_POINT('',(-63.3,-27.51179276564,-116.6599101019));
#2564 = CARTESIAN_POINT('',(-63.3,-27.47497000314,-116.6538270283));
#2565 = CARTESIAN_POINT('',(-63.3,-27.45652258363,-116.651003633));
#2566 = CARTESIAN_POINT('',(-63.3,-27.43804214345,-116.6483988777));
#2567 = CARTESIAN_POINT('',(-63.3,-27.41953170636,-116.6460132106));
#2568 = CARTESIAN_POINT('',(-63.3,-27.40099430233,-116.6438470295));
#2569 = CARTESIAN_POINT('',(-63.3,-27.38243296752,-116.6419006818));
#2570 = CARTESIAN_POINT('',(-63.3,-27.36385074424,-116.6401744648));
#2571 = CARTESIAN_POINT('',(-63.3,-27.32729199896,-116.6372147111));
#2572 = CARTESIAN_POINT('',(-63.3,-27.30931668336,-116.6359662379));
#2573 = CARTESIAN_POINT('',(-63.3,-27.29132747797,-116.6349234276));
#2574 = CARTESIAN_POINT('',(-63.3,-27.27332712834,-116.6340864583));
#2575 = CARTESIAN_POINT('',(-63.3,-27.25531838183,-116.6334554641));
#2576 = CARTESIAN_POINT('',(-63.3,-27.23730398759,-116.6330305351));
#2577 = CARTESIAN_POINT('',(-63.3,-27.21928669657,-116.6328117171));
#2578 = CARTESIAN_POINT('',(-63.3,-27.18260834476,-116.6327858535));
#2579 = CARTESIAN_POINT('',(-63.3,-27.16394727056,-116.6329937932));
#2580 = CARTESIAN_POINT('',(-63.3,-27.14528909738,-116.6334228334));
#2581 = CARTESIAN_POINT('',(-63.3,-27.12663688164,-116.6340729256));
#2582 = CARTESIAN_POINT('',(-63.3,-27.10799367768,-116.6349439705));
#2583 = CARTESIAN_POINT('',(-63.3,-27.0893625378,-116.6360358183));
#2584 = CARTESIAN_POINT('',(-63.3,-27.0707465122,-116.6373482685));
#2585 = CARTESIAN_POINT('',(-63.3,-27.03355077915,-116.6404138718));
#2586 = CARTESIAN_POINT('',(-63.3,-27.01497106862,-116.6421670253));
#2587 = CARTESIAN_POINT('',(-63.3,-26.9964125656,-116.6441402792));
#2588 = CARTESIAN_POINT('',(-63.3,-26.97787831198,-116.6463333319));
#2589 = CARTESIAN_POINT('',(-63.3,-26.95937134339,-116.6487458314));
#2590 = CARTESIAN_POINT('',(-63.3,-26.94089468922,-116.6513773756));
#2591 = CARTESIAN_POINT('',(-63.3,-26.92245137258,-116.6542275119));
#2592 = CARTESIAN_POINT('',(-63.3,-26.81772281734,-116.6716845392));
#2593 = CARTESIAN_POINT('',(-63.3,-26.73219770798,-116.6908704763));
#2594 = CARTESIAN_POINT('',(-63.3,-26.64778435309,-116.714800653));
#2595 = CARTESIAN_POINT('',(-63.3,-26.56478998286,-116.7433989393));
#2596 = CARTESIAN_POINT('',(-63.3,-26.48351348231,-116.7765660859));
#2597 = CARTESIAN_POINT('',(-63.3,-26.40424508689,-116.8141798384));
#2598 = CARTESIAN_POINT('',(-63.3,-26.3272660779,-116.8560950516));
#2599 = CARTESIAN_POINT('',(-63.3,-26.20141136888,-116.9339724948));
#2600 = CARTESIAN_POINT('',(-63.3,-26.15119619171,-116.9677769721));
#2601 = CARTESIAN_POINT('',(-63.3,-26.10229212472,-117.0035019989));
#2602 = CARTESIAN_POINT('',(-63.3,-26.05478478561,-117.0410880099));
#2603 = CARTESIAN_POINT('',(-63.3,-26.00875623165,-117.0804711118));
#2604 = CARTESIAN_POINT('',(-63.3,-25.96428495966,-117.1215830829));
#2605 = CARTESIAN_POINT('',(-63.3,-25.92144590605,-117.1643513737));
#2606 = CARTESIAN_POINT('',(-63.3,-25.80898468441,-117.2855947076));
#2607 = CARTESIAN_POINT('',(-63.3,-25.74277395319,-117.3672460818));
#2608 = CARTESIAN_POINT('',(-63.3,-25.68205694433,-117.4532476723));
#2609 = CARTESIAN_POINT('',(-63.3,-25.62716411246,-117.543165263));
#2610 = CARTESIAN_POINT('',(-63.3,-25.5783827488,-117.6365395261));
#2611 = CARTESIAN_POINT('',(-63.3,-25.53595847135,-117.7328875427));
#2612 = CARTESIAN_POINT('',(-63.3,-25.50009313208,-117.8317022965));
#2613 = CARTESIAN_POINT('',(-63.3,-25.47093914104,-117.93245014));
#2614 = ORIENTED_EDGE('',*,*,#2615,.T.);
#2615 = EDGE_CURVE('',#2518,#2616,#2618,.T.);
#2616 = VERTEX_POINT('',#2617);
#2617 = CARTESIAN_POINT('',(-63.3,5.789843290181,-148.5777975652));
#2618 = CIRCLE('',#2619,44.545603449538);
#2619 = AXIS2_PLACEMENT_3D('',#2620,#2621,#2622);
#2620 = CARTESIAN_POINT('',(-63.3,17.319093838506,-105.5500487456));
#2621 = DIRECTION('',(1.,0.,-0.));
#2622 = DIRECTION('',(0.,1.110223024625E-16,1.));
#2623 = ORIENTED_EDGE('',*,*,#2624,.T.);
#2624 = EDGE_CURVE('',#2616,#2625,#2627,.T.);
#2625 = VERTEX_POINT('',#2626);
#2626 = CARTESIAN_POINT('',(-63.3,7.,-148.9020580783));
#2627 = LINE('',#2628,#2629);
#2628 = CARTESIAN_POINT('',(-63.3,-14.90159625878,-143.0335430478));
#2629 = VECTOR('',#2630,1.);
#2630 = DIRECTION('',(0.,0.965925826289,-0.258819045103));
#2631 = ORIENTED_EDGE('',*,*,#2632,.F.);
#2632 = EDGE_CURVE('',#542,#2625,#2633,.T.);
#2633 = LINE('',#2634,#2635);
#2634 = CARTESIAN_POINT('',(-63.3,7.,-180.));
#2635 = VECTOR('',#2636,1.);
#2636 = DIRECTION('',(0.,3.310223024625E-16,1.));
#2637 = ORIENTED_EDGE('',*,*,#550,.T.);
#2638 = ORIENTED_EDGE('',*,*,#2639,.T.);
#2639 = EDGE_CURVE('',#551,#2640,#2642,.T.);
#2640 = VERTEX_POINT('',#2641);
#2641 = CARTESIAN_POINT('',(-63.3,-2.233929668666,-167.));
#2642 = LINE('',#2643,#2644);
#2643 = CARTESIAN_POINT('',(-63.3,-2.233929668666,-180.));
#2644 = VECTOR('',#2645,1.);
#2645 = DIRECTION('',(0.,3.310223024625E-16,1.));
#2646 = ORIENTED_EDGE('',*,*,#2647,.F.);
#2647 = EDGE_CURVE('',#2648,#2640,#2650,.T.);
#2648 = VERTEX_POINT('',#2649);
#2649 = CARTESIAN_POINT('',(-63.3,-3.233929668666,-167.));
#2650 = LINE('',#2651,#2652);
#2651 = CARTESIAN_POINT('',(-63.3,-31.5,-167.));
#2652 = VECTOR('',#2653,1.);
#2653 = DIRECTION('',(0.,1.,-1.110223024625E-16));
#2654 = ORIENTED_EDGE('',*,*,#2655,.T.);
#2655 = EDGE_CURVE('',#2648,#575,#2656,.T.);
#2656 = LINE('',#2657,#2658);
#2657 = CARTESIAN_POINT('',(-63.3,-3.233929668666,-180.));
#2658 = VECTOR('',#2659,1.);
#2659 = DIRECTION('',(0.,-3.310223024625E-16,-1.));
#2660 = ORIENTED_EDGE('',*,*,#582,.T.);
#2661 = ORIENTED_EDGE('',*,*,#2662,.T.);
#2662 = EDGE_CURVE('',#583,#2663,#2665,.T.);
#2663 = VERTEX_POINT('',#2664);
#2664 = CARTESIAN_POINT('',(-63.3,-12.,-167.));
#2665 = LINE('',#2666,#2667);
#2666 = CARTESIAN_POINT('',(-63.3,-12.,-180.));
#2667 = VECTOR('',#2668,1.);
#2668 = DIRECTION('',(0.,3.310223024625E-16,1.));
#2669 = ORIENTED_EDGE('',*,*,#2670,.F.);
#2670 = EDGE_CURVE('',#2671,#2663,#2673,.T.);
#2671 = VERTEX_POINT('',#2672);
#2672 = CARTESIAN_POINT('',(-63.3,-13.,-167.));
#2673 = LINE('',#2674,#2675);
#2674 = CARTESIAN_POINT('',(-63.3,-31.5,-167.));
#2675 = VECTOR('',#2676,1.);
#2676 = DIRECTION('',(0.,1.,-1.110223024625E-16));
#2677 = ORIENTED_EDGE('',*,*,#2678,.T.);
#2678 = EDGE_CURVE('',#2671,#607,#2679,.T.);
#2679 = LINE('',#2680,#2681);
#2680 = CARTESIAN_POINT('',(-63.3,-13.,-180.));
#2681 = VECTOR('',#2682,1.);
#2682 = DIRECTION('',(0.,-3.310223024625E-16,-1.));
#2683 = ORIENTED_EDGE('',*,*,#614,.T.);
#2684 = ORIENTED_EDGE('',*,*,#2685,.T.);
#2685 = EDGE_CURVE('',#615,#2686,#2688,.T.);
#2686 = VERTEX_POINT('',#2687);
#2687 = CARTESIAN_POINT('',(-63.3,-21.76607033133,-167.));
#2688 = LINE('',#2689,#2690);
#2689 = CARTESIAN_POINT('',(-63.3,-21.76607033133,-180.));
#2690 = VECTOR('',#2691,1.);
#2691 = DIRECTION('',(0.,3.310223024625E-16,1.));
#2692 = ORIENTED_EDGE('',*,*,#2693,.F.);
#2693 = EDGE_CURVE('',#2694,#2686,#2696,.T.);
#2694 = VERTEX_POINT('',#2695);
#2695 = CARTESIAN_POINT('',(-63.3,-22.76607033133,-167.));
#2696 = LINE('',#2697,#2698);
#2697 = CARTESIAN_POINT('',(-63.3,-31.5,-167.));
#2698 = VECTOR('',#2699,1.);
#2699 = DIRECTION('',(0.,1.,-1.110223024625E-16));
#2700 = ORIENTED_EDGE('',*,*,#2701,.T.);
#2701 = EDGE_CURVE('',#2694,#639,#2702,.T.);
#2702 = LINE('',#2703,#2704);
#2703 = CARTESIAN_POINT('',(-63.3,-22.76607033133,-180.));
#2704 = VECTOR('',#2705,1.);
#2705 = DIRECTION('',(0.,-3.310223024625E-16,-1.));
#2706 = ORIENTED_EDGE('',*,*,#646,.T.);
#2707 = ORIENTED_EDGE('',*,*,#2502,.T.);
#2708 = ORIENTED_EDGE('',*,*,#2709,.T.);
#2709 = EDGE_CURVE('',#2495,#2710,#2712,.T.);
#2710 = VERTEX_POINT('',#2711);
#2711 = CARTESIAN_POINT('',(-63.3,-25.89999999999,-174.8));
#2712 = LINE('',#2713,#2714);
#2713 = CARTESIAN_POINT('',(-63.3,-24.09999999999,-174.8));
#2714 = VECTOR('',#2715,1.);
#2715 = DIRECTION('',(0.,-1.,-7.888897769754E-14));
#2716 = ORIENTED_EDGE('',*,*,#2717,.F.);
#2717 = EDGE_CURVE('',#2718,#2710,#2720,.T.);
#2718 = VERTEX_POINT('',#2719);
#2719 = CARTESIAN_POINT('',(-63.3,-25.89999999999,-178.8));
#2720 = LINE('',#2721,#2722);
#2721 = CARTESIAN_POINT('',(-63.3,-25.89999999999,-178.8));
#2722 = VECTOR('',#2723,1.);
#2723 = DIRECTION('',(0.,-7.915897769754E-14,1.));
#2724 = ORIENTED_EDGE('',*,*,#2725,.T.);
#2725 = EDGE_CURVE('',#2718,#2337,#2726,.T.);
#2726 = LINE('',#2727,#2728);
#2727 = CARTESIAN_POINT('',(-63.3,-36.13656600715,-178.8));
#2728 = VECTOR('',#2729,1.);
#2729 = DIRECTION('',(0.,-1.,3.410223024625E-16));
#2730 = ORIENTED_EDGE('',*,*,#2344,.T.);
#2731 = ORIENTED_EDGE('',*,*,#2732,.F.);
#2732 = EDGE_CURVE('',#2733,#2345,#2735,.T.);
#2733 = VERTEX_POINT('',#2734);
#2734 = CARTESIAN_POINT('',(-63.3,-24.6,-139.8));
#2735 = LINE('',#2736,#2737);
#2736 = CARTESIAN_POINT('',(-63.3,-24.6,-139.8));
#2737 = VECTOR('',#2738,1.);
#2738 = DIRECTION('',(0.,-1.,1.110223024625E-16));
#2739 = ORIENTED_EDGE('',*,*,#2740,.F.);
#2740 = EDGE_CURVE('',#2741,#2733,#2743,.T.);
#2741 = VERTEX_POINT('',#2742);
#2742 = CARTESIAN_POINT('',(-63.3,-24.6,-130.6));
#2743 = LINE('',#2744,#2745);
#2744 = CARTESIAN_POINT('',(-63.3,-24.6,-130.6));
#2745 = VECTOR('',#2746,1.);
#2746 = DIRECTION('',(0.,-1.110223024625E-16,-1.));
#2747 = ORIENTED_EDGE('',*,*,#2748,.F.);
#2748 = EDGE_CURVE('',#2300,#2741,#2749,.T.);
#2749 = LINE('',#2750,#2751);
#2750 = CARTESIAN_POINT('',(-63.3,-29.,-130.6));
#2751 = VECTOR('',#2752,1.);
#2752 = DIRECTION('',(0.,1.,-1.110223024625E-16));
#2753 = ORIENTED_EDGE('',*,*,#2299,.T.);
#2754 = PLANE('',#2755);
#2755 = AXIS2_PLACEMENT_3D('',#2756,#2757,#2758);
#2756 = CARTESIAN_POINT('',(-63.3,-50.5,-180.));
#2757 = DIRECTION('',(1.,0.,0.));
#2758 = DIRECTION('',(0.,-1.,3.310223024625E-16));
#2759 = ADVANCED_FACE('',(#2760),#2776,.T.);
#2760 = FACE_BOUND('',#2761,.T.);
#2761 = EDGE_LOOP('',(#2762,#2763,#2769,#2770));
#2762 = ORIENTED_EDGE('',*,*,#1481,.F.);
#2763 = ORIENTED_EDGE('',*,*,#2764,.F.);
#2764 = EDGE_CURVE('',#639,#1474,#2765,.T.);
#2765 = LINE('',#2766,#2767);
#2766 = CARTESIAN_POINT('',(-63.3,-22.76607033133,-179.4));
#2767 = VECTOR('',#2768,1.);
#2768 = DIRECTION('',(0.,-3.310223024625E-16,-1.));
#2769 = ORIENTED_EDGE('',*,*,#638,.F.);
#2770 = ORIENTED_EDGE('',*,*,#2771,.F.);
#2771 = EDGE_CURVE('',#1482,#631,#2772,.T.);
#2772 = LINE('',#2773,#2774);
#2773 = CARTESIAN_POINT('',(-38.5,-22.76607033133,-180.));
#2774 = VECTOR('',#2775,1.);
#2775 = DIRECTION('',(0.,3.310223024625E-16,1.));
#2776 = PLANE('',#2777);
#2777 = AXIS2_PLACEMENT_3D('',#2778,#2779,#2780);
#2778 = CARTESIAN_POINT('',(-64.5,-22.76607033133,-180.));
#2779 = DIRECTION('',(0.,1.,-3.310223024625E-16));
#2780 = DIRECTION('',(1.,0.,0.));
#2781 = ADVANCED_FACE('',(#2782),#2793,.T.);
#2782 = FACE_BOUND('',#2783,.T.);
#2783 = EDGE_LOOP('',(#2784,#2785,#2786,#2787));
#2784 = ORIENTED_EDGE('',*,*,#1489,.F.);
#2785 = ORIENTED_EDGE('',*,*,#2771,.T.);
#2786 = ORIENTED_EDGE('',*,*,#630,.F.);
#2787 = ORIENTED_EDGE('',*,*,#2788,.F.);
#2788 = EDGE_CURVE('',#1464,#623,#2789,.T.);
#2789 = LINE('',#2790,#2791);
#2790 = CARTESIAN_POINT('',(-38.5,-21.76607033133,-180.));
#2791 = VECTOR('',#2792,1.);
#2792 = DIRECTION('',(0.,3.310223024625E-16,1.));
#2793 = PLANE('',#2794);
#2794 = AXIS2_PLACEMENT_3D('',#2795,#2796,#2797);
#2795 = CARTESIAN_POINT('',(-38.5,-22.76607033133,-180.));
#2796 = DIRECTION('',(-1.,0.,0.));
#2797 = DIRECTION('',(-0.,1.,-3.310223024625E-16));
#2798 = ADVANCED_FACE('',(#2799),#2810,.T.);
#2799 = FACE_BOUND('',#2800,.T.);
#2800 = EDGE_LOOP('',(#2801,#2802,#2803,#2804));
#2801 = ORIENTED_EDGE('',*,*,#1463,.F.);
#2802 = ORIENTED_EDGE('',*,*,#2788,.T.);
#2803 = ORIENTED_EDGE('',*,*,#622,.F.);
#2804 = ORIENTED_EDGE('',*,*,#2805,.F.);
#2805 = EDGE_CURVE('',#1466,#615,#2806,.T.);
#2806 = LINE('',#2807,#2808);
#2807 = CARTESIAN_POINT('',(-63.3,-21.76607033133,-179.4));
#2808 = VECTOR('',#2809,1.);
#2809 = DIRECTION('',(0.,3.310223024625E-16,1.));
#2810 = PLANE('',#2811);
#2811 = AXIS2_PLACEMENT_3D('',#2812,#2813,#2814);
#2812 = CARTESIAN_POINT('',(-38.5,-21.76607033133,-180.));
#2813 = DIRECTION('',(0.,-1.,3.310223024625E-16));
#2814 = DIRECTION('',(-1.,0.,0.));
#2815 = ADVANCED_FACE('',(#2816),#2832,.T.);
#2816 = FACE_BOUND('',#2817,.T.);
#2817 = EDGE_LOOP('',(#2818,#2819,#2825,#2826));
#2818 = ORIENTED_EDGE('',*,*,#1515,.F.);
#2819 = ORIENTED_EDGE('',*,*,#2820,.F.);
#2820 = EDGE_CURVE('',#607,#1508,#2821,.T.);
#2821 = LINE('',#2822,#2823);
#2822 = CARTESIAN_POINT('',(-63.3,-13.,-179.4));
#2823 = VECTOR('',#2824,1.);
#2824 = DIRECTION('',(0.,-3.310223024625E-16,-1.));
#2825 = ORIENTED_EDGE('',*,*,#606,.F.);
#2826 = ORIENTED_EDGE('',*,*,#2827,.F.);
#2827 = EDGE_CURVE('',#1516,#599,#2828,.T.);
#2828 = LINE('',#2829,#2830);
#2829 = CARTESIAN_POINT('',(-38.5,-13.,-180.));
#2830 = VECTOR('',#2831,1.);
#2831 = DIRECTION('',(0.,3.310223024625E-16,1.));
#2832 = PLANE('',#2833);
#2833 = AXIS2_PLACEMENT_3D('',#2834,#2835,#2836);
#2834 = CARTESIAN_POINT('',(-64.5,-13.,-180.));
#2835 = DIRECTION('',(0.,1.,-3.310223024625E-16));
#2836 = DIRECTION('',(1.,0.,0.));
#2837 = ADVANCED_FACE('',(#2838),#2849,.T.);
#2838 = FACE_BOUND('',#2839,.T.);
#2839 = EDGE_LOOP('',(#2840,#2841,#2842,#2843));
#2840 = ORIENTED_EDGE('',*,*,#1523,.F.);
#2841 = ORIENTED_EDGE('',*,*,#2827,.T.);
#2842 = ORIENTED_EDGE('',*,*,#598,.F.);
#2843 = ORIENTED_EDGE('',*,*,#2844,.F.);
#2844 = EDGE_CURVE('',#1498,#591,#2845,.T.);
#2845 = LINE('',#2846,#2847);
#2846 = CARTESIAN_POINT('',(-38.5,-12.,-180.));
#2847 = VECTOR('',#2848,1.);
#2848 = DIRECTION('',(0.,3.310223024625E-16,1.));
#2849 = PLANE('',#2850);
#2850 = AXIS2_PLACEMENT_3D('',#2851,#2852,#2853);
#2851 = CARTESIAN_POINT('',(-38.5,-13.,-180.));
#2852 = DIRECTION('',(-1.,0.,0.));
#2853 = DIRECTION('',(-0.,1.,-3.310223024625E-16));
#2854 = ADVANCED_FACE('',(#2855),#2866,.T.);
#2855 = FACE_BOUND('',#2856,.T.);
#2856 = EDGE_LOOP('',(#2857,#2858,#2859,#2860));
#2857 = ORIENTED_EDGE('',*,*,#1497,.F.);
#2858 = ORIENTED_EDGE('',*,*,#2844,.T.);
#2859 = ORIENTED_EDGE('',*,*,#590,.F.);
#2860 = ORIENTED_EDGE('',*,*,#2861,.F.);
#2861 = EDGE_CURVE('',#1500,#583,#2862,.T.);
#2862 = LINE('',#2863,#2864);
#2863 = CARTESIAN_POINT('',(-63.3,-12.,-179.4));
#2864 = VECTOR('',#2865,1.);
#2865 = DIRECTION('',(0.,3.310223024625E-16,1.));
#2866 = PLANE('',#2867);
#2867 = AXIS2_PLACEMENT_3D('',#2868,#2869,#2870);
#2868 = CARTESIAN_POINT('',(-38.5,-12.,-180.));
#2869 = DIRECTION('',(0.,-1.,3.310223024625E-16));
#2870 = DIRECTION('',(-1.,0.,0.));
#2871 = ADVANCED_FACE('',(#2872),#2888,.T.);
#2872 = FACE_BOUND('',#2873,.T.);
#2873 = EDGE_LOOP('',(#2874,#2875,#2881,#2882));
#2874 = ORIENTED_EDGE('',*,*,#1549,.F.);
#2875 = ORIENTED_EDGE('',*,*,#2876,.F.);
#2876 = EDGE_CURVE('',#575,#1542,#2877,.T.);
#2877 = LINE('',#2878,#2879);
#2878 = CARTESIAN_POINT('',(-63.3,-3.233929668666,-179.4));
#2879 = VECTOR('',#2880,1.);
#2880 = DIRECTION('',(0.,-3.310223024625E-16,-1.));
#2881 = ORIENTED_EDGE('',*,*,#574,.F.);
#2882 = ORIENTED_EDGE('',*,*,#2883,.F.);
#2883 = EDGE_CURVE('',#1550,#567,#2884,.T.);
#2884 = LINE('',#2885,#2886);
#2885 = CARTESIAN_POINT('',(-38.5,-3.233929668666,-180.));
#2886 = VECTOR('',#2887,1.);
#2887 = DIRECTION('',(0.,3.310223024625E-16,1.));
#2888 = PLANE('',#2889);
#2889 = AXIS2_PLACEMENT_3D('',#2890,#2891,#2892);
#2890 = CARTESIAN_POINT('',(-64.5,-3.233929668666,-180.));
#2891 = DIRECTION('',(0.,1.,-3.310223024625E-16));
#2892 = DIRECTION('',(1.,0.,0.));
#2893 = ADVANCED_FACE('',(#2894),#2905,.T.);
#2894 = FACE_BOUND('',#2895,.T.);
#2895 = EDGE_LOOP('',(#2896,#2897,#2898,#2899));
#2896 = ORIENTED_EDGE('',*,*,#1557,.F.);
#2897 = ORIENTED_EDGE('',*,*,#2883,.T.);
#2898 = ORIENTED_EDGE('',*,*,#566,.F.);
#2899 = ORIENTED_EDGE('',*,*,#2900,.F.);
#2900 = EDGE_CURVE('',#1532,#559,#2901,.T.);
#2901 = LINE('',#2902,#2903);
#2902 = CARTESIAN_POINT('',(-38.5,-2.233929668666,-180.));
#2903 = VECTOR('',#2904,1.);
#2904 = DIRECTION('',(0.,3.310223024625E-16,1.));
#2905 = PLANE('',#2906);
#2906 = AXIS2_PLACEMENT_3D('',#2907,#2908,#2909);
#2907 = CARTESIAN_POINT('',(-38.5,-3.233929668666,-180.));
#2908 = DIRECTION('',(-1.,0.,0.));
#2909 = DIRECTION('',(-0.,1.,-3.310223024625E-16));
#2910 = ADVANCED_FACE('',(#2911),#2922,.T.);
#2911 = FACE_BOUND('',#2912,.T.);
#2912 = EDGE_LOOP('',(#2913,#2914,#2915,#2916));
#2913 = ORIENTED_EDGE('',*,*,#1531,.F.);
#2914 = ORIENTED_EDGE('',*,*,#2900,.T.);
#2915 = ORIENTED_EDGE('',*,*,#558,.F.);
#2916 = ORIENTED_EDGE('',*,*,#2917,.T.);
#2917 = EDGE_CURVE('',#551,#1534,#2918,.T.);
#2918 = LINE('',#2919,#2920);
#2919 = CARTESIAN_POINT('',(-63.3,-2.233929668666,-178.8));
#2920 = VECTOR('',#2921,1.);
#2921 = DIRECTION('',(0.,-1.110223024625E-16,-1.));
#2922 = PLANE('',#2923);
#2923 = AXIS2_PLACEMENT_3D('',#2924,#2925,#2926);
#2924 = CARTESIAN_POINT('',(-38.5,-2.233929668666,-180.));
#2925 = DIRECTION('',(0.,-1.,3.310223024625E-16));
#2926 = DIRECTION('',(-1.,0.,0.));
#2927 = ADVANCED_FACE('',(#2928),#2993,.F.);
#2928 = FACE_BOUND('',#2929,.T.);
#2929 = EDGE_LOOP('',(#2930,#2931,#2932,#2940,#2949,#2986));
#2930 = ORIENTED_EDGE('',*,*,#2632,.F.);
#2931 = ORIENTED_EDGE('',*,*,#541,.T.);
#2932 = ORIENTED_EDGE('',*,*,#2933,.T.);
#2933 = EDGE_CURVE('',#534,#2934,#2936,.T.);
#2934 = VERTEX_POINT('',#2935);
#2935 = CARTESIAN_POINT('',(-56.5,13.8,-157.1842675215));
#2936 = LINE('',#2937,#2938);
#2937 = CARTESIAN_POINT('',(-56.5,13.8,-180.));
#2938 = VECTOR('',#2939,1.);
#2939 = DIRECTION('',(0.,3.310223024625E-16,1.));
#2940 = ORIENTED_EDGE('',*,*,#2941,.F.);
#2941 = EDGE_CURVE('',#2942,#2934,#2944,.T.);
#2942 = VERTEX_POINT('',#2943);
#2943 = CARTESIAN_POINT('',(-60.26935007714,12.659681970193,
    -151.5302424058));
#2944 = ELLIPSE('',#2945,12.258874336578,6.8);
#2945 = AXIS2_PLACEMENT_3D('',#2946,#2947,#2948);
#2946 = CARTESIAN_POINT('',(-56.5,7.,-157.1842675215));
#2947 = DIRECTION('',(-0.832050294338,-6.158409296133E-17,
    -0.554700196225));
#2948 = DIRECTION('',(0.554700196225,-3.52376139442E-16,-0.832050294338)
  );
#2949 = ORIENTED_EDGE('',*,*,#2950,.T.);
#2950 = EDGE_CURVE('',#2942,#2951,#2953,.T.);
#2951 = VERTEX_POINT('',#2952);
#2952 = CARTESIAN_POINT('',(-62.97709911311,9.07055236082,
    -149.4568609112));
#2953 = B_SPLINE_CURVE_WITH_KNOTS('',7,(#2954,#2955,#2956,#2957,#2958,
    #2959,#2960,#2961,#2962,#2963,#2964,#2965,#2966,#2967,#2968,#2969,
    #2970,#2971,#2972,#2973,#2974,#2975,#2976,#2977,#2978,#2979,#2980,
    #2981,#2982,#2983,#2984,#2985),.UNSPECIFIED.,.F.,.F.,(8,6,6,6,6,8),(
    0.,0.193275405088,0.495606864432,0.764886997179,0.865947023003,1.),
  .UNSPECIFIED.);
#2954 = CARTESIAN_POINT('',(-56.5,13.8,-152.9700060204));
#2955 = CARTESIAN_POINT('',(-56.73736329392,13.8,-152.9700060204));
#2956 = CARTESIAN_POINT('',(-56.97348801108,13.790333664974,
    -152.9544091951));
#2957 = CARTESIAN_POINT('',(-57.20792690228,13.771182175304,
    -152.9235054097));
#2958 = CARTESIAN_POINT('',(-57.44011960648,13.742749409331,
    -152.8781322759));
#2959 = CARTESIAN_POINT('',(-57.66926999043,13.705310461775,
    -152.8196835463));
#2960 = CARTESIAN_POINT('',(-57.89422883726,13.659355745154,
    -152.7500837842));
#2961 = CARTESIAN_POINT('',(-58.45619249907,13.522103969228,
    -152.5491631606));
#2962 = CARTESIAN_POINT('',(-58.78792522349,13.419089753855,
    -152.4040583819));
#2963 = CARTESIAN_POINT('',(-59.10932017347,13.297993580044,
    -152.2422556311));
#2964 = CARTESIAN_POINT('',(-59.42069549092,13.159497634178,
    -152.0687841042));
#2965 = CARTESIAN_POINT('',(-59.72248044928,13.003944619502,
    -151.8873192507));
#2966 = CARTESIAN_POINT('',(-60.01537703895,12.830948844777,
    -151.7003657485));
#2967 = CARTESIAN_POINT('',(-60.5536050708,12.468251045136,
    -151.3399321857));
#2968 = CARTESIAN_POINT('',(-60.80003305216,12.282849474343,
    -151.1676179086));
#2969 = CARTESIAN_POINT('',(-61.03966887155,12.082177666622,
    -150.9942130054));
#2970 = CARTESIAN_POINT('',(-61.27244217623,11.865231901718,
    -150.8209731603));
#2971 = CARTESIAN_POINT('',(-61.49784051118,11.630802052957,
    -150.6492437759));
#2972 = CARTESIAN_POINT('',(-61.71483647703,11.377561361194,
    -150.4806572832));
#2973 = CARTESIAN_POINT('',(-61.99944589612,11.001581352833,
    -150.2559464122));
#2974 = CARTESIAN_POINT('',(-62.07571992938,10.896113527978,
    -150.195338979));
#2975 = CARTESIAN_POINT('',(-62.15052697863,10.787685847485,
    -150.1355431321));
#2976 = CARTESIAN_POINT('',(-62.22377416575,10.6762091994,
    -150.0766701629));
#2977 = CARTESIAN_POINT('',(-62.29535152723,10.561596468905,
    -150.0188440556));
#2978 = CARTESIAN_POINT('',(-62.36513224014,10.443762564164,
    -149.9622018327));
#2979 = CARTESIAN_POINT('',(-62.52296130182,10.161938495907,
    -149.8335296515));
#2980 = CARTESIAN_POINT('',(-62.6095924126,9.995338453734,
    -149.7624672307));
#2981 = CARTESIAN_POINT('',(-62.69246874449,9.822712922233,
    -149.6941073239));
#2982 = CARTESIAN_POINT('',(-62.77115380094,9.643973817142,
    -149.6288839082));
#2983 = CARTESIAN_POINT('',(-62.84517148529,9.459056768391,
    -149.5672637363));
#2984 = CARTESIAN_POINT('',(-62.9140055612,9.267921525142,
    -149.5097458194));
#2985 = CARTESIAN_POINT('',(-62.97709911311,9.07055236082,
    -149.4568609112));
#2986 = ORIENTED_EDGE('',*,*,#2987,.T.);
#2987 = EDGE_CURVE('',#2951,#2625,#2988,.T.);
#2988 = ELLIPSE('',#2989,7.039878026789,6.8);
#2989 = AXIS2_PLACEMENT_3D('',#2990,#2991,#2992);
#2990 = CARTESIAN_POINT('',(-56.5,7.,-148.9020580783));
#2991 = DIRECTION('',(0.,0.258819045103,0.965925826289));
#2992 = DIRECTION('',(0.,0.965925826289,-0.258819045103));
#2993 = CYLINDRICAL_SURFACE('',#2994,6.8);
#2994 = AXIS2_PLACEMENT_3D('',#2995,#2996,#2997);
#2995 = CARTESIAN_POINT('',(-56.5,7.,-180.));
#2996 = DIRECTION('',(0.,-3.310223024625E-16,-1.));
#2997 = DIRECTION('',(-1.,0.,0.));
#2998 = ADVANCED_FACE('',(#2999),#3017,.F.);
#2999 = FACE_BOUND('',#3000,.F.);
#3000 = EDGE_LOOP('',(#3001,#3002,#3003,#3011));
#3001 = ORIENTED_EDGE('',*,*,#533,.T.);
#3002 = ORIENTED_EDGE('',*,*,#2933,.T.);
#3003 = ORIENTED_EDGE('',*,*,#3004,.F.);
#3004 = EDGE_CURVE('',#3005,#2934,#3007,.T.);
#3005 = VERTEX_POINT('',#3006);
#3006 = CARTESIAN_POINT('',(56.5,13.8,-157.1842675215));
#3007 = LINE('',#3008,#3009);
#3008 = CARTESIAN_POINT('',(28.25,13.8,-157.1842675215));
#3009 = VECTOR('',#3010,1.);
#3010 = DIRECTION('',(-1.,0.,0.));
#3011 = ORIENTED_EDGE('',*,*,#3012,.F.);
#3012 = EDGE_CURVE('',#525,#3005,#3013,.T.);
#3013 = LINE('',#3014,#3015);
#3014 = CARTESIAN_POINT('',(56.5,13.8,-180.));
#3015 = VECTOR('',#3016,1.);
#3016 = DIRECTION('',(0.,3.310223024625E-16,1.));
#3017 = PLANE('',#3018);
#3018 = AXIS2_PLACEMENT_3D('',#3019,#3020,#3021);
#3019 = CARTESIAN_POINT('',(0.,13.8,-135.));
#3020 = DIRECTION('',(-0.,1.,-3.910223024625E-16));
#3021 = DIRECTION('',(0.,-3.910223024625E-16,-1.));
#3022 = ADVANCED_FACE('',(#3023),#3081,.F.);
#3023 = FACE_BOUND('',#3024,.F.);
#3024 = EDGE_LOOP('',(#3025,#3026,#3027,#3036,#3073,#3080));
#3025 = ORIENTED_EDGE('',*,*,#524,.F.);
#3026 = ORIENTED_EDGE('',*,*,#3012,.T.);
#3027 = ORIENTED_EDGE('',*,*,#3028,.T.);
#3028 = EDGE_CURVE('',#3005,#3029,#3031,.T.);
#3029 = VERTEX_POINT('',#3030);
#3030 = CARTESIAN_POINT('',(60.269350077148,12.659681970193,
    -151.5302424058));
#3031 = ELLIPSE('',#3032,12.258874336578,6.8);
#3032 = AXIS2_PLACEMENT_3D('',#3033,#3034,#3035);
#3033 = CARTESIAN_POINT('',(56.5,7.,-157.1842675215));
#3034 = DIRECTION('',(0.832050294338,-6.158409296133E-17,-0.554700196225
    ));
#3035 = DIRECTION('',(-0.554700196225,-3.52376139442E-16,-0.832050294338
    ));
#3036 = ORIENTED_EDGE('',*,*,#3037,.T.);
#3037 = EDGE_CURVE('',#3029,#3038,#3040,.T.);
#3038 = VERTEX_POINT('',#3039);
#3039 = CARTESIAN_POINT('',(62.977099113114,9.07055236082,
    -149.4568609112));
#3040 = B_SPLINE_CURVE_WITH_KNOTS('',7,(#3041,#3042,#3043,#3044,#3045,
    #3046,#3047,#3048,#3049,#3050,#3051,#3052,#3053,#3054,#3055,#3056,
    #3057,#3058,#3059,#3060,#3061,#3062,#3063,#3064,#3065,#3066,#3067,
    #3068,#3069,#3070,#3071,#3072),.UNSPECIFIED.,.F.,.F.,(8,6,6,6,6,8),(
    0.,0.193275404892,0.495606864301,0.764886997108,0.865947022954,1.),
  .UNSPECIFIED.);
#3041 = CARTESIAN_POINT('',(56.5,13.8,-152.9700060204));
#3042 = CARTESIAN_POINT('',(56.73736329419,13.8,-152.9700060204));
#3043 = CARTESIAN_POINT('',(56.97348801113,13.790333664953,
    -152.9544091951));
#3044 = CARTESIAN_POINT('',(57.207926902082,13.77118217531,
    -152.9235054097));
#3045 = CARTESIAN_POINT('',(57.440119606263,13.742749409374,
    -152.878132276));
#3046 = CARTESIAN_POINT('',(57.669269990445,13.705310461795,
    -152.8196835463));
#3047 = CARTESIAN_POINT('',(57.894228837534,13.659355745087,
    -152.7500837841));
#3048 = CARTESIAN_POINT('',(58.456192499071,13.522103969228,
    -152.5491631606));
#3049 = CARTESIAN_POINT('',(58.787925223492,13.419089753856,
    -152.4040583819));
#3050 = CARTESIAN_POINT('',(59.109320173475,13.297993580042,
    -152.2422556311));
#3051 = CARTESIAN_POINT('',(59.420695490923,13.159497634179,
    -152.0687841042));
#3052 = CARTESIAN_POINT('',(59.722480449287,13.003944619501,
    -151.8873192507));
#3053 = CARTESIAN_POINT('',(60.015377038952,12.830948844777,
    -151.7003657485));
#3054 = CARTESIAN_POINT('',(60.5536050708,12.468251045136,
    -151.3399321857));
#3055 = CARTESIAN_POINT('',(60.800033052168,12.282849474343,
    -151.1676179086));
#3056 = CARTESIAN_POINT('',(61.039668871552,12.082177666622,
    -150.9942130054));
#3057 = CARTESIAN_POINT('',(61.272442176231,11.865231901718,
    -150.8209731603));
#3058 = CARTESIAN_POINT('',(61.497840511189,11.630802052957,
    -150.6492437759));
#3059 = CARTESIAN_POINT('',(61.714836477032,11.377561361194,
    -150.4806572832));
#3060 = CARTESIAN_POINT('',(61.999445896126,11.001581352833,
    -150.2559464122));
#3061 = CARTESIAN_POINT('',(62.075719929384,10.896113527978,
    -150.195338979));
#3062 = CARTESIAN_POINT('',(62.150526978638,10.787685847485,
    -150.1355431321));
#3063 = CARTESIAN_POINT('',(62.223774165759,10.6762091994,
    -150.0766701629));
#3064 = CARTESIAN_POINT('',(62.295351527236,10.561596468905,
    -150.0188440556));
#3065 = CARTESIAN_POINT('',(62.365132240142,10.443762564164,
    -149.9622018327));
#3066 = CARTESIAN_POINT('',(62.522961301834,10.161938495883,
    -149.8335296515));
#3067 = CARTESIAN_POINT('',(62.609592412603,9.995338453729,
    -149.7624672307));
#3068 = CARTESIAN_POINT('',(62.69246874448,9.822712922254,
    -149.6941073239));
#3069 = CARTESIAN_POINT('',(62.771153800935,9.643973817166,
    -149.6288839082));
#3070 = CARTESIAN_POINT('',(62.845171485296,9.45905676839,
    -149.5672637363));
#3071 = CARTESIAN_POINT('',(62.914005561211,9.267921525112,
    -149.5097458194));
#3072 = CARTESIAN_POINT('',(62.977099113114,9.07055236082,
    -149.4568609112));
#3073 = ORIENTED_EDGE('',*,*,#3074,.F.);
#3074 = EDGE_CURVE('',#967,#3038,#3075,.T.);
#3075 = ELLIPSE('',#3076,7.039878026789,6.8);
#3076 = AXIS2_PLACEMENT_3D('',#3077,#3078,#3079);
#3077 = CARTESIAN_POINT('',(56.5,7.,-148.9020580783));
#3078 = DIRECTION('',(0.,0.258819045103,0.965925826289));
#3079 = DIRECTION('',(0.,0.965925826289,-0.258819045103));
#3080 = ORIENTED_EDGE('',*,*,#974,.F.);
#3081 = CYLINDRICAL_SURFACE('',#3082,6.8);
#3082 = AXIS2_PLACEMENT_3D('',#3083,#3084,#3085);
#3083 = CARTESIAN_POINT('',(56.5,7.,-180.));
#3084 = DIRECTION('',(0.,-3.310223024625E-16,-1.));
#3085 = DIRECTION('',(1.,0.,0.));
#3086 = ADVANCED_FACE('',(#3087),#3103,.F.);
#3087 = FACE_BOUND('',#3088,.F.);
#3088 = EDGE_LOOP('',(#3089,#3090,#3096,#3097));
#3089 = ORIENTED_EDGE('',*,*,#1771,.F.);
#3090 = ORIENTED_EDGE('',*,*,#3091,.T.);
#3091 = EDGE_CURVE('',#1772,#501,#3092,.T.);
#3092 = LINE('',#3093,#3094);
#3093 = CARTESIAN_POINT('',(38.5,-2.233929668666,-180.));
#3094 = VECTOR('',#3095,1.);
#3095 = DIRECTION('',(0.,3.310223024625E-16,1.));
#3096 = ORIENTED_EDGE('',*,*,#508,.F.);
#3097 = ORIENTED_EDGE('',*,*,#3098,.T.);
#3098 = EDGE_CURVE('',#509,#1764,#3099,.T.);
#3099 = LINE('',#3100,#3101);
#3100 = CARTESIAN_POINT('',(63.3,-2.233929668666,-178.8));
#3101 = VECTOR('',#3102,1.);
#3102 = DIRECTION('',(0.,-1.110223024625E-16,-1.));
#3103 = PLANE('',#3104);
#3104 = AXIS2_PLACEMENT_3D('',#3105,#3106,#3107);
#3105 = CARTESIAN_POINT('',(38.5,-2.233929668666,-180.));
#3106 = DIRECTION('',(0.,1.,-3.310223024625E-16));
#3107 = DIRECTION('',(1.,0.,0.));
#3108 = ADVANCED_FACE('',(#3109),#3120,.F.);
#3109 = FACE_BOUND('',#3110,.F.);
#3110 = EDGE_LOOP('',(#3111,#3112,#3118,#3119));
#3111 = ORIENTED_EDGE('',*,*,#1779,.F.);
#3112 = ORIENTED_EDGE('',*,*,#3113,.T.);
#3113 = EDGE_CURVE('',#1756,#493,#3114,.T.);
#3114 = LINE('',#3115,#3116);
#3115 = CARTESIAN_POINT('',(38.5,-3.233929668666,-180.));
#3116 = VECTOR('',#3117,1.);
#3117 = DIRECTION('',(0.,3.310223024625E-16,1.));
#3118 = ORIENTED_EDGE('',*,*,#500,.F.);
#3119 = ORIENTED_EDGE('',*,*,#3091,.F.);
#3120 = PLANE('',#3121);
#3121 = AXIS2_PLACEMENT_3D('',#3122,#3123,#3124);
#3122 = CARTESIAN_POINT('',(38.5,-3.233929668666,-180.));
#3123 = DIRECTION('',(-1.,0.,0.));
#3124 = DIRECTION('',(-0.,1.,-3.310223024625E-16));
#3125 = ADVANCED_FACE('',(#3126),#3137,.F.);
#3126 = FACE_BOUND('',#3127,.F.);
#3127 = EDGE_LOOP('',(#3128,#3129,#3135,#3136));
#3128 = ORIENTED_EDGE('',*,*,#1753,.F.);
#3129 = ORIENTED_EDGE('',*,*,#3130,.T.);
#3130 = EDGE_CURVE('',#1754,#485,#3131,.T.);
#3131 = LINE('',#3132,#3133);
#3132 = CARTESIAN_POINT('',(63.3,-3.233929668666,-179.4));
#3133 = VECTOR('',#3134,1.);
#3134 = DIRECTION('',(0.,3.310223024625E-16,1.));
#3135 = ORIENTED_EDGE('',*,*,#492,.F.);
#3136 = ORIENTED_EDGE('',*,*,#3113,.F.);
#3137 = PLANE('',#3138);
#3138 = AXIS2_PLACEMENT_3D('',#3139,#3140,#3141);
#3139 = CARTESIAN_POINT('',(64.5,-3.233929668666,-180.));
#3140 = DIRECTION('',(0.,-1.,3.310223024625E-16));
#3141 = DIRECTION('',(-1.,0.,0.));
#3142 = ADVANCED_FACE('',(#3143),#3159,.F.);
#3143 = FACE_BOUND('',#3144,.F.);
#3144 = EDGE_LOOP('',(#3145,#3146,#3152,#3153));
#3145 = ORIENTED_EDGE('',*,*,#1617,.F.);
#3146 = ORIENTED_EDGE('',*,*,#3147,.T.);
#3147 = EDGE_CURVE('',#1618,#469,#3148,.T.);
#3148 = LINE('',#3149,#3150);
#3149 = CARTESIAN_POINT('',(38.5,-12.,-180.));
#3150 = VECTOR('',#3151,1.);
#3151 = DIRECTION('',(0.,3.310223024625E-16,1.));
#3152 = ORIENTED_EDGE('',*,*,#476,.F.);
#3153 = ORIENTED_EDGE('',*,*,#3154,.T.);
#3154 = EDGE_CURVE('',#477,#1610,#3155,.T.);
#3155 = LINE('',#3156,#3157);
#3156 = CARTESIAN_POINT('',(63.3,-12.,-179.4));
#3157 = VECTOR('',#3158,1.);
#3158 = DIRECTION('',(0.,-3.310223024625E-16,-1.));
#3159 = PLANE('',#3160);
#3160 = AXIS2_PLACEMENT_3D('',#3161,#3162,#3163);
#3161 = CARTESIAN_POINT('',(38.5,-12.,-180.));
#3162 = DIRECTION('',(0.,1.,-3.310223024625E-16));
#3163 = DIRECTION('',(1.,0.,0.));
#3164 = ADVANCED_FACE('',(#3165),#3176,.F.);
#3165 = FACE_BOUND('',#3166,.F.);
#3166 = EDGE_LOOP('',(#3167,#3168,#3174,#3175));
#3167 = ORIENTED_EDGE('',*,*,#1625,.F.);
#3168 = ORIENTED_EDGE('',*,*,#3169,.T.);
#3169 = EDGE_CURVE('',#1602,#461,#3170,.T.);
#3170 = LINE('',#3171,#3172);
#3171 = CARTESIAN_POINT('',(38.5,-13.,-180.));
#3172 = VECTOR('',#3173,1.);
#3173 = DIRECTION('',(0.,3.310223024625E-16,1.));
#3174 = ORIENTED_EDGE('',*,*,#468,.F.);
#3175 = ORIENTED_EDGE('',*,*,#3147,.F.);
#3176 = PLANE('',#3177);
#3177 = AXIS2_PLACEMENT_3D('',#3178,#3179,#3180);
#3178 = CARTESIAN_POINT('',(38.5,-13.,-180.));
#3179 = DIRECTION('',(-1.,0.,0.));
#3180 = DIRECTION('',(-0.,1.,-3.310223024625E-16));
#3181 = ADVANCED_FACE('',(#3182),#3193,.F.);
#3182 = FACE_BOUND('',#3183,.F.);
#3183 = EDGE_LOOP('',(#3184,#3185,#3191,#3192));
#3184 = ORIENTED_EDGE('',*,*,#1599,.F.);
#3185 = ORIENTED_EDGE('',*,*,#3186,.T.);
#3186 = EDGE_CURVE('',#1600,#453,#3187,.T.);
#3187 = LINE('',#3188,#3189);
#3188 = CARTESIAN_POINT('',(63.3,-13.,-179.4));
#3189 = VECTOR('',#3190,1.);
#3190 = DIRECTION('',(0.,3.310223024625E-16,1.));
#3191 = ORIENTED_EDGE('',*,*,#460,.F.);
#3192 = ORIENTED_EDGE('',*,*,#3169,.F.);
#3193 = PLANE('',#3194);
#3194 = AXIS2_PLACEMENT_3D('',#3195,#3196,#3197);
#3195 = CARTESIAN_POINT('',(64.5,-13.,-180.));
#3196 = DIRECTION('',(0.,-1.,3.310223024625E-16));
#3197 = DIRECTION('',(-1.,0.,0.));
#3198 = ADVANCED_FACE('',(#3199),#3215,.F.);
#3199 = FACE_BOUND('',#3200,.F.);
#3200 = EDGE_LOOP('',(#3201,#3202,#3208,#3209));
#3201 = ORIENTED_EDGE('',*,*,#1583,.F.);
#3202 = ORIENTED_EDGE('',*,*,#3203,.T.);
#3203 = EDGE_CURVE('',#1584,#437,#3204,.T.);
#3204 = LINE('',#3205,#3206);
#3205 = CARTESIAN_POINT('',(38.5,-21.76607033133,-180.));
#3206 = VECTOR('',#3207,1.);
#3207 = DIRECTION('',(0.,3.310223024625E-16,1.));
#3208 = ORIENTED_EDGE('',*,*,#444,.F.);
#3209 = ORIENTED_EDGE('',*,*,#3210,.T.);
#3210 = EDGE_CURVE('',#445,#1576,#3211,.T.);
#3211 = LINE('',#3212,#3213);
#3212 = CARTESIAN_POINT('',(63.3,-21.76607033133,-179.4));
#3213 = VECTOR('',#3214,1.);
#3214 = DIRECTION('',(0.,-3.310223024625E-16,-1.));
#3215 = PLANE('',#3216);
#3216 = AXIS2_PLACEMENT_3D('',#3217,#3218,#3219);
#3217 = CARTESIAN_POINT('',(38.5,-21.76607033133,-180.));
#3218 = DIRECTION('',(0.,1.,-3.310223024625E-16));
#3219 = DIRECTION('',(1.,0.,0.));
#3220 = ADVANCED_FACE('',(#3221),#3232,.F.);
#3221 = FACE_BOUND('',#3222,.F.);
#3222 = EDGE_LOOP('',(#3223,#3224,#3230,#3231));
#3223 = ORIENTED_EDGE('',*,*,#1591,.F.);
#3224 = ORIENTED_EDGE('',*,*,#3225,.T.);
#3225 = EDGE_CURVE('',#1568,#429,#3226,.T.);
#3226 = LINE('',#3227,#3228);
#3227 = CARTESIAN_POINT('',(38.5,-22.76607033133,-180.));
#3228 = VECTOR('',#3229,1.);
#3229 = DIRECTION('',(0.,3.310223024625E-16,1.));
#3230 = ORIENTED_EDGE('',*,*,#436,.F.);
#3231 = ORIENTED_EDGE('',*,*,#3203,.F.);
#3232 = PLANE('',#3233);
#3233 = AXIS2_PLACEMENT_3D('',#3234,#3235,#3236);
#3234 = CARTESIAN_POINT('',(38.5,-22.76607033133,-180.));
#3235 = DIRECTION('',(-1.,0.,0.));
#3236 = DIRECTION('',(-0.,1.,-3.310223024625E-16));
#3237 = ADVANCED_FACE('',(#3238),#3249,.F.);
#3238 = FACE_BOUND('',#3239,.F.);
#3239 = EDGE_LOOP('',(#3240,#3241,#3247,#3248));
#3240 = ORIENTED_EDGE('',*,*,#1565,.F.);
#3241 = ORIENTED_EDGE('',*,*,#3242,.F.);
#3242 = EDGE_CURVE('',#421,#1566,#3243,.T.);
#3243 = LINE('',#3244,#3245);
#3244 = CARTESIAN_POINT('',(63.3,-22.76607033133,-179.4));
#3245 = VECTOR('',#3246,1.);
#3246 = DIRECTION('',(0.,-3.310223024625E-16,-1.));
#3247 = ORIENTED_EDGE('',*,*,#428,.F.);
#3248 = ORIENTED_EDGE('',*,*,#3225,.F.);
#3249 = PLANE('',#3250);
#3250 = AXIS2_PLACEMENT_3D('',#3251,#3252,#3253);
#3251 = CARTESIAN_POINT('',(64.5,-22.76607033133,-180.));
#3252 = DIRECTION('',(0.,-1.,3.310223024625E-16));
#3253 = DIRECTION('',(-1.,0.,0.));
#3254 = ADVANCED_FACE('',(#3255),#3273,.T.);
#3255 = FACE_BOUND('',#3256,.T.);
#3256 = EDGE_LOOP('',(#3257,#3258,#3264,#3265));
#3257 = ORIENTED_EDGE('',*,*,#1689,.F.);
#3258 = ORIENTED_EDGE('',*,*,#3259,.T.);
#3259 = EDGE_CURVE('',#1681,#713,#3260,.T.);
#3260 = LINE('',#3261,#3262);
#3261 = CARTESIAN_POINT('',(-12.5,-3.433929668666,-180.));
#3262 = VECTOR('',#3263,1.);
#3263 = DIRECTION('',(0.,3.310223024625E-16,1.));
#3264 = ORIENTED_EDGE('',*,*,#712,.T.);
#3265 = ORIENTED_EDGE('',*,*,#3266,.F.);
#3266 = EDGE_CURVE('',#1690,#715,#3267,.T.);
#3267 = B_SPLINE_CURVE_WITH_KNOTS('',2,(#3268,#3269,#3270,#3271,#3272),
  .UNSPECIFIED.,.F.,.F.,(3,1,1,3),(-7.343999999999E-02,-8.506E-14,
    1.199999999998,1.273439999998),.UNSPECIFIED.);
#3268 = CARTESIAN_POINT('',(-1.731659405942,-11.30860620214,-180.07344)
  );
#3269 = CARTESIAN_POINT('',(-1.731659405942,-11.30860620214,-180.03672)
  );
#3270 = CARTESIAN_POINT('',(-1.731659405942,-11.30860620214,-179.4));
#3271 = CARTESIAN_POINT('',(-1.731659405942,-11.30860620214,-178.76328)
  );
#3272 = CARTESIAN_POINT('',(-1.731659405942,-11.30860620214,-178.72656)
  );
#3273 = CYLINDRICAL_SURFACE('',#3274,11.299999999998);
#3274 = AXIS2_PLACEMENT_3D('',#3275,#3276,#3277);
#3275 = CARTESIAN_POINT('',(-12.5,-14.73392966866,-180.));
#3276 = DIRECTION('',(0.,-3.310223024625E-16,-1.));
#3277 = DIRECTION('',(1.,0.,0.));
#3278 = ADVANCED_FACE('',(#3279),#3292,.F.);
#3279 = FACE_BOUND('',#3280,.F.);
#3280 = EDGE_LOOP('',(#3281,#3282,#3290,#3291));
#3281 = ORIENTED_EDGE('',*,*,#1698,.T.);
#3282 = ORIENTED_EDGE('',*,*,#3283,.T.);
#3283 = EDGE_CURVE('',#1699,#801,#3284,.T.);
#3284 = B_SPLINE_CURVE_WITH_KNOTS('',2,(#3285,#3286,#3287,#3288,#3289),
  .UNSPECIFIED.,.F.,.F.,(3,1,1,3),(-7.343999999999E-02,-8.506E-14,
    1.199999999998,1.273439999998),.UNSPECIFIED.);
#3285 = CARTESIAN_POINT('',(-2.053714285716,-12.54709231013,-180.07344)
  );
#3286 = CARTESIAN_POINT('',(-2.053714285716,-12.54709231013,-180.03672)
  );
#3287 = CARTESIAN_POINT('',(-2.053714285716,-12.54709231013,-179.4));
#3288 = CARTESIAN_POINT('',(-2.053714285716,-12.54709231013,-178.76328)
  );
#3289 = CARTESIAN_POINT('',(-2.053714285716,-12.54709231013,-178.72656)
  );
#3290 = ORIENTED_EDGE('',*,*,#809,.F.);
#3291 = ORIENTED_EDGE('',*,*,#3266,.F.);
#3292 = ( BOUNDED_SURFACE() B_SPLINE_SURFACE(2,2,(
    (#3293,#3294,#3295,#3296,#3297)
    ,(#3298,#3299,#3300,#3301,#3302)
    ,(#3303,#3304,#3305,#3306,#3307
)),.UNSPECIFIED.,.F.,.F.,.F.) B_SPLINE_SURFACE_WITH_KNOTS((3,3),(3,1,1,3
    ),(0.,1.199999999998),(-7.343999999999E-02,-8.506E-14,1.199999999998
,1.273439999998),.UNSPECIFIED.) GEOMETRIC_REPRESENTATION_ITEM() 
RATIONAL_B_SPLINE_SURFACE((
    (1.,1.,1.,1.,1.)
    ,(0.845990627278,0.845990627278,0.845990627278,0.845990627278
      ,0.845990627278)
,(1.,1.,1.,1.,1.))) REPRESENTATION_ITEM('') SURFACE() );
#3293 = CARTESIAN_POINT('',(-1.731659405942,-11.30860620214,-180.07344)
  );
#3294 = CARTESIAN_POINT('',(-1.731659405942,-11.30860620214,-180.03672)
  );
#3295 = CARTESIAN_POINT('',(-1.731659405942,-11.30860620214,-179.4));
#3296 = CARTESIAN_POINT('',(-1.731659405942,-11.30860620214,-178.76328)
  );
#3297 = CARTESIAN_POINT('',(-1.731659405942,-11.30860620214,-178.72656)
  );
#3298 = CARTESIAN_POINT('',(-1.502400000002,-12.02933911734,-180.07344)
  );
#3299 = CARTESIAN_POINT('',(-1.502400000002,-12.02933911734,-180.03672)
  );
#3300 = CARTESIAN_POINT('',(-1.502400000002,-12.02933911734,-179.4));
#3301 = CARTESIAN_POINT('',(-1.502400000002,-12.02933911734,-178.76328)
  );
#3302 = CARTESIAN_POINT('',(-1.502400000002,-12.02933911734,-178.72656)
  );
#3303 = CARTESIAN_POINT('',(-2.053714285716,-12.54709231013,-180.07344)
  );
#3304 = CARTESIAN_POINT('',(-2.053714285716,-12.54709231013,-180.03672)
  );
#3305 = CARTESIAN_POINT('',(-2.053714285716,-12.54709231013,-179.4));
#3306 = CARTESIAN_POINT('',(-2.053714285716,-12.54709231013,-178.76328)
  );
#3307 = CARTESIAN_POINT('',(-2.053714285716,-12.54709231013,-178.72656)
  );
#3308 = ADVANCED_FACE('',(#3309),#3320,.F.);
#3309 = FACE_BOUND('',#3310,.F.);
#3310 = EDGE_LOOP('',(#3311,#3312,#3313,#3314));
#3311 = ORIENTED_EDGE('',*,*,#1680,.F.);
#3312 = ORIENTED_EDGE('',*,*,#3259,.T.);
#3313 = ORIENTED_EDGE('',*,*,#723,.T.);
#3314 = ORIENTED_EDGE('',*,*,#3315,.F.);
#3315 = EDGE_CURVE('',#1672,#724,#3316,.T.);
#3316 = LINE('',#3317,#3318);
#3317 = CARTESIAN_POINT('',(-12.5,-1.033929668666,-180.));
#3318 = VECTOR('',#3319,1.);
#3319 = DIRECTION('',(0.,3.310223024625E-16,1.));
#3320 = CYLINDRICAL_SURFACE('',#3321,1.2);
#3321 = AXIS2_PLACEMENT_3D('',#3322,#3323,#3324);
#3322 = CARTESIAN_POINT('',(-12.5,-2.233929668666,-180.));
#3323 = DIRECTION('',(0.,-3.310223024625E-16,-1.));
#3324 = DIRECTION('',(1.,0.,0.));
#3325 = ADVANCED_FACE('',(#3326),#3339,.F.);
#3326 = FACE_BOUND('',#3327,.F.);
#3327 = EDGE_LOOP('',(#3328,#3329,#3337,#3338));
#3328 = ORIENTED_EDGE('',*,*,#1721,.F.);
#3329 = ORIENTED_EDGE('',*,*,#3330,.T.);
#3330 = EDGE_CURVE('',#1722,#778,#3331,.T.);
#3331 = B_SPLINE_CURVE_WITH_KNOTS('',2,(#3332,#3333,#3334,#3335,#3336),
  .UNSPECIFIED.,.F.,.F.,(3,1,1,3),(-7.344E-02,-8.884E-14,1.199999999998,
    1.273439999998),.UNSPECIFIED.);
#3332 = CARTESIAN_POINT('',(2.053714285716,-12.54709231013,-180.07344));
#3333 = CARTESIAN_POINT('',(2.053714285716,-12.54709231013,-180.03672));
#3334 = CARTESIAN_POINT('',(2.053714285716,-12.54709231013,-179.4));
#3335 = CARTESIAN_POINT('',(2.053714285716,-12.54709231013,-178.76328));
#3336 = CARTESIAN_POINT('',(2.053714285716,-12.54709231013,-178.72656));
#3337 = ORIENTED_EDGE('',*,*,#800,.T.);
#3338 = ORIENTED_EDGE('',*,*,#3283,.F.);
#3339 = CYLINDRICAL_SURFACE('',#3340,3.);
#3340 = AXIS2_PLACEMENT_3D('',#3341,#3342,#3343);
#3341 = CARTESIAN_POINT('',(0.,-14.73392966866,-180.));
#3342 = DIRECTION('',(0.,-3.310223024625E-16,-1.));
#3343 = DIRECTION('',(1.,0.,0.));
#3344 = ADVANCED_FACE('',(#3345),#3356,.F.);
#3345 = FACE_BOUND('',#3346,.F.);
#3346 = EDGE_LOOP('',(#3347,#3348,#3349,#3350));
#3347 = ORIENTED_EDGE('',*,*,#1671,.F.);
#3348 = ORIENTED_EDGE('',*,*,#3315,.T.);
#3349 = ORIENTED_EDGE('',*,*,#732,.T.);
#3350 = ORIENTED_EDGE('',*,*,#3351,.F.);
#3351 = EDGE_CURVE('',#1663,#733,#3352,.T.);
#3352 = LINE('',#3353,#3354);
#3353 = CARTESIAN_POINT('',(-1.006711409396,-7.277769975294,-180.));
#3354 = VECTOR('',#3355,1.);
#3355 = DIRECTION('',(0.,3.310223024625E-16,1.));
#3356 = CYLINDRICAL_SURFACE('',#3357,13.699999999998);
#3357 = AXIS2_PLACEMENT_3D('',#3358,#3359,#3360);
#3358 = CARTESIAN_POINT('',(-12.5,-14.73392966866,-180.));
#3359 = DIRECTION('',(0.,-3.310223024625E-16,-1.));
#3360 = DIRECTION('',(1.,0.,0.));
#3361 = ADVANCED_FACE('',(#3362),#3375,.F.);
#3362 = FACE_BOUND('',#3363,.F.);
#3363 = EDGE_LOOP('',(#3364,#3365,#3373,#3374));
#3364 = ORIENTED_EDGE('',*,*,#1730,.T.);
#3365 = ORIENTED_EDGE('',*,*,#3366,.T.);
#3366 = EDGE_CURVE('',#1634,#769,#3367,.T.);
#3367 = B_SPLINE_CURVE_WITH_KNOTS('',2,(#3368,#3369,#3370,#3371,#3372),
  .UNSPECIFIED.,.F.,.F.,(3,1,1,3),(-7.344E-02,-8.884E-14,1.199999999998,
    1.273439999998),.UNSPECIFIED.);
#3368 = CARTESIAN_POINT('',(1.731659405942,-11.30860620214,-180.07344));
#3369 = CARTESIAN_POINT('',(1.731659405942,-11.30860620214,-180.03672));
#3370 = CARTESIAN_POINT('',(1.731659405942,-11.30860620214,-179.4));
#3371 = CARTESIAN_POINT('',(1.731659405942,-11.30860620214,-178.76328));
#3372 = CARTESIAN_POINT('',(1.731659405942,-11.30860620214,-178.72656));
#3373 = ORIENTED_EDGE('',*,*,#777,.F.);
#3374 = ORIENTED_EDGE('',*,*,#3330,.F.);
#3375 = ( BOUNDED_SURFACE() B_SPLINE_SURFACE(2,2,(
    (#3376,#3377,#3378,#3379,#3380)
    ,(#3381,#3382,#3383,#3384,#3385)
    ,(#3386,#3387,#3388,#3389,#3390
)),.UNSPECIFIED.,.F.,.F.,.F.) B_SPLINE_SURFACE_WITH_KNOTS((3,3),(3,1,1,3
    ),(0.,1.199999999998),(-7.344E-02,-8.884E-14,1.199999999998,
1.273439999998),.UNSPECIFIED.) GEOMETRIC_REPRESENTATION_ITEM() 
RATIONAL_B_SPLINE_SURFACE((
    (1.,1.,1.,1.,1.)
    ,(0.845990627278,0.845990627278,0.845990627278,0.845990627278
      ,0.845990627278)
,(1.,1.,1.,1.,1.))) REPRESENTATION_ITEM('') SURFACE() );
#3376 = CARTESIAN_POINT('',(2.053714285716,-12.54709231013,-180.07344));
#3377 = CARTESIAN_POINT('',(2.053714285716,-12.54709231013,-180.03672));
#3378 = CARTESIAN_POINT('',(2.053714285716,-12.54709231013,-179.4));
#3379 = CARTESIAN_POINT('',(2.053714285716,-12.54709231013,-178.76328));
#3380 = CARTESIAN_POINT('',(2.053714285716,-12.54709231013,-178.72656));
#3381 = CARTESIAN_POINT('',(1.502400000002,-12.02933911734,-180.07344));
#3382 = CARTESIAN_POINT('',(1.502400000002,-12.02933911734,-180.03672));
#3383 = CARTESIAN_POINT('',(1.502400000002,-12.02933911734,-179.4));
#3384 = CARTESIAN_POINT('',(1.502400000002,-12.02933911734,-178.76328));
#3385 = CARTESIAN_POINT('',(1.502400000002,-12.02933911734,-178.72656));
#3386 = CARTESIAN_POINT('',(1.731659405942,-11.30860620214,-180.07344));
#3387 = CARTESIAN_POINT('',(1.731659405942,-11.30860620214,-180.03672));
#3388 = CARTESIAN_POINT('',(1.731659405942,-11.30860620214,-179.4));
#3389 = CARTESIAN_POINT('',(1.731659405942,-11.30860620214,-178.76328));
#3390 = CARTESIAN_POINT('',(1.731659405942,-11.30860620214,-178.72656));
#3391 = ADVANCED_FACE('',(#3392),#3403,.T.);
#3392 = FACE_BOUND('',#3393,.T.);
#3393 = EDGE_LOOP('',(#3394,#3395,#3401,#3402));
#3394 = ORIENTED_EDGE('',*,*,#1662,.F.);
#3395 = ORIENTED_EDGE('',*,*,#3396,.T.);
#3396 = EDGE_CURVE('',#1654,#742,#3397,.T.);
#3397 = LINE('',#3398,#3399);
#3398 = CARTESIAN_POINT('',(1.006711409396,-7.277769975294,-180.));
#3399 = VECTOR('',#3400,1.);
#3400 = DIRECTION('',(0.,3.310223024625E-16,1.));
#3401 = ORIENTED_EDGE('',*,*,#741,.T.);
#3402 = ORIENTED_EDGE('',*,*,#3351,.F.);
#3403 = CYLINDRICAL_SURFACE('',#3404,1.2);
#3404 = AXIS2_PLACEMENT_3D('',#3405,#3406,#3407);
#3405 = CARTESIAN_POINT('',(7.7E-16,-6.624675695582,-180.));
#3406 = DIRECTION('',(0.,-3.310223024625E-16,-1.));
#3407 = DIRECTION('',(1.,0.,0.));
#3408 = ADVANCED_FACE('',(#3409),#3420,.T.);
#3409 = FACE_BOUND('',#3410,.T.);
#3410 = EDGE_LOOP('',(#3411,#3412,#3413,#3414));
#3411 = ORIENTED_EDGE('',*,*,#1633,.F.);
#3412 = ORIENTED_EDGE('',*,*,#3366,.T.);
#3413 = ORIENTED_EDGE('',*,*,#768,.T.);
#3414 = ORIENTED_EDGE('',*,*,#3415,.F.);
#3415 = EDGE_CURVE('',#1636,#760,#3416,.T.);
#3416 = LINE('',#3417,#3418);
#3417 = CARTESIAN_POINT('',(12.5,-3.433929668666,-180.));
#3418 = VECTOR('',#3419,1.);
#3419 = DIRECTION('',(0.,3.310223024625E-16,1.));
#3420 = CYLINDRICAL_SURFACE('',#3421,11.299999999998);
#3421 = AXIS2_PLACEMENT_3D('',#3422,#3423,#3424);
#3422 = CARTESIAN_POINT('',(12.5,-14.73392966866,-180.));
#3423 = DIRECTION('',(0.,-3.310223024625E-16,-1.));
#3424 = DIRECTION('',(1.,0.,0.));
#3425 = ADVANCED_FACE('',(#3426),#3437,.F.);
#3426 = FACE_BOUND('',#3427,.F.);
#3427 = EDGE_LOOP('',(#3428,#3429,#3430,#3431));
#3428 = ORIENTED_EDGE('',*,*,#1653,.F.);
#3429 = ORIENTED_EDGE('',*,*,#3396,.T.);
#3430 = ORIENTED_EDGE('',*,*,#750,.T.);
#3431 = ORIENTED_EDGE('',*,*,#3432,.F.);
#3432 = EDGE_CURVE('',#1645,#751,#3433,.T.);
#3433 = LINE('',#3434,#3435);
#3434 = CARTESIAN_POINT('',(12.5,-1.033929668666,-180.));
#3435 = VECTOR('',#3436,1.);
#3436 = DIRECTION('',(0.,3.310223024625E-16,1.));
#3437 = CYLINDRICAL_SURFACE('',#3438,13.699999999998);
#3438 = AXIS2_PLACEMENT_3D('',#3439,#3440,#3441);
#3439 = CARTESIAN_POINT('',(12.5,-14.73392966866,-180.));
#3440 = DIRECTION('',(0.,-3.310223024625E-16,-1.));
#3441 = DIRECTION('',(1.,0.,0.));
#3442 = ADVANCED_FACE('',(#3443),#3449,.F.);
#3443 = FACE_BOUND('',#3444,.F.);
#3444 = EDGE_LOOP('',(#3445,#3446,#3447,#3448));
#3445 = ORIENTED_EDGE('',*,*,#1644,.F.);
#3446 = ORIENTED_EDGE('',*,*,#3432,.T.);
#3447 = ORIENTED_EDGE('',*,*,#759,.T.);
#3448 = ORIENTED_EDGE('',*,*,#3415,.F.);
#3449 = CYLINDRICAL_SURFACE('',#3450,1.2);
#3450 = AXIS2_PLACEMENT_3D('',#3451,#3452,#3453);
#3451 = CARTESIAN_POINT('',(12.5,-2.233929668666,-180.));
#3452 = DIRECTION('',(0.,-3.310223024625E-16,-1.));
#3453 = DIRECTION('',(1.,0.,0.));
#3454 = ADVANCED_FACE('',(#3455),#3469,.F.);
#3455 = FACE_BOUND('',#3456,.F.);
#3456 = EDGE_LOOP('',(#3457,#3458,#3459,#3460,#3461,#3467,#3468));
#3457 = ORIENTED_EDGE('',*,*,#1287,.F.);
#3458 = ORIENTED_EDGE('',*,*,#1080,.F.);
#3459 = ORIENTED_EDGE('',*,*,#1112,.T.);
#3460 = ORIENTED_EDGE('',*,*,#1127,.T.);
#3461 = ORIENTED_EDGE('',*,*,#3462,.T.);
#3462 = EDGE_CURVE('',#1128,#1218,#3463,.T.);
#3463 = LINE('',#3464,#3465);
#3464 = CARTESIAN_POINT('',(60.8,-24.6,-130.6));
#3465 = VECTOR('',#3466,1.);
#3466 = DIRECTION('',(0.,-1.110223024625E-16,-1.));
#3467 = ORIENTED_EDGE('',*,*,#1239,.T.);
#3468 = ORIENTED_EDGE('',*,*,#1263,.F.);
#3469 = PLANE('',#3470);
#3470 = AXIS2_PLACEMENT_3D('',#3471,#3472,#3473);
#3471 = CARTESIAN_POINT('',(63.3,-24.6,-130.6));
#3472 = DIRECTION('',(-1.1E-16,-1.,-1.089776975375E-16));
#3473 = DIRECTION('',(-4.4E-16,1.089776975375E-16,-1.));
#3474 = ADVANCED_FACE('',(#3475),#3491,.F.);
#3475 = FACE_BOUND('',#3476,.F.);
#3476 = EDGE_LOOP('',(#3477,#3483,#3484,#3490));
#3477 = ORIENTED_EDGE('',*,*,#3478,.F.);
#3478 = EDGE_CURVE('',#2008,#421,#3479,.T.);
#3479 = LINE('',#3480,#3481);
#3480 = CARTESIAN_POINT('',(64.5,-22.76607033133,-178.8));
#3481 = VECTOR('',#3482,1.);
#3482 = DIRECTION('',(-1.,0.,0.));
#3483 = ORIENTED_EDGE('',*,*,#2007,.T.);
#3484 = ORIENTED_EDGE('',*,*,#3485,.T.);
#3485 = EDGE_CURVE('',#2010,#1036,#3486,.T.);
#3486 = LINE('',#3487,#3488);
#3487 = CARTESIAN_POINT('',(64.5,-22.76607033133,-167.));
#3488 = VECTOR('',#3489,1.);
#3489 = DIRECTION('',(-1.,-0.,0.));
#3490 = ORIENTED_EDGE('',*,*,#1043,.F.);
#3491 = PLANE('',#3492);
#3492 = AXIS2_PLACEMENT_3D('',#3493,#3494,#3495);
#3493 = CARTESIAN_POINT('',(64.5,-22.76607033133,-180.));
#3494 = DIRECTION('',(0.,-1.,3.310223024625E-16));
#3495 = DIRECTION('',(-1.,0.,0.));
#3496 = ADVANCED_FACE('',(#3497),#3508,.F.);
#3497 = FACE_BOUND('',#3498,.F.);
#3498 = EDGE_LOOP('',(#3499,#3500,#3501,#3502));
#3499 = ORIENTED_EDGE('',*,*,#1035,.F.);
#3500 = ORIENTED_EDGE('',*,*,#3485,.F.);
#3501 = ORIENTED_EDGE('',*,*,#2017,.F.);
#3502 = ORIENTED_EDGE('',*,*,#3503,.F.);
#3503 = EDGE_CURVE('',#1028,#2018,#3504,.T.);
#3504 = LINE('',#3505,#3506);
#3505 = CARTESIAN_POINT('',(38.5,-21.76607033133,-167.));
#3506 = VECTOR('',#3507,1.);
#3507 = DIRECTION('',(1.,0.,0.));
#3508 = PLANE('',#3509);
#3509 = AXIS2_PLACEMENT_3D('',#3510,#3511,#3512);
#3510 = CARTESIAN_POINT('',(7.E-16,-12.5,-167.));
#3511 = DIRECTION('',(0.,1.110223024625E-16,1.));
#3512 = DIRECTION('',(0.,-1.,1.110223024625E-16));
#3513 = ADVANCED_FACE('',(#3514),#3525,.F.);
#3514 = FACE_BOUND('',#3515,.F.);
#3515 = EDGE_LOOP('',(#3516,#3522,#3523,#3524));
#3516 = ORIENTED_EDGE('',*,*,#3517,.T.);
#3517 = EDGE_CURVE('',#2026,#445,#3518,.T.);
#3518 = LINE('',#3519,#3520);
#3519 = CARTESIAN_POINT('',(51.5,-21.76607033133,-178.8));
#3520 = VECTOR('',#3521,1.);
#3521 = DIRECTION('',(-1.,0.,0.));
#3522 = ORIENTED_EDGE('',*,*,#1027,.F.);
#3523 = ORIENTED_EDGE('',*,*,#3503,.T.);
#3524 = ORIENTED_EDGE('',*,*,#2025,.F.);
#3525 = PLANE('',#3526);
#3526 = AXIS2_PLACEMENT_3D('',#3527,#3528,#3529);
#3527 = CARTESIAN_POINT('',(38.5,-21.76607033133,-180.));
#3528 = DIRECTION('',(0.,1.,-3.310223024625E-16));
#3529 = DIRECTION('',(1.,0.,0.));
#3530 = ADVANCED_FACE('',(#3531),#3547,.F.);
#3531 = FACE_BOUND('',#3532,.F.);
#3532 = EDGE_LOOP('',(#3533,#3539,#3540,#3546));
#3533 = ORIENTED_EDGE('',*,*,#3534,.T.);
#3534 = EDGE_CURVE('',#453,#1974,#3535,.T.);
#3535 = LINE('',#3536,#3537);
#3536 = CARTESIAN_POINT('',(64.5,-13.,-178.8));
#3537 = VECTOR('',#3538,1.);
#3538 = DIRECTION('',(1.,0.,0.));
#3539 = ORIENTED_EDGE('',*,*,#1973,.T.);
#3540 = ORIENTED_EDGE('',*,*,#3541,.T.);
#3541 = EDGE_CURVE('',#1976,#1013,#3542,.T.);
#3542 = LINE('',#3543,#3544);
#3543 = CARTESIAN_POINT('',(64.5,-13.,-167.));
#3544 = VECTOR('',#3545,1.);
#3545 = DIRECTION('',(-1.,-0.,0.));
#3546 = ORIENTED_EDGE('',*,*,#1020,.F.);
#3547 = PLANE('',#3548);
#3548 = AXIS2_PLACEMENT_3D('',#3549,#3550,#3551);
#3549 = CARTESIAN_POINT('',(64.5,-13.,-180.));
#3550 = DIRECTION('',(0.,-1.,3.310223024625E-16));
#3551 = DIRECTION('',(-1.,0.,0.));
#3552 = ADVANCED_FACE('',(#3553),#3564,.F.);
#3553 = FACE_BOUND('',#3554,.F.);
#3554 = EDGE_LOOP('',(#3555,#3556,#3557,#3558));
#3555 = ORIENTED_EDGE('',*,*,#1012,.F.);
#3556 = ORIENTED_EDGE('',*,*,#3541,.F.);
#3557 = ORIENTED_EDGE('',*,*,#1983,.F.);
#3558 = ORIENTED_EDGE('',*,*,#3559,.F.);
#3559 = EDGE_CURVE('',#1005,#1984,#3560,.T.);
#3560 = LINE('',#3561,#3562);
#3561 = CARTESIAN_POINT('',(38.5,-12.,-167.));
#3562 = VECTOR('',#3563,1.);
#3563 = DIRECTION('',(1.,0.,0.));
#3564 = PLANE('',#3565);
#3565 = AXIS2_PLACEMENT_3D('',#3566,#3567,#3568);
#3566 = CARTESIAN_POINT('',(7.E-16,-12.5,-167.));
#3567 = DIRECTION('',(0.,1.110223024625E-16,1.));
#3568 = DIRECTION('',(0.,-1.,1.110223024625E-16));
#3569 = ADVANCED_FACE('',(#3570),#3581,.F.);
#3570 = FACE_BOUND('',#3571,.F.);
#3571 = EDGE_LOOP('',(#3572,#3578,#3579,#3580));
#3572 = ORIENTED_EDGE('',*,*,#3573,.T.);
#3573 = EDGE_CURVE('',#1992,#477,#3574,.T.);
#3574 = LINE('',#3575,#3576);
#3575 = CARTESIAN_POINT('',(51.5,-12.,-178.8));
#3576 = VECTOR('',#3577,1.);
#3577 = DIRECTION('',(-1.,0.,0.));
#3578 = ORIENTED_EDGE('',*,*,#1004,.F.);
#3579 = ORIENTED_EDGE('',*,*,#3559,.T.);
#3580 = ORIENTED_EDGE('',*,*,#1991,.F.);
#3581 = PLANE('',#3582);
#3582 = AXIS2_PLACEMENT_3D('',#3583,#3584,#3585);
#3583 = CARTESIAN_POINT('',(38.5,-12.,-180.));
#3584 = DIRECTION('',(0.,1.,-3.310223024625E-16));
#3585 = DIRECTION('',(1.,0.,0.));
#3586 = ADVANCED_FACE('',(#3587),#3603,.F.);
#3587 = FACE_BOUND('',#3588,.F.);
#3588 = EDGE_LOOP('',(#3589,#3595,#3596,#3602));
#3589 = ORIENTED_EDGE('',*,*,#3590,.T.);
#3590 = EDGE_CURVE('',#485,#1940,#3591,.T.);
#3591 = LINE('',#3592,#3593);
#3592 = CARTESIAN_POINT('',(64.5,-3.233929668666,-178.8));
#3593 = VECTOR('',#3594,1.);
#3594 = DIRECTION('',(1.,0.,0.));
#3595 = ORIENTED_EDGE('',*,*,#1939,.T.);
#3596 = ORIENTED_EDGE('',*,*,#3597,.T.);
#3597 = EDGE_CURVE('',#1942,#990,#3598,.T.);
#3598 = LINE('',#3599,#3600);
#3599 = CARTESIAN_POINT('',(64.5,-3.233929668666,-167.));
#3600 = VECTOR('',#3601,1.);
#3601 = DIRECTION('',(-1.,-0.,0.));
#3602 = ORIENTED_EDGE('',*,*,#997,.F.);
#3603 = PLANE('',#3604);
#3604 = AXIS2_PLACEMENT_3D('',#3605,#3606,#3607);
#3605 = CARTESIAN_POINT('',(64.5,-3.233929668666,-180.));
#3606 = DIRECTION('',(0.,-1.,3.310223024625E-16));
#3607 = DIRECTION('',(-1.,0.,0.));
#3608 = ADVANCED_FACE('',(#3609),#3620,.F.);
#3609 = FACE_BOUND('',#3610,.F.);
#3610 = EDGE_LOOP('',(#3611,#3612,#3613,#3614));
#3611 = ORIENTED_EDGE('',*,*,#989,.F.);
#3612 = ORIENTED_EDGE('',*,*,#3597,.F.);
#3613 = ORIENTED_EDGE('',*,*,#1949,.F.);
#3614 = ORIENTED_EDGE('',*,*,#3615,.F.);
#3615 = EDGE_CURVE('',#982,#1950,#3616,.T.);
#3616 = LINE('',#3617,#3618);
#3617 = CARTESIAN_POINT('',(38.5,-2.233929668666,-167.));
#3618 = VECTOR('',#3619,1.);
#3619 = DIRECTION('',(1.,0.,0.));
#3620 = PLANE('',#3621);
#3621 = AXIS2_PLACEMENT_3D('',#3622,#3623,#3624);
#3622 = CARTESIAN_POINT('',(7.E-16,-12.5,-167.));
#3623 = DIRECTION('',(0.,1.110223024625E-16,1.));
#3624 = DIRECTION('',(0.,-1.,1.110223024625E-16));
#3625 = ADVANCED_FACE('',(#3626),#3637,.F.);
#3626 = FACE_BOUND('',#3627,.F.);
#3627 = EDGE_LOOP('',(#3628,#3634,#3635,#3636));
#3628 = ORIENTED_EDGE('',*,*,#3629,.T.);
#3629 = EDGE_CURVE('',#1958,#509,#3630,.T.);
#3630 = LINE('',#3631,#3632);
#3631 = CARTESIAN_POINT('',(64.5,-2.233929668666,-178.8));
#3632 = VECTOR('',#3633,1.);
#3633 = DIRECTION('',(-1.,0.,0.));
#3634 = ORIENTED_EDGE('',*,*,#981,.F.);
#3635 = ORIENTED_EDGE('',*,*,#3615,.T.);
#3636 = ORIENTED_EDGE('',*,*,#1957,.F.);
#3637 = PLANE('',#3638);
#3638 = AXIS2_PLACEMENT_3D('',#3639,#3640,#3641);
#3639 = CARTESIAN_POINT('',(38.5,-2.233929668666,-180.));
#3640 = DIRECTION('',(0.,1.,-3.310223024625E-16));
#3641 = DIRECTION('',(1.,0.,0.));
#3642 = ADVANCED_FACE('',(#3643),#3669,.T.);
#3643 = FACE_BOUND('',#3644,.T.);
#3644 = EDGE_LOOP('',(#3645,#3654,#3660,#3661,#3662,#3668));
#3645 = ORIENTED_EDGE('',*,*,#3646,.T.);
#3646 = EDGE_CURVE('',#1796,#3647,#3649,.T.);
#3647 = VERTEX_POINT('',#3648);
#3648 = CARTESIAN_POINT('',(64.227406610313,9.07055236082,
    -149.4568609112));
#3649 = ELLIPSE('',#3650,8.282209443281,8.);
#3650 = AXIS2_PLACEMENT_3D('',#3651,#3652,#3653);
#3651 = CARTESIAN_POINT('',(56.5,7.,-148.9020580783));
#3652 = DIRECTION('',(0.,0.258819045103,0.965925826289));
#3653 = DIRECTION('',(0.,0.965925826289,-0.258819045103));
#3654 = ORIENTED_EDGE('',*,*,#3655,.T.);
#3655 = EDGE_CURVE('',#3647,#3038,#3656,.T.);
#3656 = LINE('',#3657,#3658);
#3657 = CARTESIAN_POINT('',(65.,9.07055236082,-149.4568609112));
#3658 = VECTOR('',#3659,1.);
#3659 = DIRECTION('',(-1.,0.,-0.));
#3660 = ORIENTED_EDGE('',*,*,#3074,.F.);
#3661 = ORIENTED_EDGE('',*,*,#966,.F.);
#3662 = ORIENTED_EDGE('',*,*,#3663,.F.);
#3663 = EDGE_CURVE('',#1804,#958,#3664,.T.);
#3664 = LINE('',#3665,#3666);
#3665 = CARTESIAN_POINT('',(65.,5.789843290181,-148.5777975652));
#3666 = VECTOR('',#3667,1.);
#3667 = DIRECTION('',(-1.,0.,-0.));
#3668 = ORIENTED_EDGE('',*,*,#1803,.T.);
#3669 = PLANE('',#3670);
#3670 = AXIS2_PLACEMENT_3D('',#3671,#3672,#3673);
#3671 = CARTESIAN_POINT('',(65.,9.07055236082,-149.4568609112));
#3672 = DIRECTION('',(0.,0.258819045103,0.965925826289));
#3673 = DIRECTION('',(0.,-0.965925826289,0.258819045103));
#3674 = ADVANCED_FACE('',(#3675),#3681,.F.);
#3675 = FACE_BOUND('',#3676,.F.);
#3676 = EDGE_LOOP('',(#3677,#3678,#3679,#3680));
#3677 = ORIENTED_EDGE('',*,*,#1811,.F.);
#3678 = ORIENTED_EDGE('',*,*,#2048,.F.);
#3679 = ORIENTED_EDGE('',*,*,#957,.T.);
#3680 = ORIENTED_EDGE('',*,*,#3663,.F.);
#3681 = CYLINDRICAL_SURFACE('',#3682,44.545603449538);
#3682 = AXIS2_PLACEMENT_3D('',#3683,#3684,#3685);
#3683 = CARTESIAN_POINT('',(65.,17.319093838506,-105.5500487456));
#3684 = DIRECTION('',(1.,0.,0.));
#3685 = DIRECTION('',(0.,1.110223024625E-16,1.));
#3686 = ADVANCED_FACE('',(#3687),#3705,.T.);
#3687 = FACE_BOUND('',#3688,.F.);
#3688 = EDGE_LOOP('',(#3689,#3697,#3698,#3699));
#3689 = ORIENTED_EDGE('',*,*,#3690,.F.);
#3690 = EDGE_CURVE('',#1128,#3691,#3693,.T.);
#3691 = VERTEX_POINT('',#3692);
#3692 = CARTESIAN_POINT('',(60.8,-24.1,-132.95));
#3693 = LINE('',#3694,#3695);
#3694 = CARTESIAN_POINT('',(60.8,-24.4625,-132.5875));
#3695 = VECTOR('',#3696,1.);
#3696 = DIRECTION('',(0.,0.707106781187,-0.707106781187));
#3697 = ORIENTED_EDGE('',*,*,#1159,.T.);
#3698 = ORIENTED_EDGE('',*,*,#1199,.T.);
#3699 = ORIENTED_EDGE('',*,*,#3700,.F.);
#3700 = EDGE_CURVE('',#3691,#1192,#3701,.T.);
#3701 = LINE('',#3702,#3703);
#3702 = CARTESIAN_POINT('',(60.8,-24.1,-132.95));
#3703 = VECTOR('',#3704,1.);
#3704 = DIRECTION('',(-1.,0.,0.));
#3705 = PLANE('',#3706);
#3706 = AXIS2_PLACEMENT_3D('',#3707,#3708,#3709);
#3707 = CARTESIAN_POINT('',(60.8,-24.35,-132.7));
#3708 = DIRECTION('',(0.,0.707106781187,0.707106781187));
#3709 = DIRECTION('',(1.,0.,0.));
#3710 = ADVANCED_FACE('',(#3711),#3729,.T.);
#3711 = FACE_BOUND('',#3712,.T.);
#3712 = EDGE_LOOP('',(#3713,#3721,#3722,#3723));
#3713 = ORIENTED_EDGE('',*,*,#3714,.F.);
#3714 = EDGE_CURVE('',#1218,#3715,#3717,.T.);
#3715 = VERTEX_POINT('',#3716);
#3716 = CARTESIAN_POINT('',(60.8,-24.1,-135.95));
#3717 = LINE('',#3718,#3719);
#3718 = CARTESIAN_POINT('',(60.8,-24.4625,-136.3125));
#3719 = VECTOR('',#3720,1.);
#3720 = DIRECTION('',(0.,0.707106781187,0.707106781187));
#3721 = ORIENTED_EDGE('',*,*,#1225,.T.);
#3722 = ORIENTED_EDGE('',*,*,#1183,.T.);
#3723 = ORIENTED_EDGE('',*,*,#3724,.F.);
#3724 = EDGE_CURVE('',#3715,#1184,#3725,.T.);
#3725 = LINE('',#3726,#3727);
#3726 = CARTESIAN_POINT('',(60.8,-24.1,-135.95));
#3727 = VECTOR('',#3728,1.);
#3728 = DIRECTION('',(-1.,0.,0.));
#3729 = PLANE('',#3730);
#3730 = AXIS2_PLACEMENT_3D('',#3731,#3732,#3733);
#3731 = CARTESIAN_POINT('',(60.8,-24.35,-136.2));
#3732 = DIRECTION('',(0.,0.707106781187,-0.707106781187));
#3733 = DIRECTION('',(-1.,-0.,0.));
#3734 = ADVANCED_FACE('',(#3735),#3746,.F.);
#3735 = FACE_BOUND('',#3736,.F.);
#3736 = EDGE_LOOP('',(#3737,#3743,#3744,#3745));
#3737 = ORIENTED_EDGE('',*,*,#3738,.F.);
#3738 = EDGE_CURVE('',#3691,#3715,#3739,.T.);
#3739 = LINE('',#3740,#3741);
#3740 = CARTESIAN_POINT('',(60.8,-24.1,-132.45));
#3741 = VECTOR('',#3742,1.);
#3742 = DIRECTION('',(0.,-1.110223024625E-16,-1.));
#3743 = ORIENTED_EDGE('',*,*,#3700,.T.);
#3744 = ORIENTED_EDGE('',*,*,#1191,.T.);
#3745 = ORIENTED_EDGE('',*,*,#3724,.F.);
#3746 = PLANE('',#3747);
#3747 = AXIS2_PLACEMENT_3D('',#3748,#3749,#3750);
#3748 = CARTESIAN_POINT('',(60.8,-24.1,-132.45));
#3749 = DIRECTION('',(0.,-1.,1.110223024625E-16));
#3750 = DIRECTION('',(0.,-1.110223024625E-16,-1.));
#3751 = ADVANCED_FACE('',(#3752),#3786,.F.);
#3752 = FACE_BOUND('',#3753,.F.);
#3753 = EDGE_LOOP('',(#3754,#3755,#3756,#3785));
#3754 = ORIENTED_EDGE('',*,*,#1432,.T.);
#3755 = ORIENTED_EDGE('',*,*,#2232,.T.);
#3756 = ORIENTED_EDGE('',*,*,#3757,.F.);
#3757 = EDGE_CURVE('',#2167,#2233,#3758,.T.);
#3758 = B_SPLINE_CURVE_WITH_KNOTS('',5,(#3759,#3760,#3761,#3762,#3763,
    #3764,#3765,#3766,#3767,#3768,#3769,#3770,#3771,#3772,#3773,#3774,
    #3775,#3776,#3777,#3778,#3779,#3780,#3781,#3782,#3783,#3784),
  .UNSPECIFIED.,.F.,.F.,(6,4,4,4,4,4,6),(0.,0.230999894846,
    0.471999608609,0.510999996523,0.532000205553,0.766000225426,1.),
  .UNSPECIFIED.);
#3759 = CARTESIAN_POINT('',(0.58407079646,-45.96432960282,-175.05));
#3760 = CARTESIAN_POINT('',(0.567070035339,-46.03663121668,-175.05));
#3761 = CARTESIAN_POINT('',(0.538878994339,-46.1063145243,-175.05));
#3762 = CARTESIAN_POINT('',(0.500035732994,-46.17104933423,-175.05));
#3763 = CARTESIAN_POINT('',(0.45181559688,-46.22871498383,-175.05));
#3764 = CARTESIAN_POINT('',(0.337791773716,-46.32889208564,-175.05));
#3765 = CARTESIAN_POINT('',(0.271311270272,-46.37064492523,-175.05));
#3766 = CARTESIAN_POINT('',(0.198599973595,-46.40121005919,-175.05));
#3767 = CARTESIAN_POINT('',(0.122255193188,-46.419495754,-175.05));
#3768 = CARTESIAN_POINT('',(3.247113728582E-02,-46.42624509027,-175.05)
  );
#3769 = CARTESIAN_POINT('',(1.99408158331E-02,-46.42685844549,-175.05));
#3770 = CARTESIAN_POINT('',(7.39732403754E-03,-46.4271442047,-175.05));
#3771 = CARTESIAN_POINT('',(-5.147929585969E-03,-46.427102108,-175.05));
#3772 = CARTESIAN_POINT('',(-2.443345783165E-02,-46.42653346751,-175.05)
  );
#3773 = CARTESIAN_POINT('',(-3.118059293167E-02,-46.42623948203,-175.05)
  );
#3774 = CARTESIAN_POINT('',(-3.792314636502E-02,-46.4258505878,-175.05)
  );
#3775 = CARTESIAN_POINT('',(-4.46593391758E-02,-46.42536688742,-175.05)
  );
#3776 = CARTESIAN_POINT('',(-0.126356423688,-46.41834408262,-175.05));
#3777 = CARTESIAN_POINT('',(-0.200318982092,-46.40014748465,-175.05));
#3778 = CARTESIAN_POINT('',(-0.270806530053,-46.37040593513,-175.05));
#3779 = CARTESIAN_POINT('',(-0.335448882877,-46.33011943757,-175.05));
#3780 = CARTESIAN_POINT('',(-0.449301266023,-46.23170338858,-175.05));
#3781 = CARTESIAN_POINT('',(-0.498516895739,-46.17356894001,-175.05));
#3782 = CARTESIAN_POINT('',(-0.538144881661,-46.10812411752,-175.05));
#3783 = CARTESIAN_POINT('',(-0.56684925453,-46.03757016339,-175.05));
#3784 = CARTESIAN_POINT('',(-0.58407079646,-45.96432960282,-175.05));
#3785 = ORIENTED_EDGE('',*,*,#2175,.F.);
#3786 = ( BOUNDED_SURFACE() B_SPLINE_SURFACE(6,2,(
    (#3787,#3788,#3789,#3790,#3791)
    ,(#3792,#3793,#3794,#3795,#3796)
    ,(#3797,#3798,#3799,#3800,#3801)
    ,(#3802,#3803,#3804,#3805,#3806)
    ,(#3807,#3808,#3809,#3810,#3811)
    ,(#3812,#3813,#3814,#3815,#3816)
    ,(#3817,#3818,#3819,#3820,#3821
)),.UNSPECIFIED.,.F.,.F.,.F.) B_SPLINE_SURFACE_WITH_KNOTS((7,7),(3,1,1,3
    ),(0.,4.949999999996),(-0.30294,4.866E-14,4.949999999996,
5.252939999995),.UNSPECIFIED.) GEOMETRIC_REPRESENTATION_ITEM() 
RATIONAL_B_SPLINE_SURFACE((
    (1.0945505544,1.0945505544,1.0945505544,1.0945505544,1.0945505544)
    ,(1.027526628144,1.027526628144,1.027526628144,1.027526628144
      ,1.027526628144)
    ,(0.99413647906,0.99413647906,0.99413647906,0.99413647906
      ,0.99413647906)
    ,(0.982824249083,0.982824249083,0.982824249083,0.982824249083
      ,0.982824249083)
    ,(0.99413647906,0.99413647906,0.99413647906,0.99413647906
      ,0.99413647906)
    ,(1.027526628144,1.027526628144,1.027526628144,1.027526628144
      ,1.027526628144)
    ,(1.0945505544,1.0945505544,1.0945505544,1.0945505544,1.0945505544
))) REPRESENTATION_ITEM('') SURFACE() );
#3787 = CARTESIAN_POINT('',(0.58407079646,-45.96432960282,-180.30294));
#3788 = CARTESIAN_POINT('',(0.58407079646,-45.96432960282,-180.15147));
#3789 = CARTESIAN_POINT('',(0.58407079646,-45.96432960282,-177.525));
#3790 = CARTESIAN_POINT('',(0.58407079646,-45.96432960282,-174.89853));
#3791 = CARTESIAN_POINT('',(0.58407079646,-45.96432960282,-174.74706));
#3792 = CARTESIAN_POINT('',(0.518740041757,-46.24217122215,-180.30294));
#3793 = CARTESIAN_POINT('',(0.518740041757,-46.24217122215,-180.15147));
#3794 = CARTESIAN_POINT('',(0.518740041757,-46.24217122215,-177.525));
#3795 = CARTESIAN_POINT('',(0.518740041757,-46.24217122215,-174.89853));
#3796 = CARTESIAN_POINT('',(0.518740041757,-46.24217122215,-174.74706));
#3797 = CARTESIAN_POINT('',(0.30502123328,-46.46042190371,-180.30294));
#3798 = CARTESIAN_POINT('',(0.30502123328,-46.46042190371,-180.15147));
#3799 = CARTESIAN_POINT('',(0.30502123328,-46.46042190371,-177.525));
#3800 = CARTESIAN_POINT('',(0.30502123328,-46.46042190371,-174.89853));
#3801 = CARTESIAN_POINT('',(0.30502123328,-46.46042190371,-174.74706));
#3802 = CARTESIAN_POINT('',(5.58E-15,-46.54373567061,-180.30294));
#3803 = CARTESIAN_POINT('',(5.58E-15,-46.54373567061,-180.15147));
#3804 = CARTESIAN_POINT('',(5.58E-15,-46.54373567061,-177.525));
#3805 = CARTESIAN_POINT('',(5.58E-15,-46.54373567061,-174.89853));
#3806 = CARTESIAN_POINT('',(5.58E-15,-46.54373567061,-174.74706));
#3807 = CARTESIAN_POINT('',(-0.30502123328,-46.46042190371,-180.30294));
#3808 = CARTESIAN_POINT('',(-0.30502123328,-46.46042190371,-180.15147));
#3809 = CARTESIAN_POINT('',(-0.30502123328,-46.46042190371,-177.525));
#3810 = CARTESIAN_POINT('',(-0.30502123328,-46.46042190371,-174.89853));
#3811 = CARTESIAN_POINT('',(-0.30502123328,-46.46042190371,-174.74706));
#3812 = CARTESIAN_POINT('',(-0.518740041757,-46.24217122215,-180.30294)
  );
#3813 = CARTESIAN_POINT('',(-0.518740041757,-46.24217122215,-180.15147)
  );
#3814 = CARTESIAN_POINT('',(-0.518740041757,-46.24217122215,-177.525));
#3815 = CARTESIAN_POINT('',(-0.518740041757,-46.24217122215,-174.89853)
  );
#3816 = CARTESIAN_POINT('',(-0.518740041757,-46.24217122215,-174.74706)
  );
#3817 = CARTESIAN_POINT('',(-0.58407079646,-45.96432960282,-180.30294));
#3818 = CARTESIAN_POINT('',(-0.58407079646,-45.96432960282,-180.15147));
#3819 = CARTESIAN_POINT('',(-0.58407079646,-45.96432960282,-177.525));
#3820 = CARTESIAN_POINT('',(-0.58407079646,-45.96432960282,-174.89853));
#3821 = CARTESIAN_POINT('',(-0.58407079646,-45.96432960282,-174.74706));
#3822 = ADVANCED_FACE('',(#3823,#3969,#4003,#4037),#4071,.T.);
#3823 = FACE_BOUND('',#3824,.T.);
#3824 = EDGE_LOOP('',(#3825,#3836,#3844,#3850,#3851,#3852));
#3825 = ORIENTED_EDGE('',*,*,#3826,.T.);
#3826 = EDGE_CURVE('',#3827,#3829,#3831,.T.);
#3827 = VERTEX_POINT('',#3828);
#3828 = CARTESIAN_POINT('',(-64.5,-25.47093914104,-117.93245014));
#3829 = VERTEX_POINT('',#3830);
#3830 = CARTESIAN_POINT('',(-64.5,5.789843290181,-148.5777975652));
#3831 = CIRCLE('',#3832,44.545603449538);
#3832 = AXIS2_PLACEMENT_3D('',#3833,#3834,#3835);
#3833 = CARTESIAN_POINT('',(-64.5,17.319093838506,-105.5500487456));
#3834 = DIRECTION('',(1.,0.,-0.));
#3835 = DIRECTION('',(0.,1.110223024625E-16,1.));
#3836 = ORIENTED_EDGE('',*,*,#3837,.T.);
#3837 = EDGE_CURVE('',#3829,#3838,#3840,.T.);
#3838 = VERTEX_POINT('',#3839);
#3839 = CARTESIAN_POINT('',(-64.5,7.,-148.9020580783));
#3840 = LINE('',#3841,#3842);
#3841 = CARTESIAN_POINT('',(-64.5,-14.90159625878,-143.0335430478));
#3842 = VECTOR('',#3843,1.);
#3843 = DIRECTION('',(0.,0.965925826289,-0.258819045103));
#3844 = ORIENTED_EDGE('',*,*,#3845,.F.);
#3845 = EDGE_CURVE('',#1382,#3838,#3846,.T.);
#3846 = LINE('',#3847,#3848);
#3847 = CARTESIAN_POINT('',(-64.5,7.,-180.));
#3848 = VECTOR('',#3849,1.);
#3849 = DIRECTION('',(0.,3.310223024625E-16,1.));
#3850 = ORIENTED_EDGE('',*,*,#1381,.F.);
#3851 = ORIENTED_EDGE('',*,*,#2319,.T.);
#3852 = ORIENTED_EDGE('',*,*,#3853,.T.);
#3853 = EDGE_CURVE('',#2310,#3827,#3854,.T.);
#3854 = B_SPLINE_CURVE_WITH_KNOTS('',8,(#3855,#3856,#3857,#3858,#3859,
    #3860,#3861,#3862,#3863,#3864,#3865,#3866,#3867,#3868,#3869,#3870,
    #3871,#3872,#3873,#3874,#3875,#3876,#3877,#3878,#3879,#3880,#3881,
    #3882,#3883,#3884,#3885,#3886,#3887,#3888,#3889,#3890,#3891,#3892,
    #3893,#3894,#3895,#3896,#3897,#3898,#3899,#3900,#3901,#3902,#3903,
    #3904,#3905,#3906,#3907,#3908,#3909,#3910,#3911,#3912,#3913,#3914,
    #3915,#3916,#3917,#3918,#3919,#3920,#3921,#3922,#3923,#3924,#3925,
    #3926,#3927,#3928,#3929,#3930,#3931,#3932,#3933,#3934,#3935,#3936,
    #3937,#3938,#3939,#3940,#3941,#3942,#3943,#3944,#3945,#3946,#3947,
    #3948,#3949,#3950,#3951,#3952,#3953,#3954,#3955,#3956,#3957,#3958,
    #3959,#3960,#3961,#3962,#3963,#3964,#3965,#3966,#3967,#3968),
  .UNSPECIFIED.,.F.,.F.,(9,7,7,7,7,7,7,7,7,7,7,7,7,7,7,7,9),(0.,
    3.400557347887E-02,5.20095552233E-02,7.801613715973E-02,
    0.421921967648,0.449929498214,0.478937294598,0.506944821873,
    0.535952617934,0.557958533359,0.585966065777,0.603970914423,
    0.632978745785,0.918983040883,0.946990197788,0.965994420091,1.),
  .UNSPECIFIED.);
#3855 = CARTESIAN_POINT('',(-64.5,-29.,-118.4327985647));
#3856 = CARTESIAN_POINT('',(-64.5,-29.,-118.4109227099));
#3857 = CARTESIAN_POINT('',(-64.5,-28.99969615671,-118.3890468329));
#3858 = CARTESIAN_POINT('',(-64.5,-28.99908846936,-118.3671758637));
#3859 = CARTESIAN_POINT('',(-64.5,-28.99817703288,-118.3453147276));
#3860 = CARTESIAN_POINT('',(-64.5,-28.99696203796,-118.3234683452));
#3861 = CARTESIAN_POINT('',(-64.5,-28.99544377102,-118.3016416323));
#3862 = CARTESIAN_POINT('',(-64.5,-28.9936226142,-118.2798395001));
#3863 = CARTESIAN_POINT('',(-64.5,-28.99037473869,-118.2465395004));
#3864 = CARTESIAN_POINT('',(-64.5,-28.98916566313,-118.2350204102));
#3865 = CARTESIAN_POINT('',(-64.5,-28.98787188958,-118.2235103121));
#3866 = CARTESIAN_POINT('',(-64.5,-28.98649349641,-118.2120099326));
#3867 = CARTESIAN_POINT('',(-64.5,-28.98503056945,-118.2005199976));
#3868 = CARTESIAN_POINT('',(-64.5,-28.98348320199,-118.189041232));
#3869 = CARTESIAN_POINT('',(-64.5,-28.98185149481,-118.1775743596));
#3870 = CARTESIAN_POINT('',(-64.5,-28.97765689895,-118.1495745383));
#3871 = CARTESIAN_POINT('',(-64.5,-28.9750024881,-118.1330552965));
#3872 = CARTESIAN_POINT('',(-64.5,-28.97217264998,-118.1165645576));
#3873 = CARTESIAN_POINT('',(-64.5,-28.9691677432,-118.1001044954));
#3874 = CARTESIAN_POINT('',(-64.5,-28.96598815853,-118.0836772775));
#3875 = CARTESIAN_POINT('',(-64.5,-28.96263431899,-118.0672850653));
#3876 = CARTESIAN_POINT('',(-64.5,-28.95910667977,-118.0509300145));
#3877 = CARTESIAN_POINT('',(-64.5,-28.90646508725,-117.8188581942));
#3878 = CARTESIAN_POINT('',(-64.5,-28.82714291537,-117.6096483803));
#3879 = CARTESIAN_POINT('',(-64.5,-28.71852701411,-117.4125191232));
#3880 = CARTESIAN_POINT('',(-64.5,-28.58295392086,-117.2321055129));
#3881 = CARTESIAN_POINT('',(-64.5,-28.4233601161,-117.0725470173));
#3882 = CARTESIAN_POINT('',(-64.5,-28.24343190367,-116.9373321713));
#3883 = CARTESIAN_POINT('',(-64.5,-28.04743052682,-116.8294248306));
#3884 = CARTESIAN_POINT('',(-64.5,-27.82384460222,-116.7442659057));
#3885 = CARTESIAN_POINT('',(-64.5,-27.80693374256,-116.7380454912));
#3886 = CARTESIAN_POINT('',(-64.5,-27.78995209142,-116.732018671));
#3887 = CARTESIAN_POINT('',(-64.5,-27.77290223527,-116.7261863831));
#3888 = CARTESIAN_POINT('',(-64.5,-27.75578677466,-116.7205495238));
#3889 = CARTESIAN_POINT('',(-64.5,-27.73860832411,-116.7151089474));
#3890 = CARTESIAN_POINT('',(-64.5,-27.72136951219,-116.7098654667));
#3891 = CARTESIAN_POINT('',(-64.5,-27.68615871948,-116.6995940385));
#3892 = CARTESIAN_POINT('',(-64.5,-27.66818253948,-116.6945804759));
#3893 = CARTESIAN_POINT('',(-64.5,-27.65014737761,-116.6897800211));
#3894 = CARTESIAN_POINT('',(-64.5,-27.63205618217,-116.6851934814));
#3895 = CARTESIAN_POINT('',(-64.5,-27.61391191361,-116.6808216149));
#3896 = CARTESIAN_POINT('',(-64.5,-27.59571754457,-116.6766651303));
#3897 = CARTESIAN_POINT('',(-64.5,-27.57747605984,-116.6727246872));
#3898 = CARTESIAN_POINT('',(-64.5,-27.54153539116,-116.6654055114));
#3899 = CARTESIAN_POINT('',(-64.5,-27.52383919473,-116.6620120942));
#3900 = CARTESIAN_POINT('',(-64.5,-27.50610456448,-116.6588211938));
#3901 = CARTESIAN_POINT('',(-64.5,-27.48833420486,-116.6558333158));
#3902 = CARTESIAN_POINT('',(-64.5,-27.47053082736,-116.6530489227));
#3903 = CARTESIAN_POINT('',(-64.5,-27.45269715054,-116.6504684331));
#3904 = CARTESIAN_POINT('',(-64.5,-27.4348359,-116.6480922224));
#3905 = CARTESIAN_POINT('',(-64.5,-27.39842492788,-116.6436714652));
#3906 = CARTESIAN_POINT('',(-64.5,-27.37987339734,-116.6416417945));
#3907 = CARTESIAN_POINT('',(-64.5,-27.36129825297,-116.6398319787));
#3908 = CARTESIAN_POINT('',(-64.5,-27.34270253501,-116.6382423359));
#3909 = CARTESIAN_POINT('',(-64.5,-27.32408928769,-116.6368731337));
#3910 = CARTESIAN_POINT('',(-64.5,-27.30546155927,-116.635724589));
#3911 = CARTESIAN_POINT('',(-64.5,-27.286822402,-116.6347968682));
#3912 = CARTESIAN_POINT('',(-64.5,-27.25402846953,-116.6335539085));
#3913 = CARTESIAN_POINT('',(-64.5,-27.23987724713,-116.6331448818));
#3914 = CARTESIAN_POINT('',(-64.5,-27.22572253894,-116.6328630576));
#3915 = CARTESIAN_POINT('',(-64.5,-27.21156567899,-116.6327084697));
#3916 = CARTESIAN_POINT('',(-64.5,-27.19740800142,-116.6326811351));
#3917 = CARTESIAN_POINT('',(-64.5,-27.18325084049,-116.632781054));
#3918 = CARTESIAN_POINT('',(-64.5,-27.16909553056,-116.6330082097));
#3919 = CARTESIAN_POINT('',(-64.5,-27.13693160892,-116.6338135713));
#3920 = CARTESIAN_POINT('',(-64.5,-27.11892496975,-116.6344706225));
#3921 = CARTESIAN_POINT('',(-64.5,-27.10092624044,-116.6353336534));
#3922 = CARTESIAN_POINT('',(-64.5,-27.08293817001,-116.6364025511));
#3923 = CARTESIAN_POINT('',(-64.5,-27.06496350459,-116.6376771588));
#3924 = CARTESIAN_POINT('',(-64.5,-27.04700498746,-116.6391572755));
#3925 = CARTESIAN_POINT('',(-64.5,-27.02906535903,-116.6408426565));
#3926 = CARTESIAN_POINT('',(-64.5,-26.99962863708,-116.6439482426));
#3927 = CARTESIAN_POINT('',(-64.5,-26.98811885402,-116.6452481816));
#3928 = CARTESIAN_POINT('',(-64.5,-26.97661873465,-116.6466327533));
#3929 = CARTESIAN_POINT('',(-64.5,-26.96512900499,-116.6481018735));
#3930 = CARTESIAN_POINT('',(-64.5,-26.95365039005,-116.6496554507));
#3931 = CARTESIAN_POINT('',(-64.5,-26.94218361388,-116.6512933856));
#3932 = CARTESIAN_POINT('',(-64.5,-26.93072939955,-116.6530155719));
#3933 = CARTESIAN_POINT('',(-64.5,-26.90085584651,-116.6577320853));
#3934 = CARTESIAN_POINT('',(-64.5,-26.88245770283,-116.6608606692));
#3935 = CARTESIAN_POINT('',(-64.5,-26.86409705913,-116.6642071701));
#3936 = CARTESIAN_POINT('',(-64.5,-26.84577692649,-116.6677710613));
#3937 = CARTESIAN_POINT('',(-64.5,-26.82750030604,-116.6715517663));
#3938 = CARTESIAN_POINT('',(-64.5,-26.80927018888,-116.6755486591));
#3939 = CARTESIAN_POINT('',(-64.5,-26.79108955617,-116.6797610637));
#3940 = CARTESIAN_POINT('',(-64.5,-26.59422562864,-116.7278383852));
#3941 = CARTESIAN_POINT('',(-64.5,-26.42046034914,-116.7924002918));
#3942 = CARTESIAN_POINT('',(-64.5,-26.25472176801,-116.8771786199));
#3943 = CARTESIAN_POINT('',(-64.5,-26.09972538013,-116.980948262));
#3944 = CARTESIAN_POINT('',(-64.5,-25.95791214907,-117.1021136792));
#3945 = CARTESIAN_POINT('',(-64.5,-25.8314782437,-117.2387562746));
#3946 = CARTESIAN_POINT('',(-64.5,-25.72233750381,-117.3885929474));
#3947 = CARTESIAN_POINT('',(-64.5,-25.6231380812,-117.5645640866));
#3948 = CARTESIAN_POINT('',(-64.5,-25.61446987997,-117.5803604309));
#3949 = CARTESIAN_POINT('',(-64.5,-25.60598257599,-117.5962555889));
#3950 = CARTESIAN_POINT('',(-64.5,-25.59767748181,-117.6122471423));
#3951 = CARTESIAN_POINT('',(-64.5,-25.58955587071,-117.6283326525));
#3952 = CARTESIAN_POINT('',(-64.5,-25.58161897678,-117.644509661));
#3953 = CARTESIAN_POINT('',(-64.5,-25.57386799485,-117.660775689));
#3954 = CARTESIAN_POINT('',(-64.5,-25.56117159568,-117.68822424));
#3955 = CARTESIAN_POINT('',(-64.5,-25.55612524173,-117.6993600795));
#3956 = CARTESIAN_POINT('',(-64.5,-25.55116537959,-117.710534976));
#3957 = CARTESIAN_POINT('',(-64.5,-25.54629236156,-117.7217481453));
#3958 = CARTESIAN_POINT('',(-64.5,-25.54150653138,-117.7329987996));
#3959 = CARTESIAN_POINT('',(-64.5,-25.53680822417,-117.7442861475));
#3960 = CARTESIAN_POINT('',(-64.5,-25.5321977665,-117.7556093938));
#3961 = CARTESIAN_POINT('',(-64.5,-25.51958342724,-117.7872920197));
#3962 = CARTESIAN_POINT('',(-64.5,-25.5117736753,-117.8077286866));
#3963 = CARTESIAN_POINT('',(-64.5,-25.50424804343,-117.8282731602));
#3964 = CARTESIAN_POINT('',(-64.5,-25.49700826388,-117.8489208291));
#3965 = CARTESIAN_POINT('',(-64.5,-25.49005597825,-117.8696670507));
#3966 = CARTESIAN_POINT('',(-64.5,-25.48339273748,-117.8905071515));
#3967 = CARTESIAN_POINT('',(-64.5,-25.47702000186,-117.9114364265));
#3968 = CARTESIAN_POINT('',(-64.5,-25.47093914104,-117.93245014));
#3969 = FACE_BOUND('',#3970,.T.);
#3970 = EDGE_LOOP('',(#3971,#3981,#3989,#3997));
#3971 = ORIENTED_EDGE('',*,*,#3972,.F.);
#3972 = EDGE_CURVE('',#3973,#3975,#3977,.T.);
#3973 = VERTEX_POINT('',#3974);
#3974 = CARTESIAN_POINT('',(-64.5,-22.76607033133,-178.8));
#3975 = VERTEX_POINT('',#3976);
#3976 = CARTESIAN_POINT('',(-64.5,-22.76607033133,-167.));
#3977 = LINE('',#3978,#3979);
#3978 = CARTESIAN_POINT('',(-64.5,-22.76607033133,-180.));
#3979 = VECTOR('',#3980,1.);
#3980 = DIRECTION('',(0.,3.310223024625E-16,1.));
#3981 = ORIENTED_EDGE('',*,*,#3982,.F.);
#3982 = EDGE_CURVE('',#3983,#3973,#3985,.T.);
#3983 = VERTEX_POINT('',#3984);
#3984 = CARTESIAN_POINT('',(-64.5,-21.76607033133,-178.8));
#3985 = LINE('',#3986,#3987);
#3986 = CARTESIAN_POINT('',(-64.5,-2.233929668666,-178.8));
#3987 = VECTOR('',#3988,1.);
#3988 = DIRECTION('',(0.,-1.,1.110223024625E-16));
#3989 = ORIENTED_EDGE('',*,*,#3990,.T.);
#3990 = EDGE_CURVE('',#3983,#3991,#3993,.T.);
#3991 = VERTEX_POINT('',#3992);
#3992 = CARTESIAN_POINT('',(-64.5,-21.76607033133,-167.));
#3993 = LINE('',#3994,#3995);
#3994 = CARTESIAN_POINT('',(-64.5,-21.76607033133,-180.));
#3995 = VECTOR('',#3996,1.);
#3996 = DIRECTION('',(0.,3.310223024625E-16,1.));
#3997 = ORIENTED_EDGE('',*,*,#3998,.T.);
#3998 = EDGE_CURVE('',#3991,#3975,#3999,.T.);
#3999 = LINE('',#4000,#4001);
#4000 = CARTESIAN_POINT('',(-64.5,-21.76607033133,-167.));
#4001 = VECTOR('',#4002,1.);
#4002 = DIRECTION('',(0.,-1.,1.110223024625E-16));
#4003 = FACE_BOUND('',#4004,.T.);
#4004 = EDGE_LOOP('',(#4005,#4015,#4023,#4031));
#4005 = ORIENTED_EDGE('',*,*,#4006,.F.);
#4006 = EDGE_CURVE('',#4007,#4009,#4011,.T.);
#4007 = VERTEX_POINT('',#4008);
#4008 = CARTESIAN_POINT('',(-64.5,-13.,-178.8));
#4009 = VERTEX_POINT('',#4010);
#4010 = CARTESIAN_POINT('',(-64.5,-13.,-167.));
#4011 = LINE('',#4012,#4013);
#4012 = CARTESIAN_POINT('',(-64.5,-13.,-180.));
#4013 = VECTOR('',#4014,1.);
#4014 = DIRECTION('',(0.,3.310223024625E-16,1.));
#4015 = ORIENTED_EDGE('',*,*,#4016,.F.);
#4016 = EDGE_CURVE('',#4017,#4007,#4019,.T.);
#4017 = VERTEX_POINT('',#4018);
#4018 = CARTESIAN_POINT('',(-64.5,-12.,-178.8));
#4019 = LINE('',#4020,#4021);
#4020 = CARTESIAN_POINT('',(-64.5,-2.233929668666,-178.8));
#4021 = VECTOR('',#4022,1.);
#4022 = DIRECTION('',(0.,-1.,1.110223024625E-16));
#4023 = ORIENTED_EDGE('',*,*,#4024,.T.);
#4024 = EDGE_CURVE('',#4017,#4025,#4027,.T.);
#4025 = VERTEX_POINT('',#4026);
#4026 = CARTESIAN_POINT('',(-64.5,-12.,-167.));
#4027 = LINE('',#4028,#4029);
#4028 = CARTESIAN_POINT('',(-64.5,-12.,-180.));
#4029 = VECTOR('',#4030,1.);
#4030 = DIRECTION('',(0.,3.310223024625E-16,1.));
#4031 = ORIENTED_EDGE('',*,*,#4032,.T.);
#4032 = EDGE_CURVE('',#4025,#4009,#4033,.T.);
#4033 = LINE('',#4034,#4035);
#4034 = CARTESIAN_POINT('',(-64.5,-12.,-167.));
#4035 = VECTOR('',#4036,1.);
#4036 = DIRECTION('',(0.,-1.,1.110223024625E-16));
#4037 = FACE_BOUND('',#4038,.T.);
#4038 = EDGE_LOOP('',(#4039,#4049,#4057,#4065));
#4039 = ORIENTED_EDGE('',*,*,#4040,.F.);
#4040 = EDGE_CURVE('',#4041,#4043,#4045,.T.);
#4041 = VERTEX_POINT('',#4042);
#4042 = CARTESIAN_POINT('',(-64.5,-3.233929668666,-178.8));
#4043 = VERTEX_POINT('',#4044);
#4044 = CARTESIAN_POINT('',(-64.5,-3.233929668666,-167.));
#4045 = LINE('',#4046,#4047);
#4046 = CARTESIAN_POINT('',(-64.5,-3.233929668666,-180.));
#4047 = VECTOR('',#4048,1.);
#4048 = DIRECTION('',(0.,3.310223024625E-16,1.));
#4049 = ORIENTED_EDGE('',*,*,#4050,.F.);
#4050 = EDGE_CURVE('',#4051,#4041,#4053,.T.);
#4051 = VERTEX_POINT('',#4052);
#4052 = CARTESIAN_POINT('',(-64.5,-2.233929668666,-178.8));
#4053 = LINE('',#4054,#4055);
#4054 = CARTESIAN_POINT('',(-64.5,-2.233929668666,-178.8));
#4055 = VECTOR('',#4056,1.);
#4056 = DIRECTION('',(0.,-1.,1.110223024625E-16));
#4057 = ORIENTED_EDGE('',*,*,#4058,.T.);
#4058 = EDGE_CURVE('',#4051,#4059,#4061,.T.);
#4059 = VERTEX_POINT('',#4060);
#4060 = CARTESIAN_POINT('',(-64.5,-2.233929668666,-167.));
#4061 = LINE('',#4062,#4063);
#4062 = CARTESIAN_POINT('',(-64.5,-2.233929668666,-180.));
#4063 = VECTOR('',#4064,1.);
#4064 = DIRECTION('',(0.,3.310223024625E-16,1.));
#4065 = ORIENTED_EDGE('',*,*,#4066,.T.);
#4066 = EDGE_CURVE('',#4059,#4043,#4067,.T.);
#4067 = LINE('',#4068,#4069);
#4068 = CARTESIAN_POINT('',(-64.5,-2.233929668666,-167.));
#4069 = VECTOR('',#4070,1.);
#4070 = DIRECTION('',(0.,-1.,1.110223024625E-16));
#4071 = PLANE('',#4072);
#4072 = AXIS2_PLACEMENT_3D('',#4073,#4074,#4075);
#4073 = CARTESIAN_POINT('',(-64.5,-28.31478897464,-142.2385956212));
#4074 = DIRECTION('',(-1.,0.,-0.));
#4075 = DIRECTION('',(0.,1.,-1.110223024625E-16));
#4076 = ADVANCED_FACE('',(#4077),#4105,.T.);
#4077 = FACE_BOUND('',#4078,.F.);
#4078 = EDGE_LOOP('',(#4079,#4080,#4088,#4097,#4104));
#4079 = ORIENTED_EDGE('',*,*,#1389,.F.);
#4080 = ORIENTED_EDGE('',*,*,#4081,.T.);
#4081 = EDGE_CURVE('',#1390,#4082,#4084,.T.);
#4082 = VERTEX_POINT('',#4083);
#4083 = CARTESIAN_POINT('',(-56.5,15.,-157.1842675215));
#4084 = LINE('',#4085,#4086);
#4085 = CARTESIAN_POINT('',(-56.5,15.,-180.));
#4086 = VECTOR('',#4087,1.);
#4087 = DIRECTION('',(0.,3.310223024625E-16,1.));
#4088 = ORIENTED_EDGE('',*,*,#4089,.F.);
#4089 = EDGE_CURVE('',#4090,#4082,#4092,.T.);
#4090 = VERTEX_POINT('',#4091);
#4091 = CARTESIAN_POINT('',(-64.22740661031,9.07055236082,
    -149.4568609112));
#4092 = ELLIPSE('',#4093,11.313708498985,8.);
#4093 = AXIS2_PLACEMENT_3D('',#4094,#4095,#4096);
#4094 = CARTESIAN_POINT('',(-56.5,7.,-157.1842675215));
#4095 = DIRECTION('',(-0.707106781187,-2.385046229342E-16,
    -0.707106781187));
#4096 = DIRECTION('',(0.707106781187,-2.385046229342E-16,-0.707106781187
    ));
#4097 = ORIENTED_EDGE('',*,*,#4098,.T.);
#4098 = EDGE_CURVE('',#4090,#3838,#4099,.T.);
#4099 = ELLIPSE('',#4100,8.282209443281,8.);
#4100 = AXIS2_PLACEMENT_3D('',#4101,#4102,#4103);
#4101 = CARTESIAN_POINT('',(-56.5,7.,-148.9020580783));
#4102 = DIRECTION('',(0.,0.258819045103,0.965925826289));
#4103 = DIRECTION('',(0.,0.965925826289,-0.258819045103));
#4104 = ORIENTED_EDGE('',*,*,#3845,.F.);
#4105 = CYLINDRICAL_SURFACE('',#4106,8.);
#4106 = AXIS2_PLACEMENT_3D('',#4107,#4108,#4109);
#4107 = CARTESIAN_POINT('',(-56.5,7.,-180.));
#4108 = DIRECTION('',(0.,-3.310223024625E-16,-1.));
#4109 = DIRECTION('',(-1.,0.,0.));
#4110 = ADVANCED_FACE('',(#4111),#4129,.T.);
#4111 = FACE_BOUND('',#4112,.T.);
#4112 = EDGE_LOOP('',(#4113,#4114,#4115,#4123));
#4113 = ORIENTED_EDGE('',*,*,#1398,.T.);
#4114 = ORIENTED_EDGE('',*,*,#4081,.T.);
#4115 = ORIENTED_EDGE('',*,*,#4116,.F.);
#4116 = EDGE_CURVE('',#4117,#4082,#4119,.T.);
#4117 = VERTEX_POINT('',#4118);
#4118 = CARTESIAN_POINT('',(56.5,15.,-157.1842675215));
#4119 = LINE('',#4120,#4121);
#4120 = CARTESIAN_POINT('',(65.,15.,-157.1842675215));
#4121 = VECTOR('',#4122,1.);
#4122 = DIRECTION('',(-1.,0.,-0.));
#4123 = ORIENTED_EDGE('',*,*,#4124,.F.);
#4124 = EDGE_CURVE('',#1399,#4117,#4125,.T.);
#4125 = LINE('',#4126,#4127);
#4126 = CARTESIAN_POINT('',(56.5,15.,-180.));
#4127 = VECTOR('',#4128,1.);
#4128 = DIRECTION('',(0.,3.310223024625E-16,1.));
#4129 = PLANE('',#4130);
#4130 = AXIS2_PLACEMENT_3D('',#4131,#4132,#4133);
#4131 = CARTESIAN_POINT('',(0.,15.,-135.));
#4132 = DIRECTION('',(-0.,1.,-3.910223024625E-16));
#4133 = DIRECTION('',(0.,-3.910223024625E-16,-1.));
#4134 = ADVANCED_FACE('',(#4135),#4148,.T.);
#4135 = FACE_BOUND('',#4136,.T.);
#4136 = EDGE_LOOP('',(#4137,#4138,#4139,#4146,#4147));
#4137 = ORIENTED_EDGE('',*,*,#1406,.F.);
#4138 = ORIENTED_EDGE('',*,*,#4124,.T.);
#4139 = ORIENTED_EDGE('',*,*,#4140,.T.);
#4140 = EDGE_CURVE('',#4117,#3647,#4141,.T.);
#4141 = ELLIPSE('',#4142,11.313708498985,8.);
#4142 = AXIS2_PLACEMENT_3D('',#4143,#4144,#4145);
#4143 = CARTESIAN_POINT('',(56.5,7.,-157.1842675215));
#4144 = DIRECTION('',(0.707106781187,-2.385046229342E-16,-0.707106781187
    ));
#4145 = DIRECTION('',(-0.707106781187,-2.385046229342E-16,
    -0.707106781187));
#4146 = ORIENTED_EDGE('',*,*,#3646,.F.);
#4147 = ORIENTED_EDGE('',*,*,#1795,.F.);
#4148 = CYLINDRICAL_SURFACE('',#4149,8.);
#4149 = AXIS2_PLACEMENT_3D('',#4150,#4151,#4152);
#4150 = CARTESIAN_POINT('',(56.5,7.,-180.));
#4151 = DIRECTION('',(0.,-3.310223024625E-16,-1.));
#4152 = DIRECTION('',(1.,0.,0.));
#4153 = ADVANCED_FACE('',(#4154),#4165,.T.);
#4154 = FACE_BOUND('',#4155,.T.);
#4155 = EDGE_LOOP('',(#4156,#4157,#4163,#4164));
#4156 = ORIENTED_EDGE('',*,*,#2805,.T.);
#4157 = ORIENTED_EDGE('',*,*,#4158,.T.);
#4158 = EDGE_CURVE('',#615,#639,#4159,.T.);
#4159 = LINE('',#4160,#4161);
#4160 = CARTESIAN_POINT('',(-63.3,-2.233929668666,-178.8));
#4161 = VECTOR('',#4162,1.);
#4162 = DIRECTION('',(0.,-1.,1.110223024625E-16));
#4163 = ORIENTED_EDGE('',*,*,#2764,.T.);
#4164 = ORIENTED_EDGE('',*,*,#1473,.F.);
#4165 = PLANE('',#4166);
#4166 = AXIS2_PLACEMENT_3D('',#4167,#4168,#4169);
#4167 = CARTESIAN_POINT('',(-63.3,-2.233929668666,-178.8));
#4168 = DIRECTION('',(1.,0.,0.));
#4169 = DIRECTION('',(0.,-1.110223024625E-16,-1.));
#4170 = ADVANCED_FACE('',(#4171),#4182,.T.);
#4171 = FACE_BOUND('',#4172,.T.);
#4172 = EDGE_LOOP('',(#4173,#4174,#4180,#4181));
#4173 = ORIENTED_EDGE('',*,*,#2861,.T.);
#4174 = ORIENTED_EDGE('',*,*,#4175,.T.);
#4175 = EDGE_CURVE('',#583,#607,#4176,.T.);
#4176 = LINE('',#4177,#4178);
#4177 = CARTESIAN_POINT('',(-63.3,-2.233929668666,-178.8));
#4178 = VECTOR('',#4179,1.);
#4179 = DIRECTION('',(0.,-1.,1.110223024625E-16));
#4180 = ORIENTED_EDGE('',*,*,#2820,.T.);
#4181 = ORIENTED_EDGE('',*,*,#1507,.F.);
#4182 = PLANE('',#4183);
#4183 = AXIS2_PLACEMENT_3D('',#4184,#4185,#4186);
#4184 = CARTESIAN_POINT('',(-63.3,-2.233929668666,-178.8));
#4185 = DIRECTION('',(1.,0.,0.));
#4186 = DIRECTION('',(0.,-1.110223024625E-16,-1.));
#4187 = ADVANCED_FACE('',(#4188),#4199,.T.);
#4188 = FACE_BOUND('',#4189,.T.);
#4189 = EDGE_LOOP('',(#4190,#4191,#4197,#4198));
#4190 = ORIENTED_EDGE('',*,*,#2917,.F.);
#4191 = ORIENTED_EDGE('',*,*,#4192,.T.);
#4192 = EDGE_CURVE('',#551,#575,#4193,.T.);
#4193 = LINE('',#4194,#4195);
#4194 = CARTESIAN_POINT('',(-63.3,-2.233929668666,-178.8));
#4195 = VECTOR('',#4196,1.);
#4196 = DIRECTION('',(0.,-1.,1.110223024625E-16));
#4197 = ORIENTED_EDGE('',*,*,#2876,.T.);
#4198 = ORIENTED_EDGE('',*,*,#1541,.F.);
#4199 = PLANE('',#4200);
#4200 = AXIS2_PLACEMENT_3D('',#4201,#4202,#4203);
#4201 = CARTESIAN_POINT('',(-63.3,-2.233929668666,-178.8));
#4202 = DIRECTION('',(1.,0.,0.));
#4203 = DIRECTION('',(0.,-1.110223024625E-16,-1.));
#4204 = ADVANCED_FACE('',(#4205),#4216,.F.);
#4205 = FACE_BOUND('',#4206,.F.);
#4206 = EDGE_LOOP('',(#4207,#4208,#4214,#4215));
#4207 = ORIENTED_EDGE('',*,*,#3210,.F.);
#4208 = ORIENTED_EDGE('',*,*,#4209,.T.);
#4209 = EDGE_CURVE('',#445,#421,#4210,.T.);
#4210 = LINE('',#4211,#4212);
#4211 = CARTESIAN_POINT('',(63.3,-2.233929668666,-178.8));
#4212 = VECTOR('',#4213,1.);
#4213 = DIRECTION('',(0.,-1.,1.110223024625E-16));
#4214 = ORIENTED_EDGE('',*,*,#3242,.T.);
#4215 = ORIENTED_EDGE('',*,*,#1575,.F.);
#4216 = PLANE('',#4217);
#4217 = AXIS2_PLACEMENT_3D('',#4218,#4219,#4220);
#4218 = CARTESIAN_POINT('',(63.3,-2.233929668666,-178.8));
#4219 = DIRECTION('',(1.,0.,0.));
#4220 = DIRECTION('',(0.,-1.110223024625E-16,-1.));
#4221 = ADVANCED_FACE('',(#4222),#4233,.F.);
#4222 = FACE_BOUND('',#4223,.F.);
#4223 = EDGE_LOOP('',(#4224,#4225,#4231,#4232));
#4224 = ORIENTED_EDGE('',*,*,#3154,.F.);
#4225 = ORIENTED_EDGE('',*,*,#4226,.T.);
#4226 = EDGE_CURVE('',#477,#453,#4227,.T.);
#4227 = LINE('',#4228,#4229);
#4228 = CARTESIAN_POINT('',(63.3,-2.233929668666,-178.8));
#4229 = VECTOR('',#4230,1.);
#4230 = DIRECTION('',(0.,-1.,1.110223024625E-16));
#4231 = ORIENTED_EDGE('',*,*,#3186,.F.);
#4232 = ORIENTED_EDGE('',*,*,#1609,.F.);
#4233 = PLANE('',#4234);
#4234 = AXIS2_PLACEMENT_3D('',#4235,#4236,#4237);
#4235 = CARTESIAN_POINT('',(63.3,-2.233929668666,-178.8));
#4236 = DIRECTION('',(1.,0.,0.));
#4237 = DIRECTION('',(0.,-1.110223024625E-16,-1.));
#4238 = ADVANCED_FACE('',(#4239),#4250,.F.);
#4239 = FACE_BOUND('',#4240,.F.);
#4240 = EDGE_LOOP('',(#4241,#4242,#4248,#4249));
#4241 = ORIENTED_EDGE('',*,*,#3098,.F.);
#4242 = ORIENTED_EDGE('',*,*,#4243,.T.);
#4243 = EDGE_CURVE('',#509,#485,#4244,.T.);
#4244 = LINE('',#4245,#4246);
#4245 = CARTESIAN_POINT('',(63.3,-2.233929668666,-178.8));
#4246 = VECTOR('',#4247,1.);
#4247 = DIRECTION('',(0.,-1.,1.110223024625E-16));
#4248 = ORIENTED_EDGE('',*,*,#3130,.F.);
#4249 = ORIENTED_EDGE('',*,*,#1763,.F.);
#4250 = PLANE('',#4251);
#4251 = AXIS2_PLACEMENT_3D('',#4252,#4253,#4254);
#4252 = CARTESIAN_POINT('',(63.3,-2.233929668666,-178.8));
#4253 = DIRECTION('',(1.,0.,0.));
#4254 = DIRECTION('',(0.,-1.110223024625E-16,-1.));
#4255 = ADVANCED_FACE('',(#4256),#4262,.F.);
#4256 = FACE_BOUND('',#4257,.F.);
#4257 = EDGE_LOOP('',(#4258,#4259,#4260,#4261));
#4258 = ORIENTED_EDGE('',*,*,#3629,.F.);
#4259 = ORIENTED_EDGE('',*,*,#1965,.T.);
#4260 = ORIENTED_EDGE('',*,*,#3590,.F.);
#4261 = ORIENTED_EDGE('',*,*,#4243,.F.);
#4262 = PLANE('',#4263);
#4263 = AXIS2_PLACEMENT_3D('',#4264,#4265,#4266);
#4264 = CARTESIAN_POINT('',(64.5,-2.233929668666,-178.8));
#4265 = DIRECTION('',(0.,-1.110223024625E-16,-1.));
#4266 = DIRECTION('',(-1.,0.,0.));
#4267 = ADVANCED_FACE('',(#4268),#4274,.F.);
#4268 = FACE_BOUND('',#4269,.F.);
#4269 = EDGE_LOOP('',(#4270,#4271,#4272,#4273));
#4270 = ORIENTED_EDGE('',*,*,#3573,.F.);
#4271 = ORIENTED_EDGE('',*,*,#1999,.T.);
#4272 = ORIENTED_EDGE('',*,*,#3534,.F.);
#4273 = ORIENTED_EDGE('',*,*,#4226,.F.);
#4274 = PLANE('',#4275);
#4275 = AXIS2_PLACEMENT_3D('',#4276,#4277,#4278);
#4276 = CARTESIAN_POINT('',(64.5,-2.233929668666,-178.8));
#4277 = DIRECTION('',(0.,-1.110223024625E-16,-1.));
#4278 = DIRECTION('',(-1.,0.,0.));
#4279 = ADVANCED_FACE('',(#4280),#4286,.F.);
#4280 = FACE_BOUND('',#4281,.F.);
#4281 = EDGE_LOOP('',(#4282,#4283,#4284,#4285));
#4282 = ORIENTED_EDGE('',*,*,#3517,.F.);
#4283 = ORIENTED_EDGE('',*,*,#2033,.T.);
#4284 = ORIENTED_EDGE('',*,*,#3478,.T.);
#4285 = ORIENTED_EDGE('',*,*,#4209,.F.);
#4286 = PLANE('',#4287);
#4287 = AXIS2_PLACEMENT_3D('',#4288,#4289,#4290);
#4288 = CARTESIAN_POINT('',(64.5,-2.233929668666,-178.8));
#4289 = DIRECTION('',(0.,-1.110223024625E-16,-1.));
#4290 = DIRECTION('',(-1.,0.,0.));
#4291 = ADVANCED_FACE('',(#4292),#4335,.T.);
#4292 = FACE_BOUND('',#4293,.T.);
#4293 = EDGE_LOOP('',(#4294,#4295,#4303,#4311,#4319,#4327,#4333,#4334));
#4294 = ORIENTED_EDGE('',*,*,#2166,.F.);
#4295 = ORIENTED_EDGE('',*,*,#4296,.F.);
#4296 = EDGE_CURVE('',#4297,#2159,#4299,.T.);
#4297 = VERTEX_POINT('',#4298);
#4298 = CARTESIAN_POINT('',(1.875,-38.49999999999,-175.05));
#4299 = LINE('',#4300,#4301);
#4300 = CARTESIAN_POINT('',(1.875,-38.09999999999,-175.05));
#4301 = VECTOR('',#4302,1.);
#4302 = DIRECTION('',(0.,-1.,-7.782897769754E-14));
#4303 = ORIENTED_EDGE('',*,*,#4304,.F.);
#4304 = EDGE_CURVE('',#4305,#4297,#4307,.T.);
#4305 = VERTEX_POINT('',#4306);
#4306 = CARTESIAN_POINT('',(1.475,-38.09999999999,-175.05));
#4307 = LINE('',#4308,#4309);
#4308 = CARTESIAN_POINT('',(2.617246901104,-39.2422469011,-175.05));
#4309 = VECTOR('',#4310,1.);
#4310 = DIRECTION('',(0.707106781187,-0.707106781187,-5.414149537707E-14
    ));
#4311 = ORIENTED_EDGE('',*,*,#4312,.T.);
#4312 = EDGE_CURVE('',#4305,#4313,#4315,.T.);
#4313 = VERTEX_POINT('',#4314);
#4314 = CARTESIAN_POINT('',(-1.475,-38.09999999999,-175.05));
#4315 = LINE('',#4316,#4317);
#4316 = CARTESIAN_POINT('',(1.875,-38.09999999999,-175.05));
#4317 = VECTOR('',#4318,1.);
#4318 = DIRECTION('',(-1.,0.,0.));
#4319 = ORIENTED_EDGE('',*,*,#4320,.T.);
#4320 = EDGE_CURVE('',#4313,#4321,#4323,.T.);
#4321 = VERTEX_POINT('',#4322);
#4322 = CARTESIAN_POINT('',(-1.875,-38.49999999999,-175.05));
#4323 = LINE('',#4324,#4325);
#4324 = CARTESIAN_POINT('',(-2.617246901105,-39.2422469011,-175.05));
#4325 = VECTOR('',#4326,1.);
#4326 = DIRECTION('',(-0.707106781187,-0.707106781187,
    -5.414149537707E-14));
#4327 = ORIENTED_EDGE('',*,*,#4328,.F.);
#4328 = EDGE_CURVE('',#2243,#4321,#4329,.T.);
#4329 = LINE('',#4330,#4331);
#4330 = CARTESIAN_POINT('',(-1.875,-42.11268460107,-175.05));
#4331 = VECTOR('',#4332,1.);
#4332 = DIRECTION('',(0.,1.,7.782897769754E-14));
#4333 = ORIENTED_EDGE('',*,*,#2242,.F.);
#4334 = ORIENTED_EDGE('',*,*,#3757,.F.);
#4335 = PLANE('',#4336);
#4336 = AXIS2_PLACEMENT_3D('',#4337,#4338,#4339);
#4337 = CARTESIAN_POINT('',(-5.8843E-13,-43.74398760441,-175.05));
#4338 = DIRECTION('',(0.,-7.656897769754E-14,1.));
#4339 = DIRECTION('',(0.,-1.,-7.656897769754E-14));
#4340 = ADVANCED_FACE('',(#4341),#4365,.T.);
#4341 = FACE_BOUND('',#4342,.T.);
#4342 = EDGE_LOOP('',(#4343,#4344,#4345,#4351,#4359));
#4343 = ORIENTED_EDGE('',*,*,#4296,.T.);
#4344 = ORIENTED_EDGE('',*,*,#2158,.T.);
#4345 = ORIENTED_EDGE('',*,*,#4346,.F.);
#4346 = EDGE_CURVE('',#2194,#2150,#4347,.T.);
#4347 = LINE('',#4348,#4349);
#4348 = CARTESIAN_POINT('',(1.875,-38.09999999999,-176.3));
#4349 = VECTOR('',#4350,1.);
#4350 = DIRECTION('',(0.,-1.,-7.788897769754E-14));
#4351 = ORIENTED_EDGE('',*,*,#4352,.T.);
#4352 = EDGE_CURVE('',#2194,#4353,#4355,.T.);
#4353 = VERTEX_POINT('',#4354);
#4354 = CARTESIAN_POINT('',(1.875,-38.49999999999,-176.3));
#4355 = LINE('',#4356,#4357);
#4356 = CARTESIAN_POINT('',(1.875,-38.59999999998,-176.3));
#4357 = VECTOR('',#4358,1.);
#4358 = DIRECTION('',(0.,1.,7.788897769754E-14));
#4359 = ORIENTED_EDGE('',*,*,#4360,.F.);
#4360 = EDGE_CURVE('',#4297,#4353,#4361,.T.);
#4361 = LINE('',#4362,#4363);
#4362 = CARTESIAN_POINT('',(1.875,-38.49999999999,-175.05));
#4363 = VECTOR('',#4364,1.);
#4364 = DIRECTION('',(-0.,7.787897769754E-14,-1.));
#4365 = PLANE('',#4366);
#4366 = AXIS2_PLACEMENT_3D('',#4367,#4368,#4369);
#4367 = CARTESIAN_POINT('',(1.875,-40.10634230053,-175.675));
#4368 = DIRECTION('',(1.,0.,0.));
#4369 = DIRECTION('',(0.,-1.,1.110223024625E-16));
#4370 = ADVANCED_FACE('',(#4371),#4376,.T.);
#4371 = FACE_BOUND('',#4372,.T.);
#4372 = EDGE_LOOP('',(#4373,#4374,#4375));
#4373 = ORIENTED_EDGE('',*,*,#2193,.T.);
#4374 = ORIENTED_EDGE('',*,*,#4346,.T.);
#4375 = ORIENTED_EDGE('',*,*,#2149,.F.);
#4376 = PLANE('',#4377);
#4377 = AXIS2_PLACEMENT_3D('',#4378,#4379,#4380);
#4378 = CARTESIAN_POINT('',(-1.80857E-12,-40.10634230053,-176.3));
#4379 = DIRECTION('',(0.,-7.779897769754E-14,1.));
#4380 = DIRECTION('',(0.,-1.,-7.779897769754E-14));
#4381 = ADVANCED_FACE('',(#4382),#4392,.T.);
#4382 = FACE_BOUND('',#4383,.T.);
#4383 = EDGE_LOOP('',(#4384,#4390,#4391));
#4384 = ORIENTED_EDGE('',*,*,#4385,.T.);
#4385 = EDGE_CURVE('',#2252,#2202,#4386,.T.);
#4386 = LINE('',#4387,#4388);
#4387 = CARTESIAN_POINT('',(-1.875,-42.11268460107,-176.3));
#4388 = VECTOR('',#4389,1.);
#4389 = DIRECTION('',(0.,1.,7.788897769754E-14));
#4390 = ORIENTED_EDGE('',*,*,#2209,.T.);
#4391 = ORIENTED_EDGE('',*,*,#2259,.F.);
#4392 = PLANE('',#4393);
#4393 = AXIS2_PLACEMENT_3D('',#4394,#4395,#4396);
#4394 = CARTESIAN_POINT('',(-1.80857E-12,-40.10634230053,-176.3));
#4395 = DIRECTION('',(0.,-7.779897769754E-14,1.));
#4396 = DIRECTION('',(0.,-1.,-7.779897769754E-14));
#4397 = ADVANCED_FACE('',(#4398),#4416,.F.);
#4398 = FACE_BOUND('',#4399,.F.);
#4399 = EDGE_LOOP('',(#4400,#4401,#4409,#4415));
#4400 = ORIENTED_EDGE('',*,*,#4352,.T.);
#4401 = ORIENTED_EDGE('',*,*,#4402,.T.);
#4402 = EDGE_CURVE('',#4353,#4403,#4405,.T.);
#4403 = VERTEX_POINT('',#4404);
#4404 = CARTESIAN_POINT('',(-1.875,-38.49999999999,-176.3));
#4405 = LINE('',#4406,#4407);
#4406 = CARTESIAN_POINT('',(1.875,-38.49999999999,-176.3));
#4407 = VECTOR('',#4408,1.);
#4408 = DIRECTION('',(-1.,0.,0.));
#4409 = ORIENTED_EDGE('',*,*,#4410,.T.);
#4410 = EDGE_CURVE('',#4403,#2202,#4411,.T.);
#4411 = LINE('',#4412,#4413);
#4412 = CARTESIAN_POINT('',(-1.875,-38.09999999999,-176.3));
#4413 = VECTOR('',#4414,1.);
#4414 = DIRECTION('',(0.,-1.,-7.788897769754E-14));
#4415 = ORIENTED_EDGE('',*,*,#2201,.T.);
#4416 = PLANE('',#4417);
#4417 = AXIS2_PLACEMENT_3D('',#4418,#4419,#4420);
#4418 = CARTESIAN_POINT('',(-2.02818E-12,-38.34999999999,-176.3));
#4419 = DIRECTION('',(0.,-1.135789776975E-13,1.));
#4420 = DIRECTION('',(0.,-1.,-1.135789776975E-13));
#4421 = ADVANCED_FACE('',(#4422),#4434,.T.);
#4422 = FACE_BOUND('',#4423,.T.);
#4423 = EDGE_LOOP('',(#4424,#4425,#4431,#4432,#4433));
#4424 = ORIENTED_EDGE('',*,*,#4328,.T.);
#4425 = ORIENTED_EDGE('',*,*,#4426,.T.);
#4426 = EDGE_CURVE('',#4321,#4403,#4427,.T.);
#4427 = LINE('',#4428,#4429);
#4428 = CARTESIAN_POINT('',(-1.875,-38.49999999999,-175.05));
#4429 = VECTOR('',#4430,1.);
#4430 = DIRECTION('',(-0.,7.787897769754E-14,-1.));
#4431 = ORIENTED_EDGE('',*,*,#4410,.T.);
#4432 = ORIENTED_EDGE('',*,*,#4385,.F.);
#4433 = ORIENTED_EDGE('',*,*,#2251,.F.);
#4434 = PLANE('',#4435);
#4435 = AXIS2_PLACEMENT_3D('',#4436,#4437,#4438);
#4436 = CARTESIAN_POINT('',(-1.875,-40.10634230053,-175.675));
#4437 = DIRECTION('',(-1.,0.,-0.));
#4438 = DIRECTION('',(0.,1.,-1.110223024625E-16));
#4439 = ADVANCED_FACE('',(#4440),#4453,.F.);
#4440 = FACE_BOUND('',#4441,.F.);
#4441 = EDGE_LOOP('',(#4442,#4443,#4451,#4452));
#4442 = ORIENTED_EDGE('',*,*,#3853,.T.);
#4443 = ORIENTED_EDGE('',*,*,#4444,.T.);
#4444 = EDGE_CURVE('',#3827,#2518,#4445,.T.);
#4445 = ( BOUNDED_CURVE() B_SPLINE_CURVE(2,(#4446,#4447,#4448,#4449,
#4450),.UNSPECIFIED.,.F.,.F.) B_SPLINE_CURVE_WITH_KNOTS((3,1,1,3),(
-7.344000000005E-02,-4.665E-14,1.2,1.27344),.UNSPECIFIED.) CURVE() 
GEOMETRIC_REPRESENTATION_ITEM() RATIONAL_B_SPLINE_CURVE((1.108487848155,
    1.108487848155,1.108487848155,1.108487848155,1.108487848155)) 
REPRESENTATION_ITEM('') );
#4446 = CARTESIAN_POINT('',(-64.57344,-25.47093914104,-117.93245014));
#4447 = CARTESIAN_POINT('',(-64.53672,-25.47093914104,-117.93245014));
#4448 = CARTESIAN_POINT('',(-63.9,-25.47093914104,-117.93245014));
#4449 = CARTESIAN_POINT('',(-63.26328,-25.47093914104,-117.93245014));
#4450 = CARTESIAN_POINT('',(-63.22656,-25.47093914104,-117.93245014));
#4451 = ORIENTED_EDGE('',*,*,#2517,.F.);
#4452 = ORIENTED_EDGE('',*,*,#2309,.F.);
#4453 = ( BOUNDED_SURFACE() B_SPLINE_SURFACE(6,2,(
    (#4454,#4455,#4456,#4457,#4458)
    ,(#4459,#4460,#4461,#4462,#4463)
    ,(#4464,#4465,#4466,#4467,#4468)
    ,(#4469,#4470,#4471,#4472,#4473)
    ,(#4474,#4475,#4476,#4477,#4478)
    ,(#4479,#4480,#4481,#4482,#4483)
    ,(#4484,#4485,#4486,#4487,#4488
)),.UNSPECIFIED.,.F.,.F.,.F.) B_SPLINE_SURFACE_WITH_KNOTS((7,7),(3,1,1,3
    ),(0.,1.2),(-7.344000000005E-02,-4.665E-14,1.2,1.27344),
.UNSPECIFIED.) GEOMETRIC_REPRESENTATION_ITEM() RATIONAL_B_SPLINE_SURFACE
((
    (1.108487848155,1.108487848155,1.108487848155,1.108487848155
      ,1.108487848155)
    ,(1.030909629621,1.030909629621,1.030909629621,1.030909629621
      ,1.030909629621)
    ,(0.993419836398,0.993419836398,0.993419836398,0.993419836398
      ,0.993419836398)
    ,(0.980475682816,0.980475682816,0.980475682816,0.980475682816
      ,0.980475682816)
    ,(0.993419836398,0.993419836398,0.993419836398,0.993419836398
      ,0.993419836398)
    ,(1.030909629621,1.030909629621,1.030909629621,1.030909629621
      ,1.030909629621)
    ,(1.108487848155,1.108487848155,1.108487848155,1.108487848155
,1.108487848155))) REPRESENTATION_ITEM('') SURFACE() );
#4454 = CARTESIAN_POINT('',(-64.57344,-29.,-118.4327985647));
#4455 = CARTESIAN_POINT('',(-64.53672,-29.,-118.4327985647));
#4456 = CARTESIAN_POINT('',(-63.9,-29.,-118.4327985647));
#4457 = CARTESIAN_POINT('',(-63.26328,-29.,-118.4327985647));
#4458 = CARTESIAN_POINT('',(-63.22656,-29.,-118.4327985647));
#4459 = CARTESIAN_POINT('',(-64.57344,-29.,-117.5104086957));
#4460 = CARTESIAN_POINT('',(-64.53672,-29.,-117.5104086957));
#4461 = CARTESIAN_POINT('',(-63.9,-29.,-117.5104086957));
#4462 = CARTESIAN_POINT('',(-63.26328,-29.,-117.5104086957));
#4463 = CARTESIAN_POINT('',(-63.22656,-29.,-117.5104086957));
#4464 = CARTESIAN_POINT('',(-64.57344,-28.45258685991,-116.6785216136));
#4465 = CARTESIAN_POINT('',(-64.53672,-28.45258685991,-116.6785216136));
#4466 = CARTESIAN_POINT('',(-63.9,-28.45258685991,-116.6785216136));
#4467 = CARTESIAN_POINT('',(-63.26328,-28.45258685991,-116.6785216136));
#4468 = CARTESIAN_POINT('',(-63.22656,-28.45258685991,-116.6785216136));
#4469 = CARTESIAN_POINT('',(-64.57344,-27.50933207073,-116.251015532));
#4470 = CARTESIAN_POINT('',(-64.53672,-27.50933207073,-116.251015532));
#4471 = CARTESIAN_POINT('',(-63.9,-27.50933207073,-116.251015532));
#4472 = CARTESIAN_POINT('',(-63.26328,-27.50933207073,-116.251015532));
#4473 = CARTESIAN_POINT('',(-63.22656,-27.50933207073,-116.251015532));
#4474 = CARTESIAN_POINT('',(-64.57344,-26.4844171094,-116.3994755236));
#4475 = CARTESIAN_POINT('',(-64.53672,-26.4844171094,-116.3994755236));
#4476 = CARTESIAN_POINT('',(-63.9,-26.4844171094,-116.3994755236));
#4477 = CARTESIAN_POINT('',(-63.26328,-26.4844171094,-116.3994755236));
#4478 = CARTESIAN_POINT('',(-63.22656,-26.4844171094,-116.3994755236));
#4479 = CARTESIAN_POINT('',(-64.57344,-25.72733709539,-117.0464122405));
#4480 = CARTESIAN_POINT('',(-64.53672,-25.72733709539,-117.0464122405));
#4481 = CARTESIAN_POINT('',(-63.9,-25.72733709539,-117.0464122405));
#4482 = CARTESIAN_POINT('',(-63.26328,-25.72733709539,-117.0464122405));
#4483 = CARTESIAN_POINT('',(-63.22656,-25.72733709539,-117.0464122405));
#4484 = CARTESIAN_POINT('',(-64.57344,-25.47093914104,-117.93245014));
#4485 = CARTESIAN_POINT('',(-64.53672,-25.47093914104,-117.93245014));
#4486 = CARTESIAN_POINT('',(-63.9,-25.47093914104,-117.93245014));
#4487 = CARTESIAN_POINT('',(-63.26328,-25.47093914104,-117.93245014));
#4488 = CARTESIAN_POINT('',(-63.22656,-25.47093914104,-117.93245014));
#4489 = ADVANCED_FACE('',(#4490),#4508,.T.);
#4490 = FACE_BOUND('',#4491,.T.);
#4491 = EDGE_LOOP('',(#4492,#4493,#4501,#4507));
#4492 = ORIENTED_EDGE('',*,*,#2336,.T.);
#4493 = ORIENTED_EDGE('',*,*,#4494,.T.);
#4494 = EDGE_CURVE('',#2329,#4495,#4497,.T.);
#4495 = VERTEX_POINT('',#4496);
#4496 = CARTESIAN_POINT('',(-60.3,-25.89999999999,-178.8));
#4497 = LINE('',#4498,#4499);
#4498 = CARTESIAN_POINT('',(-57.1,-28.99999999999,-178.8));
#4499 = VECTOR('',#4500,1.);
#4500 = DIRECTION('',(-0.718240222789,0.695795215827,5.489057326343E-14)
  );
#4501 = ORIENTED_EDGE('',*,*,#4502,.F.);
#4502 = EDGE_CURVE('',#2718,#4495,#4503,.T.);
#4503 = LINE('',#4504,#4505);
#4504 = CARTESIAN_POINT('',(-63.3,-25.89999999999,-178.8));
#4505 = VECTOR('',#4506,1.);
#4506 = DIRECTION('',(1.,-0.,0.));
#4507 = ORIENTED_EDGE('',*,*,#2725,.T.);
#4508 = PLANE('',#4509);
#4509 = AXIS2_PLACEMENT_3D('',#4510,#4511,#4512);
#4510 = CARTESIAN_POINT('',(1.012673122E-08,-24.31268701425,-178.8));
#4511 = DIRECTION('',(0.,-7.925897769754E-14,1.));
#4512 = DIRECTION('',(0.,-1.,-7.925897769754E-14));
#4513 = ADVANCED_FACE('',(#4514),#4532,.F.);
#4514 = FACE_BOUND('',#4515,.F.);
#4515 = EDGE_LOOP('',(#4516,#4524,#4530,#4531));
#4516 = ORIENTED_EDGE('',*,*,#4517,.F.);
#4517 = EDGE_CURVE('',#4518,#2329,#4520,.T.);
#4518 = VERTEX_POINT('',#4519);
#4519 = CARTESIAN_POINT('',(-57.20322580645,-29.09999999999,-178.8));
#4520 = LINE('',#4521,#4522);
#4521 = CARTESIAN_POINT('',(-60.3,-32.09999999999,-178.8));
#4522 = VECTOR('',#4523,1.);
#4523 = DIRECTION('',(0.718240222789,0.695795215827,5.489057326343E-14)
  );
#4524 = ORIENTED_EDGE('',*,*,#4525,.T.);
#4525 = EDGE_CURVE('',#4518,#2448,#4526,.T.);
#4526 = LINE('',#4527,#4528);
#4527 = CARTESIAN_POINT('',(-60.3,-29.09999999999,-178.8));
#4528 = VECTOR('',#4529,1.);
#4529 = DIRECTION('',(1.,0.,0.));
#4530 = ORIENTED_EDGE('',*,*,#2447,.T.);
#4531 = ORIENTED_EDGE('',*,*,#2328,.F.);
#4532 = PLANE('',#4533);
#4533 = AXIS2_PLACEMENT_3D('',#4534,#4535,#4536);
#4534 = CARTESIAN_POINT('',(2.77E-15,-27.80644103884,-178.8));
#4535 = DIRECTION('',(0.,-8.156897769754E-14,1.));
#4536 = DIRECTION('',(0.,-1.,-8.156897769754E-14));
#4537 = ADVANCED_FACE('',(#4538),#4556,.T.);
#4538 = FACE_BOUND('',#4539,.T.);
#4539 = EDGE_LOOP('',(#4540,#4548,#4554,#4555));
#4540 = ORIENTED_EDGE('',*,*,#4541,.T.);
#4541 = EDGE_CURVE('',#2733,#4542,#4544,.T.);
#4542 = VERTEX_POINT('',#4543);
#4543 = CARTESIAN_POINT('',(-63.05,-24.6,-139.8));
#4544 = LINE('',#4545,#4546);
#4545 = CARTESIAN_POINT('',(-63.3,-24.6,-139.8));
#4546 = VECTOR('',#4547,1.);
#4547 = DIRECTION('',(1.,0.,0.));
#4548 = ORIENTED_EDGE('',*,*,#4549,.T.);
#4549 = EDGE_CURVE('',#4542,#2353,#4550,.T.);
#4550 = LINE('',#4551,#4552);
#4551 = CARTESIAN_POINT('',(-63.05,-24.6,-139.8));
#4552 = VECTOR('',#4553,1.);
#4553 = DIRECTION('',(0.,-1.,1.110223024625E-16));
#4554 = ORIENTED_EDGE('',*,*,#2352,.F.);
#4555 = ORIENTED_EDGE('',*,*,#2732,.F.);
#4556 = PLANE('',#4557);
#4557 = AXIS2_PLACEMENT_3D('',#4558,#4559,#4560);
#4558 = CARTESIAN_POINT('',(-63.3,-24.6,-139.8));
#4559 = DIRECTION('',(0.,-1.110223024625E-16,-1.));
#4560 = DIRECTION('',(0.,-1.,1.110223024625E-16));
#4561 = ADVANCED_FACE('',(#4562),#4580,.T.);
#4562 = FACE_BOUND('',#4563,.F.);
#4563 = EDGE_LOOP('',(#4564,#4572,#4573,#4574));
#4564 = ORIENTED_EDGE('',*,*,#4565,.F.);
#4565 = EDGE_CURVE('',#4542,#4566,#4568,.T.);
#4566 = VERTEX_POINT('',#4567);
#4567 = CARTESIAN_POINT('',(-60.8,-24.6,-138.3));
#4568 = LINE('',#4569,#4570);
#4569 = CARTESIAN_POINT('',(-60.45096153846,-24.6,-138.0673076923));
#4570 = VECTOR('',#4571,1.);
#4571 = DIRECTION('',(0.832050294338,6.158409296133E-17,0.554700196225)
  );
#4572 = ORIENTED_EDGE('',*,*,#4549,.T.);
#4573 = ORIENTED_EDGE('',*,*,#2360,.T.);
#4574 = ORIENTED_EDGE('',*,*,#4575,.F.);
#4575 = EDGE_CURVE('',#4566,#2361,#4576,.T.);
#4576 = LINE('',#4577,#4578);
#4577 = CARTESIAN_POINT('',(-60.8,-24.6,-138.3));
#4578 = VECTOR('',#4579,1.);
#4579 = DIRECTION('',(0.,-1.,1.110223024625E-16));
#4580 = PLANE('',#4581);
#4581 = AXIS2_PLACEMENT_3D('',#4582,#4583,#4584);
#4582 = CARTESIAN_POINT('',(-61.925,-24.6,-139.05));
#4583 = DIRECTION('',(0.554700196225,-9.2376139442E-17,-0.832050294338)
  );
#4584 = DIRECTION('',(-0.,1.,-1.110223024625E-16));
#4585 = ADVANCED_FACE('',(#4586),#4604,.T.);
#4586 = FACE_BOUND('',#4587,.T.);
#4587 = EDGE_LOOP('',(#4588,#4596,#4602,#4603));
#4588 = ORIENTED_EDGE('',*,*,#4589,.F.);
#4589 = EDGE_CURVE('',#4590,#4566,#4592,.T.);
#4590 = VERTEX_POINT('',#4591);
#4591 = CARTESIAN_POINT('',(-60.8,-24.6,-136.45));
#4592 = LINE('',#4593,#4594);
#4593 = CARTESIAN_POINT('',(-60.8,-24.6,-130.6));
#4594 = VECTOR('',#4595,1.);
#4595 = DIRECTION('',(0.,-1.110223024625E-16,-1.));
#4596 = ORIENTED_EDGE('',*,*,#4597,.F.);
#4597 = EDGE_CURVE('',#2369,#4590,#4598,.T.);
#4598 = LINE('',#4599,#4600);
#4599 = CARTESIAN_POINT('',(-60.8,-29.,-136.45));
#4600 = VECTOR('',#4601,1.);
#4601 = DIRECTION('',(0.,1.,-1.110223024625E-16));
#4602 = ORIENTED_EDGE('',*,*,#2368,.F.);
#4603 = ORIENTED_EDGE('',*,*,#4575,.F.);
#4604 = PLANE('',#4605);
#4605 = AXIS2_PLACEMENT_3D('',#4606,#4607,#4608);
#4606 = CARTESIAN_POINT('',(-60.8,-26.8,-135.2));
#4607 = DIRECTION('',(1.,0.,0.));
#4608 = DIRECTION('',(0.,-1.,1.110223024625E-16));
#4609 = ADVANCED_FACE('',(#4610),#4628,.F.);
#4610 = FACE_BOUND('',#4611,.F.);
#4611 = EDGE_LOOP('',(#4612,#4620,#4626,#4627));
#4612 = ORIENTED_EDGE('',*,*,#4613,.T.);
#4613 = EDGE_CURVE('',#2377,#4614,#4616,.T.);
#4614 = VERTEX_POINT('',#4615);
#4615 = CARTESIAN_POINT('',(-59.6,-24.6,-136.45));
#4616 = LINE('',#4617,#4618);
#4617 = CARTESIAN_POINT('',(-59.6,-29.,-136.45));
#4618 = VECTOR('',#4619,1.);
#4619 = DIRECTION('',(0.,1.,-1.110223024625E-16));
#4620 = ORIENTED_EDGE('',*,*,#4621,.F.);
#4621 = EDGE_CURVE('',#4590,#4614,#4622,.T.);
#4622 = LINE('',#4623,#4624);
#4623 = CARTESIAN_POINT('',(-60.8,-24.6,-136.45));
#4624 = VECTOR('',#4625,1.);
#4625 = DIRECTION('',(1.,0.,0.));
#4626 = ORIENTED_EDGE('',*,*,#4597,.F.);
#4627 = ORIENTED_EDGE('',*,*,#2376,.T.);
#4628 = PLANE('',#4629);
#4629 = AXIS2_PLACEMENT_3D('',#4630,#4631,#4632);
#4630 = CARTESIAN_POINT('',(-60.8,-29.,-136.45));
#4631 = DIRECTION('',(0.,1.110223024625E-16,1.));
#4632 = DIRECTION('',(0.,1.,-1.110223024625E-16));
#4633 = ADVANCED_FACE('',(#4634),#4668,.T.);
#4634 = FACE_BOUND('',#4635,.T.);
#4635 = EDGE_LOOP('',(#4636,#4637,#4645,#4653,#4661,#4667));
#4636 = ORIENTED_EDGE('',*,*,#4613,.T.);
#4637 = ORIENTED_EDGE('',*,*,#4638,.T.);
#4638 = EDGE_CURVE('',#4614,#4639,#4641,.T.);
#4639 = VERTEX_POINT('',#4640);
#4640 = CARTESIAN_POINT('',(-59.6,-24.1,-135.95));
#4641 = LINE('',#4642,#4643);
#4642 = CARTESIAN_POINT('',(-59.6,-24.4625,-136.3125));
#4643 = VECTOR('',#4644,1.);
#4644 = DIRECTION('',(0.,0.707106781187,0.707106781187));
#4645 = ORIENTED_EDGE('',*,*,#4646,.T.);
#4646 = EDGE_CURVE('',#4639,#4647,#4649,.T.);
#4647 = VERTEX_POINT('',#4648);
#4648 = CARTESIAN_POINT('',(-59.6,-24.1,-132.95));
#4649 = LINE('',#4650,#4651);
#4650 = CARTESIAN_POINT('',(-59.6,-24.1,-136.45));
#4651 = VECTOR('',#4652,1.);
#4652 = DIRECTION('',(0.,1.110223024625E-16,1.));
#4653 = ORIENTED_EDGE('',*,*,#4654,.F.);
#4654 = EDGE_CURVE('',#4655,#4647,#4657,.T.);
#4655 = VERTEX_POINT('',#4656);
#4656 = CARTESIAN_POINT('',(-59.6,-24.6,-132.45));
#4657 = LINE('',#4658,#4659);
#4658 = CARTESIAN_POINT('',(-59.6,-24.4625,-132.5875));
#4659 = VECTOR('',#4660,1.);
#4660 = DIRECTION('',(0.,0.707106781187,-0.707106781187));
#4661 = ORIENTED_EDGE('',*,*,#4662,.T.);
#4662 = EDGE_CURVE('',#4655,#2385,#4663,.T.);
#4663 = LINE('',#4664,#4665);
#4664 = CARTESIAN_POINT('',(-59.6,-24.1,-132.45));
#4665 = VECTOR('',#4666,1.);
#4666 = DIRECTION('',(0.,-1.,1.110223024625E-16));
#4667 = ORIENTED_EDGE('',*,*,#2384,.T.);
#4668 = PLANE('',#4669);
#4669 = AXIS2_PLACEMENT_3D('',#4670,#4671,#4672);
#4670 = CARTESIAN_POINT('',(-59.6,-26.55,-134.45));
#4671 = DIRECTION('',(1.,0.,0.));
#4672 = DIRECTION('',(0.,-1.,1.110223024625E-16));
#4673 = ADVANCED_FACE('',(#4674),#4692,.F.);
#4674 = FACE_BOUND('',#4675,.F.);
#4675 = EDGE_LOOP('',(#4676,#4677,#4678,#4686));
#4676 = ORIENTED_EDGE('',*,*,#4662,.T.);
#4677 = ORIENTED_EDGE('',*,*,#2392,.F.);
#4678 = ORIENTED_EDGE('',*,*,#4679,.F.);
#4679 = EDGE_CURVE('',#4680,#2393,#4682,.T.);
#4680 = VERTEX_POINT('',#4681);
#4681 = CARTESIAN_POINT('',(-60.8,-24.6,-132.45));
#4682 = LINE('',#4683,#4684);
#4683 = CARTESIAN_POINT('',(-60.8,-24.1,-132.45));
#4684 = VECTOR('',#4685,1.);
#4685 = DIRECTION('',(0.,-1.,1.110223024625E-16));
#4686 = ORIENTED_EDGE('',*,*,#4687,.T.);
#4687 = EDGE_CURVE('',#4680,#4655,#4688,.T.);
#4688 = LINE('',#4689,#4690);
#4689 = CARTESIAN_POINT('',(-60.8,-24.6,-132.45));
#4690 = VECTOR('',#4691,1.);
#4691 = DIRECTION('',(1.,0.,0.));
#4692 = PLANE('',#4693);
#4693 = AXIS2_PLACEMENT_3D('',#4694,#4695,#4696);
#4694 = CARTESIAN_POINT('',(-60.8,-24.1,-132.45));
#4695 = DIRECTION('',(0.,-1.110223024625E-16,-1.));
#4696 = DIRECTION('',(0.,-1.,1.110223024625E-16));
#4697 = ADVANCED_FACE('',(#4698),#4716,.T.);
#4698 = FACE_BOUND('',#4699,.T.);
#4699 = EDGE_LOOP('',(#4700,#4708,#4714,#4715));
#4700 = ORIENTED_EDGE('',*,*,#4701,.F.);
#4701 = EDGE_CURVE('',#4702,#4680,#4704,.T.);
#4702 = VERTEX_POINT('',#4703);
#4703 = CARTESIAN_POINT('',(-60.8,-24.6,-130.6));
#4704 = LINE('',#4705,#4706);
#4705 = CARTESIAN_POINT('',(-60.8,-24.6,-130.6));
#4706 = VECTOR('',#4707,1.);
#4707 = DIRECTION('',(0.,-1.110223024625E-16,-1.));
#4708 = ORIENTED_EDGE('',*,*,#4709,.F.);
#4709 = EDGE_CURVE('',#2401,#4702,#4710,.T.);
#4710 = LINE('',#4711,#4712);
#4711 = CARTESIAN_POINT('',(-60.8,-29.,-130.6));
#4712 = VECTOR('',#4713,1.);
#4713 = DIRECTION('',(0.,1.,-1.110223024625E-16));
#4714 = ORIENTED_EDGE('',*,*,#2400,.F.);
#4715 = ORIENTED_EDGE('',*,*,#4679,.F.);
#4716 = PLANE('',#4717);
#4717 = AXIS2_PLACEMENT_3D('',#4718,#4719,#4720);
#4718 = CARTESIAN_POINT('',(-60.8,-26.8,-135.2));
#4719 = DIRECTION('',(1.,0.,0.));
#4720 = DIRECTION('',(0.,-1.,1.110223024625E-16));
#4721 = ADVANCED_FACE('',(#4722),#4733,.T.);
#4722 = FACE_BOUND('',#4723,.T.);
#4723 = EDGE_LOOP('',(#4724,#4725,#4726,#4732));
#4724 = ORIENTED_EDGE('',*,*,#2408,.T.);
#4725 = ORIENTED_EDGE('',*,*,#4709,.T.);
#4726 = ORIENTED_EDGE('',*,*,#4727,.F.);
#4727 = EDGE_CURVE('',#2741,#4702,#4728,.T.);
#4728 = LINE('',#4729,#4730);
#4729 = CARTESIAN_POINT('',(-63.3,-24.6,-130.6));
#4730 = VECTOR('',#4731,1.);
#4731 = DIRECTION('',(1.,0.,0.));
#4732 = ORIENTED_EDGE('',*,*,#2748,.F.);
#4733 = PLANE('',#4734);
#4734 = AXIS2_PLACEMENT_3D('',#4735,#4736,#4737);
#4735 = CARTESIAN_POINT('',(-63.3,-29.,-130.6));
#4736 = DIRECTION('',(0.,1.110223024625E-16,1.));
#4737 = DIRECTION('',(0.,1.,-1.110223024625E-16));
#4738 = ADVANCED_FACE('',(#4739),#4764,.F.);
#4739 = FACE_BOUND('',#4740,.F.);
#4740 = EDGE_LOOP('',(#4741,#4751,#4757,#4758));
#4741 = ORIENTED_EDGE('',*,*,#4742,.T.);
#4742 = EDGE_CURVE('',#4743,#4745,#4747,.T.);
#4743 = VERTEX_POINT('',#4744);
#4744 = CARTESIAN_POINT('',(-60.3,-32.09999999999,-175.8));
#4745 = VERTEX_POINT('',#4746);
#4746 = CARTESIAN_POINT('',(-60.3,-32.09999999999,-174.8));
#4747 = LINE('',#4748,#4749);
#4748 = CARTESIAN_POINT('',(-60.3,-32.09999999999,-178.8));
#4749 = VECTOR('',#4750,1.);
#4750 = DIRECTION('',(0.,-7.915897769754E-14,1.));
#4751 = ORIENTED_EDGE('',*,*,#4752,.T.);
#4752 = EDGE_CURVE('',#4745,#2425,#4753,.T.);
#4753 = LINE('',#4754,#4755);
#4754 = CARTESIAN_POINT('',(-60.3,-32.09999999999,-174.8));
#4755 = VECTOR('',#4756,1.);
#4756 = DIRECTION('',(1.,-0.,0.));
#4757 = ORIENTED_EDGE('',*,*,#2422,.F.);
#4758 = ORIENTED_EDGE('',*,*,#4759,.F.);
#4759 = EDGE_CURVE('',#4743,#2423,#4760,.T.);
#4760 = LINE('',#4761,#4762);
#4761 = CARTESIAN_POINT('',(-60.3,-32.09999999999,-175.8));
#4762 = VECTOR('',#4763,1.);
#4763 = DIRECTION('',(1.,0.,0.));
#4764 = PLANE('',#4765);
#4765 = AXIS2_PLACEMENT_3D('',#4766,#4767,#4768);
#4766 = CARTESIAN_POINT('',(-60.3,-32.09999999999,-178.8));
#4767 = DIRECTION('',(0.,1.,7.915897769754E-14));
#4768 = DIRECTION('',(1.,0.,0.));
#4769 = ADVANCED_FACE('',(#4770),#4781,.T.);
#4770 = FACE_BOUND('',#4771,.T.);
#4771 = EDGE_LOOP('',(#4772,#4778,#4779,#4780));
#4772 = ORIENTED_EDGE('',*,*,#4773,.F.);
#4773 = EDGE_CURVE('',#4518,#4743,#4774,.T.);
#4774 = LINE('',#4775,#4776);
#4775 = CARTESIAN_POINT('',(-59.28981670061,-31.12138492871,
    -176.7786150712));
#4776 = VECTOR('',#4777,1.);
#4777 = DIRECTION('',(-0.589567597887,-0.571143610453,0.571143610453));
#4778 = ORIENTED_EDGE('',*,*,#4525,.T.);
#4779 = ORIENTED_EDGE('',*,*,#2455,.T.);
#4780 = ORIENTED_EDGE('',*,*,#4759,.F.);
#4781 = PLANE('',#4782);
#4782 = AXIS2_PLACEMENT_3D('',#4783,#4784,#4785);
#4783 = CARTESIAN_POINT('',(-60.3,-30.59999999999,-177.3));
#4784 = DIRECTION('',(-3.E-17,-0.707106781186,-0.707106781187));
#4785 = DIRECTION('',(1.,-2.12132034356E-17,-2.12132034356E-17));
#4786 = ADVANCED_FACE('',(#4787),#4816,.T.);
#4787 = FACE_BOUND('',#4788,.T.);
#4788 = EDGE_LOOP('',(#4789,#4797,#4798,#4799,#4800,#4801,#4802,#4810));
#4789 = ORIENTED_EDGE('',*,*,#4790,.F.);
#4790 = EDGE_CURVE('',#4745,#4791,#4793,.T.);
#4791 = VERTEX_POINT('',#4792);
#4792 = CARTESIAN_POINT('',(-57.1,-28.99999999999,-174.8));
#4793 = LINE('',#4794,#4795);
#4794 = CARTESIAN_POINT('',(-60.3,-32.09999999999,-174.8));
#4795 = VECTOR('',#4796,1.);
#4796 = DIRECTION('',(0.718240222789,0.695795215827,5.489057326343E-14)
  );
#4797 = ORIENTED_EDGE('',*,*,#4752,.T.);
#4798 = ORIENTED_EDGE('',*,*,#2432,.T.);
#4799 = ORIENTED_EDGE('',*,*,#2470,.T.);
#4800 = ORIENTED_EDGE('',*,*,#2494,.T.);
#4801 = ORIENTED_EDGE('',*,*,#2709,.T.);
#4802 = ORIENTED_EDGE('',*,*,#4803,.T.);
#4803 = EDGE_CURVE('',#2710,#4804,#4806,.T.);
#4804 = VERTEX_POINT('',#4805);
#4805 = CARTESIAN_POINT('',(-60.3,-25.89999999999,-174.8));
#4806 = LINE('',#4807,#4808);
#4807 = CARTESIAN_POINT('',(-63.3,-25.89999999999,-174.8));
#4808 = VECTOR('',#4809,1.);
#4809 = DIRECTION('',(1.,-0.,0.));
#4810 = ORIENTED_EDGE('',*,*,#4811,.F.);
#4811 = EDGE_CURVE('',#4791,#4804,#4812,.T.);
#4812 = LINE('',#4813,#4814);
#4813 = CARTESIAN_POINT('',(-57.1,-28.99999999999,-174.8));
#4814 = VECTOR('',#4815,1.);
#4815 = DIRECTION('',(-0.718240222789,0.695795215827,5.489057326343E-14)
  );
#4816 = PLANE('',#4817);
#4817 = AXIS2_PLACEMENT_3D('',#4818,#4819,#4820);
#4818 = CARTESIAN_POINT('',(2.77E-15,-27.80644103884,-174.8));
#4819 = DIRECTION('',(0.,-8.156897769754E-14,1.));
#4820 = DIRECTION('',(0.,-1.,-8.156897769754E-14));
#4821 = ADVANCED_FACE('',(#4822),#4836,.T.);
#4822 = FACE_BOUND('',#4823,.T.);
#4823 = EDGE_LOOP('',(#4824,#4825,#4826,#4827,#4828,#4834,#4835));
#4824 = ORIENTED_EDGE('',*,*,#4541,.F.);
#4825 = ORIENTED_EDGE('',*,*,#2740,.F.);
#4826 = ORIENTED_EDGE('',*,*,#4727,.T.);
#4827 = ORIENTED_EDGE('',*,*,#4701,.T.);
#4828 = ORIENTED_EDGE('',*,*,#4829,.T.);
#4829 = EDGE_CURVE('',#4680,#4590,#4830,.T.);
#4830 = LINE('',#4831,#4832);
#4831 = CARTESIAN_POINT('',(-60.8,-24.6,-130.6));
#4832 = VECTOR('',#4833,1.);
#4833 = DIRECTION('',(0.,-1.110223024625E-16,-1.));
#4834 = ORIENTED_EDGE('',*,*,#4589,.T.);
#4835 = ORIENTED_EDGE('',*,*,#4565,.F.);
#4836 = PLANE('',#4837);
#4837 = AXIS2_PLACEMENT_3D('',#4838,#4839,#4840);
#4838 = CARTESIAN_POINT('',(-63.3,-24.6,-130.6));
#4839 = DIRECTION('',(-0.,1.,-1.110223024625E-16));
#4840 = DIRECTION('',(0.,-1.110223024625E-16,-1.));
#4841 = ADVANCED_FACE('',(#4842),#4853,.F.);
#4842 = FACE_BOUND('',#4843,.F.);
#4843 = EDGE_LOOP('',(#4844,#4845,#4846,#4852));
#4844 = ORIENTED_EDGE('',*,*,#2717,.T.);
#4845 = ORIENTED_EDGE('',*,*,#4803,.T.);
#4846 = ORIENTED_EDGE('',*,*,#4847,.F.);
#4847 = EDGE_CURVE('',#4495,#4804,#4848,.T.);
#4848 = LINE('',#4849,#4850);
#4849 = CARTESIAN_POINT('',(-60.3,-25.89999999999,-178.8));
#4850 = VECTOR('',#4851,1.);
#4851 = DIRECTION('',(0.,-7.915897769754E-14,1.));
#4852 = ORIENTED_EDGE('',*,*,#4502,.F.);
#4853 = PLANE('',#4854);
#4854 = AXIS2_PLACEMENT_3D('',#4855,#4856,#4857);
#4855 = CARTESIAN_POINT('',(-63.3,-25.89999999999,-178.8));
#4856 = DIRECTION('',(0.,1.,7.915897769754E-14));
#4857 = DIRECTION('',(1.,0.,0.));
#4858 = ADVANCED_FACE('',(#4859),#4875,.T.);
#4859 = FACE_BOUND('',#4860,.T.);
#4860 = EDGE_LOOP('',(#4861,#4867,#4868,#4874));
#4861 = ORIENTED_EDGE('',*,*,#4862,.F.);
#4862 = EDGE_CURVE('',#3973,#639,#4863,.T.);
#4863 = LINE('',#4864,#4865);
#4864 = CARTESIAN_POINT('',(0.,-22.76607033133,-178.8));
#4865 = VECTOR('',#4866,1.);
#4866 = DIRECTION('',(1.,0.,0.));
#4867 = ORIENTED_EDGE('',*,*,#3972,.T.);
#4868 = ORIENTED_EDGE('',*,*,#4869,.T.);
#4869 = EDGE_CURVE('',#3975,#2694,#4870,.T.);
#4870 = LINE('',#4871,#4872);
#4871 = CARTESIAN_POINT('',(-64.5,-22.76607033133,-167.));
#4872 = VECTOR('',#4873,1.);
#4873 = DIRECTION('',(1.,0.,0.));
#4874 = ORIENTED_EDGE('',*,*,#2701,.T.);
#4875 = PLANE('',#4876);
#4876 = AXIS2_PLACEMENT_3D('',#4877,#4878,#4879);
#4877 = CARTESIAN_POINT('',(-64.5,-22.76607033133,-180.));
#4878 = DIRECTION('',(0.,1.,-3.310223024625E-16));
#4879 = DIRECTION('',(1.,0.,0.));
#4880 = ADVANCED_FACE('',(#4881),#4892,.F.);
#4881 = FACE_BOUND('',#4882,.F.);
#4882 = EDGE_LOOP('',(#4883,#4884,#4885,#4891));
#4883 = ORIENTED_EDGE('',*,*,#4869,.T.);
#4884 = ORIENTED_EDGE('',*,*,#2693,.T.);
#4885 = ORIENTED_EDGE('',*,*,#4886,.T.);
#4886 = EDGE_CURVE('',#2686,#3991,#4887,.T.);
#4887 = LINE('',#4888,#4889);
#4888 = CARTESIAN_POINT('',(-38.5,-21.76607033133,-167.));
#4889 = VECTOR('',#4890,1.);
#4890 = DIRECTION('',(-1.,-0.,0.));
#4891 = ORIENTED_EDGE('',*,*,#3998,.T.);
#4892 = PLANE('',#4893);
#4893 = AXIS2_PLACEMENT_3D('',#4894,#4895,#4896);
#4894 = CARTESIAN_POINT('',(7.E-16,-12.5,-167.));
#4895 = DIRECTION('',(0.,1.110223024625E-16,1.));
#4896 = DIRECTION('',(0.,-1.,1.110223024625E-16));
#4897 = ADVANCED_FACE('',(#4898),#4909,.T.);
#4898 = FACE_BOUND('',#4899,.T.);
#4899 = EDGE_LOOP('',(#4900,#4906,#4907,#4908));
#4900 = ORIENTED_EDGE('',*,*,#4901,.F.);
#4901 = EDGE_CURVE('',#615,#3983,#4902,.T.);
#4902 = LINE('',#4903,#4904);
#4903 = CARTESIAN_POINT('',(-51.5,-21.76607033133,-178.8));
#4904 = VECTOR('',#4905,1.);
#4905 = DIRECTION('',(-1.,0.,0.));
#4906 = ORIENTED_EDGE('',*,*,#2685,.T.);
#4907 = ORIENTED_EDGE('',*,*,#4886,.T.);
#4908 = ORIENTED_EDGE('',*,*,#3990,.F.);
#4909 = PLANE('',#4910);
#4910 = AXIS2_PLACEMENT_3D('',#4911,#4912,#4913);
#4911 = CARTESIAN_POINT('',(-38.5,-21.76607033133,-180.));
#4912 = DIRECTION('',(0.,-1.,3.310223024625E-16));
#4913 = DIRECTION('',(-1.,0.,0.));
#4914 = ADVANCED_FACE('',(#4915),#4931,.T.);
#4915 = FACE_BOUND('',#4916,.T.);
#4916 = EDGE_LOOP('',(#4917,#4923,#4924,#4930));
#4917 = ORIENTED_EDGE('',*,*,#4918,.F.);
#4918 = EDGE_CURVE('',#4007,#607,#4919,.T.);
#4919 = LINE('',#4920,#4921);
#4920 = CARTESIAN_POINT('',(-64.5,-13.,-178.8));
#4921 = VECTOR('',#4922,1.);
#4922 = DIRECTION('',(1.,0.,0.));
#4923 = ORIENTED_EDGE('',*,*,#4006,.T.);
#4924 = ORIENTED_EDGE('',*,*,#4925,.T.);
#4925 = EDGE_CURVE('',#4009,#2671,#4926,.T.);
#4926 = LINE('',#4927,#4928);
#4927 = CARTESIAN_POINT('',(-64.5,-13.,-167.));
#4928 = VECTOR('',#4929,1.);
#4929 = DIRECTION('',(1.,0.,0.));
#4930 = ORIENTED_EDGE('',*,*,#2678,.T.);
#4931 = PLANE('',#4932);
#4932 = AXIS2_PLACEMENT_3D('',#4933,#4934,#4935);
#4933 = CARTESIAN_POINT('',(-64.5,-13.,-180.));
#4934 = DIRECTION('',(0.,1.,-3.310223024625E-16));
#4935 = DIRECTION('',(1.,0.,0.));
#4936 = ADVANCED_FACE('',(#4937),#4948,.F.);
#4937 = FACE_BOUND('',#4938,.F.);
#4938 = EDGE_LOOP('',(#4939,#4940,#4941,#4947));
#4939 = ORIENTED_EDGE('',*,*,#4925,.T.);
#4940 = ORIENTED_EDGE('',*,*,#2670,.T.);
#4941 = ORIENTED_EDGE('',*,*,#4942,.T.);
#4942 = EDGE_CURVE('',#2663,#4025,#4943,.T.);
#4943 = LINE('',#4944,#4945);
#4944 = CARTESIAN_POINT('',(-38.5,-12.,-167.));
#4945 = VECTOR('',#4946,1.);
#4946 = DIRECTION('',(-1.,-0.,0.));
#4947 = ORIENTED_EDGE('',*,*,#4032,.T.);
#4948 = PLANE('',#4949);
#4949 = AXIS2_PLACEMENT_3D('',#4950,#4951,#4952);
#4950 = CARTESIAN_POINT('',(7.E-16,-12.5,-167.));
#4951 = DIRECTION('',(0.,1.110223024625E-16,1.));
#4952 = DIRECTION('',(0.,-1.,1.110223024625E-16));
#4953 = ADVANCED_FACE('',(#4954),#4965,.T.);
#4954 = FACE_BOUND('',#4955,.T.);
#4955 = EDGE_LOOP('',(#4956,#4962,#4963,#4964));
#4956 = ORIENTED_EDGE('',*,*,#4957,.F.);
#4957 = EDGE_CURVE('',#583,#4017,#4958,.T.);
#4958 = LINE('',#4959,#4960);
#4959 = CARTESIAN_POINT('',(-51.5,-12.,-178.8));
#4960 = VECTOR('',#4961,1.);
#4961 = DIRECTION('',(-1.,0.,0.));
#4962 = ORIENTED_EDGE('',*,*,#2662,.T.);
#4963 = ORIENTED_EDGE('',*,*,#4942,.T.);
#4964 = ORIENTED_EDGE('',*,*,#4024,.F.);
#4965 = PLANE('',#4966);
#4966 = AXIS2_PLACEMENT_3D('',#4967,#4968,#4969);
#4967 = CARTESIAN_POINT('',(-38.5,-12.,-180.));
#4968 = DIRECTION('',(0.,-1.,3.310223024625E-16));
#4969 = DIRECTION('',(-1.,0.,0.));
#4970 = ADVANCED_FACE('',(#4971),#4987,.T.);
#4971 = FACE_BOUND('',#4972,.T.);
#4972 = EDGE_LOOP('',(#4973,#4979,#4980,#4986));
#4973 = ORIENTED_EDGE('',*,*,#4974,.F.);
#4974 = EDGE_CURVE('',#4041,#575,#4975,.T.);
#4975 = LINE('',#4976,#4977);
#4976 = CARTESIAN_POINT('',(-64.5,-3.233929668666,-178.8));
#4977 = VECTOR('',#4978,1.);
#4978 = DIRECTION('',(1.,0.,0.));
#4979 = ORIENTED_EDGE('',*,*,#4040,.T.);
#4980 = ORIENTED_EDGE('',*,*,#4981,.T.);
#4981 = EDGE_CURVE('',#4043,#2648,#4982,.T.);
#4982 = LINE('',#4983,#4984);
#4983 = CARTESIAN_POINT('',(-64.5,-3.233929668666,-167.));
#4984 = VECTOR('',#4985,1.);
#4985 = DIRECTION('',(1.,0.,0.));
#4986 = ORIENTED_EDGE('',*,*,#2655,.T.);
#4987 = PLANE('',#4988);
#4988 = AXIS2_PLACEMENT_3D('',#4989,#4990,#4991);
#4989 = CARTESIAN_POINT('',(-64.5,-3.233929668666,-180.));
#4990 = DIRECTION('',(0.,1.,-3.310223024625E-16));
#4991 = DIRECTION('',(1.,0.,0.));
#4992 = ADVANCED_FACE('',(#4993),#5004,.F.);
#4993 = FACE_BOUND('',#4994,.F.);
#4994 = EDGE_LOOP('',(#4995,#4996,#4997,#5003));
#4995 = ORIENTED_EDGE('',*,*,#4981,.T.);
#4996 = ORIENTED_EDGE('',*,*,#2647,.T.);
#4997 = ORIENTED_EDGE('',*,*,#4998,.T.);
#4998 = EDGE_CURVE('',#2640,#4059,#4999,.T.);
#4999 = LINE('',#5000,#5001);
#5000 = CARTESIAN_POINT('',(-38.5,-2.233929668666,-167.));
#5001 = VECTOR('',#5002,1.);
#5002 = DIRECTION('',(-1.,-0.,0.));
#5003 = ORIENTED_EDGE('',*,*,#4066,.T.);
#5004 = PLANE('',#5005);
#5005 = AXIS2_PLACEMENT_3D('',#5006,#5007,#5008);
#5006 = CARTESIAN_POINT('',(7.E-16,-12.5,-167.));
#5007 = DIRECTION('',(0.,1.110223024625E-16,1.));
#5008 = DIRECTION('',(0.,-1.,1.110223024625E-16));
#5009 = ADVANCED_FACE('',(#5010),#5021,.T.);
#5010 = FACE_BOUND('',#5011,.T.);
#5011 = EDGE_LOOP('',(#5012,#5018,#5019,#5020));
#5012 = ORIENTED_EDGE('',*,*,#5013,.T.);
#5013 = EDGE_CURVE('',#4051,#551,#5014,.T.);
#5014 = LINE('',#5015,#5016);
#5015 = CARTESIAN_POINT('',(-64.5,-2.233929668666,-178.8));
#5016 = VECTOR('',#5017,1.);
#5017 = DIRECTION('',(1.,0.,0.));
#5018 = ORIENTED_EDGE('',*,*,#2639,.T.);
#5019 = ORIENTED_EDGE('',*,*,#4998,.T.);
#5020 = ORIENTED_EDGE('',*,*,#4058,.F.);
#5021 = PLANE('',#5022);
#5022 = AXIS2_PLACEMENT_3D('',#5023,#5024,#5025);
#5023 = CARTESIAN_POINT('',(-38.5,-2.233929668666,-180.));
#5024 = DIRECTION('',(0.,-1.,3.310223024625E-16));
#5025 = DIRECTION('',(-1.,0.,0.));
#5026 = ADVANCED_FACE('',(#5027),#5045,.T.);
#5027 = FACE_BOUND('',#5028,.T.);
#5028 = EDGE_LOOP('',(#5029,#5030,#5036,#5037,#5038,#5044));
#5029 = ORIENTED_EDGE('',*,*,#2987,.F.);
#5030 = ORIENTED_EDGE('',*,*,#5031,.T.);
#5031 = EDGE_CURVE('',#2951,#4090,#5032,.T.);
#5032 = LINE('',#5033,#5034);
#5033 = CARTESIAN_POINT('',(65.,9.07055236082,-149.4568609112));
#5034 = VECTOR('',#5035,1.);
#5035 = DIRECTION('',(-1.,0.,-0.));
#5036 = ORIENTED_EDGE('',*,*,#4098,.T.);
#5037 = ORIENTED_EDGE('',*,*,#3837,.F.);
#5038 = ORIENTED_EDGE('',*,*,#5039,.F.);
#5039 = EDGE_CURVE('',#2616,#3829,#5040,.T.);
#5040 = LINE('',#5041,#5042);
#5041 = CARTESIAN_POINT('',(65.,5.789843290181,-148.5777975652));
#5042 = VECTOR('',#5043,1.);
#5043 = DIRECTION('',(-1.,0.,-0.));
#5044 = ORIENTED_EDGE('',*,*,#2624,.T.);
#5045 = PLANE('',#5046);
#5046 = AXIS2_PLACEMENT_3D('',#5047,#5048,#5049);
#5047 = CARTESIAN_POINT('',(65.,9.07055236082,-149.4568609112));
#5048 = DIRECTION('',(0.,0.258819045103,0.965925826289));
#5049 = DIRECTION('',(0.,-0.965925826289,0.258819045103));
#5050 = ADVANCED_FACE('',(#5051),#5057,.F.);
#5051 = FACE_BOUND('',#5052,.F.);
#5052 = EDGE_LOOP('',(#5053,#5054,#5055,#5056));
#5053 = ORIENTED_EDGE('',*,*,#2615,.F.);
#5054 = ORIENTED_EDGE('',*,*,#4444,.F.);
#5055 = ORIENTED_EDGE('',*,*,#3826,.T.);
#5056 = ORIENTED_EDGE('',*,*,#5039,.F.);
#5057 = CYLINDRICAL_SURFACE('',#5058,44.545603449538);
#5058 = AXIS2_PLACEMENT_3D('',#5059,#5060,#5061);
#5059 = CARTESIAN_POINT('',(65.,17.319093838506,-105.5500487456));
#5060 = DIRECTION('',(1.,0.,0.));
#5061 = DIRECTION('',(0.,1.110223024625E-16,1.));
#5062 = ADVANCED_FACE('',(#5063),#5075,.T.);
#5063 = FACE_BOUND('',#5064,.T.);
#5064 = EDGE_LOOP('',(#5065,#5072,#5073,#5074));
#5065 = ORIENTED_EDGE('',*,*,#5066,.T.);
#5066 = EDGE_CURVE('',#2942,#4082,#5067,.T.);
#5067 = ELLIPSE('',#5068,9.614803401237,8.);
#5068 = AXIS2_PLACEMENT_3D('',#5069,#5070,#5071);
#5069 = CARTESIAN_POINT('',(-56.5,7.,-157.1842675215));
#5070 = DIRECTION('',(-0.832050294338,-6.158409296133E-17,
    -0.554700196225));
#5071 = DIRECTION('',(0.554700196225,-9.2376139442E-17,-0.832050294338)
  );
#5072 = ORIENTED_EDGE('',*,*,#4089,.F.);
#5073 = ORIENTED_EDGE('',*,*,#5031,.F.);
#5074 = ORIENTED_EDGE('',*,*,#2950,.F.);
#5075 = CYLINDRICAL_SURFACE('',#5076,8.);
#5076 = AXIS2_PLACEMENT_3D('',#5077,#5078,#5079);
#5077 = CARTESIAN_POINT('',(65.,7.,-157.1842675215));
#5078 = DIRECTION('',(1.,0.,0.));
#5079 = DIRECTION('',(0.,1.110223024625E-16,1.));
#5080 = ADVANCED_FACE('',(#5081),#5091,.F.);
#5081 = FACE_BOUND('',#5082,.F.);
#5082 = EDGE_LOOP('',(#5083,#5084,#5090));
#5083 = ORIENTED_EDGE('',*,*,#5066,.T.);
#5084 = ORIENTED_EDGE('',*,*,#5085,.T.);
#5085 = EDGE_CURVE('',#4082,#2934,#5086,.T.);
#5086 = LINE('',#5087,#5088);
#5087 = CARTESIAN_POINT('',(-56.5,15.,-157.1842675215));
#5088 = VECTOR('',#5089,1.);
#5089 = DIRECTION('',(0.,-1.,1.110223024625E-16));
#5090 = ORIENTED_EDGE('',*,*,#2941,.F.);
#5091 = PLANE('',#5092);
#5092 = AXIS2_PLACEMENT_3D('',#5093,#5094,#5095);
#5093 = CARTESIAN_POINT('',(-56.5,15.,-157.1842675215));
#5094 = DIRECTION('',(-0.832050294338,-6.158409296133E-17,
    -0.554700196225));
#5095 = DIRECTION('',(-0.554700196225,9.2376139442E-17,0.832050294338));
#5096 = ADVANCED_FACE('',(#5097),#5108,.F.);
#5097 = FACE_BOUND('',#5098,.F.);
#5098 = EDGE_LOOP('',(#5099,#5100,#5106,#5107));
#5099 = ORIENTED_EDGE('',*,*,#4116,.F.);
#5100 = ORIENTED_EDGE('',*,*,#5101,.T.);
#5101 = EDGE_CURVE('',#4117,#3005,#5102,.T.);
#5102 = LINE('',#5103,#5104);
#5103 = CARTESIAN_POINT('',(56.5,15.,-157.1842675215));
#5104 = VECTOR('',#5105,1.);
#5105 = DIRECTION('',(0.,-1.,1.110223024625E-16));
#5106 = ORIENTED_EDGE('',*,*,#3004,.T.);
#5107 = ORIENTED_EDGE('',*,*,#5085,.F.);
#5108 = PLANE('',#5109);
#5109 = AXIS2_PLACEMENT_3D('',#5110,#5111,#5112);
#5110 = CARTESIAN_POINT('',(56.5,15.,-157.1842675215));
#5111 = DIRECTION('',(0.,-1.110223024625E-16,-1.));
#5112 = DIRECTION('',(-1.,0.,0.));
#5113 = ADVANCED_FACE('',(#5114),#5126,.T.);
#5114 = FACE_BOUND('',#5115,.T.);
#5115 = EDGE_LOOP('',(#5116,#5117,#5124,#5125));
#5116 = ORIENTED_EDGE('',*,*,#4140,.F.);
#5117 = ORIENTED_EDGE('',*,*,#5118,.T.);
#5118 = EDGE_CURVE('',#4117,#3029,#5119,.T.);
#5119 = ELLIPSE('',#5120,9.614803401237,8.);
#5120 = AXIS2_PLACEMENT_3D('',#5121,#5122,#5123);
#5121 = CARTESIAN_POINT('',(56.5,7.,-157.1842675215));
#5122 = DIRECTION('',(0.832050294338,-6.158409296133E-17,-0.554700196225
    ));
#5123 = DIRECTION('',(0.554700196225,9.2376139442E-17,0.832050294338));
#5124 = ORIENTED_EDGE('',*,*,#3037,.T.);
#5125 = ORIENTED_EDGE('',*,*,#3655,.F.);
#5126 = CYLINDRICAL_SURFACE('',#5127,8.);
#5127 = AXIS2_PLACEMENT_3D('',#5128,#5129,#5130);
#5128 = CARTESIAN_POINT('',(65.,7.,-157.1842675215));
#5129 = DIRECTION('',(1.,0.,0.));
#5130 = DIRECTION('',(0.,1.110223024625E-16,1.));
#5131 = ADVANCED_FACE('',(#5132),#5137,.F.);
#5132 = FACE_BOUND('',#5133,.F.);
#5133 = EDGE_LOOP('',(#5134,#5135,#5136));
#5134 = ORIENTED_EDGE('',*,*,#5101,.F.);
#5135 = ORIENTED_EDGE('',*,*,#5118,.T.);
#5136 = ORIENTED_EDGE('',*,*,#3028,.F.);
#5137 = PLANE('',#5138);
#5138 = AXIS2_PLACEMENT_3D('',#5139,#5140,#5141);
#5139 = CARTESIAN_POINT('',(60.5,15.,-151.1842675215));
#5140 = DIRECTION('',(0.832050294338,-6.158409296133E-17,-0.554700196225
    ));
#5141 = DIRECTION('',(-0.554700196225,-9.2376139442E-17,-0.832050294338)
  );
#5142 = ADVANCED_FACE('',(#5143),#5149,.T.);
#5143 = FACE_BOUND('',#5144,.T.);
#5144 = EDGE_LOOP('',(#5145,#5146,#5147,#5148));
#5145 = ORIENTED_EDGE('',*,*,#3738,.F.);
#5146 = ORIENTED_EDGE('',*,*,#3690,.F.);
#5147 = ORIENTED_EDGE('',*,*,#3462,.T.);
#5148 = ORIENTED_EDGE('',*,*,#3714,.T.);
#5149 = PLANE('',#5150);
#5150 = AXIS2_PLACEMENT_3D('',#5151,#5152,#5153);
#5151 = CARTESIAN_POINT('',(60.8,-26.55,-134.45));
#5152 = DIRECTION('',(1.,0.,0.));
#5153 = DIRECTION('',(0.,-1.,1.110223024625E-16));
#5154 = ADVANCED_FACE('',(#5155),#5161,.T.);
#5155 = FACE_BOUND('',#5156,.T.);
#5156 = EDGE_LOOP('',(#5157,#5158,#5159,#5160));
#5157 = ORIENTED_EDGE('',*,*,#4901,.T.);
#5158 = ORIENTED_EDGE('',*,*,#3982,.T.);
#5159 = ORIENTED_EDGE('',*,*,#4862,.T.);
#5160 = ORIENTED_EDGE('',*,*,#4158,.F.);
#5161 = PLANE('',#5162);
#5162 = AXIS2_PLACEMENT_3D('',#5163,#5164,#5165);
#5163 = CARTESIAN_POINT('',(-64.5,-2.233929668666,-178.8));
#5164 = DIRECTION('',(0.,1.110223024625E-16,1.));
#5165 = DIRECTION('',(1.,0.,0.));
#5166 = ADVANCED_FACE('',(#5167),#5173,.T.);
#5167 = FACE_BOUND('',#5168,.T.);
#5168 = EDGE_LOOP('',(#5169,#5170,#5171,#5172));
#5169 = ORIENTED_EDGE('',*,*,#4957,.T.);
#5170 = ORIENTED_EDGE('',*,*,#4016,.T.);
#5171 = ORIENTED_EDGE('',*,*,#4918,.T.);
#5172 = ORIENTED_EDGE('',*,*,#4175,.F.);
#5173 = PLANE('',#5174);
#5174 = AXIS2_PLACEMENT_3D('',#5175,#5176,#5177);
#5175 = CARTESIAN_POINT('',(-64.5,-2.233929668666,-178.8));
#5176 = DIRECTION('',(0.,1.110223024625E-16,1.));
#5177 = DIRECTION('',(1.,0.,0.));
#5178 = ADVANCED_FACE('',(#5179),#5185,.T.);
#5179 = FACE_BOUND('',#5180,.T.);
#5180 = EDGE_LOOP('',(#5181,#5182,#5183,#5184));
#5181 = ORIENTED_EDGE('',*,*,#5013,.F.);
#5182 = ORIENTED_EDGE('',*,*,#4050,.T.);
#5183 = ORIENTED_EDGE('',*,*,#4974,.T.);
#5184 = ORIENTED_EDGE('',*,*,#4192,.F.);
#5185 = PLANE('',#5186);
#5186 = AXIS2_PLACEMENT_3D('',#5187,#5188,#5189);
#5187 = CARTESIAN_POINT('',(-64.5,-2.233929668666,-178.8));
#5188 = DIRECTION('',(0.,1.110223024625E-16,1.));
#5189 = DIRECTION('',(1.,0.,0.));
#5190 = ADVANCED_FACE('',(#5191),#5209,.T.);
#5191 = FACE_BOUND('',#5192,.F.);
#5192 = EDGE_LOOP('',(#5193,#5194,#5202,#5208));
#5193 = ORIENTED_EDGE('',*,*,#4304,.F.);
#5194 = ORIENTED_EDGE('',*,*,#5195,.T.);
#5195 = EDGE_CURVE('',#4305,#5196,#5198,.T.);
#5196 = VERTEX_POINT('',#5197);
#5197 = CARTESIAN_POINT('',(1.475,-38.09999999999,-175.9));
#5198 = LINE('',#5199,#5200);
#5199 = CARTESIAN_POINT('',(1.475,-38.09999999999,-175.05));
#5200 = VECTOR('',#5201,1.);
#5201 = DIRECTION('',(-0.,7.787897769754E-14,-1.));
#5202 = ORIENTED_EDGE('',*,*,#5203,.T.);
#5203 = EDGE_CURVE('',#5196,#4353,#5204,.T.);
#5204 = LINE('',#5205,#5206);
#5205 = CARTESIAN_POINT('',(1.533333333333,-38.15833333332,
    -175.9583333333));
#5206 = VECTOR('',#5207,1.);
#5207 = DIRECTION('',(0.57735026919,-0.57735026919,-0.57735026919));
#5208 = ORIENTED_EDGE('',*,*,#4360,.F.);
#5209 = PLANE('',#5210);
#5210 = AXIS2_PLACEMENT_3D('',#5211,#5212,#5213);
#5211 = CARTESIAN_POINT('',(1.675,-38.29999999999,-175.05));
#5212 = DIRECTION('',(0.707106781187,0.707106781187,5.469149537707E-14)
  );
#5213 = DIRECTION('',(2.667615944129E-16,-7.761221610312E-14,1.));
#5214 = ADVANCED_FACE('',(#5215),#5233,.T.);
#5215 = FACE_BOUND('',#5216,.T.);
#5216 = EDGE_LOOP('',(#5217,#5218,#5219,#5227));
#5217 = ORIENTED_EDGE('',*,*,#4312,.F.);
#5218 = ORIENTED_EDGE('',*,*,#5195,.T.);
#5219 = ORIENTED_EDGE('',*,*,#5220,.T.);
#5220 = EDGE_CURVE('',#5196,#5221,#5223,.T.);
#5221 = VERTEX_POINT('',#5222);
#5222 = CARTESIAN_POINT('',(-1.475,-38.09999999999,-175.9));
#5223 = LINE('',#5224,#5225);
#5224 = CARTESIAN_POINT('',(1.875,-38.09999999999,-175.9));
#5225 = VECTOR('',#5226,1.);
#5226 = DIRECTION('',(-1.,0.,0.));
#5227 = ORIENTED_EDGE('',*,*,#5228,.F.);
#5228 = EDGE_CURVE('',#4313,#5221,#5229,.T.);
#5229 = LINE('',#5230,#5231);
#5230 = CARTESIAN_POINT('',(-1.475,-38.09999999999,-175.05));
#5231 = VECTOR('',#5232,1.);
#5232 = DIRECTION('',(-0.,7.787897769754E-14,-1.));
#5233 = PLANE('',#5234);
#5234 = AXIS2_PLACEMENT_3D('',#5235,#5236,#5237);
#5235 = CARTESIAN_POINT('',(1.875,-38.09999999999,-175.05));
#5236 = DIRECTION('',(0.,1.,7.787897769754E-14));
#5237 = DIRECTION('',(-1.,0.,0.));
#5238 = ADVANCED_FACE('',(#5239),#5250,.T.);
#5239 = FACE_BOUND('',#5240,.T.);
#5240 = EDGE_LOOP('',(#5241,#5242,#5243,#5249));
#5241 = ORIENTED_EDGE('',*,*,#4320,.F.);
#5242 = ORIENTED_EDGE('',*,*,#5228,.T.);
#5243 = ORIENTED_EDGE('',*,*,#5244,.F.);
#5244 = EDGE_CURVE('',#4403,#5221,#5245,.T.);
#5245 = LINE('',#5246,#5247);
#5246 = CARTESIAN_POINT('',(-0.908333333333,-37.53333333332,
    -175.3333333333));
#5247 = VECTOR('',#5248,1.);
#5248 = DIRECTION('',(0.57735026919,0.57735026919,0.57735026919));
#5249 = ORIENTED_EDGE('',*,*,#4426,.F.);
#5250 = PLANE('',#5251);
#5251 = AXIS2_PLACEMENT_3D('',#5252,#5253,#5254);
#5252 = CARTESIAN_POINT('',(-1.675,-38.29999999999,-175.05));
#5253 = DIRECTION('',(-0.707106781187,0.707106781187,5.519149537707E-14)
  );
#5254 = DIRECTION('',(-8.179179618043E-17,7.797076949372E-14,-1.));
#5255 = ADVANCED_FACE('',(#5256),#5262,.F.);
#5256 = FACE_BOUND('',#5257,.T.);
#5257 = EDGE_LOOP('',(#5258,#5259,#5260,#5261));
#5258 = ORIENTED_EDGE('',*,*,#5203,.T.);
#5259 = ORIENTED_EDGE('',*,*,#4402,.T.);
#5260 = ORIENTED_EDGE('',*,*,#5244,.T.);
#5261 = ORIENTED_EDGE('',*,*,#5220,.F.);
#5262 = PLANE('',#5263);
#5263 = AXIS2_PLACEMENT_3D('',#5264,#5265,#5266);
#5264 = CARTESIAN_POINT('',(1.875,-38.29999999999,-176.1));
#5265 = DIRECTION('',(0.,-0.707106781187,0.707106781186));
#5266 = DIRECTION('',(1.,0.,0.));
#5267 = ADVANCED_FACE('',(#5268),#5279,.T.);
#5268 = FACE_BOUND('',#5269,.T.);
#5269 = EDGE_LOOP('',(#5270,#5276,#5277,#5278));
#5270 = ORIENTED_EDGE('',*,*,#5271,.T.);
#5271 = EDGE_CURVE('',#2329,#4791,#5272,.T.);
#5272 = LINE('',#5273,#5274);
#5273 = CARTESIAN_POINT('',(-57.1,-28.99999999999,-178.8));
#5274 = VECTOR('',#5275,1.);
#5275 = DIRECTION('',(0.,-7.915897769754E-14,1.));
#5276 = ORIENTED_EDGE('',*,*,#4811,.T.);
#5277 = ORIENTED_EDGE('',*,*,#4847,.F.);
#5278 = ORIENTED_EDGE('',*,*,#4494,.F.);
#5279 = PLANE('',#5280);
#5280 = AXIS2_PLACEMENT_3D('',#5281,#5282,#5283);
#5281 = CARTESIAN_POINT('',(-57.1,-28.99999999999,-178.8));
#5282 = DIRECTION('',(-0.695795215827,-0.718240222789,
    -5.685025931674E-14));
#5283 = DIRECTION('',(-0.718240222789,0.695795215827,5.50827512131E-14)
  );
#5284 = ADVANCED_FACE('',(#5285),#5292,.T.);
#5285 = FACE_BOUND('',#5286,.T.);
#5286 = EDGE_LOOP('',(#5287,#5288,#5289,#5290,#5291));
#5287 = ORIENTED_EDGE('',*,*,#4742,.T.);
#5288 = ORIENTED_EDGE('',*,*,#4790,.T.);
#5289 = ORIENTED_EDGE('',*,*,#5271,.F.);
#5290 = ORIENTED_EDGE('',*,*,#4517,.F.);
#5291 = ORIENTED_EDGE('',*,*,#4773,.T.);
#5292 = PLANE('',#5293);
#5293 = AXIS2_PLACEMENT_3D('',#5294,#5295,#5296);
#5294 = CARTESIAN_POINT('',(-60.3,-32.09999999999,-178.8));
#5295 = DIRECTION('',(-0.695795215827,0.718240222789,5.685025931674E-14)
  );
#5296 = DIRECTION('',(0.718240222789,0.695795215827,5.50827512131E-14));
#5297 = ADVANCED_FACE('',(#5298),#5316,.T.);
#5298 = FACE_BOUND('',#5299,.F.);
#5299 = EDGE_LOOP('',(#5300,#5308,#5309,#5310));
#5300 = ORIENTED_EDGE('',*,*,#5301,.F.);
#5301 = EDGE_CURVE('',#4590,#5302,#5304,.T.);
#5302 = VERTEX_POINT('',#5303);
#5303 = CARTESIAN_POINT('',(-60.8,-24.1,-135.95));
#5304 = LINE('',#5305,#5306);
#5305 = CARTESIAN_POINT('',(-60.8,-24.4625,-136.3125));
#5306 = VECTOR('',#5307,1.);
#5307 = DIRECTION('',(0.,0.707106781187,0.707106781187));
#5308 = ORIENTED_EDGE('',*,*,#4621,.T.);
#5309 = ORIENTED_EDGE('',*,*,#4638,.T.);
#5310 = ORIENTED_EDGE('',*,*,#5311,.F.);
#5311 = EDGE_CURVE('',#5302,#4639,#5312,.T.);
#5312 = LINE('',#5313,#5314);
#5313 = CARTESIAN_POINT('',(-60.8,-24.1,-135.95));
#5314 = VECTOR('',#5315,1.);
#5315 = DIRECTION('',(1.,0.,0.));
#5316 = PLANE('',#5317);
#5317 = AXIS2_PLACEMENT_3D('',#5318,#5319,#5320);
#5318 = CARTESIAN_POINT('',(-60.8,-24.35,-136.2));
#5319 = DIRECTION('',(0.,0.707106781187,-0.707106781187));
#5320 = DIRECTION('',(-1.,0.,-0.));
#5321 = ADVANCED_FACE('',(#5322),#5340,.F.);
#5322 = FACE_BOUND('',#5323,.F.);
#5323 = EDGE_LOOP('',(#5324,#5332,#5333,#5334));
#5324 = ORIENTED_EDGE('',*,*,#5325,.F.);
#5325 = EDGE_CURVE('',#5302,#5326,#5328,.T.);
#5326 = VERTEX_POINT('',#5327);
#5327 = CARTESIAN_POINT('',(-60.8,-24.1,-132.95));
#5328 = LINE('',#5329,#5330);
#5329 = CARTESIAN_POINT('',(-60.8,-24.1,-136.45));
#5330 = VECTOR('',#5331,1.);
#5331 = DIRECTION('',(0.,1.110223024625E-16,1.));
#5332 = ORIENTED_EDGE('',*,*,#5311,.T.);
#5333 = ORIENTED_EDGE('',*,*,#4646,.T.);
#5334 = ORIENTED_EDGE('',*,*,#5335,.F.);
#5335 = EDGE_CURVE('',#5326,#4647,#5336,.T.);
#5336 = LINE('',#5337,#5338);
#5337 = CARTESIAN_POINT('',(-60.8,-24.1,-132.95));
#5338 = VECTOR('',#5339,1.);
#5339 = DIRECTION('',(1.,0.,0.));
#5340 = PLANE('',#5341);
#5341 = AXIS2_PLACEMENT_3D('',#5342,#5343,#5344);
#5342 = CARTESIAN_POINT('',(-60.8,-24.1,-136.45));
#5343 = DIRECTION('',(0.,-1.,1.110223024625E-16));
#5344 = DIRECTION('',(0.,1.110223024625E-16,1.));
#5345 = ADVANCED_FACE('',(#5346),#5357,.T.);
#5346 = FACE_BOUND('',#5347,.T.);
#5347 = EDGE_LOOP('',(#5348,#5354,#5355,#5356));
#5348 = ORIENTED_EDGE('',*,*,#5349,.F.);
#5349 = EDGE_CURVE('',#4680,#5326,#5350,.T.);
#5350 = LINE('',#5351,#5352);
#5351 = CARTESIAN_POINT('',(-60.8,-24.4625,-132.5875));
#5352 = VECTOR('',#5353,1.);
#5353 = DIRECTION('',(0.,0.707106781187,-0.707106781187));
#5354 = ORIENTED_EDGE('',*,*,#4687,.T.);
#5355 = ORIENTED_EDGE('',*,*,#4654,.T.);
#5356 = ORIENTED_EDGE('',*,*,#5335,.F.);
#5357 = PLANE('',#5358);
#5358 = AXIS2_PLACEMENT_3D('',#5359,#5360,#5361);
#5359 = CARTESIAN_POINT('',(-60.8,-24.35,-132.7));
#5360 = DIRECTION('',(0.,0.707106781187,0.707106781187));
#5361 = DIRECTION('',(1.,0.,0.));
#5362 = ADVANCED_FACE('',(#5363),#5369,.F.);
#5363 = FACE_BOUND('',#5364,.F.);
#5364 = EDGE_LOOP('',(#5365,#5366,#5367,#5368));
#5365 = ORIENTED_EDGE('',*,*,#5325,.T.);
#5366 = ORIENTED_EDGE('',*,*,#5349,.F.);
#5367 = ORIENTED_EDGE('',*,*,#4829,.T.);
#5368 = ORIENTED_EDGE('',*,*,#5301,.T.);
#5369 = PLANE('',#5370);
#5370 = AXIS2_PLACEMENT_3D('',#5371,#5372,#5373);
#5371 = CARTESIAN_POINT('',(-60.8,-26.55,-134.45));
#5372 = DIRECTION('',(1.,0.,0.));
#5373 = DIRECTION('',(0.,-1.,1.110223024625E-16));
#5374 = ( GEOMETRIC_REPRESENTATION_CONTEXT(3) 
GLOBAL_UNCERTAINTY_ASSIGNED_CONTEXT((#5378)) 
GLOBAL_UNIT_ASSIGNED_CONTEXT((#5375,#5376,#5377)) REPRESENTATION_CONTEXT
('Context #1','3D Context with UNIT and UNCERTAINTY') );
#5375 = ( LENGTH_UNIT() NAMED_UNIT(*) SI_UNIT(.MILLI.,.METRE.) );
#5376 = ( NAMED_UNIT(*) PLANE_ANGLE_UNIT() SI_UNIT($,.RADIAN.) );
#5377 = ( NAMED_UNIT(*) SI_UNIT($,.STERADIAN.) SOLID_ANGLE_UNIT() );
#5378 = UNCERTAINTY_MEASURE_WITH_UNIT(LENGTH_MEASURE(1.E-04),#5375,
  'distance_accuracy_value','confusion accuracy');
#5379 = PRODUCT_RELATED_PRODUCT_CATEGORY('part',$,(#7));
ENDSEC;
END-ISO-10303-21;
