ISO-10303-21;
HEADER;
FILE_DESCRIPTION(('FreeCAD Model'),'2;1');
FILE_NAME('Open CASCADE Shape Model','2025-12-01T23:20:01',('FreeCAD'),(
    'FreeCAD'),'Open CASCADE STEP processor 7.8','FreeCAD','Unknown');
FILE_SCHEMA(('AUTOMOTIVE_DESIGN { 1 0 10303 214 1 1 1 1 }'));
ENDSEC;
DATA;
#1 = APPLICATION_PROTOCOL_DEFINITION('international standard',
  'automotive_design',2000,#2);
#2 = APPLICATION_CONTEXT(
  'core data for automotive mechanical design processes');
#3 = SHAPE_DEFINITION_REPRESENTATION(#4,#10);
#4 = PRODUCT_DEFINITION_SHAPE('','',#5);
#5 = PRODUCT_DEFINITION('design','',#6,#9);
#6 = PRODUCT_DEFINITION_FORMATION('','',#7);
#7 = PRODUCT('Open CASCADE STEP translator 7.8 5',
  'Open CASCADE STEP translator 7.8 5','',(#8));
#8 = PRODUCT_CONTEXT('',#2,'mechanical');
#9 = PRODUCT_DEFINITION_CONTEXT('part definition',#2,'design');
#10 = ADVANCED_BREP_SHAPE_REPRESENTATION('',(#11,#15),#4473);
#11 = AXIS2_PLACEMENT_3D('',#12,#13,#14);
#12 = CARTESIAN_POINT('',(0.,0.,0.));
#13 = DIRECTION('',(0.,0.,1.));
#14 = DIRECTION('',(1.,0.,-0.));
#15 = MANIFOLD_SOLID_BREP('',#16);
#16 = CLOSED_SHELL('',(#17,#57,#96,#120,#255,#280,#297,#330,#354,#385,
    #409,#433,#457,#497,#521,#545,#569,#751,#775,#816,#909,#944,#1305,
    #1317,#1337,#1361,#1385,#1402,#1419,#1470,#1512,#1543,#1576,#1608,
    #1633,#1657,#1682,#1714,#1747,#1771,#1795,#1828,#1861,#1886,#1904,
    #1956,#2031,#2127,#2249,#2434,#2456,#2638,#2877,#2887,#3258,#3294,
    #3318,#3358,#3375,#3443,#3465,#3477,#3494,#3511,#3523,#3535,#3572,
    #3585,#3597,#3610,#3702,#3739,#3751,#3768,#3800,#3833,#3864,#3888,
    #3905,#3929,#3953,#3977,#4017,#4034,#4272,#4282,#4302,#4319,#4343,
    #4367,#4384,#4408,#4432,#4449,#4461));
#17 = ADVANCED_FACE('',(#18),#52,.F.);
#18 = FACE_BOUND('',#19,.T.);
#19 = EDGE_LOOP('',(#20,#30,#38,#46));
#20 = ORIENTED_EDGE('',*,*,#21,.F.);
#21 = EDGE_CURVE('',#22,#24,#26,.T.);
#22 = VERTEX_POINT('',#23);
#23 = CARTESIAN_POINT('',(-57.3,-28.99999999999,-178.8));
#24 = VERTEX_POINT('',#25);
#25 = CARTESIAN_POINT('',(-57.55,-28.74999999999,-178.8));
#26 = LINE('',#27,#28);
#27 = CARTESIAN_POINT('',(-57.3,-28.99999999999,-178.8));
#28 = VECTOR('',#29,1.);
#29 = DIRECTION('',(-0.707106781187,0.707106781187,5.57829310908E-14));
#30 = ORIENTED_EDGE('',*,*,#31,.T.);
#31 = EDGE_CURVE('',#22,#32,#34,.T.);
#32 = VERTEX_POINT('',#33);
#33 = CARTESIAN_POINT('',(-63.3,-29.,-178.8));
#34 = LINE('',#35,#36);
#35 = CARTESIAN_POINT('',(-11.00000000506,-29.,-178.8));
#36 = VECTOR('',#37,1.);
#37 = DIRECTION('',(-1.,0.,-0.));
#38 = ORIENTED_EDGE('',*,*,#39,.T.);
#39 = EDGE_CURVE('',#32,#40,#42,.T.);
#40 = VERTEX_POINT('',#41);
#41 = CARTESIAN_POINT('',(-63.3,-28.74999999999,-178.8));
#42 = LINE('',#43,#44);
#43 = CARTESIAN_POINT('',(-63.3,-31.99999999999,-178.8));
#44 = VECTOR('',#45,1.);
#45 = DIRECTION('',(0.,1.,7.888897769754E-14));
#46 = ORIENTED_EDGE('',*,*,#47,.T.);
#47 = EDGE_CURVE('',#40,#24,#48,.T.);
#48 = LINE('',#49,#50);
#49 = CARTESIAN_POINT('',(-63.3,-28.74999999999,-178.8));
#50 = VECTOR('',#51,1.);
#51 = DIRECTION('',(1.,0.,0.));
#52 = PLANE('',#53);
#53 = AXIS2_PLACEMENT_3D('',#54,#55,#56);
#54 = CARTESIAN_POINT('',(-60.9966991411,-28.99999999999,-178.8));
#55 = DIRECTION('',(0.,-7.567897769754E-14,1.));
#56 = DIRECTION('',(0.,1.,7.567897769754E-14));
#57 = ADVANCED_FACE('',(#58),#91,.T.);
#58 = FACE_BOUND('',#59,.F.);
#59 = EDGE_LOOP('',(#60,#70,#76,#77,#85));
#60 = ORIENTED_EDGE('',*,*,#61,.F.);
#61 = EDGE_CURVE('',#62,#64,#66,.T.);
#62 = VERTEX_POINT('',#63);
#63 = CARTESIAN_POINT('',(-60.3,-25.99999999999,-176.05));
#64 = VERTEX_POINT('',#65);
#65 = CARTESIAN_POINT('',(-60.3,-25.99999999999,-174.8));
#66 = LINE('',#67,#68);
#67 = CARTESIAN_POINT('',(-60.3,-25.99999999999,-178.8));
#68 = VECTOR('',#69,1.);
#69 = DIRECTION('',(0.,-7.915897769754E-14,1.));
#70 = ORIENTED_EDGE('',*,*,#71,.F.);
#71 = EDGE_CURVE('',#24,#62,#72,.T.);
#72 = LINE('',#73,#74);
#73 = CARTESIAN_POINT('',(-58.88333333333,-27.41666666666,
    -177.4666666666));
#74 = VECTOR('',#75,1.);
#75 = DIRECTION('',(-0.57735026919,0.57735026919,0.57735026919));
#76 = ORIENTED_EDGE('',*,*,#21,.F.);
#77 = ORIENTED_EDGE('',*,*,#78,.T.);
#78 = EDGE_CURVE('',#22,#79,#81,.T.);
#79 = VERTEX_POINT('',#80);
#80 = CARTESIAN_POINT('',(-57.3,-28.99999999999,-174.8));
#81 = LINE('',#82,#83);
#82 = CARTESIAN_POINT('',(-57.3,-28.99999999999,-178.8));
#83 = VECTOR('',#84,1.);
#84 = DIRECTION('',(0.,-7.915897769754E-14,1.));
#85 = ORIENTED_EDGE('',*,*,#86,.T.);
#86 = EDGE_CURVE('',#79,#64,#87,.T.);
#87 = LINE('',#88,#89);
#88 = CARTESIAN_POINT('',(-57.3,-28.99999999999,-174.8));
#89 = VECTOR('',#90,1.);
#90 = DIRECTION('',(-0.707106781187,0.707106781187,5.57829310908E-14));
#91 = PLANE('',#92);
#92 = AXIS2_PLACEMENT_3D('',#93,#94,#95);
#93 = CARTESIAN_POINT('',(-57.3,-28.99999999999,-178.8));
#94 = DIRECTION('',(0.707106781187,0.707106781187,5.597149537707E-14));
#95 = DIRECTION('',(0.707106781187,-0.707106781187,-5.597149537707E-14)
  );
#96 = ADVANCED_FACE('',(#97),#115,.T.);
#97 = FACE_BOUND('',#98,.F.);
#98 = EDGE_LOOP('',(#99,#107,#108,#109));
#99 = ORIENTED_EDGE('',*,*,#100,.F.);
#100 = EDGE_CURVE('',#40,#101,#103,.T.);
#101 = VERTEX_POINT('',#102);
#102 = CARTESIAN_POINT('',(-63.3,-25.99999999999,-176.05));
#103 = LINE('',#104,#105);
#104 = CARTESIAN_POINT('',(-63.3,-28.87499999999,-178.925));
#105 = VECTOR('',#106,1.);
#106 = DIRECTION('',(0.,0.707106781186,0.707106781187));
#107 = ORIENTED_EDGE('',*,*,#47,.T.);
#108 = ORIENTED_EDGE('',*,*,#71,.T.);
#109 = ORIENTED_EDGE('',*,*,#110,.F.);
#110 = EDGE_CURVE('',#101,#62,#111,.T.);
#111 = LINE('',#112,#113);
#112 = CARTESIAN_POINT('',(-63.3,-25.99999999999,-176.05));
#113 = VECTOR('',#114,1.);
#114 = DIRECTION('',(1.,0.,0.));
#115 = PLANE('',#116);
#116 = AXIS2_PLACEMENT_3D('',#117,#118,#119);
#117 = CARTESIAN_POINT('',(-63.3,-27.37499999999,-177.425));
#118 = DIRECTION('',(-0.,0.707106781187,-0.707106781186));
#119 = DIRECTION('',(-1.,0.,0.));
#120 = ADVANCED_FACE('',(#121),#250,.T.);
#121 = FACE_BOUND('',#122,.F.);
#122 = EDGE_LOOP('',(#123,#133,#141,#149,#157,#165,#173,#181,#189,#197,
    #205,#213,#221,#229,#235,#236,#244));
#123 = ORIENTED_EDGE('',*,*,#124,.T.);
#124 = EDGE_CURVE('',#125,#127,#129,.T.);
#125 = VERTEX_POINT('',#126);
#126 = CARTESIAN_POINT('',(-63.3,-29.,-139.8));
#127 = VERTEX_POINT('',#128);
#128 = CARTESIAN_POINT('',(-63.05,-29.,-139.8));
#129 = LINE('',#130,#131);
#130 = CARTESIAN_POINT('',(-63.3,-29.,-139.8));
#131 = VECTOR('',#132,1.);
#132 = DIRECTION('',(1.,0.,0.));
#133 = ORIENTED_EDGE('',*,*,#134,.T.);
#134 = EDGE_CURVE('',#127,#135,#137,.T.);
#135 = VERTEX_POINT('',#136);
#136 = CARTESIAN_POINT('',(-60.8,-29.,-138.3));
#137 = LINE('',#138,#139);
#138 = CARTESIAN_POINT('',(-63.93155765166,-29.,-140.3877051011));
#139 = VECTOR('',#140,1.);
#140 = DIRECTION('',(0.832050294338,1.915840929613E-16,0.554700196225));
#141 = ORIENTED_EDGE('',*,*,#142,.F.);
#142 = EDGE_CURVE('',#143,#135,#145,.T.);
#143 = VERTEX_POINT('',#144);
#144 = CARTESIAN_POINT('',(-60.8,-29.,-136.45));
#145 = LINE('',#146,#147);
#146 = CARTESIAN_POINT('',(-60.8,-29.,-130.6));
#147 = VECTOR('',#148,1.);
#148 = DIRECTION('',(0.,-1.110223024625E-16,-1.));
#149 = ORIENTED_EDGE('',*,*,#150,.T.);
#150 = EDGE_CURVE('',#143,#151,#153,.T.);
#151 = VERTEX_POINT('',#152);
#152 = CARTESIAN_POINT('',(-59.6,-29.,-136.45));
#153 = LINE('',#154,#155);
#154 = CARTESIAN_POINT('',(-60.8,-29.,-136.45));
#155 = VECTOR('',#156,1.);
#156 = DIRECTION('',(1.,0.,0.));
#157 = ORIENTED_EDGE('',*,*,#158,.F.);
#158 = EDGE_CURVE('',#159,#151,#161,.T.);
#159 = VERTEX_POINT('',#160);
#160 = CARTESIAN_POINT('',(-59.6,-29.,-132.45));
#161 = LINE('',#162,#163);
#162 = CARTESIAN_POINT('',(-59.6,-29.,-132.45));
#163 = VECTOR('',#164,1.);
#164 = DIRECTION('',(0.,-1.110223024625E-16,-1.));
#165 = ORIENTED_EDGE('',*,*,#166,.F.);
#166 = EDGE_CURVE('',#167,#159,#169,.T.);
#167 = VERTEX_POINT('',#168);
#168 = CARTESIAN_POINT('',(-60.8,-29.,-132.45));
#169 = LINE('',#170,#171);
#170 = CARTESIAN_POINT('',(-60.8,-29.,-132.45));
#171 = VECTOR('',#172,1.);
#172 = DIRECTION('',(1.,0.,0.));
#173 = ORIENTED_EDGE('',*,*,#174,.F.);
#174 = EDGE_CURVE('',#175,#167,#177,.T.);
#175 = VERTEX_POINT('',#176);
#176 = CARTESIAN_POINT('',(-60.8,-29.,-130.6));
#177 = LINE('',#178,#179);
#178 = CARTESIAN_POINT('',(-60.8,-29.,-130.6));
#179 = VECTOR('',#180,1.);
#180 = DIRECTION('',(0.,-1.110223024625E-16,-1.));
#181 = ORIENTED_EDGE('',*,*,#182,.F.);
#182 = EDGE_CURVE('',#183,#175,#185,.T.);
#183 = VERTEX_POINT('',#184);
#184 = CARTESIAN_POINT('',(-63.3,-29.,-130.6));
#185 = LINE('',#186,#187);
#186 = CARTESIAN_POINT('',(-63.3,-29.,-130.6));
#187 = VECTOR('',#188,1.);
#188 = DIRECTION('',(1.,0.,0.));
#189 = ORIENTED_EDGE('',*,*,#190,.T.);
#190 = EDGE_CURVE('',#183,#191,#193,.T.);
#191 = VERTEX_POINT('',#192);
#192 = CARTESIAN_POINT('',(-63.3,-29.,-104.7958324579));
#193 = LINE('',#194,#195);
#194 = CARTESIAN_POINT('',(-63.3,-29.,-134.));
#195 = VECTOR('',#196,1.);
#196 = DIRECTION('',(0.,3.310223024625E-16,1.));
#197 = ORIENTED_EDGE('',*,*,#198,.T.);
#198 = EDGE_CURVE('',#191,#199,#201,.T.);
#199 = VERTEX_POINT('',#200);
#200 = CARTESIAN_POINT('',(-64.5,-29.,-104.7958324579));
#201 = LINE('',#202,#203);
#202 = CARTESIAN_POINT('',(-43.5,-29.,-104.7958324579));
#203 = VECTOR('',#204,1.);
#204 = DIRECTION('',(-1.,0.,-0.));
#205 = ORIENTED_EDGE('',*,*,#206,.T.);
#206 = EDGE_CURVE('',#199,#207,#209,.T.);
#207 = VERTEX_POINT('',#208);
#208 = CARTESIAN_POINT('',(-64.5,-29.,-180.));
#209 = LINE('',#210,#211);
#210 = CARTESIAN_POINT('',(-64.5,-29.,-115.1192978106));
#211 = VECTOR('',#212,1.);
#212 = DIRECTION('',(0.,-3.310223024625E-16,-1.));
#213 = ORIENTED_EDGE('',*,*,#214,.T.);
#214 = EDGE_CURVE('',#207,#215,#217,.T.);
#215 = VERTEX_POINT('',#216);
#216 = CARTESIAN_POINT('',(-28.32455532033,-29.,-180.));
#217 = LINE('',#218,#219);
#218 = CARTESIAN_POINT('',(-11.,-29.,-180.));
#219 = VECTOR('',#220,1.);
#220 = DIRECTION('',(1.,0.,0.));
#221 = ORIENTED_EDGE('',*,*,#222,.F.);
#222 = EDGE_CURVE('',#223,#215,#225,.T.);
#223 = VERTEX_POINT('',#224);
#224 = CARTESIAN_POINT('',(-28.32455532033,-29.,-178.8));
#225 = LINE('',#226,#227);
#226 = CARTESIAN_POINT('',(-28.32455532033,-29.,-180.));
#227 = VECTOR('',#228,1.);
#228 = DIRECTION('',(0.,-3.310223024625E-16,-1.));
#229 = ORIENTED_EDGE('',*,*,#230,.T.);
#230 = EDGE_CURVE('',#223,#22,#231,.T.);
#231 = LINE('',#232,#233);
#232 = CARTESIAN_POINT('',(-11.00000000506,-29.,-178.8));
#233 = VECTOR('',#234,1.);
#234 = DIRECTION('',(-1.,0.,-0.));
#235 = ORIENTED_EDGE('',*,*,#31,.T.);
#236 = ORIENTED_EDGE('',*,*,#237,.T.);
#237 = EDGE_CURVE('',#32,#238,#240,.T.);
#238 = VERTEX_POINT('',#239);
#239 = CARTESIAN_POINT('',(-63.3,-29.,-174.8));
#240 = LINE('',#241,#242);
#241 = CARTESIAN_POINT('',(-63.3,-29.,-134.));
#242 = VECTOR('',#243,1.);
#243 = DIRECTION('',(0.,3.310223024625E-16,1.));
#244 = ORIENTED_EDGE('',*,*,#245,.T.);
#245 = EDGE_CURVE('',#238,#125,#246,.T.);
#246 = LINE('',#247,#248);
#247 = CARTESIAN_POINT('',(-63.3,-29.,-134.));
#248 = VECTOR('',#249,1.);
#249 = DIRECTION('',(0.,3.310223024625E-16,1.));
#250 = PLANE('',#251);
#251 = AXIS2_PLACEMENT_3D('',#252,#253,#254);
#252 = CARTESIAN_POINT('',(-58.01034080999,-29.,-153.4626470341));
#253 = DIRECTION('',(0.,1.,-1.110223024625E-16));
#254 = DIRECTION('',(-1.,0.,-0.));
#255 = ADVANCED_FACE('',(#256),#275,.F.);
#256 = FACE_BOUND('',#257,.T.);
#257 = EDGE_LOOP('',(#258,#259,#260,#268,#274));
#258 = ORIENTED_EDGE('',*,*,#39,.F.);
#259 = ORIENTED_EDGE('',*,*,#237,.T.);
#260 = ORIENTED_EDGE('',*,*,#261,.T.);
#261 = EDGE_CURVE('',#238,#262,#264,.T.);
#262 = VERTEX_POINT('',#263);
#263 = CARTESIAN_POINT('',(-63.3,-25.99999999999,-174.8));
#264 = LINE('',#265,#266);
#265 = CARTESIAN_POINT('',(-63.3,-31.99999999999,-174.8));
#266 = VECTOR('',#267,1.);
#267 = DIRECTION('',(0.,1.,7.888897769754E-14));
#268 = ORIENTED_EDGE('',*,*,#269,.F.);
#269 = EDGE_CURVE('',#101,#262,#270,.T.);
#270 = LINE('',#271,#272);
#271 = CARTESIAN_POINT('',(-63.3,-25.99999999999,-178.8));
#272 = VECTOR('',#273,1.);
#273 = DIRECTION('',(0.,-7.915897769754E-14,1.));
#274 = ORIENTED_EDGE('',*,*,#100,.F.);
#275 = PLANE('',#276);
#276 = AXIS2_PLACEMENT_3D('',#277,#278,#279);
#277 = CARTESIAN_POINT('',(-63.3,-31.99999999999,-178.8));
#278 = DIRECTION('',(1.,0.,0.));
#279 = DIRECTION('',(0.,-1.,-7.915897769754E-14));
#280 = ADVANCED_FACE('',(#281),#292,.F.);
#281 = FACE_BOUND('',#282,.T.);
#282 = EDGE_LOOP('',(#283,#284,#290,#291));
#283 = ORIENTED_EDGE('',*,*,#269,.T.);
#284 = ORIENTED_EDGE('',*,*,#285,.T.);
#285 = EDGE_CURVE('',#262,#64,#286,.T.);
#286 = LINE('',#287,#288);
#287 = CARTESIAN_POINT('',(-63.3,-25.99999999999,-174.8));
#288 = VECTOR('',#289,1.);
#289 = DIRECTION('',(1.,0.,0.));
#290 = ORIENTED_EDGE('',*,*,#61,.F.);
#291 = ORIENTED_EDGE('',*,*,#110,.F.);
#292 = PLANE('',#293);
#293 = AXIS2_PLACEMENT_3D('',#294,#295,#296);
#294 = CARTESIAN_POINT('',(-63.3,-25.99999999999,-178.8));
#295 = DIRECTION('',(0.,-1.,-7.915897769754E-14));
#296 = DIRECTION('',(-1.,0.,-0.));
#297 = ADVANCED_FACE('',(#298),#325,.T.);
#298 = FACE_BOUND('',#299,.F.);
#299 = EDGE_LOOP('',(#300,#308,#309,#310,#311,#319));
#300 = ORIENTED_EDGE('',*,*,#301,.T.);
#301 = EDGE_CURVE('',#302,#238,#304,.T.);
#302 = VERTEX_POINT('',#303);
#303 = CARTESIAN_POINT('',(-63.3,-31.99999999999,-174.8));
#304 = LINE('',#305,#306);
#305 = CARTESIAN_POINT('',(-63.3,-31.99999999999,-174.8));
#306 = VECTOR('',#307,1.);
#307 = DIRECTION('',(0.,1.,7.888897769754E-14));
#308 = ORIENTED_EDGE('',*,*,#261,.T.);
#309 = ORIENTED_EDGE('',*,*,#285,.T.);
#310 = ORIENTED_EDGE('',*,*,#86,.F.);
#311 = ORIENTED_EDGE('',*,*,#312,.F.);
#312 = EDGE_CURVE('',#313,#79,#315,.T.);
#313 = VERTEX_POINT('',#314);
#314 = CARTESIAN_POINT('',(-60.3,-31.99999999999,-174.8));
#315 = LINE('',#316,#317);
#316 = CARTESIAN_POINT('',(-60.3,-31.99999999999,-174.8));
#317 = VECTOR('',#318,1.);
#318 = DIRECTION('',(0.707106781187,0.707106781187,5.57829310908E-14));
#319 = ORIENTED_EDGE('',*,*,#320,.T.);
#320 = EDGE_CURVE('',#313,#302,#321,.T.);
#321 = LINE('',#322,#323);
#322 = CARTESIAN_POINT('',(-60.3,-31.99999999999,-174.8));
#323 = VECTOR('',#324,1.);
#324 = DIRECTION('',(-1.,0.,0.));
#325 = PLANE('',#326);
#326 = AXIS2_PLACEMENT_3D('',#327,#328,#329);
#327 = CARTESIAN_POINT('',(-60.9966991411,-28.99999999999,-174.8));
#328 = DIRECTION('',(0.,-7.567897769754E-14,1.));
#329 = DIRECTION('',(0.,1.,7.567897769754E-14));
#330 = ADVANCED_FACE('',(#331),#349,.T.);
#331 = FACE_BOUND('',#332,.F.);
#332 = EDGE_LOOP('',(#333,#341,#342,#343));
#333 = ORIENTED_EDGE('',*,*,#334,.T.);
#334 = EDGE_CURVE('',#335,#313,#337,.T.);
#335 = VERTEX_POINT('',#336);
#336 = CARTESIAN_POINT('',(-60.3,-31.99999999999,-178.8));
#337 = LINE('',#338,#339);
#338 = CARTESIAN_POINT('',(-60.3,-31.99999999999,-178.8));
#339 = VECTOR('',#340,1.);
#340 = DIRECTION('',(0.,-7.915897769754E-14,1.));
#341 = ORIENTED_EDGE('',*,*,#312,.T.);
#342 = ORIENTED_EDGE('',*,*,#78,.F.);
#343 = ORIENTED_EDGE('',*,*,#344,.F.);
#344 = EDGE_CURVE('',#335,#22,#345,.T.);
#345 = LINE('',#346,#347);
#346 = CARTESIAN_POINT('',(-60.3,-31.99999999999,-178.8));
#347 = VECTOR('',#348,1.);
#348 = DIRECTION('',(0.707106781187,0.707106781187,5.57829310908E-14));
#349 = PLANE('',#350);
#350 = AXIS2_PLACEMENT_3D('',#351,#352,#353);
#351 = CARTESIAN_POINT('',(-60.3,-31.99999999999,-178.8));
#352 = DIRECTION('',(0.707106781187,-0.707106781187,-5.597149537707E-14)
  );
#353 = DIRECTION('',(-0.707106781187,-0.707106781187,-5.597149537707E-14
    ));
#354 = ADVANCED_FACE('',(#355),#380,.F.);
#355 = FACE_BOUND('',#356,.T.);
#356 = EDGE_LOOP('',(#357,#358,#366,#374));
#357 = ORIENTED_EDGE('',*,*,#124,.T.);
#358 = ORIENTED_EDGE('',*,*,#359,.T.);
#359 = EDGE_CURVE('',#127,#360,#362,.T.);
#360 = VERTEX_POINT('',#361);
#361 = CARTESIAN_POINT('',(-63.05,-33.4,-139.8));
#362 = LINE('',#363,#364);
#363 = CARTESIAN_POINT('',(-63.05,-29.,-139.8));
#364 = VECTOR('',#365,1.);
#365 = DIRECTION('',(0.,-1.,1.110223024625E-16));
#366 = ORIENTED_EDGE('',*,*,#367,.F.);
#367 = EDGE_CURVE('',#368,#360,#370,.T.);
#368 = VERTEX_POINT('',#369);
#369 = CARTESIAN_POINT('',(-63.3,-33.4,-139.8));
#370 = LINE('',#371,#372);
#371 = CARTESIAN_POINT('',(-63.3,-33.4,-139.8));
#372 = VECTOR('',#373,1.);
#373 = DIRECTION('',(1.,0.,0.));
#374 = ORIENTED_EDGE('',*,*,#375,.F.);
#375 = EDGE_CURVE('',#125,#368,#376,.T.);
#376 = LINE('',#377,#378);
#377 = CARTESIAN_POINT('',(-63.3,-29.,-139.8));
#378 = VECTOR('',#379,1.);
#379 = DIRECTION('',(0.,-1.,1.110223024625E-16));
#380 = PLANE('',#381);
#381 = AXIS2_PLACEMENT_3D('',#382,#383,#384);
#382 = CARTESIAN_POINT('',(-63.3,-29.,-139.8));
#383 = DIRECTION('',(0.,1.110223024625E-16,1.));
#384 = DIRECTION('',(0.,1.,-1.110223024625E-16));
#385 = ADVANCED_FACE('',(#386),#404,.T.);
#386 = FACE_BOUND('',#387,.F.);
#387 = EDGE_LOOP('',(#388,#389,#390,#398));
#388 = ORIENTED_EDGE('',*,*,#134,.F.);
#389 = ORIENTED_EDGE('',*,*,#359,.T.);
#390 = ORIENTED_EDGE('',*,*,#391,.T.);
#391 = EDGE_CURVE('',#360,#392,#394,.T.);
#392 = VERTEX_POINT('',#393);
#393 = CARTESIAN_POINT('',(-60.8,-33.4,-138.3));
#394 = LINE('',#395,#396);
#395 = CARTESIAN_POINT('',(-62.57403846153,-33.4,-139.4826923076));
#396 = VECTOR('',#397,1.);
#397 = DIRECTION('',(0.832050294338,6.158409296133E-17,0.554700196225));
#398 = ORIENTED_EDGE('',*,*,#399,.F.);
#399 = EDGE_CURVE('',#135,#392,#400,.T.);
#400 = LINE('',#401,#402);
#401 = CARTESIAN_POINT('',(-60.8,-29.,-138.3));
#402 = VECTOR('',#403,1.);
#403 = DIRECTION('',(0.,-1.,1.110223024625E-16));
#404 = PLANE('',#405);
#405 = AXIS2_PLACEMENT_3D('',#406,#407,#408);
#406 = CARTESIAN_POINT('',(-61.925,-29.,-139.05));
#407 = DIRECTION('',(0.554700196225,-9.2376139442E-17,-0.832050294338));
#408 = DIRECTION('',(-0.,1.,-1.110223024625E-16));
#409 = ADVANCED_FACE('',(#410),#428,.F.);
#410 = FACE_BOUND('',#411,.T.);
#411 = EDGE_LOOP('',(#412,#413,#421,#427));
#412 = ORIENTED_EDGE('',*,*,#142,.F.);
#413 = ORIENTED_EDGE('',*,*,#414,.T.);
#414 = EDGE_CURVE('',#143,#415,#417,.T.);
#415 = VERTEX_POINT('',#416);
#416 = CARTESIAN_POINT('',(-60.8,-33.4,-136.45));
#417 = LINE('',#418,#419);
#418 = CARTESIAN_POINT('',(-60.8,-29.,-136.45));
#419 = VECTOR('',#420,1.);
#420 = DIRECTION('',(0.,-1.,1.110223024625E-16));
#421 = ORIENTED_EDGE('',*,*,#422,.F.);
#422 = EDGE_CURVE('',#392,#415,#423,.T.);
#423 = LINE('',#424,#425);
#424 = CARTESIAN_POINT('',(-60.8,-33.4,-139.8));
#425 = VECTOR('',#426,1.);
#426 = DIRECTION('',(0.,1.110223024625E-16,1.));
#427 = ORIENTED_EDGE('',*,*,#399,.F.);
#428 = PLANE('',#429);
#429 = AXIS2_PLACEMENT_3D('',#430,#431,#432);
#430 = CARTESIAN_POINT('',(-60.8,-31.2,-135.2));
#431 = DIRECTION('',(-1.,0.,-0.));
#432 = DIRECTION('',(0.,1.,-1.110223024625E-16));
#433 = ADVANCED_FACE('',(#434),#452,.F.);
#434 = FACE_BOUND('',#435,.T.);
#435 = EDGE_LOOP('',(#436,#444,#450,#451));
#436 = ORIENTED_EDGE('',*,*,#437,.T.);
#437 = EDGE_CURVE('',#151,#438,#440,.T.);
#438 = VERTEX_POINT('',#439);
#439 = CARTESIAN_POINT('',(-59.6,-33.4,-136.45));
#440 = LINE('',#441,#442);
#441 = CARTESIAN_POINT('',(-59.6,-29.,-136.45));
#442 = VECTOR('',#443,1.);
#443 = DIRECTION('',(0.,-1.,1.110223024625E-16));
#444 = ORIENTED_EDGE('',*,*,#445,.F.);
#445 = EDGE_CURVE('',#415,#438,#446,.T.);
#446 = LINE('',#447,#448);
#447 = CARTESIAN_POINT('',(-60.8,-33.4,-136.45));
#448 = VECTOR('',#449,1.);
#449 = DIRECTION('',(1.,0.,0.));
#450 = ORIENTED_EDGE('',*,*,#414,.F.);
#451 = ORIENTED_EDGE('',*,*,#150,.T.);
#452 = PLANE('',#453);
#453 = AXIS2_PLACEMENT_3D('',#454,#455,#456);
#454 = CARTESIAN_POINT('',(-60.8,-29.,-136.45));
#455 = DIRECTION('',(0.,1.110223024625E-16,1.));
#456 = DIRECTION('',(0.,1.,-1.110223024625E-16));
#457 = ADVANCED_FACE('',(#458),#492,.F.);
#458 = FACE_BOUND('',#459,.T.);
#459 = EDGE_LOOP('',(#460,#461,#462,#470,#478,#486));
#460 = ORIENTED_EDGE('',*,*,#437,.F.);
#461 = ORIENTED_EDGE('',*,*,#158,.F.);
#462 = ORIENTED_EDGE('',*,*,#463,.F.);
#463 = EDGE_CURVE('',#464,#159,#466,.T.);
#464 = VERTEX_POINT('',#465);
#465 = CARTESIAN_POINT('',(-59.6,-33.4,-132.45));
#466 = LINE('',#467,#468);
#467 = CARTESIAN_POINT('',(-59.6,-33.9,-132.45));
#468 = VECTOR('',#469,1.);
#469 = DIRECTION('',(0.,1.,-1.110223024625E-16));
#470 = ORIENTED_EDGE('',*,*,#471,.T.);
#471 = EDGE_CURVE('',#464,#472,#474,.T.);
#472 = VERTEX_POINT('',#473);
#473 = CARTESIAN_POINT('',(-59.6,-33.9,-132.95));
#474 = LINE('',#475,#476);
#475 = CARTESIAN_POINT('',(-59.6,-33.5375,-132.5875));
#476 = VECTOR('',#477,1.);
#477 = DIRECTION('',(0.,-0.707106781187,-0.707106781187));
#478 = ORIENTED_EDGE('',*,*,#479,.F.);
#479 = EDGE_CURVE('',#480,#472,#482,.T.);
#480 = VERTEX_POINT('',#481);
#481 = CARTESIAN_POINT('',(-59.6,-33.9,-135.95));
#482 = LINE('',#483,#484);
#483 = CARTESIAN_POINT('',(-59.6,-33.9,-136.45));
#484 = VECTOR('',#485,1.);
#485 = DIRECTION('',(0.,1.110223024625E-16,1.));
#486 = ORIENTED_EDGE('',*,*,#487,.F.);
#487 = EDGE_CURVE('',#438,#480,#488,.T.);
#488 = LINE('',#489,#490);
#489 = CARTESIAN_POINT('',(-59.6,-33.5375,-136.3125));
#490 = VECTOR('',#491,1.);
#491 = DIRECTION('',(0.,-0.707106781187,0.707106781187));
#492 = PLANE('',#493);
#493 = AXIS2_PLACEMENT_3D('',#494,#495,#496);
#494 = CARTESIAN_POINT('',(-59.6,-31.45,-134.45));
#495 = DIRECTION('',(-1.,0.,-0.));
#496 = DIRECTION('',(0.,1.,-1.110223024625E-16));
#497 = ADVANCED_FACE('',(#498),#516,.F.);
#498 = FACE_BOUND('',#499,.T.);
#499 = EDGE_LOOP('',(#500,#501,#502,#510));
#500 = ORIENTED_EDGE('',*,*,#463,.T.);
#501 = ORIENTED_EDGE('',*,*,#166,.F.);
#502 = ORIENTED_EDGE('',*,*,#503,.F.);
#503 = EDGE_CURVE('',#504,#167,#506,.T.);
#504 = VERTEX_POINT('',#505);
#505 = CARTESIAN_POINT('',(-60.8,-33.4,-132.45));
#506 = LINE('',#507,#508);
#507 = CARTESIAN_POINT('',(-60.8,-33.9,-132.45));
#508 = VECTOR('',#509,1.);
#509 = DIRECTION('',(0.,1.,-1.110223024625E-16));
#510 = ORIENTED_EDGE('',*,*,#511,.T.);
#511 = EDGE_CURVE('',#504,#464,#512,.T.);
#512 = LINE('',#513,#514);
#513 = CARTESIAN_POINT('',(-60.8,-33.4,-132.45));
#514 = VECTOR('',#515,1.);
#515 = DIRECTION('',(1.,0.,0.));
#516 = PLANE('',#517);
#517 = AXIS2_PLACEMENT_3D('',#518,#519,#520);
#518 = CARTESIAN_POINT('',(-60.8,-33.9,-132.45));
#519 = DIRECTION('',(0.,-1.110223024625E-16,-1.));
#520 = DIRECTION('',(0.,-1.,1.110223024625E-16));
#521 = ADVANCED_FACE('',(#522),#540,.F.);
#522 = FACE_BOUND('',#523,.T.);
#523 = EDGE_LOOP('',(#524,#525,#533,#539));
#524 = ORIENTED_EDGE('',*,*,#174,.F.);
#525 = ORIENTED_EDGE('',*,*,#526,.F.);
#526 = EDGE_CURVE('',#527,#175,#529,.T.);
#527 = VERTEX_POINT('',#528);
#528 = CARTESIAN_POINT('',(-60.8,-33.4,-130.6));
#529 = LINE('',#530,#531);
#530 = CARTESIAN_POINT('',(-60.8,-33.4,-130.6));
#531 = VECTOR('',#532,1.);
#532 = DIRECTION('',(0.,1.,-1.110223024625E-16));
#533 = ORIENTED_EDGE('',*,*,#534,.F.);
#534 = EDGE_CURVE('',#504,#527,#535,.T.);
#535 = LINE('',#536,#537);
#536 = CARTESIAN_POINT('',(-60.8,-33.4,-139.8));
#537 = VECTOR('',#538,1.);
#538 = DIRECTION('',(0.,1.110223024625E-16,1.));
#539 = ORIENTED_EDGE('',*,*,#503,.T.);
#540 = PLANE('',#541);
#541 = AXIS2_PLACEMENT_3D('',#542,#543,#544);
#542 = CARTESIAN_POINT('',(-60.8,-31.2,-135.2));
#543 = DIRECTION('',(-1.,0.,-0.));
#544 = DIRECTION('',(0.,1.,-1.110223024625E-16));
#545 = ADVANCED_FACE('',(#546),#564,.F.);
#546 = FACE_BOUND('',#547,.T.);
#547 = EDGE_LOOP('',(#548,#556,#557,#558));
#548 = ORIENTED_EDGE('',*,*,#549,.T.);
#549 = EDGE_CURVE('',#550,#527,#552,.T.);
#550 = VERTEX_POINT('',#551);
#551 = CARTESIAN_POINT('',(-63.3,-33.4,-130.6));
#552 = LINE('',#553,#554);
#553 = CARTESIAN_POINT('',(-63.3,-33.4,-130.6));
#554 = VECTOR('',#555,1.);
#555 = DIRECTION('',(1.,0.,0.));
#556 = ORIENTED_EDGE('',*,*,#526,.T.);
#557 = ORIENTED_EDGE('',*,*,#182,.F.);
#558 = ORIENTED_EDGE('',*,*,#559,.F.);
#559 = EDGE_CURVE('',#550,#183,#560,.T.);
#560 = LINE('',#561,#562);
#561 = CARTESIAN_POINT('',(-63.3,-33.4,-130.6));
#562 = VECTOR('',#563,1.);
#563 = DIRECTION('',(0.,1.,-1.110223024625E-16));
#564 = PLANE('',#565);
#565 = AXIS2_PLACEMENT_3D('',#566,#567,#568);
#566 = CARTESIAN_POINT('',(-63.3,-33.4,-130.6));
#567 = DIRECTION('',(0.,-1.110223024625E-16,-1.));
#568 = DIRECTION('',(0.,-1.,1.110223024625E-16));
#569 = ADVANCED_FACE('',(#570,#630),#746,.T.);
#570 = FACE_BOUND('',#571,.F.);
#571 = EDGE_LOOP('',(#572,#583,#589,#590,#591,#597,#598,#599,#600,#608,
    #616,#624));
#572 = ORIENTED_EDGE('',*,*,#573,.F.);
#573 = EDGE_CURVE('',#574,#576,#578,.T.);
#574 = VERTEX_POINT('',#575);
#575 = CARTESIAN_POINT('',(-63.3,-31.37574065197,-95.92944763918));
#576 = VERTEX_POINT('',#577);
#577 = CARTESIAN_POINT('',(-63.3,-39.10314726228,-90.));
#578 = CIRCLE('',#579,8.);
#579 = AXIS2_PLACEMENT_3D('',#580,#581,#582);
#580 = CARTESIAN_POINT('',(-63.3,-39.10314726228,-98.));
#581 = DIRECTION('',(1.,0.,-0.));
#582 = DIRECTION('',(0.,1.110223024625E-16,1.));
#583 = ORIENTED_EDGE('',*,*,#584,.T.);
#584 = EDGE_CURVE('',#574,#191,#585,.T.);
#585 = LINE('',#586,#587);
#586 = CARTESIAN_POINT('',(-63.3,-18.67392000242,-143.3332876519));
#587 = VECTOR('',#588,1.);
#588 = DIRECTION('',(0.,0.258819045103,-0.965925826289));
#589 = ORIENTED_EDGE('',*,*,#190,.F.);
#590 = ORIENTED_EDGE('',*,*,#559,.F.);
#591 = ORIENTED_EDGE('',*,*,#592,.F.);
#592 = EDGE_CURVE('',#368,#550,#593,.T.);
#593 = LINE('',#594,#595);
#594 = CARTESIAN_POINT('',(-63.3,-33.4,-139.8));
#595 = VECTOR('',#596,1.);
#596 = DIRECTION('',(0.,1.110223024625E-16,1.));
#597 = ORIENTED_EDGE('',*,*,#375,.F.);
#598 = ORIENTED_EDGE('',*,*,#245,.F.);
#599 = ORIENTED_EDGE('',*,*,#301,.F.);
#600 = ORIENTED_EDGE('',*,*,#601,.F.);
#601 = EDGE_CURVE('',#602,#302,#604,.T.);
#602 = VERTEX_POINT('',#603);
#603 = CARTESIAN_POINT('',(-63.3,-31.99999999999,-178.8));
#604 = LINE('',#605,#606);
#605 = CARTESIAN_POINT('',(-63.3,-31.99999999999,-178.8));
#606 = VECTOR('',#607,1.);
#607 = DIRECTION('',(0.,-7.915897769754E-14,1.));
#608 = ORIENTED_EDGE('',*,*,#609,.T.);
#609 = EDGE_CURVE('',#602,#610,#612,.T.);
#610 = VERTEX_POINT('',#611);
#611 = CARTESIAN_POINT('',(-63.3,-50.5,-178.8));
#612 = LINE('',#613,#614);
#613 = CARTESIAN_POINT('',(-63.3,-36.13656600715,-178.8));
#614 = VECTOR('',#615,1.);
#615 = DIRECTION('',(0.,-1.,3.410223024625E-16));
#616 = ORIENTED_EDGE('',*,*,#617,.T.);
#617 = EDGE_CURVE('',#610,#618,#620,.T.);
#618 = VERTEX_POINT('',#619);
#619 = CARTESIAN_POINT('',(-63.3,-50.5,-90.));
#620 = LINE('',#621,#622);
#621 = CARTESIAN_POINT('',(-63.3,-50.5,-180.));
#622 = VECTOR('',#623,1.);
#623 = DIRECTION('',(0.,3.310223024625E-16,1.));
#624 = ORIENTED_EDGE('',*,*,#625,.T.);
#625 = EDGE_CURVE('',#618,#576,#626,.T.);
#626 = LINE('',#627,#628);
#627 = CARTESIAN_POINT('',(-63.3,-50.5,-90.));
#628 = VECTOR('',#629,1.);
#629 = DIRECTION('',(-0.,1.,-3.310223024625E-16));
#630 = FACE_BOUND('',#631,.F.);
#631 = EDGE_LOOP('',(#632,#642,#650,#658,#667,#675,#683,#691,#700,#708,
    #716,#724,#732,#740));
#632 = ORIENTED_EDGE('',*,*,#633,.T.);
#633 = EDGE_CURVE('',#634,#636,#638,.T.);
#634 = VERTEX_POINT('',#635);
#635 = CARTESIAN_POINT('',(-63.3,-32.,-151.5));
#636 = VERTEX_POINT('',#637);
#637 = CARTESIAN_POINT('',(-63.3,-34.15,-151.5));
#638 = LINE('',#639,#640);
#639 = CARTESIAN_POINT('',(-63.3,-32.,-151.5));
#640 = VECTOR('',#641,1.);
#641 = DIRECTION('',(0.,-1.,1.110223024625E-16));
#642 = ORIENTED_EDGE('',*,*,#643,.T.);
#643 = EDGE_CURVE('',#636,#644,#646,.T.);
#644 = VERTEX_POINT('',#645);
#645 = CARTESIAN_POINT('',(-63.3,-35.15,-152.5));
#646 = LINE('',#647,#648);
#647 = CARTESIAN_POINT('',(-63.3,-45.6125,-162.9625));
#648 = VECTOR('',#649,1.);
#649 = DIRECTION('',(0.,-0.707106781187,-0.707106781187));
#650 = ORIENTED_EDGE('',*,*,#651,.T.);
#651 = EDGE_CURVE('',#644,#652,#654,.T.);
#652 = VERTEX_POINT('',#653);
#653 = CARTESIAN_POINT('',(-63.3,-35.15,-153.3864471274));
#654 = LINE('',#655,#656);
#655 = CARTESIAN_POINT('',(-63.3,-35.15,-151.5));
#656 = VECTOR('',#657,1.);
#657 = DIRECTION('',(0.,-3.310223024625E-16,-1.));
#658 = ORIENTED_EDGE('',*,*,#659,.F.);
#659 = EDGE_CURVE('',#660,#652,#662,.T.);
#660 = VERTEX_POINT('',#661);
#661 = CARTESIAN_POINT('',(-63.3,-35.15,-155.6135528725));
#662 = CIRCLE('',#663,1.75);
#663 = AXIS2_PLACEMENT_3D('',#664,#665,#666);
#664 = CARTESIAN_POINT('',(-63.3,-36.5,-154.5));
#665 = DIRECTION('',(1.,0.,-0.));
#666 = DIRECTION('',(0.,1.110223024625E-16,1.));
#667 = ORIENTED_EDGE('',*,*,#668,.T.);
#668 = EDGE_CURVE('',#660,#669,#671,.T.);
#669 = VERTEX_POINT('',#670);
#670 = CARTESIAN_POINT('',(-63.3,-35.15,-157.5));
#671 = LINE('',#672,#673);
#672 = CARTESIAN_POINT('',(-63.3,-35.15,-151.5));
#673 = VECTOR('',#674,1.);
#674 = DIRECTION('',(0.,-3.310223024625E-16,-1.));
#675 = ORIENTED_EDGE('',*,*,#676,.F.);
#676 = EDGE_CURVE('',#677,#669,#679,.T.);
#677 = VERTEX_POINT('',#678);
#678 = CARTESIAN_POINT('',(-63.3,-37.85,-157.5));
#679 = LINE('',#680,#681);
#680 = CARTESIAN_POINT('',(-63.3,-37.85,-157.5));
#681 = VECTOR('',#682,1.);
#682 = DIRECTION('',(0.,1.,-1.110223024625E-16));
#683 = ORIENTED_EDGE('',*,*,#684,.F.);
#684 = EDGE_CURVE('',#685,#677,#687,.T.);
#685 = VERTEX_POINT('',#686);
#686 = CARTESIAN_POINT('',(-63.3,-37.85,-155.6135528725));
#687 = LINE('',#688,#689);
#688 = CARTESIAN_POINT('',(-63.3,-37.85,-151.5));
#689 = VECTOR('',#690,1.);
#690 = DIRECTION('',(0.,-3.310223024625E-16,-1.));
#691 = ORIENTED_EDGE('',*,*,#692,.F.);
#692 = EDGE_CURVE('',#693,#685,#695,.T.);
#693 = VERTEX_POINT('',#694);
#694 = CARTESIAN_POINT('',(-63.3,-37.85,-153.3864471274));
#695 = CIRCLE('',#696,1.75);
#696 = AXIS2_PLACEMENT_3D('',#697,#698,#699);
#697 = CARTESIAN_POINT('',(-63.3,-36.5,-154.5));
#698 = DIRECTION('',(1.,0.,-0.));
#699 = DIRECTION('',(0.,1.110223024625E-16,1.));
#700 = ORIENTED_EDGE('',*,*,#701,.F.);
#701 = EDGE_CURVE('',#702,#693,#704,.T.);
#702 = VERTEX_POINT('',#703);
#703 = CARTESIAN_POINT('',(-63.3,-37.85,-152.5));
#704 = LINE('',#705,#706);
#705 = CARTESIAN_POINT('',(-63.3,-37.85,-151.5));
#706 = VECTOR('',#707,1.);
#707 = DIRECTION('',(0.,-3.310223024625E-16,-1.));
#708 = ORIENTED_EDGE('',*,*,#709,.T.);
#709 = EDGE_CURVE('',#702,#710,#712,.T.);
#710 = VERTEX_POINT('',#711);
#711 = CARTESIAN_POINT('',(-63.3,-38.85,-151.5));
#712 = LINE('',#713,#714);
#713 = CARTESIAN_POINT('',(-63.3,-34.3875,-155.9625));
#714 = VECTOR('',#715,1.);
#715 = DIRECTION('',(0.,-0.707106781187,0.707106781187));
#716 = ORIENTED_EDGE('',*,*,#717,.T.);
#717 = EDGE_CURVE('',#710,#718,#720,.T.);
#718 = VERTEX_POINT('',#719);
#719 = CARTESIAN_POINT('',(-63.3,-41.,-151.5));
#720 = LINE('',#721,#722);
#721 = CARTESIAN_POINT('',(-63.3,-32.,-151.5));
#722 = VECTOR('',#723,1.);
#723 = DIRECTION('',(0.,-1.,1.110223024625E-16));
#724 = ORIENTED_EDGE('',*,*,#725,.T.);
#725 = EDGE_CURVE('',#718,#726,#728,.T.);
#726 = VERTEX_POINT('',#727);
#727 = CARTESIAN_POINT('',(-63.3,-41.,-161.5));
#728 = LINE('',#729,#730);
#729 = CARTESIAN_POINT('',(-63.3,-41.,-151.5));
#730 = VECTOR('',#731,1.);
#731 = DIRECTION('',(-0.,-1.110223024625E-16,-1.));
#732 = ORIENTED_EDGE('',*,*,#733,.T.);
#733 = EDGE_CURVE('',#726,#734,#736,.T.);
#734 = VERTEX_POINT('',#735);
#735 = CARTESIAN_POINT('',(-63.3,-32.,-161.5));
#736 = LINE('',#737,#738);
#737 = CARTESIAN_POINT('',(-63.3,-41.,-161.5));
#738 = VECTOR('',#739,1.);
#739 = DIRECTION('',(-0.,1.,-1.110223024625E-16));
#740 = ORIENTED_EDGE('',*,*,#741,.T.);
#741 = EDGE_CURVE('',#734,#634,#742,.T.);
#742 = LINE('',#743,#744);
#743 = CARTESIAN_POINT('',(-63.3,-32.,-161.5));
#744 = VECTOR('',#745,1.);
#745 = DIRECTION('',(0.,1.110223024625E-16,1.));
#746 = PLANE('',#747);
#747 = AXIS2_PLACEMENT_3D('',#748,#749,#750);
#748 = CARTESIAN_POINT('',(-63.3,-50.5,-180.));
#749 = DIRECTION('',(1.,0.,0.));
#750 = DIRECTION('',(0.,-1.,3.310223024625E-16));
#751 = ADVANCED_FACE('',(#752),#770,.T.);
#752 = FACE_BOUND('',#753,.F.);
#753 = EDGE_LOOP('',(#754,#762,#768,#769));
#754 = ORIENTED_EDGE('',*,*,#755,.F.);
#755 = EDGE_CURVE('',#756,#574,#758,.T.);
#756 = VERTEX_POINT('',#757);
#757 = CARTESIAN_POINT('',(-64.5,-31.37574065197,-95.92944763918));
#758 = LINE('',#759,#760);
#759 = CARTESIAN_POINT('',(-65.,-31.37574065197,-95.92944763918));
#760 = VECTOR('',#761,1.);
#761 = DIRECTION('',(1.,0.,0.));
#762 = ORIENTED_EDGE('',*,*,#763,.T.);
#763 = EDGE_CURVE('',#756,#199,#764,.T.);
#764 = LINE('',#765,#766);
#765 = CARTESIAN_POINT('',(-64.5,-18.67392000242,-143.3332876519));
#766 = VECTOR('',#767,1.);
#767 = DIRECTION('',(0.,0.258819045103,-0.965925826289));
#768 = ORIENTED_EDGE('',*,*,#198,.F.);
#769 = ORIENTED_EDGE('',*,*,#584,.F.);
#770 = PLANE('',#771);
#771 = AXIS2_PLACEMENT_3D('',#772,#773,#774);
#772 = CARTESIAN_POINT('',(-65.,-25.70865498103,-117.0792992939));
#773 = DIRECTION('',(0.,0.965925826289,0.258819045103));
#774 = DIRECTION('',(-0.,0.258819045103,-0.965925826289));
#775 = ADVANCED_FACE('',(#776),#811,.T.);
#776 = FACE_BOUND('',#777,.F.);
#777 = EDGE_LOOP('',(#778,#788,#794,#795,#796,#805));
#778 = ORIENTED_EDGE('',*,*,#779,.F.);
#779 = EDGE_CURVE('',#780,#782,#784,.T.);
#780 = VERTEX_POINT('',#781);
#781 = CARTESIAN_POINT('',(-64.5,-50.5,-180.));
#782 = VERTEX_POINT('',#783);
#783 = CARTESIAN_POINT('',(-64.5,-50.5,-90.));
#784 = LINE('',#785,#786);
#785 = CARTESIAN_POINT('',(-64.5,-50.5,-180.));
#786 = VECTOR('',#787,1.);
#787 = DIRECTION('',(0.,3.310223024625E-16,1.));
#788 = ORIENTED_EDGE('',*,*,#789,.T.);
#789 = EDGE_CURVE('',#780,#207,#790,.T.);
#790 = LINE('',#791,#792);
#791 = CARTESIAN_POINT('',(-64.5,-50.5,-180.));
#792 = VECTOR('',#793,1.);
#793 = DIRECTION('',(0.,1.,1.089776975375E-16));
#794 = ORIENTED_EDGE('',*,*,#206,.F.);
#795 = ORIENTED_EDGE('',*,*,#763,.F.);
#796 = ORIENTED_EDGE('',*,*,#797,.T.);
#797 = EDGE_CURVE('',#756,#798,#800,.T.);
#798 = VERTEX_POINT('',#799);
#799 = CARTESIAN_POINT('',(-64.5,-39.10314726228,-90.));
#800 = CIRCLE('',#801,8.);
#801 = AXIS2_PLACEMENT_3D('',#802,#803,#804);
#802 = CARTESIAN_POINT('',(-64.5,-39.10314726228,-98.));
#803 = DIRECTION('',(1.,0.,-0.));
#804 = DIRECTION('',(0.,1.110223024625E-16,1.));
#805 = ORIENTED_EDGE('',*,*,#806,.F.);
#806 = EDGE_CURVE('',#782,#798,#807,.T.);
#807 = LINE('',#808,#809);
#808 = CARTESIAN_POINT('',(-64.5,-50.5,-90.));
#809 = VECTOR('',#810,1.);
#810 = DIRECTION('',(0.,1.,1.089776975375E-16));
#811 = PLANE('',#812);
#812 = AXIS2_PLACEMENT_3D('',#813,#814,#815);
#813 = CARTESIAN_POINT('',(-64.5,-28.31478897464,-142.2385956212));
#814 = DIRECTION('',(-1.,0.,-0.));
#815 = DIRECTION('',(0.,1.,-1.110223024625E-16));
#816 = ADVANCED_FACE('',(#817),#904,.T.);
#817 = FACE_BOUND('',#818,.F.);
#818 = EDGE_LOOP('',(#819,#820,#821,#830,#839,#847,#855,#863,#871,#879,
    #888,#897));
#819 = ORIENTED_EDGE('',*,*,#214,.F.);
#820 = ORIENTED_EDGE('',*,*,#789,.F.);
#821 = ORIENTED_EDGE('',*,*,#822,.T.);
#822 = EDGE_CURVE('',#780,#823,#825,.T.);
#823 = VERTEX_POINT('',#824);
#824 = CARTESIAN_POINT('',(-62.82045683574,-55.40426603963,-180.));
#825 = CIRCLE('',#826,8.);
#826 = AXIS2_PLACEMENT_3D('',#827,#828,#829);
#827 = CARTESIAN_POINT('',(-56.5,-50.5,-180.));
#828 = DIRECTION('',(0.,-1.089776975375E-16,1.));
#829 = DIRECTION('',(-1.,0.,0.));
#830 = ORIENTED_EDGE('',*,*,#831,.T.);
#831 = EDGE_CURVE('',#823,#832,#834,.T.);
#832 = VERTEX_POINT('',#833);
#833 = CARTESIAN_POINT('',(-56.5,-58.5,-180.));
#834 = CIRCLE('',#835,8.);
#835 = AXIS2_PLACEMENT_3D('',#836,#837,#838);
#836 = CARTESIAN_POINT('',(-56.5,-50.5,-180.));
#837 = DIRECTION('',(0.,-1.089776975375E-16,1.));
#838 = DIRECTION('',(-1.,0.,0.));
#839 = ORIENTED_EDGE('',*,*,#840,.T.);
#840 = EDGE_CURVE('',#832,#841,#843,.T.);
#841 = VERTEX_POINT('',#842);
#842 = CARTESIAN_POINT('',(-50.67975809197,-58.5,-180.));
#843 = LINE('',#844,#845);
#844 = CARTESIAN_POINT('',(-56.5,-58.5,-180.));
#845 = VECTOR('',#846,1.);
#846 = DIRECTION('',(1.,0.,0.));
#847 = ORIENTED_EDGE('',*,*,#848,.T.);
#848 = EDGE_CURVE('',#841,#849,#851,.T.);
#849 = VERTEX_POINT('',#850);
#850 = CARTESIAN_POINT('',(-35.53366498286,-58.5,-180.));
#851 = LINE('',#852,#853);
#852 = CARTESIAN_POINT('',(-56.5,-58.5,-180.));
#853 = VECTOR('',#854,1.);
#854 = DIRECTION('',(1.,0.,0.));
#855 = ORIENTED_EDGE('',*,*,#856,.T.);
#856 = EDGE_CURVE('',#849,#857,#859,.T.);
#857 = VERTEX_POINT('',#858);
#858 = CARTESIAN_POINT('',(-22.13698630138,-58.5,-180.));
#859 = LINE('',#860,#861);
#860 = CARTESIAN_POINT('',(-56.5,-58.5,-180.));
#861 = VECTOR('',#862,1.);
#862 = DIRECTION('',(1.,0.,0.));
#863 = ORIENTED_EDGE('',*,*,#864,.F.);
#864 = EDGE_CURVE('',#865,#857,#867,.T.);
#865 = VERTEX_POINT('',#866);
#866 = CARTESIAN_POINT('',(0.,-58.5,-180.));
#867 = LINE('',#868,#869);
#868 = CARTESIAN_POINT('',(56.5,-58.5,-180.));
#869 = VECTOR('',#870,1.);
#870 = DIRECTION('',(-1.,0.,-0.));
#871 = ORIENTED_EDGE('',*,*,#872,.F.);
#872 = EDGE_CURVE('',#873,#865,#875,.T.);
#873 = VERTEX_POINT('',#874);
#874 = CARTESIAN_POINT('',(0.,-51.,-180.));
#875 = LINE('',#876,#877);
#876 = CARTESIAN_POINT('',(0.,-55.38656600715,-180.));
#877 = VECTOR('',#878,1.);
#878 = DIRECTION('',(0.,-1.,1.110223024625E-16));
#879 = ORIENTED_EDGE('',*,*,#880,.F.);
#880 = EDGE_CURVE('',#881,#873,#883,.T.);
#881 = VERTEX_POINT('',#882);
#882 = CARTESIAN_POINT('',(-15.27632866413,-30.05263157894,-180.));
#883 = CIRCLE('',#884,22.);
#884 = AXIS2_PLACEMENT_3D('',#885,#886,#887);
#885 = CARTESIAN_POINT('',(-22.,-51.,-180.));
#886 = DIRECTION('',(-0.,-3.310223024625E-16,-1.));
#887 = DIRECTION('',(-1.,0.,0.));
#888 = ORIENTED_EDGE('',*,*,#889,.F.);
#889 = EDGE_CURVE('',#890,#881,#892,.T.);
#890 = VERTEX_POINT('',#891);
#891 = CARTESIAN_POINT('',(-29.,-32.,-180.));
#892 = CIRCLE('',#893,7.);
#893 = AXIS2_PLACEMENT_3D('',#894,#895,#896);
#894 = CARTESIAN_POINT('',(-22.,-32.,-180.));
#895 = DIRECTION('',(0.,1.110223024625E-16,1.));
#896 = DIRECTION('',(-1.,0.,0.));
#897 = ORIENTED_EDGE('',*,*,#898,.F.);
#898 = EDGE_CURVE('',#215,#890,#899,.T.);
#899 = CIRCLE('',#900,7.);
#900 = AXIS2_PLACEMENT_3D('',#901,#902,#903);
#901 = CARTESIAN_POINT('',(-22.,-32.,-180.));
#902 = DIRECTION('',(0.,1.110223024625E-16,1.));
#903 = DIRECTION('',(-1.,0.,0.));
#904 = PLANE('',#905);
#905 = AXIS2_PLACEMENT_3D('',#906,#907,#908);
#906 = CARTESIAN_POINT('',(0.,-21.7731320143,-180.));
#907 = DIRECTION('',(0.,-1.110223024625E-16,-1.));
#908 = DIRECTION('',(0.,-1.,1.110223024625E-16));
#909 = ADVANCED_FACE('',(#910),#939,.F.);
#910 = FACE_BOUND('',#911,.T.);
#911 = EDGE_LOOP('',(#912,#913,#922,#931,#937,#938));
#912 = ORIENTED_EDGE('',*,*,#222,.F.);
#913 = ORIENTED_EDGE('',*,*,#914,.T.);
#914 = EDGE_CURVE('',#223,#915,#917,.T.);
#915 = VERTEX_POINT('',#916);
#916 = CARTESIAN_POINT('',(-29.,-32.,-178.8));
#917 = CIRCLE('',#918,7.);
#918 = AXIS2_PLACEMENT_3D('',#919,#920,#921);
#919 = CARTESIAN_POINT('',(-22.,-32.,-178.8));
#920 = DIRECTION('',(0.,3.310223024625E-16,1.));
#921 = DIRECTION('',(-1.,0.,0.));
#922 = ORIENTED_EDGE('',*,*,#923,.T.);
#923 = EDGE_CURVE('',#915,#924,#926,.T.);
#924 = VERTEX_POINT('',#925);
#925 = CARTESIAN_POINT('',(-15.27632866413,-30.05263157894,-178.8));
#926 = CIRCLE('',#927,7.);
#927 = AXIS2_PLACEMENT_3D('',#928,#929,#930);
#928 = CARTESIAN_POINT('',(-22.,-32.,-178.8));
#929 = DIRECTION('',(0.,3.310223024625E-16,1.));
#930 = DIRECTION('',(-1.,0.,0.));
#931 = ORIENTED_EDGE('',*,*,#932,.T.);
#932 = EDGE_CURVE('',#924,#881,#933,.T.);
#933 = LINE('',#934,#935);
#934 = CARTESIAN_POINT('',(-15.27632866413,-30.05263157894,-180.));
#935 = VECTOR('',#936,1.);
#936 = DIRECTION('',(0.,-3.310223024625E-16,-1.));
#937 = ORIENTED_EDGE('',*,*,#889,.F.);
#938 = ORIENTED_EDGE('',*,*,#898,.F.);
#939 = CYLINDRICAL_SURFACE('',#940,7.);
#940 = AXIS2_PLACEMENT_3D('',#941,#942,#943);
#941 = CARTESIAN_POINT('',(-22.,-32.,-180.));
#942 = DIRECTION('',(0.,-3.310223024625E-16,-1.));
#943 = DIRECTION('',(-1.,0.,0.));
#944 = ADVANCED_FACE('',(#945,#1247),#1300,.T.);
#945 = FACE_BOUND('',#946,.F.);
#946 = EDGE_LOOP('',(#947,#998,#1008,#1023,#1030,#1031,#1037,#1038,#1039
    ,#1040,#1041,#1050,#1058,#1066,#1074,#1083,#1091,#1099,#1121,#1131,
    #1174,#1206,#1214));
#947 = ORIENTED_EDGE('',*,*,#948,.F.);
#948 = EDGE_CURVE('',#949,#951,#953,.T.);
#949 = VERTEX_POINT('',#950);
#950 = CARTESIAN_POINT('',(-60.94415894826,-57.15202610056,-178.8));
#951 = VERTEX_POINT('',#952);
#952 = CARTESIAN_POINT('',(-51.68465761541,-83.96423542356,
    -178.8000000052));
#953 = B_SPLINE_CURVE_WITH_KNOTS('',7,(#954,#955,#956,#957,#958,#959,
    #960,#961,#962,#963,#964,#965,#966,#967,#968,#969,#970,#971,#972,
    #973,#974,#975,#976,#977,#978,#979,#980,#981,#982,#983,#984,#985,
    #986,#987,#988,#989,#990,#991,#992,#993,#994,#995,#996,#997),
  .UNSPECIFIED.,.F.,.F.,(8,6,6,6,6,6,6,8),(0.,0.340098668585,
    0.574186051587,0.735260109486,0.84528924075,0.920190522721,
    0.971845938802,1.),.UNSPECIFIED.);
#954 = CARTESIAN_POINT('',(-61.67657708153,-55.01522823157,-178.8));
#955 = CARTESIAN_POINT('',(-61.16520226219,-56.50723006011,-178.8));
#956 = CARTESIAN_POINT('',(-60.65378633685,-57.99921767334,-178.8));
#957 = CARTESIAN_POINT('',(-60.1423214798,-59.49118839785,-178.8));
#958 = CARTESIAN_POINT('',(-59.63079628756,-60.98313828282,-178.8));
#959 = CARTESIAN_POINT('',(-59.11919651537,-62.47506235541,-178.8));
#960 = CARTESIAN_POINT('',(-58.60750054812,-63.96695305506,-178.8));
#961 = CARTESIAN_POINT('',(-57.74338017659,-66.48562182837,-178.8));
#962 = CARTESIAN_POINT('',(-57.39102670583,-67.51242445482,-178.8));
#963 = CARTESIAN_POINT('',(-57.03859685223,-68.53920051659,-178.8));
#964 = CARTESIAN_POINT('',(-56.68607257336,-69.56594369638,-178.8));
#965 = CARTESIAN_POINT('',(-56.3334313421,-70.59264599534,-178.8));
#966 = CARTESIAN_POINT('',(-55.98063885679,-71.61929519209,-178.8));
#967 = CARTESIAN_POINT('',(-55.38473230076,-73.3522485544,-178.8));
#968 = CARTESIAN_POINT('',(-55.14173033003,-74.05859190315,-178.8));
#969 = CARTESIAN_POINT('',(-54.8986076266,-74.76489268062,-178.8));
#970 = CARTESIAN_POINT('',(-54.65533536212,-75.47114060055,-178.8));
#971 = CARTESIAN_POINT('',(-54.41187756989,-76.17732249958,-178.8));
#972 = CARTESIAN_POINT('',(-54.16817936783,-76.88341817013,-178.8));
#973 = CARTESIAN_POINT('',(-53.75743994412,-78.07163913026,-178.8));
#974 = CARTESIAN_POINT('',(-53.59057987832,-78.55382889775,-178.8));
#975 = CARTESIAN_POINT('',(-53.42353011032,-79.03595009614,-178.8));
#976 = CARTESIAN_POINT('',(-53.25624549603,-79.51798605857,-178.8));
#977 = CARTESIAN_POINT('',(-53.08866975022,-79.9999150523,-178.8));
#978 = CARTESIAN_POINT('',(-52.92071727611,-80.48170366502,-178.8));
#979 = CARTESIAN_POINT('',(-52.63754050589,-81.29112950794,-178.8));
#980 = CARTESIAN_POINT('',(-52.52260136141,-81.61887159457,-178.8));
#981 = CARTESIAN_POINT('',(-52.40736827524,-81.9465026086,-178.8));
#982 = CARTESIAN_POINT('',(-52.29177244879,-82.27399552485,-178.8));
#983 = CARTESIAN_POINT('',(-52.17572835259,-82.6013140192,-178.8));
#984 = CARTESIAN_POINT('',(-52.05910697247,-82.92840217916,-178.8));
#985 = CARTESIAN_POINT('',(-51.86069428251,-83.48051139824,-178.8));
#986 = CARTESIAN_POINT('',(-51.77932849014,-83.70569772423,-178.8));
#987 = CARTESIAN_POINT('',(-51.69750196811,-83.93069535746,-178.8));
#988 = CARTESIAN_POINT('',(-51.61511591579,-84.15546100329,-178.8));
#989 = CARTESIAN_POINT('',(-51.53202993917,-84.37992441436,-178.8));
#990 = CARTESIAN_POINT('',(-51.44805566279,-84.60398587092,-178.8));
#991 = CARTESIAN_POINT('',(-51.31639643815,-84.9492714429,-178.8));
#992 = CARTESIAN_POINT('',(-51.26958518484,-85.07089820157,-178.8));
#993 = CARTESIAN_POINT('',(-51.22234969547,-85.19232156725,-178.8));
#994 = CARTESIAN_POINT('',(-51.17461837272,-85.31350125153,-178.8));
#995 = CARTESIAN_POINT('',(-51.12630374884,-85.43438084807,-178.8));
#996 = CARTESIAN_POINT('',(-51.07728849887,-85.5548807179,-178.8));
#997 = CARTESIAN_POINT('',(-51.02739960615,-85.67488476923,-178.8));
#998 = ORIENTED_EDGE('',*,*,#999,.F.);
#999 = EDGE_CURVE('',#1000,#949,#1002,.T.);
#1000 = VERTEX_POINT('',#1001);
#1001 = CARTESIAN_POINT('',(-61.66965048465,-55.03543837516,
    -178.7999999999));
#1002 = B_SPLINE_CURVE_WITH_KNOTS('',4,(#1003,#1004,#1005,#1006,#1007),
  .UNSPECIFIED.,.F.,.F.,(5,5),(0.,1.),.PIECEWISE_BEZIER_KNOTS.);
#1003 = CARTESIAN_POINT('',(-61.67657708153,-55.01522823157,-178.8));
#1004 = CARTESIAN_POINT('',(-61.37797765274,-55.88643048265,-178.8));
#1005 = CARTESIAN_POINT('',(-61.07936221088,-56.75762720725,-178.8));
#1006 = CARTESIAN_POINT('',(-60.78072820128,-57.62881752003,-178.8));
#1007 = CARTESIAN_POINT('',(-60.48207153503,-58.5,-178.8));
#1008 = ORIENTED_EDGE('',*,*,#1009,.F.);
#1009 = EDGE_CURVE('',#1010,#1000,#1012,.T.);
#1010 = VERTEX_POINT('',#1011);
#1011 = CARTESIAN_POINT('',(-61.85937126415,-54.68534029415,-178.8));
#1012 = B_SPLINE_CURVE_WITH_KNOTS('',5,(#1013,#1014,#1015,#1016,#1017,
    #1018,#1019,#1020,#1021,#1022),.UNSPECIFIED.,.F.,.F.,(6,4,6),(0.,
    0.51199601779,1.),.UNSPECIFIED.);
#1013 = CARTESIAN_POINT('',(-61.85937126415,-54.68534029415,-178.8));
#1014 = CARTESIAN_POINT('',(-61.83426410407,-54.71748994619,-178.8));
#1015 = CARTESIAN_POINT('',(-61.81044238762,-54.75080491532,-178.8));
#1016 = CARTESIAN_POINT('',(-61.7880092644,-54.78518828498,-178.8));
#1017 = CARTESIAN_POINT('',(-61.76705279776,-54.82052553525,-178.8));
#1018 = CARTESIAN_POINT('',(-61.72913786887,-54.89116074928,-178.8));
#1019 = CARTESIAN_POINT('',(-61.71203794161,-54.92638337281,-178.8));
#1020 = CARTESIAN_POINT('',(-61.6963996262,-54.96224794851,-178.8));
#1021 = CARTESIAN_POINT('',(-61.68226366876,-54.9986383021,-178.8));
#1022 = CARTESIAN_POINT('',(-61.66965265863,-55.0354324906,-178.8));
#1023 = ORIENTED_EDGE('',*,*,#1024,.F.);
#1024 = EDGE_CURVE('',#610,#1010,#1025,.T.);
#1025 = CIRCLE('',#1026,6.8);
#1026 = AXIS2_PLACEMENT_3D('',#1027,#1028,#1029);
#1027 = CARTESIAN_POINT('',(-56.5,-50.5,-178.8));
#1028 = DIRECTION('',(0.,3.310223024625E-16,1.));
#1029 = DIRECTION('',(-1.,0.,0.));
#1030 = ORIENTED_EDGE('',*,*,#609,.F.);
#1031 = ORIENTED_EDGE('',*,*,#1032,.F.);
#1032 = EDGE_CURVE('',#335,#602,#1033,.T.);
#1033 = LINE('',#1034,#1035);
#1034 = CARTESIAN_POINT('',(-60.3,-31.99999999999,-178.8));
#1035 = VECTOR('',#1036,1.);
#1036 = DIRECTION('',(-1.,0.,0.));
#1037 = ORIENTED_EDGE('',*,*,#344,.T.);
#1038 = ORIENTED_EDGE('',*,*,#230,.F.);
#1039 = ORIENTED_EDGE('',*,*,#914,.T.);
#1040 = ORIENTED_EDGE('',*,*,#923,.T.);
#1041 = ORIENTED_EDGE('',*,*,#1042,.T.);
#1042 = EDGE_CURVE('',#924,#1043,#1045,.T.);
#1043 = VERTEX_POINT('',#1044);
#1044 = CARTESIAN_POINT('',(-3.827493293448,-38.59999999998,-178.8));
#1045 = CIRCLE('',#1046,22.);
#1046 = AXIS2_PLACEMENT_3D('',#1047,#1048,#1049);
#1047 = CARTESIAN_POINT('',(-22.,-51.,-178.8));
#1048 = DIRECTION('',(-0.,-3.310223024625E-16,-1.));
#1049 = DIRECTION('',(-1.,0.,0.));
#1050 = ORIENTED_EDGE('',*,*,#1051,.T.);
#1051 = EDGE_CURVE('',#1043,#1052,#1054,.T.);
#1052 = VERTEX_POINT('',#1053);
#1053 = CARTESIAN_POINT('',(-4.4,-38.59999999998,-178.8));
#1054 = LINE('',#1055,#1056);
#1055 = CARTESIAN_POINT('',(-3.827493293448,-38.59999999998,-178.8));
#1056 = VECTOR('',#1057,1.);
#1057 = DIRECTION('',(-1.,0.,0.));
#1058 = ORIENTED_EDGE('',*,*,#1059,.T.);
#1059 = EDGE_CURVE('',#1052,#1060,#1062,.T.);
#1060 = VERTEX_POINT('',#1061);
#1061 = CARTESIAN_POINT('',(-4.4,-47.39999999998,-178.8));
#1062 = LINE('',#1063,#1064);
#1063 = CARTESIAN_POINT('',(-4.4,-38.59999999998,-178.8));
#1064 = VECTOR('',#1065,1.);
#1065 = DIRECTION('',(0.,-1.,-7.888897769754E-14));
#1066 = ORIENTED_EDGE('',*,*,#1067,.F.);
#1067 = EDGE_CURVE('',#1068,#1060,#1070,.T.);
#1068 = VERTEX_POINT('',#1069);
#1069 = CARTESIAN_POINT('',(-0.296544054001,-47.39999999998,-178.8));
#1070 = LINE('',#1071,#1072);
#1071 = CARTESIAN_POINT('',(-0.296544054001,-47.39999999998,-178.8));
#1072 = VECTOR('',#1073,1.);
#1073 = DIRECTION('',(-1.,0.,0.));
#1074 = ORIENTED_EDGE('',*,*,#1075,.T.);
#1075 = EDGE_CURVE('',#1068,#1076,#1078,.T.);
#1076 = VERTEX_POINT('',#1077);
#1077 = CARTESIAN_POINT('',(0.,-51.,-178.8));
#1078 = CIRCLE('',#1079,22.);
#1079 = AXIS2_PLACEMENT_3D('',#1080,#1081,#1082);
#1080 = CARTESIAN_POINT('',(-22.,-51.,-178.8));
#1081 = DIRECTION('',(-0.,-3.310223024625E-16,-1.));
#1082 = DIRECTION('',(-1.,0.,0.));
#1083 = ORIENTED_EDGE('',*,*,#1084,.F.);
#1084 = EDGE_CURVE('',#1085,#1076,#1087,.T.);
#1085 = VERTEX_POINT('',#1086);
#1086 = CARTESIAN_POINT('',(0.,-57.3,-178.8));
#1087 = LINE('',#1088,#1089);
#1088 = CARTESIAN_POINT('',(0.,-56.65634350712,-178.8));
#1089 = VECTOR('',#1090,1.);
#1090 = DIRECTION('',(0.,1.,7.925897769754E-14));
#1091 = ORIENTED_EDGE('',*,*,#1092,.T.);
#1092 = EDGE_CURVE('',#1085,#1093,#1095,.T.);
#1093 = VERTEX_POINT('',#1094);
#1094 = CARTESIAN_POINT('',(-22.14648890407,-57.3,-178.8));
#1095 = LINE('',#1096,#1097);
#1096 = CARTESIAN_POINT('',(2.17E-15,-57.3,-178.8));
#1097 = VECTOR('',#1098,1.);
#1098 = DIRECTION('',(-1.,0.,-0.));
#1099 = ORIENTED_EDGE('',*,*,#1100,.F.);
#1100 = EDGE_CURVE('',#1101,#1093,#1103,.T.);
#1101 = VERTEX_POINT('',#1102);
#1102 = CARTESIAN_POINT('',(-23.09861551551,-57.76946345727,
    -178.8000000017));
#1103 = B_SPLINE_CURVE_WITH_KNOTS('',6,(#1104,#1105,#1106,#1107,#1108,
    #1109,#1110,#1111,#1112,#1113,#1114,#1115,#1116,#1117,#1118,#1119,
    #1120),.UNSPECIFIED.,.F.,.F.,(7,5,5,7),(0.,0.498975666897,
    0.850711936414,1.),.UNSPECIFIED.);
#1104 = CARTESIAN_POINT('',(-23.0986145596,-57.76946346505,-178.8));
#1105 = CARTESIAN_POINT('',(-23.04383747269,-57.6980894191,-178.8));
#1106 = CARTESIAN_POINT('',(-22.98208763558,-57.63092526569,-178.8));
#1107 = CARTESIAN_POINT('',(-22.91383839993,-57.56908942414,-178.8));
#1108 = CARTESIAN_POINT('',(-22.83981234903,-57.5135465157,-178.8));
#1109 = CARTESIAN_POINT('',(-22.76092848772,-57.4650836046,-178.8));
#1110 = CARTESIAN_POINT('',(-22.62004002937,-57.39545250565,-178.8));
#1111 = CARTESIAN_POINT('',(-22.55991435435,-57.37044559883,-178.8));
#1112 = CARTESIAN_POINT('',(-22.49829572138,-57.3494100007,-178.8));
#1113 = CARTESIAN_POINT('',(-22.43558793941,-57.3324664685,-178.8));
#1114 = CARTESIAN_POINT('',(-22.37220839003,-57.31966720581,-178.8));
#1115 = CARTESIAN_POINT('',(-22.28157211425,-57.30731426605,-178.8));
#1116 = CARTESIAN_POINT('',(-22.25451995986,-57.30437689156,-178.8));
#1117 = CARTESIAN_POINT('',(-22.22745407155,-57.30218150156,-178.8));
#1118 = CARTESIAN_POINT('',(-22.20040594687,-57.30072448238,-178.8));
#1119 = CARTESIAN_POINT('',(-22.17340666141,-57.3,-178.8));
#1120 = CARTESIAN_POINT('',(-22.14648686874,-57.3,-178.8));
#1121 = ORIENTED_EDGE('',*,*,#1122,.T.);
#1122 = EDGE_CURVE('',#1101,#1123,#1125,.T.);
#1123 = VERTEX_POINT('',#1124);
#1124 = CARTESIAN_POINT('',(-23.65928438878,-58.5,-178.8));
#1125 = B_SPLINE_CURVE_WITH_KNOTS('',4,(#1126,#1127,#1128,#1129,#1130),
  .UNSPECIFIED.,.F.,.F.,(5,5),(0.,1.),.PIECEWISE_BEZIER_KNOTS.);
#1126 = CARTESIAN_POINT('',(-20.72287735864,-54.6737563923,-178.8));
#1127 = CARTESIAN_POINT('',(-21.45695615952,-55.63033498887,-178.8));
#1128 = CARTESIAN_POINT('',(-22.19104844146,-56.58690319818,-178.8));
#1129 = CARTESIAN_POINT('',(-22.92515654125,-57.54345921533,-178.8));
#1130 = CARTESIAN_POINT('',(-23.65928438759,-58.5,-178.8));
#1131 = ORIENTED_EDGE('',*,*,#1132,.T.);
#1132 = EDGE_CURVE('',#1123,#1133,#1135,.T.);
#1133 = VERTEX_POINT('',#1134);
#1134 = CARTESIAN_POINT('',(-43.90156342963,-84.74449043919,
    -178.7999999899));
#1135 = B_SPLINE_CURVE_WITH_KNOTS('',7,(#1136,#1137,#1138,#1139,#1140,
    #1141,#1142,#1143,#1144,#1145,#1146,#1147,#1148,#1149,#1150,#1151,
    #1152,#1153,#1154,#1155,#1156,#1157,#1158,#1159,#1160,#1161,#1162,
    #1163,#1164,#1165,#1166,#1167,#1168,#1169,#1170,#1171,#1172,#1173),
  .UNSPECIFIED.,.F.,.F.,(8,6,6,6,6,6,8),(0.,0.345161943634,
    0.582677196893,0.745560639141,0.858325393687,0.935432297998,1.),
  .UNSPECIFIED.);
#1136 = CARTESIAN_POINT('',(-23.18357516264,-57.88016257732,-178.8));
#1137 = CARTESIAN_POINT('',(-24.22635562958,-59.23889342992,-178.8));
#1138 = CARTESIAN_POINT('',(-25.26916880479,-60.59759901861,-178.8));
#1139 = CARTESIAN_POINT('',(-26.31202096954,-61.95627453513,-178.8));
#1140 = CARTESIAN_POINT('',(-27.3549212932,-63.31491288839,-178.8));
#1141 = CARTESIAN_POINT('',(-28.3978812093,-64.67350518707,-178.8));
#1142 = CARTESIAN_POINT('',(-29.44091811929,-66.03203788049,-178.8));
#1143 = CARTESIAN_POINT('',(-31.20187987479,-68.32527177212,-178.8));
#1144 = CARTESIAN_POINT('',(-31.91974769679,-69.26001704008,-178.8));
#1145 = CARTESIAN_POINT('',(-32.6376769036,-70.19471470452,-178.8));
#1146 = CARTESIAN_POINT('',(-33.35568214138,-71.129353354,-178.8));
#1147 = CARTESIAN_POINT('',(-34.07378164547,-72.06391863468,-178.8));
#1148 = CARTESIAN_POINT('',(-34.79200326674,-72.9983885717,-178.8));
#1149 = CARTESIAN_POINT('',(-36.00305871358,-74.57347245009,-178.8));
#1150 = CARTESIAN_POINT('',(-36.4958010589,-75.21415759201,-178.8));
#1151 = CARTESIAN_POINT('',(-36.9886406509,-75.85476657637,-178.8));
#1152 = CARTESIAN_POINT('',(-37.48160083182,-76.49528097113,-178.8));
#1153 = CARTESIAN_POINT('',(-37.97471062059,-77.13567743737,-178.8));
#1154 = CARTESIAN_POINT('',(-38.46801433296,-77.77592018395,-178.8));
#1155 = CARTESIAN_POINT('',(-39.30329822362,-78.85903565565,-178.8));
#1156 = CARTESIAN_POINT('',(-39.64513524306,-79.30202112587,-178.8));
#1157 = CARTESIAN_POINT('',(-39.98713001849,-79.74488088294,-178.8));
#1158 = CARTESIAN_POINT('',(-40.32932081731,-80.18758398574,-178.8));
#1159 = CARTESIAN_POINT('',(-40.67175496672,-80.63009085708,-178.8));
#1160 = CARTESIAN_POINT('',(-41.01450482322,-81.07234051506,-178.8));
#1161 = CARTESIAN_POINT('',(-41.59237592645,-81.81637559934,-178.8));
#1162 = CARTESIAN_POINT('',(-41.82725755793,-82.11835413158,-178.8));
#1163 = CARTESIAN_POINT('',(-42.062390114,-82.42012621934,-178.8));
#1164 = CARTESIAN_POINT('',(-42.29783350149,-82.72164121213,-178.8));
#1165 = CARTESIAN_POINT('',(-42.53366130272,-83.02283297061,-178.8));
#1166 = CARTESIAN_POINT('',(-42.76998490143,-83.32359983898,-178.8));
#1167 = CARTESIAN_POINT('',(-43.20548091969,-83.87511087221,-178.8));
#1168 = CARTESIAN_POINT('',(-43.40442744182,-84.1260134716,-178.8));
#1169 = CARTESIAN_POINT('',(-43.60398635324,-84.37638627022,-178.8));
#1170 = CARTESIAN_POINT('',(-43.80431785631,-84.6260881962,-178.8));
#1171 = CARTESIAN_POINT('',(-44.00566740784,-84.87485947335,-178.8));
#1172 = CARTESIAN_POINT('',(-44.20834916782,-85.12233488406,-178.8));
#1173 = CARTESIAN_POINT('',(-44.41313379614,-85.36769605938,-178.8));
#1174 = ORIENTED_EDGE('',*,*,#1175,.F.);
#1175 = EDGE_CURVE('',#1176,#1133,#1178,.T.);
#1176 = VERTEX_POINT('',#1177);
#1177 = CARTESIAN_POINT('',(-46.12099659041,-85.8,-178.8));
#1178 = B_SPLINE_CURVE_WITH_KNOTS('',6,(#1179,#1180,#1181,#1182,#1183,
    #1184,#1185,#1186,#1187,#1188,#1189,#1190,#1191,#1192,#1193,#1194,
    #1195,#1196,#1197,#1198,#1199,#1200,#1201,#1202,#1203,#1204,#1205),
  .UNSPECIFIED.,.F.,.F.,(7,5,5,5,5,7),(0.,1.919984656669E-02,
    0.26562732085,0.510743268067,0.755167552787,1.),.UNSPECIFIED.);
#1179 = CARTESIAN_POINT('',(-46.12099659041,-85.8,-178.8));
#1180 = CARTESIAN_POINT('',(-46.11393068849,-85.8,-178.8));
#1181 = CARTESIAN_POINT('',(-46.10684322675,-85.79997829766,-178.8));
#1182 = CARTESIAN_POINT('',(-46.09973448126,-85.79993467748,-178.8));
#1183 = CARTESIAN_POINT('',(-46.09260473656,-85.79986892773,-178.8));
#1184 = CARTESIAN_POINT('',(-46.0854542856,-85.79978084042,-178.8));
#1185 = CARTESIAN_POINT('',(-45.9862464506,-85.7982503014,-178.8));
#1186 = CARTESIAN_POINT('',(-45.89084709917,-85.79311725323,-178.8));
#1187 = CARTESIAN_POINT('',(-45.79272661747,-85.78383760681,-178.8));
#1188 = CARTESIAN_POINT('',(-45.69271960583,-85.77009474553,-178.8));
#1189 = CARTESIAN_POINT('',(-45.59158407309,-85.75171596423,-178.8));
#1190 = CARTESIAN_POINT('',(-45.38899733738,-85.70566095294,-178.8));
#1191 = CARTESIAN_POINT('',(-45.28754880018,-85.6780345935,-178.8));
#1192 = CARTESIAN_POINT('',(-45.18635777043,-85.64567502678,-178.8));
#1193 = CARTESIAN_POINT('',(-45.08603872072,-85.60861019404,-178.8));
#1194 = CARTESIAN_POINT('',(-44.98713316512,-85.5669475842,-178.8));
#1195 = CARTESIAN_POINT('',(-44.7933747067,-85.4749008266,-178.8));
#1196 = CARTESIAN_POINT('',(-44.69851187002,-85.42454199904,-178.8));
#1197 = CARTESIAN_POINT('',(-44.60600055488,-85.36995341852,-178.8));
#1198 = CARTESIAN_POINT('',(-44.51624959881,-85.31137120258,-178.8));
#1199 = CARTESIAN_POINT('',(-44.42960388288,-85.24908098035,-178.8));
#1200 = CARTESIAN_POINT('',(-44.26294417282,-85.11761335882,-178.8));
#1201 = CARTESIAN_POINT('',(-44.18294151881,-85.04842467566,-178.8));
#1202 = CARTESIAN_POINT('',(-44.10661776308,-84.97615693389,-178.8));
#1203 = CARTESIAN_POINT('',(-44.03418891748,-84.90116457282,-178.8));
#1204 = CARTESIAN_POINT('',(-43.96580715825,-84.82381873914,-178.8));
#1205 = CARTESIAN_POINT('',(-43.90156315786,-84.7444905304,-178.8));
#1206 = ORIENTED_EDGE('',*,*,#1207,.T.);
#1207 = EDGE_CURVE('',#1176,#1208,#1210,.T.);
#1208 = VERTEX_POINT('',#1209);
#1209 = CARTESIAN_POINT('',(-49.29416656747,-85.8,-178.8));
#1210 = LINE('',#1211,#1212);
#1211 = CARTESIAN_POINT('',(-46.0625,-85.8,-178.8));
#1212 = VECTOR('',#1213,1.);
#1213 = DIRECTION('',(-1.,0.,-0.));
#1214 = ORIENTED_EDGE('',*,*,#1215,.T.);
#1215 = EDGE_CURVE('',#1208,#951,#1216,.T.);
#1216 = B_SPLINE_CURVE_WITH_KNOTS('',8,(#1217,#1218,#1219,#1220,#1221,
    #1222,#1223,#1224,#1225,#1226,#1227,#1228,#1229,#1230,#1231,#1232,
    #1233,#1234,#1235,#1236,#1237,#1238,#1239,#1240,#1241,#1242,#1243,
    #1244,#1245,#1246),.UNSPECIFIED.,.F.,.F.,(9,7,7,7,9),(0.,
    0.156306703085,0.369774134267,0.581220389452,1.),.UNSPECIFIED.);
#1217 = CARTESIAN_POINT('',(-49.29416656748,-85.79999999999,-178.8));
#1218 = CARTESIAN_POINT('',(-49.32395467853,-85.8,-178.8));
#1219 = CARTESIAN_POINT('',(-49.35638956858,-85.79914547309,-178.8));
#1220 = CARTESIAN_POINT('',(-49.39176355098,-85.7972615484,-178.8));
#1221 = CARTESIAN_POINT('',(-49.43026738907,-85.79414113619,-178.8));
#1222 = CARTESIAN_POINT('',(-49.47190741054,-85.78957600806,-178.8));
#1223 = CARTESIAN_POINT('',(-49.51652256478,-85.7833878304,-178.8));
#1224 = CARTESIAN_POINT('',(-49.56384653692,-85.77544527277,-178.8));
#1225 = CARTESIAN_POINT('',(-49.68145355057,-85.75228047185,-178.8));
#1226 = CARTESIAN_POINT('',(-49.75380840773,-85.7354576047,-178.8));
#1227 = CARTESIAN_POINT('',(-49.82982201619,-85.71494145585,-178.8));
#1228 = CARTESIAN_POINT('',(-49.90853356134,-85.69061790572,-178.8));
#1229 = CARTESIAN_POINT('',(-49.98908169698,-85.66246853174,-178.8));
#1230 = CARTESIAN_POINT('',(-50.07072955296,-85.6305152218,-178.8));
#1231 = CARTESIAN_POINT('',(-50.15284033344,-85.59482072039,-178.8));
#1232 = CARTESIAN_POINT('',(-50.31612253522,-85.51649902365,-178.8));
#1233 = CARTESIAN_POINT('',(-50.39730005151,-85.4739384193,-178.8));
#1234 = CARTESIAN_POINT('',(-50.47788073663,-85.42787407787,-178.8));
#1235 = CARTESIAN_POINT('',(-50.55742385002,-85.37841475114,-178.8));
#1236 = CARTESIAN_POINT('',(-50.6355526311,-85.32569260123,-178.8));
#1237 = CARTESIAN_POINT('',(-50.7119420827,-85.26986015153,-178.8));
#1238 = CARTESIAN_POINT('',(-50.78631140409,-85.21108723571,-178.8));
#1239 = CARTESIAN_POINT('',(-51.00123778753,-85.02769618672,-178.8));
#1240 = CARTESIAN_POINT('',(-51.13518033191,-84.89503066919,-178.8));
#1241 = CARTESIAN_POINT('',(-51.25838002359,-84.75300161549,-178.8));
#1242 = CARTESIAN_POINT('',(-51.36954922459,-84.60329808525,-178.8));
#1243 = CARTESIAN_POINT('',(-51.46789973221,-84.44776341385,-178.8));
#1244 = CARTESIAN_POINT('',(-51.5531009089,-84.28826163746,-178.8));
#1245 = CARTESIAN_POINT('',(-51.62522898536,-84.12655411499,-178.8));
#1246 = CARTESIAN_POINT('',(-51.68465897033,-83.96423555778,-178.8));
#1247 = FACE_BOUND('',#1248,.F.);
#1248 = EDGE_LOOP('',(#1249,#1259,#1268,#1276,#1285,#1293));
#1249 = ORIENTED_EDGE('',*,*,#1250,.F.);
#1250 = EDGE_CURVE('',#1251,#1253,#1255,.T.);
#1251 = VERTEX_POINT('',#1252);
#1252 = CARTESIAN_POINT('',(-33.94680220025,-61.71731939488,-178.8));
#1253 = VERTEX_POINT('',#1254);
#1254 = CARTESIAN_POINT('',(-44.41817521395,-75.36750207346,-178.8));
#1255 = LINE('',#1256,#1257);
#1256 = CARTESIAN_POINT('',(-25.73824684131,-51.01688115912,-178.8));
#1257 = VECTOR('',#1258,1.);
#1258 = DIRECTION('',(-0.608659697441,-0.793431391307,
    -5.811191142009E-14));
#1259 = ORIENTED_EDGE('',*,*,#1260,.T.);
#1260 = EDGE_CURVE('',#1251,#1261,#1263,.T.);
#1261 = VERTEX_POINT('',#1262);
#1262 = CARTESIAN_POINT('',(-35.53366498286,-58.5,-178.8));
#1263 = CIRCLE('',#1264,2.);
#1264 = AXIS2_PLACEMENT_3D('',#1265,#1266,#1267);
#1265 = CARTESIAN_POINT('',(-35.53366498286,-60.5,-178.8));
#1266 = DIRECTION('',(0.,3.310223024625E-16,1.));
#1267 = DIRECTION('',(-1.,0.,0.));
#1268 = ORIENTED_EDGE('',*,*,#1269,.F.);
#1269 = EDGE_CURVE('',#1270,#1261,#1272,.T.);
#1270 = VERTEX_POINT('',#1271);
#1271 = CARTESIAN_POINT('',(-50.67975809197,-58.5,-178.8));
#1272 = LINE('',#1273,#1274);
#1273 = CARTESIAN_POINT('',(-17.76683249982,-58.5,-178.8));
#1274 = VECTOR('',#1275,1.);
#1275 = DIRECTION('',(1.,0.,0.));
#1276 = ORIENTED_EDGE('',*,*,#1277,.T.);
#1277 = EDGE_CURVE('',#1270,#1278,#1280,.T.);
#1278 = VERTEX_POINT('',#1279);
#1279 = CARTESIAN_POINT('',(-52.57187706522,-61.14798594974,-178.8));
#1280 = CIRCLE('',#1281,2.);
#1281 = AXIS2_PLACEMENT_3D('',#1282,#1283,#1284);
#1282 = CARTESIAN_POINT('',(-50.67975809197,-60.5,-178.8));
#1283 = DIRECTION('',(0.,3.310223024625E-16,1.));
#1284 = DIRECTION('',(-1.,0.,0.));
#1285 = ORIENTED_EDGE('',*,*,#1286,.F.);
#1286 = EDGE_CURVE('',#1287,#1278,#1289,.T.);
#1287 = VERTEX_POINT('',#1288);
#1288 = CARTESIAN_POINT('',(-47.89715696981,-74.79816862832,-178.8));
#1289 = LINE('',#1290,#1291);
#1290 = CARTESIAN_POINT('',(-54.26738264329,-56.19710966178,-178.8));
#1291 = VECTOR('',#1292,1.);
#1292 = DIRECTION('',(-0.323992974872,0.946059486625,6.928496629753E-14)
  );
#1293 = ORIENTED_EDGE('',*,*,#1294,.T.);
#1294 = EDGE_CURVE('',#1287,#1253,#1295,.T.);
#1295 = CIRCLE('',#1296,2.);
#1296 = AXIS2_PLACEMENT_3D('',#1297,#1298,#1299);
#1297 = CARTESIAN_POINT('',(-46.00503799656,-74.15018267858,-178.8));
#1298 = DIRECTION('',(0.,3.310223024625E-16,1.));
#1299 = DIRECTION('',(-1.,0.,0.));
#1300 = PLANE('',#1301);
#1301 = AXIS2_PLACEMENT_3D('',#1302,#1303,#1304);
#1302 = CARTESIAN_POINT('',(-1.012673122E-08,-24.31268701425,-178.8));
#1303 = DIRECTION('',(0.,-7.925897769754E-14,1.));
#1304 = DIRECTION('',(0.,1.,7.925897769754E-14));
#1305 = ADVANCED_FACE('',(#1306),#1312,.F.);
#1306 = FACE_BOUND('',#1307,.T.);
#1307 = EDGE_LOOP('',(#1308,#1309,#1310,#1311));
#1308 = ORIENTED_EDGE('',*,*,#334,.T.);
#1309 = ORIENTED_EDGE('',*,*,#320,.T.);
#1310 = ORIENTED_EDGE('',*,*,#601,.F.);
#1311 = ORIENTED_EDGE('',*,*,#1032,.F.);
#1312 = PLANE('',#1313);
#1313 = AXIS2_PLACEMENT_3D('',#1314,#1315,#1316);
#1314 = CARTESIAN_POINT('',(-60.3,-31.99999999999,-178.8));
#1315 = DIRECTION('',(0.,1.,7.915897769754E-14));
#1316 = DIRECTION('',(1.,0.,0.));
#1317 = ADVANCED_FACE('',(#1318),#1332,.F.);
#1318 = FACE_BOUND('',#1319,.T.);
#1319 = EDGE_LOOP('',(#1320,#1321,#1322,#1323,#1329,#1330,#1331));
#1320 = ORIENTED_EDGE('',*,*,#367,.T.);
#1321 = ORIENTED_EDGE('',*,*,#391,.T.);
#1322 = ORIENTED_EDGE('',*,*,#422,.T.);
#1323 = ORIENTED_EDGE('',*,*,#1324,.T.);
#1324 = EDGE_CURVE('',#415,#504,#1325,.T.);
#1325 = LINE('',#1326,#1327);
#1326 = CARTESIAN_POINT('',(-60.8,-33.4,-139.8));
#1327 = VECTOR('',#1328,1.);
#1328 = DIRECTION('',(0.,1.110223024625E-16,1.));
#1329 = ORIENTED_EDGE('',*,*,#534,.T.);
#1330 = ORIENTED_EDGE('',*,*,#549,.F.);
#1331 = ORIENTED_EDGE('',*,*,#592,.F.);
#1332 = PLANE('',#1333);
#1333 = AXIS2_PLACEMENT_3D('',#1334,#1335,#1336);
#1334 = CARTESIAN_POINT('',(-63.3,-33.4,-139.8));
#1335 = DIRECTION('',(-0.,1.,-1.110223024625E-16));
#1336 = DIRECTION('',(0.,-1.110223024625E-16,-1.));
#1337 = ADVANCED_FACE('',(#1338),#1356,.T.);
#1338 = FACE_BOUND('',#1339,.T.);
#1339 = EDGE_LOOP('',(#1340,#1348,#1349,#1350));
#1340 = ORIENTED_EDGE('',*,*,#1341,.F.);
#1341 = EDGE_CURVE('',#415,#1342,#1344,.T.);
#1342 = VERTEX_POINT('',#1343);
#1343 = CARTESIAN_POINT('',(-60.8,-33.9,-135.95));
#1344 = LINE('',#1345,#1346);
#1345 = CARTESIAN_POINT('',(-60.8,-33.5375,-136.3125));
#1346 = VECTOR('',#1347,1.);
#1347 = DIRECTION('',(0.,-0.707106781187,0.707106781187));
#1348 = ORIENTED_EDGE('',*,*,#445,.T.);
#1349 = ORIENTED_EDGE('',*,*,#487,.T.);
#1350 = ORIENTED_EDGE('',*,*,#1351,.F.);
#1351 = EDGE_CURVE('',#1342,#480,#1352,.T.);
#1352 = LINE('',#1353,#1354);
#1353 = CARTESIAN_POINT('',(-60.8,-33.9,-135.95));
#1354 = VECTOR('',#1355,1.);
#1355 = DIRECTION('',(1.,0.,0.));
#1356 = PLANE('',#1357);
#1357 = AXIS2_PLACEMENT_3D('',#1358,#1359,#1360);
#1358 = CARTESIAN_POINT('',(-60.8,-33.65,-136.2));
#1359 = DIRECTION('',(0.,-0.707106781187,-0.707106781187));
#1360 = DIRECTION('',(1.,0.,0.));
#1361 = ADVANCED_FACE('',(#1362),#1380,.F.);
#1362 = FACE_BOUND('',#1363,.T.);
#1363 = EDGE_LOOP('',(#1364,#1372,#1373,#1374));
#1364 = ORIENTED_EDGE('',*,*,#1365,.F.);
#1365 = EDGE_CURVE('',#1342,#1366,#1368,.T.);
#1366 = VERTEX_POINT('',#1367);
#1367 = CARTESIAN_POINT('',(-60.8,-33.9,-132.95));
#1368 = LINE('',#1369,#1370);
#1369 = CARTESIAN_POINT('',(-60.8,-33.9,-136.45));
#1370 = VECTOR('',#1371,1.);
#1371 = DIRECTION('',(0.,1.110223024625E-16,1.));
#1372 = ORIENTED_EDGE('',*,*,#1351,.T.);
#1373 = ORIENTED_EDGE('',*,*,#479,.T.);
#1374 = ORIENTED_EDGE('',*,*,#1375,.F.);
#1375 = EDGE_CURVE('',#1366,#472,#1376,.T.);
#1376 = LINE('',#1377,#1378);
#1377 = CARTESIAN_POINT('',(-60.8,-33.9,-132.95));
#1378 = VECTOR('',#1379,1.);
#1379 = DIRECTION('',(1.,0.,0.));
#1380 = PLANE('',#1381);
#1381 = AXIS2_PLACEMENT_3D('',#1382,#1383,#1384);
#1382 = CARTESIAN_POINT('',(-60.8,-33.9,-136.45));
#1383 = DIRECTION('',(-0.,1.,-1.110223024625E-16));
#1384 = DIRECTION('',(0.,-1.110223024625E-16,-1.));
#1385 = ADVANCED_FACE('',(#1386),#1397,.T.);
#1386 = FACE_BOUND('',#1387,.F.);
#1387 = EDGE_LOOP('',(#1388,#1394,#1395,#1396));
#1388 = ORIENTED_EDGE('',*,*,#1389,.F.);
#1389 = EDGE_CURVE('',#504,#1366,#1390,.T.);
#1390 = LINE('',#1391,#1392);
#1391 = CARTESIAN_POINT('',(-60.8,-33.5375,-132.5875));
#1392 = VECTOR('',#1393,1.);
#1393 = DIRECTION('',(0.,-0.707106781187,-0.707106781187));
#1394 = ORIENTED_EDGE('',*,*,#511,.T.);
#1395 = ORIENTED_EDGE('',*,*,#471,.T.);
#1396 = ORIENTED_EDGE('',*,*,#1375,.F.);
#1397 = PLANE('',#1398);
#1398 = AXIS2_PLACEMENT_3D('',#1399,#1400,#1401);
#1399 = CARTESIAN_POINT('',(-60.8,-33.65,-132.7));
#1400 = DIRECTION('',(0.,-0.707106781187,0.707106781187));
#1401 = DIRECTION('',(-1.,-0.,0.));
#1402 = ADVANCED_FACE('',(#1403),#1414,.T.);
#1403 = FACE_BOUND('',#1404,.F.);
#1404 = EDGE_LOOP('',(#1405,#1406,#1407,#1408));
#1405 = ORIENTED_EDGE('',*,*,#797,.F.);
#1406 = ORIENTED_EDGE('',*,*,#755,.T.);
#1407 = ORIENTED_EDGE('',*,*,#573,.T.);
#1408 = ORIENTED_EDGE('',*,*,#1409,.F.);
#1409 = EDGE_CURVE('',#798,#576,#1410,.T.);
#1410 = LINE('',#1411,#1412);
#1411 = CARTESIAN_POINT('',(-65.,-39.10314726228,-90.));
#1412 = VECTOR('',#1413,1.);
#1413 = DIRECTION('',(1.,0.,0.));
#1414 = CYLINDRICAL_SURFACE('',#1415,8.);
#1415 = AXIS2_PLACEMENT_3D('',#1416,#1417,#1418);
#1416 = CARTESIAN_POINT('',(-65.,-39.10314726228,-98.));
#1417 = DIRECTION('',(-1.,0.,-0.));
#1418 = DIRECTION('',(0.,1.110223024625E-16,1.));
#1419 = ADVANCED_FACE('',(#1420),#1465,.T.);
#1420 = FACE_BOUND('',#1421,.F.);
#1421 = EDGE_LOOP('',(#1422,#1432,#1440,#1448,#1455,#1456,#1457,#1458));
#1422 = ORIENTED_EDGE('',*,*,#1423,.T.);
#1423 = EDGE_CURVE('',#1424,#1426,#1428,.T.);
#1424 = VERTEX_POINT('',#1425);
#1425 = CARTESIAN_POINT('',(-56.5,-57.3,-90.));
#1426 = VERTEX_POINT('',#1427);
#1427 = CARTESIAN_POINT('',(0.,-57.3,-90.));
#1428 = LINE('',#1429,#1430);
#1429 = CARTESIAN_POINT('',(-56.5,-57.3,-90.));
#1430 = VECTOR('',#1431,1.);
#1431 = DIRECTION('',(1.,0.,0.));
#1432 = ORIENTED_EDGE('',*,*,#1433,.F.);
#1433 = EDGE_CURVE('',#1434,#1426,#1436,.T.);
#1434 = VERTEX_POINT('',#1435);
#1435 = CARTESIAN_POINT('',(0.,-58.5,-90.));
#1436 = LINE('',#1437,#1438);
#1437 = CARTESIAN_POINT('',(0.,-55.375,-90.));
#1438 = VECTOR('',#1439,1.);
#1439 = DIRECTION('',(-0.,1.,-1.110223024625E-16));
#1440 = ORIENTED_EDGE('',*,*,#1441,.F.);
#1441 = EDGE_CURVE('',#1442,#1434,#1444,.T.);
#1442 = VERTEX_POINT('',#1443);
#1443 = CARTESIAN_POINT('',(-56.5,-58.5,-90.));
#1444 = LINE('',#1445,#1446);
#1445 = CARTESIAN_POINT('',(-56.5,-58.5,-90.));
#1446 = VECTOR('',#1447,1.);
#1447 = DIRECTION('',(1.,0.,0.));
#1448 = ORIENTED_EDGE('',*,*,#1449,.F.);
#1449 = EDGE_CURVE('',#782,#1442,#1450,.T.);
#1450 = CIRCLE('',#1451,8.);
#1451 = AXIS2_PLACEMENT_3D('',#1452,#1453,#1454);
#1452 = CARTESIAN_POINT('',(-56.5,-50.5,-90.));
#1453 = DIRECTION('',(0.,-1.089776975375E-16,1.));
#1454 = DIRECTION('',(-1.,0.,0.));
#1455 = ORIENTED_EDGE('',*,*,#806,.T.);
#1456 = ORIENTED_EDGE('',*,*,#1409,.T.);
#1457 = ORIENTED_EDGE('',*,*,#625,.F.);
#1458 = ORIENTED_EDGE('',*,*,#1459,.T.);
#1459 = EDGE_CURVE('',#618,#1424,#1460,.T.);
#1460 = CIRCLE('',#1461,6.8);
#1461 = AXIS2_PLACEMENT_3D('',#1462,#1463,#1464);
#1462 = CARTESIAN_POINT('',(-56.5,-50.5,-90.));
#1463 = DIRECTION('',(0.,3.310223024625E-16,1.));
#1464 = DIRECTION('',(-1.,0.,0.));
#1465 = PLANE('',#1466);
#1466 = AXIS2_PLACEMENT_3D('',#1467,#1468,#1469);
#1467 = CARTESIAN_POINT('',(-1.048E-14,-21.75,-90.));
#1468 = DIRECTION('',(0.,1.110223024625E-16,1.));
#1469 = DIRECTION('',(0.,1.,-1.110223024625E-16));
#1470 = ADVANCED_FACE('',(#1471),#1507,.F.);
#1471 = FACE_BOUND('',#1472,.T.);
#1472 = EDGE_LOOP('',(#1473,#1498,#1499,#1500,#1501));
#1473 = ORIENTED_EDGE('',*,*,#1474,.T.);
#1474 = EDGE_CURVE('',#1475,#1010,#1477,.T.);
#1475 = VERTEX_POINT('',#1476);
#1476 = CARTESIAN_POINT('',(-56.5,-57.3,-153.7056393294));
#1477 = ( BOUNDED_CURVE() B_SPLINE_CURVE(7,(#1478,#1479,#1480,#1481,
    #1482,#1483,#1484,#1485,#1486,#1487,#1488,#1489,#1490,#1491,#1492,
    #1493,#1494,#1495,#1496,#1497),.UNSPECIFIED.,.F.,.F.) 
B_SPLINE_CURVE_WITH_KNOTS((8,6,6,8),(0.,1.687403955182E-02,
0.542971804102,1.),.UNSPECIFIED.) CURVE() GEOMETRIC_REPRESENTATION_ITEM(
) RATIONAL_B_SPLINE_CURVE((1.,1.,1.,1.,1.,1.,1.,1.,1.,1.,1.,1.,1.,1.,1.,
1.,1.,1.,1.,1.)) REPRESENTATION_ITEM('') );
#1478 = CARTESIAN_POINT('',(-56.5,-57.3,-153.7056393294));
#1479 = CARTESIAN_POINT('',(-56.52467725933,-57.3,-153.7670926629));
#1480 = CARTESIAN_POINT('',(-56.54929757245,-57.29989551987,
    -153.8285621121));
#1481 = CARTESIAN_POINT('',(-56.57386040597,-57.29968742939,
    -153.890047571));
#1482 = CARTESIAN_POINT('',(-56.59836537459,-57.29937659475,
    -153.9515489641));
#1483 = CARTESIAN_POINT('',(-56.62281215984,-57.29896387884,
    -154.0130662247));
#1484 = CARTESIAN_POINT('',(-56.64720042879,-57.29845014151,
    -154.074599273));
#1485 = CARTESIAN_POINT('',(-57.43006791802,-57.27869605179,
    -156.0551102625));
#1486 = CARTESIAN_POINT('',(-58.13092504835,-57.16216989976,
    -157.9884112676));
#1487 = CARTESIAN_POINT('',(-58.76434075066,-56.97456100691,
    -159.9348635339));
#1488 = CARTESIAN_POINT('',(-59.33048494723,-56.73755672338,
    -161.891969155));
#1489 = CARTESIAN_POINT('',(-59.83235477768,-56.46743162068,
    -163.8574718016));
#1490 = CARTESIAN_POINT('',(-60.27187932689,-56.17800900379,
    -165.8304973342));
#1491 = CARTESIAN_POINT('',(-60.97704367069,-55.63490825169,
    -169.5338868758));
#1492 = CARTESIAN_POINT('',(-61.25785961919,-55.38145558041,
    -171.2616404291));
#1493 = CARTESIAN_POINT('',(-61.49125301178,-55.13982518194,
    -172.9960559349));
#1494 = CARTESIAN_POINT('',(-61.67614691973,-54.92253259662,
    -174.7363539522));
#1495 = CARTESIAN_POINT('',(-61.80730948369,-54.75230087324,
    -176.4873500035));
#1496 = CARTESIAN_POINT('',(-61.87238831038,-54.66862613368,
    -178.2435799557));
#1497 = CARTESIAN_POINT('',(-61.87238831038,-54.66862613368,-180.));
#1498 = ORIENTED_EDGE('',*,*,#1024,.F.);
#1499 = ORIENTED_EDGE('',*,*,#617,.T.);
#1500 = ORIENTED_EDGE('',*,*,#1459,.T.);
#1501 = ORIENTED_EDGE('',*,*,#1502,.F.);
#1502 = EDGE_CURVE('',#1475,#1424,#1503,.T.);
#1503 = LINE('',#1504,#1505);
#1504 = CARTESIAN_POINT('',(-56.5,-57.3,-180.));
#1505 = VECTOR('',#1506,1.);
#1506 = DIRECTION('',(0.,3.310223024625E-16,1.));
#1507 = CYLINDRICAL_SURFACE('',#1508,6.8);
#1508 = AXIS2_PLACEMENT_3D('',#1509,#1510,#1511);
#1509 = CARTESIAN_POINT('',(-56.5,-50.5,-180.));
#1510 = DIRECTION('',(0.,-3.310223024625E-16,-1.));
#1511 = DIRECTION('',(-1.,0.,0.));
#1512 = ADVANCED_FACE('',(#1513),#1538,.T.);
#1513 = FACE_BOUND('',#1514,.F.);
#1514 = EDGE_LOOP('',(#1515,#1516,#1524,#1532));
#1515 = ORIENTED_EDGE('',*,*,#633,.F.);
#1516 = ORIENTED_EDGE('',*,*,#1517,.T.);
#1517 = EDGE_CURVE('',#634,#1518,#1520,.T.);
#1518 = VERTEX_POINT('',#1519);
#1519 = CARTESIAN_POINT('',(-57.8,-32.,-151.5));
#1520 = LINE('',#1521,#1522);
#1521 = CARTESIAN_POINT('',(-63.3,-32.,-151.5));
#1522 = VECTOR('',#1523,1.);
#1523 = DIRECTION('',(1.,0.,0.));
#1524 = ORIENTED_EDGE('',*,*,#1525,.T.);
#1525 = EDGE_CURVE('',#1518,#1526,#1528,.T.);
#1526 = VERTEX_POINT('',#1527);
#1527 = CARTESIAN_POINT('',(-57.8,-34.15,-151.5));
#1528 = LINE('',#1529,#1530);
#1529 = CARTESIAN_POINT('',(-57.8,-32.,-151.5));
#1530 = VECTOR('',#1531,1.);
#1531 = DIRECTION('',(0.,-1.,1.110223024625E-16));
#1532 = ORIENTED_EDGE('',*,*,#1533,.F.);
#1533 = EDGE_CURVE('',#636,#1526,#1534,.T.);
#1534 = LINE('',#1535,#1536);
#1535 = CARTESIAN_POINT('',(-63.3,-34.15,-151.5));
#1536 = VECTOR('',#1537,1.);
#1537 = DIRECTION('',(1.,0.,0.));
#1538 = PLANE('',#1539);
#1539 = AXIS2_PLACEMENT_3D('',#1540,#1541,#1542);
#1540 = CARTESIAN_POINT('',(-63.3,-32.,-151.5));
#1541 = DIRECTION('',(0.,1.110223024625E-16,1.));
#1542 = DIRECTION('',(0.,1.,-1.110223024625E-16));
#1543 = ADVANCED_FACE('',(#1544),#1571,.F.);
#1544 = FACE_BOUND('',#1545,.F.);
#1545 = EDGE_LOOP('',(#1546,#1554,#1555,#1556,#1564));
#1546 = ORIENTED_EDGE('',*,*,#1547,.F.);
#1547 = EDGE_CURVE('',#644,#1548,#1550,.T.);
#1548 = VERTEX_POINT('',#1549);
#1549 = CARTESIAN_POINT('',(-58.13701429759,-35.15,-152.5));
#1550 = LINE('',#1551,#1552);
#1551 = CARTESIAN_POINT('',(-63.3,-35.15,-152.5));
#1552 = VECTOR('',#1553,1.);
#1553 = DIRECTION('',(1.,0.,0.));
#1554 = ORIENTED_EDGE('',*,*,#643,.F.);
#1555 = ORIENTED_EDGE('',*,*,#1533,.T.);
#1556 = ORIENTED_EDGE('',*,*,#1557,.T.);
#1557 = EDGE_CURVE('',#1526,#1558,#1560,.T.);
#1558 = VERTEX_POINT('',#1559);
#1559 = CARTESIAN_POINT('',(-57.8,-34.90780804299,-152.2578080429));
#1560 = LINE('',#1561,#1562);
#1561 = CARTESIAN_POINT('',(-57.8,-36.14095470415,-153.4909547041));
#1562 = VECTOR('',#1563,1.);
#1563 = DIRECTION('',(0.,-0.707106781187,-0.707106781187));
#1564 = ORIENTED_EDGE('',*,*,#1565,.F.);
#1565 = EDGE_CURVE('',#1548,#1558,#1566,.T.);
#1566 = HYPERBOLA('',#1567,0.459619407771,0.459619407771);
#1567 = AXIS2_PLACEMENT_3D('',#1568,#1569,#1570);
#1568 = CARTESIAN_POINT('',(-60.55,-36.825,-154.175));
#1569 = DIRECTION('',(0.,-0.707106781187,0.707106781187));
#1570 = DIRECTION('',(1.,0.,0.));
#1571 = PLANE('',#1572);
#1572 = AXIS2_PLACEMENT_3D('',#1573,#1574,#1575);
#1573 = CARTESIAN_POINT('',(-63.3,-34.65,-152.));
#1574 = DIRECTION('',(-0.,0.707106781187,-0.707106781187));
#1575 = DIRECTION('',(1.,0.,0.));
#1576 = ADVANCED_FACE('',(#1577),#1603,.T.);
#1577 = FACE_BOUND('',#1578,.F.);
#1578 = EDGE_LOOP('',(#1579,#1587,#1595,#1601,#1602));
#1579 = ORIENTED_EDGE('',*,*,#1580,.T.);
#1580 = EDGE_CURVE('',#734,#1581,#1583,.T.);
#1581 = VERTEX_POINT('',#1582);
#1582 = CARTESIAN_POINT('',(-62.8,-32.,-161.5));
#1583 = LINE('',#1584,#1585);
#1584 = CARTESIAN_POINT('',(-63.3,-32.,-161.5));
#1585 = VECTOR('',#1586,1.);
#1586 = DIRECTION('',(1.,0.,0.));
#1587 = ORIENTED_EDGE('',*,*,#1588,.T.);
#1588 = EDGE_CURVE('',#1581,#1589,#1591,.T.);
#1589 = VERTEX_POINT('',#1590);
#1590 = CARTESIAN_POINT('',(-57.8,-32.,-158.5));
#1591 = LINE('',#1592,#1593);
#1592 = CARTESIAN_POINT('',(-61.73382352941,-32.,-160.8602941176));
#1593 = VECTOR('',#1594,1.);
#1594 = DIRECTION('',(0.857492925713,5.712050337476E-17,0.514495755428)
  );
#1595 = ORIENTED_EDGE('',*,*,#1596,.T.);
#1596 = EDGE_CURVE('',#1589,#1518,#1597,.T.);
#1597 = LINE('',#1598,#1599);
#1598 = CARTESIAN_POINT('',(-57.8,-32.,-161.5));
#1599 = VECTOR('',#1600,1.);
#1600 = DIRECTION('',(0.,1.110223024625E-16,1.));
#1601 = ORIENTED_EDGE('',*,*,#1517,.F.);
#1602 = ORIENTED_EDGE('',*,*,#741,.F.);
#1603 = PLANE('',#1604);
#1604 = AXIS2_PLACEMENT_3D('',#1605,#1606,#1607);
#1605 = CARTESIAN_POINT('',(-63.3,-32.,-161.5));
#1606 = DIRECTION('',(-0.,1.,-1.110223024625E-16));
#1607 = DIRECTION('',(0.,-1.110223024625E-16,-1.));
#1608 = ADVANCED_FACE('',(#1609),#1628,.F.);
#1609 = FACE_BOUND('',#1610,.T.);
#1610 = EDGE_LOOP('',(#1611,#1612,#1613,#1621));
#1611 = ORIENTED_EDGE('',*,*,#1547,.F.);
#1612 = ORIENTED_EDGE('',*,*,#651,.T.);
#1613 = ORIENTED_EDGE('',*,*,#1614,.F.);
#1614 = EDGE_CURVE('',#1615,#652,#1617,.T.);
#1615 = VERTEX_POINT('',#1616);
#1616 = CARTESIAN_POINT('',(-58.8,-35.15,-153.3864471274));
#1617 = LINE('',#1618,#1619);
#1618 = CARTESIAN_POINT('',(-65.,-35.15,-153.3864471274));
#1619 = VECTOR('',#1620,1.);
#1620 = DIRECTION('',(-1.,0.,-0.));
#1621 = ORIENTED_EDGE('',*,*,#1622,.T.);
#1622 = EDGE_CURVE('',#1615,#1548,#1623,.T.);
#1623 = HYPERBOLA('',#1624,1.35,1.35);
#1624 = AXIS2_PLACEMENT_3D('',#1625,#1626,#1627);
#1625 = CARTESIAN_POINT('',(-60.55,-35.15,-154.5));
#1626 = DIRECTION('',(0.,-1.,3.310223024625E-16));
#1627 = DIRECTION('',(1.,0.,0.));
#1628 = PLANE('',#1629);
#1629 = AXIS2_PLACEMENT_3D('',#1630,#1631,#1632);
#1630 = CARTESIAN_POINT('',(-63.3,-35.15,-151.5));
#1631 = DIRECTION('',(0.,1.,-3.310223024625E-16));
#1632 = DIRECTION('',(-1.,0.,-0.));
#1633 = ADVANCED_FACE('',(#1634),#1652,.T.);
#1634 = FACE_BOUND('',#1635,.F.);
#1635 = EDGE_LOOP('',(#1636,#1644,#1650,#1651));
#1636 = ORIENTED_EDGE('',*,*,#1637,.T.);
#1637 = EDGE_CURVE('',#726,#1638,#1640,.T.);
#1638 = VERTEX_POINT('',#1639);
#1639 = CARTESIAN_POINT('',(-62.8,-41.,-161.5));
#1640 = LINE('',#1641,#1642);
#1641 = CARTESIAN_POINT('',(-63.3,-41.,-161.5));
#1642 = VECTOR('',#1643,1.);
#1643 = DIRECTION('',(1.,0.,0.));
#1644 = ORIENTED_EDGE('',*,*,#1645,.T.);
#1645 = EDGE_CURVE('',#1638,#1581,#1646,.T.);
#1646 = LINE('',#1647,#1648);
#1647 = CARTESIAN_POINT('',(-62.8,-41.,-161.5));
#1648 = VECTOR('',#1649,1.);
#1649 = DIRECTION('',(-0.,1.,-1.110223024625E-16));
#1650 = ORIENTED_EDGE('',*,*,#1580,.F.);
#1651 = ORIENTED_EDGE('',*,*,#733,.F.);
#1652 = PLANE('',#1653);
#1653 = AXIS2_PLACEMENT_3D('',#1654,#1655,#1656);
#1654 = CARTESIAN_POINT('',(-63.3,-41.,-161.5));
#1655 = DIRECTION('',(-0.,-1.110223024625E-16,-1.));
#1656 = DIRECTION('',(0.,-1.,1.110223024625E-16));
#1657 = ADVANCED_FACE('',(#1658),#1677,.F.);
#1658 = FACE_BOUND('',#1659,.T.);
#1659 = EDGE_LOOP('',(#1660,#1668,#1675,#1676));
#1660 = ORIENTED_EDGE('',*,*,#1661,.F.);
#1661 = EDGE_CURVE('',#1662,#660,#1664,.T.);
#1662 = VERTEX_POINT('',#1663);
#1663 = CARTESIAN_POINT('',(-58.8,-35.15,-155.6135528725));
#1664 = LINE('',#1665,#1666);
#1665 = CARTESIAN_POINT('',(-65.,-35.15,-155.6135528725));
#1666 = VECTOR('',#1667,1.);
#1667 = DIRECTION('',(-1.,0.,-0.));
#1668 = ORIENTED_EDGE('',*,*,#1669,.T.);
#1669 = EDGE_CURVE('',#1662,#1615,#1670,.T.);
#1670 = CIRCLE('',#1671,1.75);
#1671 = AXIS2_PLACEMENT_3D('',#1672,#1673,#1674);
#1672 = CARTESIAN_POINT('',(-58.8,-36.5,-154.5));
#1673 = DIRECTION('',(1.,-0.,0.));
#1674 = DIRECTION('',(0.,0.771428571429,-0.636315927181));
#1675 = ORIENTED_EDGE('',*,*,#1614,.T.);
#1676 = ORIENTED_EDGE('',*,*,#659,.F.);
#1677 = CYLINDRICAL_SURFACE('',#1678,1.75);
#1678 = AXIS2_PLACEMENT_3D('',#1679,#1680,#1681);
#1679 = CARTESIAN_POINT('',(-65.,-36.5,-154.5));
#1680 = DIRECTION('',(-1.,0.,-0.));
#1681 = DIRECTION('',(0.,1.110223024625E-16,1.));
#1682 = ADVANCED_FACE('',(#1683),#1709,.T.);
#1683 = FACE_BOUND('',#1684,.F.);
#1684 = EDGE_LOOP('',(#1685,#1686,#1687,#1695,#1703));
#1685 = ORIENTED_EDGE('',*,*,#1637,.F.);
#1686 = ORIENTED_EDGE('',*,*,#725,.F.);
#1687 = ORIENTED_EDGE('',*,*,#1688,.T.);
#1688 = EDGE_CURVE('',#718,#1689,#1691,.T.);
#1689 = VERTEX_POINT('',#1690);
#1690 = CARTESIAN_POINT('',(-57.8,-41.,-151.5));
#1691 = LINE('',#1692,#1693);
#1692 = CARTESIAN_POINT('',(-63.3,-41.,-151.5));
#1693 = VECTOR('',#1694,1.);
#1694 = DIRECTION('',(1.,0.,0.));
#1695 = ORIENTED_EDGE('',*,*,#1696,.T.);
#1696 = EDGE_CURVE('',#1689,#1697,#1699,.T.);
#1697 = VERTEX_POINT('',#1698);
#1698 = CARTESIAN_POINT('',(-57.8,-41.,-158.5));
#1699 = LINE('',#1700,#1701);
#1700 = CARTESIAN_POINT('',(-57.8,-41.,-151.5));
#1701 = VECTOR('',#1702,1.);
#1702 = DIRECTION('',(-0.,-1.110223024625E-16,-1.));
#1703 = ORIENTED_EDGE('',*,*,#1704,.F.);
#1704 = EDGE_CURVE('',#1638,#1697,#1705,.T.);
#1705 = LINE('',#1706,#1707);
#1706 = CARTESIAN_POINT('',(-59.52794117647,-41.,-159.5367647058));
#1707 = VECTOR('',#1708,1.);
#1708 = DIRECTION('',(0.857492925713,5.712050337476E-17,0.514495755428)
  );
#1709 = PLANE('',#1710);
#1710 = AXIS2_PLACEMENT_3D('',#1711,#1712,#1713);
#1711 = CARTESIAN_POINT('',(-63.3,-41.,-151.5));
#1712 = DIRECTION('',(0.,-1.,1.110223024625E-16));
#1713 = DIRECTION('',(0.,1.110223024625E-16,1.));
#1714 = ADVANCED_FACE('',(#1715),#1742,.F.);
#1715 = FACE_BOUND('',#1716,.T.);
#1716 = EDGE_LOOP('',(#1717,#1718,#1719,#1727,#1735));
#1717 = ORIENTED_EDGE('',*,*,#1661,.T.);
#1718 = ORIENTED_EDGE('',*,*,#668,.T.);
#1719 = ORIENTED_EDGE('',*,*,#1720,.T.);
#1720 = EDGE_CURVE('',#669,#1721,#1723,.T.);
#1721 = VERTEX_POINT('',#1722);
#1722 = CARTESIAN_POINT('',(-57.8,-35.15,-157.5));
#1723 = LINE('',#1724,#1725);
#1724 = CARTESIAN_POINT('',(-63.3,-35.15,-157.5));
#1725 = VECTOR('',#1726,1.);
#1726 = DIRECTION('',(1.,0.,-0.));
#1727 = ORIENTED_EDGE('',*,*,#1728,.F.);
#1728 = EDGE_CURVE('',#1729,#1721,#1731,.T.);
#1729 = VERTEX_POINT('',#1730);
#1730 = CARTESIAN_POINT('',(-57.8,-35.15,-156.8958297101));
#1731 = LINE('',#1732,#1733);
#1732 = CARTESIAN_POINT('',(-57.8,-35.15,-151.5));
#1733 = VECTOR('',#1734,1.);
#1734 = DIRECTION('',(0.,-3.310223024625E-16,-1.));
#1735 = ORIENTED_EDGE('',*,*,#1736,.F.);
#1736 = EDGE_CURVE('',#1662,#1729,#1737,.T.);
#1737 = HYPERBOLA('',#1738,1.35,1.35);
#1738 = AXIS2_PLACEMENT_3D('',#1739,#1740,#1741);
#1739 = CARTESIAN_POINT('',(-60.55,-35.15,-154.5));
#1740 = DIRECTION('',(0.,1.,-3.310223024625E-16));
#1741 = DIRECTION('',(1.,0.,0.));
#1742 = PLANE('',#1743);
#1743 = AXIS2_PLACEMENT_3D('',#1744,#1745,#1746);
#1744 = CARTESIAN_POINT('',(-63.3,-35.15,-151.5));
#1745 = DIRECTION('',(0.,1.,-3.310223024625E-16));
#1746 = DIRECTION('',(-1.,0.,-0.));
#1747 = ADVANCED_FACE('',(#1748),#1766,.T.);
#1748 = FACE_BOUND('',#1749,.F.);
#1749 = EDGE_LOOP('',(#1750,#1751,#1759,#1765));
#1750 = ORIENTED_EDGE('',*,*,#717,.F.);
#1751 = ORIENTED_EDGE('',*,*,#1752,.F.);
#1752 = EDGE_CURVE('',#1753,#710,#1755,.T.);
#1753 = VERTEX_POINT('',#1754);
#1754 = CARTESIAN_POINT('',(-57.8,-38.85,-151.5));
#1755 = LINE('',#1756,#1757);
#1756 = CARTESIAN_POINT('',(-57.8,-38.85,-151.5));
#1757 = VECTOR('',#1758,1.);
#1758 = DIRECTION('',(-1.,0.,-0.));
#1759 = ORIENTED_EDGE('',*,*,#1760,.T.);
#1760 = EDGE_CURVE('',#1753,#1689,#1761,.T.);
#1761 = LINE('',#1762,#1763);
#1762 = CARTESIAN_POINT('',(-57.8,-32.,-151.5));
#1763 = VECTOR('',#1764,1.);
#1764 = DIRECTION('',(0.,-1.,1.110223024625E-16));
#1765 = ORIENTED_EDGE('',*,*,#1688,.F.);
#1766 = PLANE('',#1767);
#1767 = AXIS2_PLACEMENT_3D('',#1768,#1769,#1770);
#1768 = CARTESIAN_POINT('',(-63.3,-32.,-151.5));
#1769 = DIRECTION('',(0.,1.110223024625E-16,1.));
#1770 = DIRECTION('',(0.,1.,-1.110223024625E-16));
#1771 = ADVANCED_FACE('',(#1772),#1790,.T.);
#1772 = FACE_BOUND('',#1773,.F.);
#1773 = EDGE_LOOP('',(#1774,#1782,#1783,#1784));
#1774 = ORIENTED_EDGE('',*,*,#1775,.T.);
#1775 = EDGE_CURVE('',#1776,#677,#1778,.T.);
#1776 = VERTEX_POINT('',#1777);
#1777 = CARTESIAN_POINT('',(-57.8,-37.85,-157.5));
#1778 = LINE('',#1779,#1780);
#1779 = CARTESIAN_POINT('',(-57.8,-37.85,-157.5));
#1780 = VECTOR('',#1781,1.);
#1781 = DIRECTION('',(-1.,0.,0.));
#1782 = ORIENTED_EDGE('',*,*,#676,.T.);
#1783 = ORIENTED_EDGE('',*,*,#1720,.T.);
#1784 = ORIENTED_EDGE('',*,*,#1785,.T.);
#1785 = EDGE_CURVE('',#1721,#1776,#1786,.T.);
#1786 = LINE('',#1787,#1788);
#1787 = CARTESIAN_POINT('',(-57.8,-35.15,-157.5));
#1788 = VECTOR('',#1789,1.);
#1789 = DIRECTION('',(0.,-1.,1.110223024625E-16));
#1790 = PLANE('',#1791);
#1791 = AXIS2_PLACEMENT_3D('',#1792,#1793,#1794);
#1792 = CARTESIAN_POINT('',(2.4522E-13,-36.5,-157.5));
#1793 = DIRECTION('',(0.,1.110223024625E-16,1.));
#1794 = DIRECTION('',(0.,1.,-1.110223024625E-16));
#1795 = ADVANCED_FACE('',(#1796),#1823,.F.);
#1796 = FACE_BOUND('',#1797,.T.);
#1797 = EDGE_LOOP('',(#1798,#1806,#1815,#1821,#1822));
#1798 = ORIENTED_EDGE('',*,*,#1799,.F.);
#1799 = EDGE_CURVE('',#1800,#1753,#1802,.T.);
#1800 = VERTEX_POINT('',#1801);
#1801 = CARTESIAN_POINT('',(-57.8,-38.092191957,-152.2578080429));
#1802 = LINE('',#1803,#1804);
#1803 = CARTESIAN_POINT('',(-57.8,-36.85904529584,-153.4909547041));
#1804 = VECTOR('',#1805,1.);
#1805 = DIRECTION('',(0.,-0.707106781187,0.707106781187));
#1806 = ORIENTED_EDGE('',*,*,#1807,.F.);
#1807 = EDGE_CURVE('',#1808,#1800,#1810,.T.);
#1808 = VERTEX_POINT('',#1809);
#1809 = CARTESIAN_POINT('',(-58.13701429759,-37.85,-152.5));
#1810 = HYPERBOLA('',#1811,0.459619407771,0.459619407771);
#1811 = AXIS2_PLACEMENT_3D('',#1812,#1813,#1814);
#1812 = CARTESIAN_POINT('',(-60.55,-36.175,-154.175));
#1813 = DIRECTION('',(0.,-0.707106781187,-0.707106781187));
#1814 = DIRECTION('',(1.,0.,0.));
#1815 = ORIENTED_EDGE('',*,*,#1816,.T.);
#1816 = EDGE_CURVE('',#1808,#702,#1817,.T.);
#1817 = LINE('',#1818,#1819);
#1818 = CARTESIAN_POINT('',(-57.8,-37.85,-152.5));
#1819 = VECTOR('',#1820,1.);
#1820 = DIRECTION('',(-1.,0.,-0.));
#1821 = ORIENTED_EDGE('',*,*,#709,.T.);
#1822 = ORIENTED_EDGE('',*,*,#1752,.F.);
#1823 = PLANE('',#1824);
#1824 = AXIS2_PLACEMENT_3D('',#1825,#1826,#1827);
#1825 = CARTESIAN_POINT('',(-57.8,-38.35,-152.));
#1826 = DIRECTION('',(0.,-0.707106781187,-0.707106781187));
#1827 = DIRECTION('',(1.,0.,0.));
#1828 = ADVANCED_FACE('',(#1829),#1856,.F.);
#1829 = FACE_BOUND('',#1830,.T.);
#1830 = EDGE_LOOP('',(#1831,#1839,#1848,#1854,#1855));
#1831 = ORIENTED_EDGE('',*,*,#1832,.F.);
#1832 = EDGE_CURVE('',#1833,#685,#1835,.T.);
#1833 = VERTEX_POINT('',#1834);
#1834 = CARTESIAN_POINT('',(-58.8,-37.85,-155.6135528725));
#1835 = LINE('',#1836,#1837);
#1836 = CARTESIAN_POINT('',(-65.,-37.85,-155.6135528725));
#1837 = VECTOR('',#1838,1.);
#1838 = DIRECTION('',(-1.,0.,-0.));
#1839 = ORIENTED_EDGE('',*,*,#1840,.T.);
#1840 = EDGE_CURVE('',#1833,#1841,#1843,.T.);
#1841 = VERTEX_POINT('',#1842);
#1842 = CARTESIAN_POINT('',(-57.8,-37.85,-156.8958297101));
#1843 = HYPERBOLA('',#1844,1.35,1.35);
#1844 = AXIS2_PLACEMENT_3D('',#1845,#1846,#1847);
#1845 = CARTESIAN_POINT('',(-60.55,-37.85,-154.5));
#1846 = DIRECTION('',(0.,1.,-3.310223024625E-16));
#1847 = DIRECTION('',(1.,0.,0.));
#1848 = ORIENTED_EDGE('',*,*,#1849,.T.);
#1849 = EDGE_CURVE('',#1841,#1776,#1850,.T.);
#1850 = LINE('',#1851,#1852);
#1851 = CARTESIAN_POINT('',(-57.8,-37.85,-151.5));
#1852 = VECTOR('',#1853,1.);
#1853 = DIRECTION('',(0.,-3.310223024625E-16,-1.));
#1854 = ORIENTED_EDGE('',*,*,#1775,.T.);
#1855 = ORIENTED_EDGE('',*,*,#684,.F.);
#1856 = PLANE('',#1857);
#1857 = AXIS2_PLACEMENT_3D('',#1858,#1859,#1860);
#1858 = CARTESIAN_POINT('',(-57.8,-37.85,-151.5));
#1859 = DIRECTION('',(0.,-1.,3.310223024625E-16));
#1860 = DIRECTION('',(1.,0.,0.));
#1861 = ADVANCED_FACE('',(#1862),#1881,.F.);
#1862 = FACE_BOUND('',#1863,.T.);
#1863 = EDGE_LOOP('',(#1864,#1865,#1874,#1880));
#1864 = ORIENTED_EDGE('',*,*,#1816,.F.);
#1865 = ORIENTED_EDGE('',*,*,#1866,.F.);
#1866 = EDGE_CURVE('',#1867,#1808,#1869,.T.);
#1867 = VERTEX_POINT('',#1868);
#1868 = CARTESIAN_POINT('',(-58.8,-37.85,-153.3864471274));
#1869 = HYPERBOLA('',#1870,1.35,1.35);
#1870 = AXIS2_PLACEMENT_3D('',#1871,#1872,#1873);
#1871 = CARTESIAN_POINT('',(-60.55,-37.85,-154.5));
#1872 = DIRECTION('',(0.,-1.,3.310223024625E-16));
#1873 = DIRECTION('',(1.,0.,0.));
#1874 = ORIENTED_EDGE('',*,*,#1875,.T.);
#1875 = EDGE_CURVE('',#1867,#693,#1876,.T.);
#1876 = LINE('',#1877,#1878);
#1877 = CARTESIAN_POINT('',(-65.,-37.85,-153.3864471274));
#1878 = VECTOR('',#1879,1.);
#1879 = DIRECTION('',(-1.,0.,-0.));
#1880 = ORIENTED_EDGE('',*,*,#701,.F.);
#1881 = PLANE('',#1882);
#1882 = AXIS2_PLACEMENT_3D('',#1883,#1884,#1885);
#1883 = CARTESIAN_POINT('',(-57.8,-37.85,-151.5));
#1884 = DIRECTION('',(0.,-1.,3.310223024625E-16));
#1885 = DIRECTION('',(1.,0.,0.));
#1886 = ADVANCED_FACE('',(#1887),#1899,.F.);
#1887 = FACE_BOUND('',#1888,.T.);
#1888 = EDGE_LOOP('',(#1889,#1890,#1897,#1898));
#1889 = ORIENTED_EDGE('',*,*,#1875,.F.);
#1890 = ORIENTED_EDGE('',*,*,#1891,.T.);
#1891 = EDGE_CURVE('',#1867,#1833,#1892,.T.);
#1892 = CIRCLE('',#1893,1.75);
#1893 = AXIS2_PLACEMENT_3D('',#1894,#1895,#1896);
#1894 = CARTESIAN_POINT('',(-58.8,-36.5,-154.5));
#1895 = DIRECTION('',(1.,0.,0.));
#1896 = DIRECTION('',(0.,-0.771428571429,0.636315927181));
#1897 = ORIENTED_EDGE('',*,*,#1832,.T.);
#1898 = ORIENTED_EDGE('',*,*,#692,.F.);
#1899 = CYLINDRICAL_SURFACE('',#1900,1.75);
#1900 = AXIS2_PLACEMENT_3D('',#1901,#1902,#1903);
#1901 = CARTESIAN_POINT('',(-65.,-36.5,-154.5));
#1902 = DIRECTION('',(-1.,0.,-0.));
#1903 = DIRECTION('',(0.,1.110223024625E-16,1.));
#1904 = ADVANCED_FACE('',(#1905),#1951,.T.);
#1905 = FACE_BOUND('',#1906,.F.);
#1906 = EDGE_LOOP('',(#1907,#1908,#1909,#1910,#1918));
#1907 = ORIENTED_EDGE('',*,*,#822,.F.);
#1908 = ORIENTED_EDGE('',*,*,#779,.T.);
#1909 = ORIENTED_EDGE('',*,*,#1449,.T.);
#1910 = ORIENTED_EDGE('',*,*,#1911,.F.);
#1911 = EDGE_CURVE('',#1912,#1442,#1914,.T.);
#1912 = VERTEX_POINT('',#1913);
#1913 = CARTESIAN_POINT('',(-56.5,-58.5,-153.7056393294));
#1914 = LINE('',#1915,#1916);
#1915 = CARTESIAN_POINT('',(-56.5,-58.5,-180.));
#1916 = VECTOR('',#1917,1.);
#1917 = DIRECTION('',(0.,3.310223024625E-16,1.));
#1918 = ORIENTED_EDGE('',*,*,#1919,.T.);
#1919 = EDGE_CURVE('',#1912,#823,#1920,.T.);
#1920 = B_SPLINE_CURVE_WITH_KNOTS('',8,(#1921,#1922,#1923,#1924,#1925,
    #1926,#1927,#1928,#1929,#1930,#1931,#1932,#1933,#1934,#1935,#1936,
    #1937,#1938,#1939,#1940,#1941,#1942,#1943,#1944,#1945,#1946,#1947,
    #1948,#1949,#1950),.UNSPECIFIED.,.F.,.F.,(9,7,7,7,9),(0.,
    1.687403955182E-02,0.542971804102,0.762097283681,1.),.UNSPECIFIED.);
#1921 = CARTESIAN_POINT('',(-56.5,-58.5,-153.7056393294));
#1922 = CARTESIAN_POINT('',(-56.52540306108,-58.49999997185,
    -153.7594109962));
#1923 = CARTESIAN_POINT('',(-56.5507558755,-58.49990781712,
    -153.8131947498));
#1924 = CARTESIAN_POINT('',(-56.57605805106,-58.49972409807,
    -153.8669905239));
#1925 = CARTESIAN_POINT('',(-56.60130928268,-58.49944943724,
    -153.9207982675));
#1926 = CARTESIAN_POINT('',(-56.62650931654,-58.49908449002,
    -153.9746179368));
#1927 = CARTESIAN_POINT('',(-56.6516579142,-58.49862991719,
    -154.0284494868));
#1928 = CARTESIAN_POINT('',(-56.67675481682,-58.49808635741,
    -154.0822928633));
#1929 = CARTESIAN_POINT('',(-57.48264782044,-58.47775126506,
    -155.8152399791));
#1930 = CARTESIAN_POINT('',(-58.21264385569,-58.37214371007,
    -157.5050796714));
#1931 = CARTESIAN_POINT('',(-58.88441579822,-58.1998394793,
    -159.2049522529));
#1932 = CARTESIAN_POINT('',(-59.49694975537,-57.97777441666,
    -160.913421477));
#1933 = CARTESIAN_POINT('',(-60.05147118312,-57.71910592786,
    -162.6290169964));
#1934 = CARTESIAN_POINT('',(-60.54964343872,-57.4353850577,
    -164.350736821));
#1935 = CARTESIAN_POINT('',(-60.99299815691,-57.137271157,
    -166.0782205454));
#1936 = CARTESIAN_POINT('',(-61.54324391075,-56.71348500647,
    -168.534539033));
#1937 = CARTESIAN_POINT('',(-61.69549405998,-56.58870567337,
    -169.2578492387));
#1938 = CARTESIAN_POINT('',(-61.83819371937,-56.46472216307,
    -169.9822490591));
#1939 = CARTESIAN_POINT('',(-61.97127928408,-56.34258964352,
    -170.7077673421));
#1940 = CARTESIAN_POINT('',(-62.09462212798,-56.22348020286,
    -171.4344295242));
#1941 = CARTESIAN_POINT('',(-62.20800786053,-56.10874727678,
    -172.162264851));
#1942 = CARTESIAN_POINT('',(-62.31112173312,-55.999965977,
    -172.8913111686));
#1943 = CARTESIAN_POINT('',(-62.50391804359,-55.78914764931,
    -174.4144910515));
#1944 = CARTESIAN_POINT('',(-62.59169685655,-55.68848210641,
    -175.2088830662));
#1945 = CARTESIAN_POINT('',(-62.6663671133,-55.5991428429,
    -176.0047643076));
#1946 = CARTESIAN_POINT('',(-62.72727577504,-55.52362207741,
    -176.8020389475));
#1947 = CARTESIAN_POINT('',(-62.77368523845,-55.4645419476,
    -177.6005329778));
#1948 = CARTESIAN_POINT('',(-62.80486589884,-55.42435943975,
    -178.3999868293));
#1949 = CARTESIAN_POINT('',(-62.82045683574,-55.40426603963,
    -179.1999947369));
#1950 = CARTESIAN_POINT('',(-62.82045683574,-55.40426603963,-180.));
#1951 = CYLINDRICAL_SURFACE('',#1952,8.);
#1952 = AXIS2_PLACEMENT_3D('',#1953,#1954,#1955);
#1953 = CARTESIAN_POINT('',(-56.5,-50.5,-180.));
#1954 = DIRECTION('',(0.,-3.310223024625E-16,-1.));
#1955 = DIRECTION('',(-1.,0.,0.));
#1956 = ADVANCED_FACE('',(#1957),#2026,.T.);
#1957 = FACE_BOUND('',#1958,.T.);
#1958 = EDGE_LOOP('',(#1959,#1969,#1978,#1984,#1985,#1991,#1992,#1993,
    #1994,#2002,#2011,#2019));
#1959 = ORIENTED_EDGE('',*,*,#1960,.F.);
#1960 = EDGE_CURVE('',#1961,#1963,#1965,.T.);
#1961 = VERTEX_POINT('',#1962);
#1962 = CARTESIAN_POINT('',(-0.575714714375,-45.99999999998,-176.3));
#1963 = VERTEX_POINT('',#1964);
#1964 = CARTESIAN_POINT('',(-0.575714714375,-45.99999999998,-175.05));
#1965 = LINE('',#1966,#1967);
#1966 = CARTESIAN_POINT('',(-0.575714714375,-45.99999999998,-176.3));
#1967 = VECTOR('',#1968,1.);
#1968 = DIRECTION('',(0.,-7.787897769754E-14,1.));
#1969 = ORIENTED_EDGE('',*,*,#1970,.T.);
#1970 = EDGE_CURVE('',#1961,#1971,#1973,.T.);
#1971 = VERTEX_POINT('',#1972);
#1972 = CARTESIAN_POINT('',(-0.296544054001,-47.39999999998,-176.3));
#1973 = CIRCLE('',#1974,22.);
#1974 = AXIS2_PLACEMENT_3D('',#1975,#1976,#1977);
#1975 = CARTESIAN_POINT('',(-22.,-50.99999999999,-176.3));
#1976 = DIRECTION('',(0.,7.888897769754E-14,-1.));
#1977 = DIRECTION('',(1.,0.,0.));
#1978 = ORIENTED_EDGE('',*,*,#1979,.F.);
#1979 = EDGE_CURVE('',#1068,#1971,#1980,.T.);
#1980 = LINE('',#1981,#1982);
#1981 = CARTESIAN_POINT('',(-0.296544054001,-47.39999999998,-178.8));
#1982 = VECTOR('',#1983,1.);
#1983 = DIRECTION('',(0.,-7.915897769754E-14,1.));
#1984 = ORIENTED_EDGE('',*,*,#1075,.T.);
#1985 = ORIENTED_EDGE('',*,*,#1986,.T.);
#1986 = EDGE_CURVE('',#1076,#873,#1987,.T.);
#1987 = LINE('',#1988,#1989);
#1988 = CARTESIAN_POINT('',(0.,-51.,-88.));
#1989 = VECTOR('',#1990,1.);
#1990 = DIRECTION('',(0.,-3.310223024625E-16,-1.));
#1991 = ORIENTED_EDGE('',*,*,#880,.F.);
#1992 = ORIENTED_EDGE('',*,*,#932,.F.);
#1993 = ORIENTED_EDGE('',*,*,#1042,.T.);
#1994 = ORIENTED_EDGE('',*,*,#1995,.T.);
#1995 = EDGE_CURVE('',#1043,#1996,#1998,.T.);
#1996 = VERTEX_POINT('',#1997);
#1997 = CARTESIAN_POINT('',(-3.827493293448,-38.59999999998,-176.3));
#1998 = LINE('',#1999,#2000);
#1999 = CARTESIAN_POINT('',(-3.827493293448,-38.59999999998,-178.8));
#2000 = VECTOR('',#2001,1.);
#2001 = DIRECTION('',(0.,-7.915897769754E-14,1.));
#2002 = ORIENTED_EDGE('',*,*,#2003,.T.);
#2003 = EDGE_CURVE('',#1996,#2004,#2006,.T.);
#2004 = VERTEX_POINT('',#2005);
#2005 = CARTESIAN_POINT('',(-1.925140100121,-41.99999999998,-176.3));
#2006 = CIRCLE('',#2007,22.);
#2007 = AXIS2_PLACEMENT_3D('',#2008,#2009,#2010);
#2008 = CARTESIAN_POINT('',(-22.,-50.99999999999,-176.3));
#2009 = DIRECTION('',(0.,7.888897769754E-14,-1.));
#2010 = DIRECTION('',(1.,0.,0.));
#2011 = ORIENTED_EDGE('',*,*,#2012,.T.);
#2012 = EDGE_CURVE('',#2004,#2013,#2015,.T.);
#2013 = VERTEX_POINT('',#2014);
#2014 = CARTESIAN_POINT('',(-1.925140100121,-41.99999999998,-175.05));
#2015 = LINE('',#2016,#2017);
#2016 = CARTESIAN_POINT('',(-1.925140100121,-41.99999999998,-176.3));
#2017 = VECTOR('',#2018,1.);
#2018 = DIRECTION('',(0.,-7.787897769754E-14,1.));
#2019 = ORIENTED_EDGE('',*,*,#2020,.T.);
#2020 = EDGE_CURVE('',#2013,#1963,#2021,.T.);
#2021 = CIRCLE('',#2022,22.);
#2022 = AXIS2_PLACEMENT_3D('',#2023,#2024,#2025);
#2023 = CARTESIAN_POINT('',(-22.,-50.99999999999,-175.05));
#2024 = DIRECTION('',(0.,7.788897769754E-14,-1.));
#2025 = DIRECTION('',(1.,0.,0.));
#2026 = CYLINDRICAL_SURFACE('',#2027,22.);
#2027 = AXIS2_PLACEMENT_3D('',#2028,#2029,#2030);
#2028 = CARTESIAN_POINT('',(-22.,-51.,-88.));
#2029 = DIRECTION('',(0.,3.310223024625E-16,1.));
#2030 = DIRECTION('',(-1.,0.,0.));
#2031 = ADVANCED_FACE('',(#2032),#2122,.T.);
#2032 = FACE_BOUND('',#2033,.F.);
#2033 = EDGE_LOOP('',(#2034,#2044,#2052,#2060,#2066,#2067,#2068,#2069,
    #2075,#2076,#2084,#2092,#2100,#2108,#2116));
#2034 = ORIENTED_EDGE('',*,*,#2035,.F.);
#2035 = EDGE_CURVE('',#2036,#2038,#2040,.T.);
#2036 = VERTEX_POINT('',#2037);
#2037 = CARTESIAN_POINT('',(0.,-54.8,-101.3));
#2038 = VERTEX_POINT('',#2039);
#2039 = CARTESIAN_POINT('',(0.,-54.8,-99.45));
#2040 = LINE('',#2041,#2042);
#2041 = CARTESIAN_POINT('',(0.,-54.8,-102.8));
#2042 = VECTOR('',#2043,1.);
#2043 = DIRECTION('',(-0.,1.110223024625E-16,1.));
#2044 = ORIENTED_EDGE('',*,*,#2045,.F.);
#2045 = EDGE_CURVE('',#2046,#2036,#2048,.T.);
#2046 = VERTEX_POINT('',#2047);
#2047 = CARTESIAN_POINT('',(0.,-57.05,-102.8));
#2048 = LINE('',#2049,#2050);
#2049 = CARTESIAN_POINT('',(0.,-64.49501924686,-107.7633461645));
#2050 = VECTOR('',#2051,1.);
#2051 = DIRECTION('',(0.,0.832050294338,0.554700196225));
#2052 = ORIENTED_EDGE('',*,*,#2053,.F.);
#2053 = EDGE_CURVE('',#2054,#2046,#2056,.T.);
#2054 = VERTEX_POINT('',#2055);
#2055 = CARTESIAN_POINT('',(0.,-57.3,-102.8));
#2056 = LINE('',#2057,#2058);
#2057 = CARTESIAN_POINT('',(0.,-57.3,-102.8));
#2058 = VECTOR('',#2059,1.);
#2059 = DIRECTION('',(-0.,1.,-1.110223024625E-16));
#2060 = ORIENTED_EDGE('',*,*,#2061,.F.);
#2061 = EDGE_CURVE('',#1085,#2054,#2062,.T.);
#2062 = LINE('',#2063,#2064);
#2063 = CARTESIAN_POINT('',(0.,-57.3,-108.9202177535));
#2064 = VECTOR('',#2065,1.);
#2065 = DIRECTION('',(0.,5.210223024625E-16,1.));
#2066 = ORIENTED_EDGE('',*,*,#1084,.T.);
#2067 = ORIENTED_EDGE('',*,*,#1986,.T.);
#2068 = ORIENTED_EDGE('',*,*,#872,.T.);
#2069 = ORIENTED_EDGE('',*,*,#2070,.T.);
#2070 = EDGE_CURVE('',#865,#1434,#2071,.T.);
#2071 = LINE('',#2072,#2073);
#2072 = CARTESIAN_POINT('',(0.,-58.5,-108.9202177535));
#2073 = VECTOR('',#2074,1.);
#2074 = DIRECTION('',(0.,5.210223024625E-16,1.));
#2075 = ORIENTED_EDGE('',*,*,#1433,.T.);
#2076 = ORIENTED_EDGE('',*,*,#2077,.F.);
#2077 = EDGE_CURVE('',#2078,#1426,#2080,.T.);
#2078 = VERTEX_POINT('',#2079);
#2079 = CARTESIAN_POINT('',(0.,-57.3,-93.6));
#2080 = LINE('',#2081,#2082);
#2081 = CARTESIAN_POINT('',(0.,-57.3,-108.9202177535));
#2082 = VECTOR('',#2083,1.);
#2083 = DIRECTION('',(0.,5.210223024625E-16,1.));
#2084 = ORIENTED_EDGE('',*,*,#2085,.T.);
#2085 = EDGE_CURVE('',#2078,#2086,#2088,.T.);
#2086 = VERTEX_POINT('',#2087);
#2087 = CARTESIAN_POINT('',(0.,-54.8,-93.6));
#2088 = LINE('',#2089,#2090);
#2089 = CARTESIAN_POINT('',(0.,-57.3,-93.6));
#2090 = VECTOR('',#2091,1.);
#2091 = DIRECTION('',(-0.,1.,-1.110223024625E-16));
#2092 = ORIENTED_EDGE('',*,*,#2093,.F.);
#2093 = EDGE_CURVE('',#2094,#2086,#2096,.T.);
#2094 = VERTEX_POINT('',#2095);
#2095 = CARTESIAN_POINT('',(0.,-54.8,-95.45));
#2096 = LINE('',#2097,#2098);
#2097 = CARTESIAN_POINT('',(0.,-54.8,-102.8));
#2098 = VECTOR('',#2099,1.);
#2099 = DIRECTION('',(-0.,1.110223024625E-16,1.));
#2100 = ORIENTED_EDGE('',*,*,#2101,.T.);
#2101 = EDGE_CURVE('',#2094,#2102,#2104,.T.);
#2102 = VERTEX_POINT('',#2103);
#2103 = CARTESIAN_POINT('',(0.,-53.6,-95.45));
#2104 = LINE('',#2105,#2106);
#2105 = CARTESIAN_POINT('',(0.,-54.8,-95.45));
#2106 = VECTOR('',#2107,1.);
#2107 = DIRECTION('',(-0.,1.,-1.110223024625E-16));
#2108 = ORIENTED_EDGE('',*,*,#2109,.F.);
#2109 = EDGE_CURVE('',#2110,#2102,#2112,.T.);
#2110 = VERTEX_POINT('',#2111);
#2111 = CARTESIAN_POINT('',(0.,-53.6,-99.45));
#2112 = LINE('',#2113,#2114);
#2113 = CARTESIAN_POINT('',(0.,-53.6,-99.45));
#2114 = VECTOR('',#2115,1.);
#2115 = DIRECTION('',(-0.,1.110223024625E-16,1.));
#2116 = ORIENTED_EDGE('',*,*,#2117,.F.);
#2117 = EDGE_CURVE('',#2038,#2110,#2118,.T.);
#2118 = LINE('',#2119,#2120);
#2119 = CARTESIAN_POINT('',(0.,-54.8,-99.45));
#2120 = VECTOR('',#2121,1.);
#2121 = DIRECTION('',(-0.,1.,-1.110223024625E-16));
#2122 = PLANE('',#2123);
#2123 = AXIS2_PLACEMENT_3D('',#2124,#2125,#2126);
#2124 = CARTESIAN_POINT('',(0.,-57.4183264592,-136.5797678218));
#2125 = DIRECTION('',(1.,0.,0.));
#2126 = DIRECTION('',(0.,-1.,1.110223024625E-16));
#2127 = ADVANCED_FACE('',(#2128),#2244,.T.);
#2128 = FACE_BOUND('',#2129,.F.);
#2129 = EDGE_LOOP('',(#2130,#2131,#2132,#2242,#2243));
#2130 = ORIENTED_EDGE('',*,*,#2070,.F.);
#2131 = ORIENTED_EDGE('',*,*,#864,.T.);
#2132 = ORIENTED_EDGE('',*,*,#2133,.T.);
#2133 = EDGE_CURVE('',#857,#1912,#2134,.T.);
#2134 = B_SPLINE_CURVE_WITH_KNOTS('',8,(#2135,#2136,#2137,#2138,#2139,
    #2140,#2141,#2142,#2143,#2144,#2145,#2146,#2147,#2148,#2149,#2150,
    #2151,#2152,#2153,#2154,#2155,#2156,#2157,#2158,#2159,#2160,#2161,
    #2162,#2163,#2164,#2165,#2166,#2167,#2168,#2169,#2170,#2171,#2172,
    #2173,#2174,#2175,#2176,#2177,#2178,#2179,#2180,#2181,#2182,#2183,
    #2184,#2185,#2186,#2187,#2188,#2189,#2190,#2191,#2192,#2193,#2194,
    #2195,#2196,#2197,#2198,#2199,#2200,#2201,#2202,#2203,#2204,#2205,
    #2206,#2207,#2208,#2209,#2210,#2211,#2212,#2213,#2214,#2215,#2216,
    #2217,#2218,#2219,#2220,#2221,#2222,#2223,#2224,#2225,#2226,#2227,
    #2228,#2229,#2230,#2231,#2232,#2233,#2234,#2235,#2236,#2237,#2238,
    #2239,#2240,#2241),.UNSPECIFIED.,.F.,.F.,(9,7,7,7,7,7,7,7,7,7,7,7,7,
    7,7,9),(0.,0.221579121505,0.420762599184,0.509387153692,
    0.604221409649,0.639476568088,0.659677560073,0.700714307872,
    0.747464122245,0.770805627714,0.816313385054,0.90086205692,
    0.948414577779,0.973521727677,0.986293048048,1.),.UNSPECIFIED.);
#2135 = CARTESIAN_POINT('',(-22.13698630138,-58.5,-180.));
#2136 = CARTESIAN_POINT('',(-22.13698630138,-58.5,-178.1335094089));
#2137 = CARTESIAN_POINT('',(-22.18952665599,-58.5,-176.2672555646));
#2138 = CARTESIAN_POINT('',(-22.29458724271,-58.5,-174.402656766));
#2139 = CARTESIAN_POINT('',(-22.45269311056,-58.5,-172.5413871408));
#2140 = CARTESIAN_POINT('',(-22.66488167548,-58.5,-170.6853799637));
#2141 = CARTESIAN_POINT('',(-22.93270109769,-58.5,-168.836829882));
#2142 = CARTESIAN_POINT('',(-23.25834865105,-58.5,-166.9982109704));
#2143 = CARTESIAN_POINT('',(-23.99268131322,-58.5,-163.5309914423));
#2144 = CARTESIAN_POINT('',(-24.38944564193,-58.5,-161.9009019513));
#2145 = CARTESIAN_POINT('',(-24.83774286564,-58.5,-160.2833895563));
#2146 = CARTESIAN_POINT('',(-25.34057649755,-58.5,-158.6809687294));
#2147 = CARTESIAN_POINT('',(-25.90150750659,-58.5,-157.0973177856));
#2148 = CARTESIAN_POINT('',(-26.52497332957,-58.5,-155.537417382));
#2149 = CARTESIAN_POINT('',(-27.21634475826,-58.5,-154.0075694179));
#2150 = CARTESIAN_POINT('',(-28.32521593238,-58.5,-151.8524807885));
#2151 = CARTESIAN_POINT('',(-28.68162263438,-58.5,-151.1966625745));
#2152 = CARTESIAN_POINT('',(-29.05367374621,-58.5,-150.5493817694));
#2153 = CARTESIAN_POINT('',(-29.44210053499,-58.5,-149.9115957509));
#2154 = CARTESIAN_POINT('',(-29.8476708633,-58.5,-149.2844765568));
#2155 = CARTESIAN_POINT('',(-30.27120168807,-58.5,-148.6694191232));
#2156 = CARTESIAN_POINT('',(-30.71358698757,-58.5,-148.0680600032));
#2157 = CARTESIAN_POINT('',(-31.67048423902,-58.5,-146.8555108496));
#2158 = CARTESIAN_POINT('',(-32.18763069681,-58.5,-146.2468989093));
#2159 = CARTESIAN_POINT('',(-32.72866599415,-58.5,-145.6585495979));
#2160 = CARTESIAN_POINT('',(-33.29481785366,-58.5,-145.0933943469));
#2161 = CARTESIAN_POINT('',(-33.8871016432,-58.5,-144.5551581824));
#2162 = CARTESIAN_POINT('',(-34.50626858584,-58.5,-144.0483047669));
#2163 = CARTESIAN_POINT('',(-35.15273808649,-58.5,-143.5779635391));
#2164 = CARTESIAN_POINT('',(-36.07696855215,-58.5,-142.9906511974));
#2165 = CARTESIAN_POINT('',(-36.33116094989,-58.5,-142.8373500176));
#2166 = CARTESIAN_POINT('',(-36.58904305694,-58.5,-142.6902168832));
#2167 = CARTESIAN_POINT('',(-36.85056336685,-58.5,-142.5495706086));
#2168 = CARTESIAN_POINT('',(-37.11564581749,-58.5,-142.4157400613));
#2169 = CARTESIAN_POINT('',(-37.38418709649,-58.5,-142.2890587973));
#2170 = CARTESIAN_POINT('',(-37.65605394669,-58.5,-142.1698596953));
#2171 = CARTESIAN_POINT('',(-38.08866900248,-58.5,-141.9946437374));
#2172 = CARTESIAN_POINT('',(-38.24729439069,-58.5,-141.9333818834));
#2173 = CARTESIAN_POINT('',(-38.40692459513,-58.5,-141.8747456053));
#2174 = CARTESIAN_POINT('',(-38.56752416151,-58.5,-141.8187955842));
#2175 = CARTESIAN_POINT('',(-38.72905405233,-58.5,-141.7655910949));
#2176 = CARTESIAN_POINT('',(-38.89147147684,-58.5,-141.7151894956));
#2177 = CARTESIAN_POINT('',(-39.05472972104,-58.5,-141.6676457169));
#2178 = CARTESIAN_POINT('',(-39.55202928254,-58.5,-141.5323413132));
#2179 = CARTESIAN_POINT('',(-39.88857048122,-58.5,-141.4536708965));
#2180 = CARTESIAN_POINT('',(-40.227942168,-58.5,-141.3874481915));
#2181 = CARTESIAN_POINT('',(-40.56964970274,-58.5,-141.3340548243));
#2182 = CARTESIAN_POINT('',(-40.91316174345,-58.5,-141.2937943863));
#2183 = CARTESIAN_POINT('',(-41.25790877885,-58.5,-141.2668804639));
#2184 = CARTESIAN_POINT('',(-41.60328166082,-58.5,-141.2534246692));
#2185 = CARTESIAN_POINT('',(-42.34205744351,-58.5,-141.2534246692));
#2186 = CARTESIAN_POINT('',(-42.73552773755,-58.5,-141.2708874607));
#2187 = CARTESIAN_POINT('',(-43.12806552912,-58.5,-141.3058196462));
#2188 = CARTESIAN_POINT('',(-43.5187733418,-58.5,-141.3580296199));
#2189 = CARTESIAN_POINT('',(-43.90682733369,-58.5,-141.4271575255));
#2190 = CARTESIAN_POINT('',(-44.29147340103,-58.5,-141.5127017735));
#2191 = CARTESIAN_POINT('',(-44.67202376445,-58.5,-141.6140421193));
#2192 = CARTESIAN_POINT('',(-45.23550065207,-58.5,-141.7885847137));
#2193 = CARTESIAN_POINT('',(-45.42198408675,-58.5,-141.8504727788));
#2194 = CARTESIAN_POINT('',(-45.60723428945,-58.5,-141.9160373022));
#2195 = CARTESIAN_POINT('',(-45.79118848276,-58.5,-141.9851880928));
#2196 = CARTESIAN_POINT('',(-45.9737907921,-58.5,-142.0578319445));
#2197 = CARTESIAN_POINT('',(-46.15499187353,-58.5,-142.1338736194));
#2198 = CARTESIAN_POINT('',(-46.33474854161,-58.5,-142.2132168309));
#2199 = CARTESIAN_POINT('',(-46.86059690208,-58.5,-142.4567056744));
#2200 = CARTESIAN_POINT('',(-47.20252735215,-58.5,-142.6298245566));
#2201 = CARTESIAN_POINT('',(-47.53855461792,-58.5,-142.8144131481));
#2202 = CARTESIAN_POINT('',(-47.86849593076,-58.5,-143.0097614577));
#2203 = CARTESIAN_POINT('',(-48.19223504207,-58.5,-143.2151764689));
#2204 = CARTESIAN_POINT('',(-48.50971330556,-58.5,-143.429997066));
#2205 = CARTESIAN_POINT('',(-48.82092268252,-58.5,-143.6536056444));
#2206 = CARTESIAN_POINT('',(-49.6925179968,-58.5,-144.3161538054));
#2207 = CARTESIAN_POINT('',(-50.23744716675,-58.5,-144.7751165215));
#2208 = CARTESIAN_POINT('',(-50.76113348896,-58.5,-145.2588051165));
#2209 = CARTESIAN_POINT('',(-51.26414626626,-58.5,-145.76409738));
#2210 = CARTESIAN_POINT('',(-51.74716636965,-58.5,-146.2882795315));
#2211 = CARTESIAN_POINT('',(-52.21097145191,-58.5,-146.8290599589));
#2212 = CARTESIAN_POINT('',(-52.6564188004,-58.5,-147.3845854924));
#2213 = CARTESIAN_POINT('',(-53.32514886728,-58.5,-148.2734111532));
#2214 = CARTESIAN_POINT('',(-53.56032189409,-58.5,-148.5975404023));
#2215 = CARTESIAN_POINT('',(-53.7900899604,-58.5,-148.9255704122));
#2216 = CARTESIAN_POINT('',(-54.01459159435,-58.5,-149.2572463679));
#2217 = CARTESIAN_POINT('',(-54.23395972412,-58.5,-149.5923355434));
#2218 = CARTESIAN_POINT('',(-54.44832260062,-58.5,-149.9306266566));
#2219 = CARTESIAN_POINT('',(-54.65780472015,-58.5,-150.2719292252));
#2220 = CARTESIAN_POINT('',(-54.97061900354,-58.5,-150.7977765876));
#2221 = CARTESIAN_POINT('',(-55.07738294402,-58.5,-150.9802712138));
#2222 = CARTESIAN_POINT('',(-55.18283704359,-58.5,-151.1635312037));
#2223 = CARTESIAN_POINT('',(-55.28699836055,-58.5,-151.3475320521));
#2224 = CARTESIAN_POINT('',(-55.38988353639,-58.5,-151.5322503447));
#2225 = CARTESIAN_POINT('',(-55.49150879582,-58.5,-151.7176637581));
#2226 = CARTESIAN_POINT('',(-55.59188994678,-58.5,-151.9037510601));
#2227 = CARTESIAN_POINT('',(-55.7414785112,-58.5,-152.1854821731));
#2228 = CARTESIAN_POINT('',(-55.79171845978,-58.5,-152.280870664));
#2229 = CARTESIAN_POINT('',(-55.84176126607,-58.5,-152.376655774));
#2230 = CARTESIAN_POINT('',(-55.89160597527,-58.5,-152.4728356842));
#2231 = CARTESIAN_POINT('',(-55.94125163791,-58.5,-152.5694085656));
#2232 = CARTESIAN_POINT('',(-55.99069730979,-58.5,-152.6663725786));
#2233 = CARTESIAN_POINT('',(-56.03994205205,-58.5,-152.7637258729));
#2234 = CARTESIAN_POINT('',(-56.14162070931,-58.5,-152.9663678237));
#2235 = CARTESIAN_POINT('',(-56.19389194096,-58.5,-153.0714523411));
#2236 = CARTESIAN_POINT('',(-56.24580123597,-58.5,-153.1767168517));
#2237 = CARTESIAN_POINT('',(-56.29735085201,-58.5,-153.2821585734));
#2238 = CARTESIAN_POINT('',(-56.34854312142,-58.5,-153.3877746523));
#2239 = CARTESIAN_POINT('',(-56.39938054742,-58.5,-153.4935620152));
#2240 = CARTESIAN_POINT('',(-56.44986556979,-58.5,-153.599517652));
#2241 = CARTESIAN_POINT('',(-56.5,-58.5,-153.7056393294));
#2242 = ORIENTED_EDGE('',*,*,#1911,.T.);
#2243 = ORIENTED_EDGE('',*,*,#1441,.T.);
#2244 = PLANE('',#2245);
#2245 = AXIS2_PLACEMENT_3D('',#2246,#2247,#2248);
#2246 = CARTESIAN_POINT('',(4.34E-15,-58.5,-129.8404355071));
#2247 = DIRECTION('',(0.,-1.,5.210223024625E-16));
#2248 = DIRECTION('',(0.,-5.210223024625E-16,-1.));
#2249 = ADVANCED_FACE('',(#2250),#2429,.F.);
#2250 = FACE_BOUND('',#2251,.F.);
#2251 = EDGE_LOOP('',(#2252,#2306,#2311,#2312,#2321,#2329,#2338,#2346,
    #2353,#2354,#2355,#2362,#2423));
#2252 = ORIENTED_EDGE('',*,*,#2253,.F.);
#2253 = EDGE_CURVE('',#2254,#2256,#2258,.T.);
#2254 = VERTEX_POINT('',#2255);
#2255 = CARTESIAN_POINT('',(-42.79917496201,-85.43463878976,-180.));
#2256 = VERTEX_POINT('',#2257);
#2257 = CARTESIAN_POINT('',(-45.97290052723,-87.,-180.));
#2258 = B_SPLINE_CURVE_WITH_KNOTS('',6,(#2259,#2260,#2261,#2262,#2263,
    #2264,#2265,#2266,#2267,#2268,#2269,#2270,#2271,#2272,#2273,#2274,
    #2275,#2276,#2277,#2278,#2279,#2280,#2281,#2282,#2283,#2284,#2285,
    #2286,#2287,#2288,#2289,#2290,#2291,#2292,#2293,#2294,#2295,#2296,
    #2297,#2298,#2299,#2300,#2301,#2302,#2303,#2304,#2305),
  .UNSPECIFIED.,.F.,.F.,(7,5,5,5,5,5,5,5,5,7),(0.,9.161004313985E-02,
    0.168238531594,0.250552423186,0.361504937868,0.499268269106,
    0.671554423256,0.822918489866,0.969208645955,1.),.UNSPECIFIED.);
#2259 = CARTESIAN_POINT('',(-42.79917496201,-85.43463878976,-180.));
#2260 = CARTESIAN_POINT('',(-42.84584301215,-85.49547392655,-180.));
#2261 = CARTESIAN_POINT('',(-42.8941442773,-85.55554062154,-180.));
#2262 = CARTESIAN_POINT('',(-42.94396628765,-85.61463715323,-180.));
#2263 = CARTESIAN_POINT('',(-42.99515898063,-85.67256217874,-180.));
#2264 = CARTESIAN_POINT('',(-43.04753614841,-85.72912369842,-180.));
#2265 = CARTESIAN_POINT('',(-43.14549448294,-85.8301738763,-180.));
#2266 = CARTESIAN_POINT('',(-43.19079126948,-85.87512927955,-180.));
#2267 = CARTESIAN_POINT('',(-43.23664036561,-85.91891402082,-180.));
#2268 = CARTESIAN_POINT('',(-43.2829151675,-85.96145330488,-180.));
#2269 = CARTESIAN_POINT('',(-43.32949283611,-86.00269472081,-180.));
#2270 = CARTESIAN_POINT('',(-43.4264924333,-86.08547683757,-180.));
#2271 = CARTESIAN_POINT('',(-43.47694592059,-86.12681496354,-180.));
#2272 = CARTESIAN_POINT('',(-43.52747868825,-86.16658191997,-180.));
#2273 = CARTESIAN_POINT('',(-43.57797219359,-86.20477336749,-180.));
#2274 = CARTESIAN_POINT('',(-43.62832909406,-86.24140899253,-180.));
#2275 = CARTESIAN_POINT('',(-43.74606396736,-86.32385433686,-180.));
#2276 = CARTESIAN_POINT('',(-43.81326565424,-86.36841951601,-180.));
#2277 = CARTESIAN_POINT('',(-43.87990210691,-86.41031126609,-180.));
#2278 = CARTESIAN_POINT('',(-43.94585718252,-86.44966419861,-180.));
#2279 = CARTESIAN_POINT('',(-44.01106405609,-86.48662510668,-180.));
#2280 = CARTESIAN_POINT('',(-44.15549973154,-86.56445129907,-180.));
#2281 = CARTESIAN_POINT('',(-44.23429842185,-86.60409593,-180.));
#2282 = CARTESIAN_POINT('',(-44.31184875618,-86.64056748493,-180.));
#2283 = CARTESIAN_POINT('',(-44.38815042376,-86.67413045859,-180.));
#2284 = CARTESIAN_POINT('',(-44.46323782021,-86.70502266315,-180.));
#2285 = CARTESIAN_POINT('',(-44.62963084785,-86.76901043948,-180.));
#2286 = CARTESIAN_POINT('',(-44.72027139469,-86.80071289918,-180.));
#2287 = CARTESIAN_POINT('',(-44.80920331805,-86.82897196256,-180.));
#2288 = CARTESIAN_POINT('',(-44.89653971929,-86.85411001412,-180.));
#2289 = CARTESIAN_POINT('',(-44.98239727497,-86.87639392199,-180.));
#2290 = CARTESIAN_POINT('',(-45.14113744387,-86.91330802334,-180.));
#2291 = CARTESIAN_POINT('',(-45.21432431138,-86.92853793365,-180.));
#2292 = CARTESIAN_POINT('',(-45.2865364394,-86.94188227415,-180.));
#2293 = CARTESIAN_POINT('',(-45.35784373156,-86.95346178434,-180.));
#2294 = CARTESIAN_POINT('',(-45.42831056319,-86.96337577638,-180.));
#2295 = CARTESIAN_POINT('',(-45.56534946039,-86.97976170148,-180.));
#2296 = CARTESIAN_POINT('',(-45.63197192134,-86.98633771812,-180.));
#2297 = CARTESIAN_POINT('',(-45.69791961578,-86.99151187559,-180.));
#2298 = CARTESIAN_POINT('',(-45.76324104614,-86.99534571225,-180.));
#2299 = CARTESIAN_POINT('',(-45.827980274,-86.99788958979,-180.));
#2300 = CARTESIAN_POINT('',(-45.90569065979,-86.99945815015,-180.));
#2301 = CARTESIAN_POINT('',(-45.91917913442,-86.99967560153,-180.));
#2302 = CARTESIAN_POINT('',(-45.93264399346,-86.99983814819,-180.));
#2303 = CARTESIAN_POINT('',(-45.94608560573,-86.99994616244,-180.));
#2304 = CARTESIAN_POINT('',(-45.95950433245,-87.,-180.));
#2305 = CARTESIAN_POINT('',(-45.97290052723,-87.,-180.));
#2306 = ORIENTED_EDGE('',*,*,#2307,.F.);
#2307 = EDGE_CURVE('',#857,#2254,#2308,.T.);
#2308 = B_SPLINE_CURVE_WITH_KNOTS('',1,(#2309,#2310),.UNSPECIFIED.,.F.,
  .F.,(2,2),(0.,1.),.PIECEWISE_BEZIER_KNOTS.);
#2309 = CARTESIAN_POINT('',(-16.00000000001,-50.5,-180.));
#2310 = CARTESIAN_POINT('',(-44.,-87.,-180.));
#2311 = ORIENTED_EDGE('',*,*,#856,.F.);
#2312 = ORIENTED_EDGE('',*,*,#2313,.F.);
#2313 = EDGE_CURVE('',#2314,#849,#2316,.T.);
#2314 = VERTEX_POINT('',#2315);
#2315 = CARTESIAN_POINT('',(-33.94680220025,-61.71731939488,-180.));
#2316 = CIRCLE('',#2317,2.);
#2317 = AXIS2_PLACEMENT_3D('',#2318,#2319,#2320);
#2318 = CARTESIAN_POINT('',(-35.53366498286,-60.5,-180.));
#2319 = DIRECTION('',(0.,1.110223024625E-16,1.));
#2320 = DIRECTION('',(-1.,0.,0.));
#2321 = ORIENTED_EDGE('',*,*,#2322,.F.);
#2322 = EDGE_CURVE('',#2323,#2314,#2325,.T.);
#2323 = VERTEX_POINT('',#2324);
#2324 = CARTESIAN_POINT('',(-44.41817521395,-75.36750207346,-180.));
#2325 = LINE('',#2326,#2327);
#2326 = CARTESIAN_POINT('',(-44.41817521395,-75.36750207346,-180.));
#2327 = VECTOR('',#2328,1.);
#2328 = DIRECTION('',(0.608659697441,0.793431391307,-8.808857990895E-17)
  );
#2329 = ORIENTED_EDGE('',*,*,#2330,.F.);
#2330 = EDGE_CURVE('',#2331,#2323,#2333,.T.);
#2331 = VERTEX_POINT('',#2332);
#2332 = CARTESIAN_POINT('',(-47.89715696981,-74.79816862832,-180.));
#2333 = CIRCLE('',#2334,2.);
#2334 = AXIS2_PLACEMENT_3D('',#2335,#2336,#2337);
#2335 = CARTESIAN_POINT('',(-46.00503799656,-74.15018267858,-180.));
#2336 = DIRECTION('',(0.,1.110223024625E-16,1.));
#2337 = DIRECTION('',(-1.,0.,0.));
#2338 = ORIENTED_EDGE('',*,*,#2339,.F.);
#2339 = EDGE_CURVE('',#2340,#2331,#2342,.T.);
#2340 = VERTEX_POINT('',#2341);
#2341 = CARTESIAN_POINT('',(-52.57187706522,-61.14798594974,-180.));
#2342 = LINE('',#2343,#2344);
#2343 = CARTESIAN_POINT('',(-52.57187706522,-61.14798594974,-180.));
#2344 = VECTOR('',#2345,1.);
#2345 = DIRECTION('',(0.323992974872,-0.946059486625,1.050337024716E-16)
  );
#2346 = ORIENTED_EDGE('',*,*,#2347,.F.);
#2347 = EDGE_CURVE('',#841,#2340,#2348,.T.);
#2348 = CIRCLE('',#2349,2.);
#2349 = AXIS2_PLACEMENT_3D('',#2350,#2351,#2352);
#2350 = CARTESIAN_POINT('',(-50.67975809197,-60.5,-180.));
#2351 = DIRECTION('',(0.,1.110223024625E-16,1.));
#2352 = DIRECTION('',(-1.,0.,0.));
#2353 = ORIENTED_EDGE('',*,*,#840,.F.);
#2354 = ORIENTED_EDGE('',*,*,#831,.F.);
#2355 = ORIENTED_EDGE('',*,*,#2356,.T.);
#2356 = EDGE_CURVE('',#823,#2357,#2359,.T.);
#2357 = VERTEX_POINT('',#2358);
#2358 = CARTESIAN_POINT('',(-52.92603702072,-84.29597189948,-180.));
#2359 = B_SPLINE_CURVE_WITH_KNOTS('',1,(#2360,#2361),.UNSPECIFIED.,.F.,
  .F.,(2,2),(0.,1.),.PIECEWISE_BEZIER_KNOTS.);
#2360 = CARTESIAN_POINT('',(-64.5,-50.5,-180.));
#2361 = CARTESIAN_POINT('',(-52.,-87.,-180.));
#2362 = ORIENTED_EDGE('',*,*,#2363,.T.);
#2363 = EDGE_CURVE('',#2357,#2364,#2366,.T.);
#2364 = VERTEX_POINT('',#2365);
#2365 = CARTESIAN_POINT('',(-49.14179907422,-87.,-180.));
#2366 = B_SPLINE_CURVE_WITH_KNOTS('',7,(#2367,#2368,#2369,#2370,#2371,
    #2372,#2373,#2374,#2375,#2376,#2377,#2378,#2379,#2380,#2381,#2382,
    #2383,#2384,#2385,#2386,#2387,#2388,#2389,#2390,#2391,#2392,#2393,
    #2394,#2395,#2396,#2397,#2398,#2399,#2400,#2401,#2402,#2403,#2404,
    #2405,#2406,#2407,#2408,#2409,#2410,#2411,#2412,#2413,#2414,#2415,
    #2416,#2417,#2418,#2419,#2420,#2421,#2422),.UNSPECIFIED.,.F.,.F.,(8,
    6,6,6,6,6,6,6,6,8),(0.,7.058783394614E-02,0.153986262981,
    0.203349273042,0.340655031179,0.459831145679,0.57545966995,
    0.701527997914,0.882606991351,1.),.UNSPECIFIED.);
#2367 = CARTESIAN_POINT('',(-52.92603702072,-84.29597189948,-180.));
#2368 = CARTESIAN_POINT('',(-52.89991562762,-84.37224636526,-180.));
#2369 = CARTESIAN_POINT('',(-52.87182515364,-84.44841895652,-180.));
#2370 = CARTESIAN_POINT('',(-52.84179575478,-84.5242602176,-180.));
#2371 = CARTESIAN_POINT('',(-52.80989041849,-84.59952434356,-180.));
#2372 = CARTESIAN_POINT('',(-52.77620938638,-84.67395713246,-180.));
#2373 = CARTESIAN_POINT('',(-52.74089175666,-84.74730369699,-180.));
#2374 = CARTESIAN_POINT('',(-52.66066223245,-84.90439727668,-180.));
#2375 = CARTESIAN_POINT('',(-52.61515860438,-84.98764305492,-180.));
#2376 = CARTESIAN_POINT('',(-52.56789559479,-85.0686353018,-180.));
#2377 = CARTESIAN_POINT('',(-52.51918832668,-85.14707248617,-180.));
#2378 = CARTESIAN_POINT('',(-52.4693480474,-85.22275648877,-180.));
#2379 = CARTESIAN_POINT('',(-52.41866487404,-85.29557517227,-180.));
#2380 = CARTESIAN_POINT('',(-52.33705675172,-85.40685710224,-180.));
#2381 = CARTESIAN_POINT('',(-52.30650489586,-85.44721948494,-180.));
#2382 = CARTESIAN_POINT('',(-52.27579431651,-85.486563269,-180.));
#2383 = CARTESIAN_POINT('',(-52.24496939366,-85.52489308057,-180.));
#2384 = CARTESIAN_POINT('',(-52.21406903893,-85.56222089515,-180.));
#2385 = CARTESIAN_POINT('',(-52.18312666161,-85.59856433472,-180.));
#2386 = CARTESIAN_POINT('',(-52.06606295857,-85.73235801248,-180.));
#2387 = CARTESIAN_POINT('',(-51.97989187768,-85.82327003239,-180.));
#2388 = CARTESIAN_POINT('',(-51.89418515907,-85.90724608363,-180.));
#2389 = CARTESIAN_POINT('',(-51.80927172666,-85.98491519362,-180.));
#2390 = CARTESIAN_POINT('',(-51.72533086606,-86.05687601639,-180.));
#2391 = CARTESIAN_POINT('',(-51.64242382255,-86.12369222037,-180.));
#2392 = CARTESIAN_POINT('',(-51.48941263,-86.23985786991,-180.));
#2393 = CARTESIAN_POINT('',(-51.4190935553,-86.29032591904,-180.));
#2394 = CARTESIAN_POINT('',(-51.34955291191,-86.33760744397,-180.));
#2395 = CARTESIAN_POINT('',(-51.280776785,-86.3819724615,-180.));
#2396 = CARTESIAN_POINT('',(-51.21274061407,-86.42365297447,-180.));
#2397 = CARTESIAN_POINT('',(-51.14541090729,-86.4628521777,-180.));
#2398 = CARTESIAN_POINT('',(-51.01406481363,-86.53554608099,-180.));
#2399 = CARTESIAN_POINT('',(-50.95001442497,-86.56917315269,-180.));
#2400 = CARTESIAN_POINT('',(-50.88655999137,-86.60079069443,-180.));
#2401 = CARTESIAN_POINT('',(-50.82366770454,-86.63053458793,-180.));
#2402 = CARTESIAN_POINT('',(-50.7613040502,-86.65852179449,-180.));
#2403 = CARTESIAN_POINT('',(-50.69943548361,-86.68485455945,-180.));
#2404 = CARTESIAN_POINT('',(-50.57107650057,-86.73662652439,-180.));
#2405 = CARTESIAN_POINT('',(-50.50467467036,-86.76176988996,-180.));
#2406 = CARTESIAN_POINT('',(-50.43877982643,-86.78516793146,-180.));
#2407 = CARTESIAN_POINT('',(-50.37335173368,-86.80691832205,-180.));
#2408 = CARTESIAN_POINT('',(-50.30835218328,-86.82710388017,-180.));
#2409 = CARTESIAN_POINT('',(-50.24374442326,-86.84579544829,-180.));
#2410 = CARTESIAN_POINT('',(-50.08720408471,-86.88784530359,-180.));
#2411 = CARTESIAN_POINT('',(-49.99565158468,-86.90968031036,-180.));
#2412 = CARTESIAN_POINT('',(-49.90472931833,-86.92874158197,-180.));
#2413 = CARTESIAN_POINT('',(-49.81434057827,-86.94516795869,-180.));
#2414 = CARTESIAN_POINT('',(-49.72439477185,-86.95906611878,-180.));
#2415 = CARTESIAN_POINT('',(-49.63480524456,-86.97051691831,-180.));
#2416 = CARTESIAN_POINT('',(-49.48758367292,-86.98545109236,-180.));
#2417 = CARTESIAN_POINT('',(-49.42979425554,-86.99032020867,-180.));
#2418 = CARTESIAN_POINT('',(-49.37209694612,-86.99420012793,-180.));
#2419 = CARTESIAN_POINT('',(-49.31446984214,-86.99710228513,-180.));
#2420 = CARTESIAN_POINT('',(-49.25689165936,-86.99903426289,-180.));
#2421 = CARTESIAN_POINT('',(-49.19934157556,-86.99999999999,-180.));
#2422 = CARTESIAN_POINT('',(-49.14179907422,-87.,-180.));
#2423 = ORIENTED_EDGE('',*,*,#2424,.F.);
#2424 = EDGE_CURVE('',#2256,#2364,#2425,.T.);
#2425 = LINE('',#2426,#2427);
#2426 = CARTESIAN_POINT('',(-44.,-87.,-180.));
#2427 = VECTOR('',#2428,1.);
#2428 = DIRECTION('',(-1.,-6.661338147751E-33,-6.E-17));
#2429 = B_SPLINE_SURFACE_WITH_KNOTS('',1,1,(
    (#2430,#2431)
    ,(#2432,#2433
    )),.UNSPECIFIED.,.F.,.F.,.F.,(2,2),(2,2),(0.,48.499999999985),(0.,1.
    ),.PIECEWISE_BEZIER_KNOTS.);
#2430 = CARTESIAN_POINT('',(-16.00000000001,-50.5,-180.));
#2431 = CARTESIAN_POINT('',(-44.,-87.,-180.));
#2432 = CARTESIAN_POINT('',(-64.5,-50.5,-180.));
#2433 = CARTESIAN_POINT('',(-52.,-87.,-180.));
#2434 = ADVANCED_FACE('',(#2435),#2451,.F.);
#2435 = FACE_BOUND('',#2436,.T.);
#2436 = EDGE_LOOP('',(#2437,#2438,#2444,#2445));
#2437 = ORIENTED_EDGE('',*,*,#848,.T.);
#2438 = ORIENTED_EDGE('',*,*,#2439,.T.);
#2439 = EDGE_CURVE('',#849,#1261,#2440,.T.);
#2440 = LINE('',#2441,#2442);
#2441 = CARTESIAN_POINT('',(-35.53366498286,-58.5,-180.));
#2442 = VECTOR('',#2443,1.);
#2443 = DIRECTION('',(0.,3.310223024625E-16,1.));
#2444 = ORIENTED_EDGE('',*,*,#1269,.F.);
#2445 = ORIENTED_EDGE('',*,*,#2446,.F.);
#2446 = EDGE_CURVE('',#841,#1270,#2447,.T.);
#2447 = LINE('',#2448,#2449);
#2448 = CARTESIAN_POINT('',(-50.67975809197,-58.5,-180.));
#2449 = VECTOR('',#2450,1.);
#2450 = DIRECTION('',(0.,3.310223024625E-16,1.));
#2451 = PLANE('',#2452);
#2452 = AXIS2_PLACEMENT_3D('',#2453,#2454,#2455);
#2453 = CARTESIAN_POINT('',(-35.53366498286,-58.5,-180.));
#2454 = DIRECTION('',(-0.,1.,-3.310223024625E-16));
#2455 = DIRECTION('',(1.,0.,0.));
#2456 = ADVANCED_FACE('',(#2457),#2612,.T.);
#2457 = FACE_BOUND('',#2458,.T.);
#2458 = EDGE_LOOP('',(#2459,#2497,#2498,#2499,#2524,#2610,#2611));
#2459 = ORIENTED_EDGE('',*,*,#2460,.F.);
#2460 = EDGE_CURVE('',#951,#1133,#2461,.T.);
#2461 = B_SPLINE_CURVE_WITH_KNOTS('',12,(#2462,#2463,#2464,#2465,#2466,
    #2467,#2468,#2469,#2470,#2471,#2472,#2473,#2474,#2475,#2476,#2477,
    #2478,#2479,#2480,#2481,#2482,#2483,#2484,#2485,#2486,#2487,#2488,
    #2489,#2490,#2491,#2492,#2493,#2494,#2495,#2496),.UNSPECIFIED.,.F.,
  .F.,(13,11,11,13),(-4.0778E-13,3.141592653589,6.283185307179,
    12.566370614359),.UNSPECIFIED.);
#2462 = CARTESIAN_POINT('',(-51.79076563677,-83.90718032964,
    -179.9999999999));
#2463 = CARTESIAN_POINT('',(-51.79076563676,-83.90718032962,
    -179.7154828631));
#2464 = CARTESIAN_POINT('',(-51.77811805889,-83.91396512062,
    -179.4309844252));
#2465 = CARTESIAN_POINT('',(-51.75276148337,-83.92758840663,
    -179.146467252));
#2466 = CARTESIAN_POINT('',(-51.71441330129,-83.94820337153,
    -178.8624279838));
#2467 = CARTESIAN_POINT('',(-51.66248567326,-83.97613144477,
    -178.5793614151));
#2468 = CARTESIAN_POINT('',(-51.59603676891,-84.01190595545,
    -178.2978497863));
#2469 = CARTESIAN_POINT('',(-51.51378787078,-84.05625312652,
    -178.0190042773));
#2470 = CARTESIAN_POINT('',(-51.41423697174,-84.10997290991,
    -177.7449857264));
#2471 = CARTESIAN_POINT('',(-51.29589943695,-84.17368210081,
    -177.4793315564));
#2472 = CARTESIAN_POINT('',(-51.15770636378,-84.24738223659,
    -177.2268159323));
#2473 = CARTESIAN_POINT('',(-50.99959121654,-84.32981472477,
    -176.9925701389));
#2474 = CARTESIAN_POINT('',(-50.64699949553,-84.50531665765,
    -176.5678102465));
#2475 = CARTESIAN_POINT('',(-50.45252776309,-84.59842720844,
    -176.3773808078));
#2476 = CARTESIAN_POINT('',(-50.24105366348,-84.69382027655,
    -176.2116249553));
#2477 = CARTESIAN_POINT('',(-50.01575806378,-84.78703993691,
    -176.0742834526));
#2478 = CARTESIAN_POINT('',(-49.78018852729,-84.87153140091,
    -175.9615801894));
#2479 = CARTESIAN_POINT('',(-49.53653666727,-84.94326528232,
    -175.8678336512));
#2480 = CARTESIAN_POINT('',(-49.28562904443,-85.00233740993,
    -175.790268224));
#2481 = CARTESIAN_POINT('',(-49.02813334609,-85.05079835865,
    -175.7289812193));
#2482 = CARTESIAN_POINT('',(-48.76551061243,-85.08986200416,
    -175.6843611785));
#2483 = CARTESIAN_POINT('',(-48.49959620302,-85.11980995165,
    -175.6560303602));
#2484 = CARTESIAN_POINT('',(-48.23136692896,-85.1423484538,
    -175.6445992506));
#2485 = CARTESIAN_POINT('',(-47.42461434872,-85.18896288594,
    -175.6613221152));
#2486 = CARTESIAN_POINT('',(-46.88387861148,-85.19218617816,
    -175.7403054116));
#2487 = CARTESIAN_POINT('',(-46.35219090878,-85.17391867387,
    -175.8910858564));
#2488 = CARTESIAN_POINT('',(-45.83950022362,-85.13460816729,
    -176.1035994743));
#2489 = CARTESIAN_POINT('',(-45.35930305268,-85.07869114473,
    -176.4088311191));
#2490 = CARTESIAN_POINT('',(-44.92328985101,-85.00317367412,
    -176.7369391485));
#2491 = CARTESIAN_POINT('',(-44.51955157303,-84.90205614602,
    -177.1886074341));
#2492 = CARTESIAN_POINT('',(-44.21854353703,-84.83160576942,
    -177.6934216458));
#2493 = CARTESIAN_POINT('',(-43.98239436555,-84.76675139291,
    -178.2421946872));
#2494 = CARTESIAN_POINT('',(-43.82867212172,-84.72540666972,
    -178.8193629393));
#2495 = CARTESIAN_POINT('',(-43.75129263157,-84.70424715283,
    -179.409772773));
#2496 = CARTESIAN_POINT('',(-43.75129263157,-84.70424715283,-180.));
#2497 = ORIENTED_EDGE('',*,*,#948,.F.);
#2498 = ORIENTED_EDGE('',*,*,#999,.F.);
#2499 = ORIENTED_EDGE('',*,*,#2500,.F.);
#2500 = EDGE_CURVE('',#2501,#1000,#2503,.T.);
#2501 = VERTEX_POINT('',#2502);
#2502 = CARTESIAN_POINT('',(-55.54127842083,-57.93812575772,
    -154.1585745019));
#2503 = ( BOUNDED_CURVE() B_SPLINE_CURVE(7,(#2504,#2505,#2506,#2507,
    #2508,#2509,#2510,#2511,#2512,#2513,#2514,#2515,#2516,#2517,#2518,
    #2519,#2520,#2521,#2522,#2523),.UNSPECIFIED.,.F.,.F.) 
B_SPLINE_CURVE_WITH_KNOTS((8,6,6,8),(0.,1.687403955182E-02,
0.542971804102,1.),.UNSPECIFIED.) CURVE() GEOMETRIC_REPRESENTATION_ITEM(
) RATIONAL_B_SPLINE_CURVE((1.,1.,1.,1.,1.,1.,1.,1.,1.,1.,1.,1.,1.,1.,1.,
1.,1.,1.,1.,1.)) REPRESENTATION_ITEM('') );
#2504 = CARTESIAN_POINT('',(-55.54127842083,-57.93812575772,
    -154.1585745019));
#2505 = CARTESIAN_POINT('',(-55.56907542457,-57.93912177588,
    -154.2186490876));
#2506 = CARTESIAN_POINT('',(-55.59677728501,-57.94004781571,
    -154.2787341746));
#2507 = CARTESIAN_POINT('',(-55.62445359245,-57.94079399796,
    -154.3388415457));
#2508 = CARTESIAN_POINT('',(-55.65209525551,-57.94137491499,
    -154.3989696408));
#2509 = CARTESIAN_POINT('',(-55.67966354942,-57.94185205722,
    -154.4591119038));
#2510 = CARTESIAN_POINT('',(-55.70713916419,-57.94225623953,
    -154.5192651289));
#2511 = CARTESIAN_POINT('',(-56.58984722466,-57.95042262018,
    -156.4554978571));
#2512 = CARTESIAN_POINT('',(-57.3844483581,-57.84043323706,
    -158.3464639637));
#2513 = CARTESIAN_POINT('',(-58.10617925163,-57.64268004704,
    -160.2524931402));
#2514 = CARTESIAN_POINT('',(-58.75378118675,-57.38291887205,
    -162.1714172582));
#2515 = CARTESIAN_POINT('',(-59.32958976394,-57.08079991175,
    -164.1008951564));
#2516 = CARTESIAN_POINT('',(-59.8352087948,-56.75299994957,
    -166.039864278));
#2517 = CARTESIAN_POINT('',(-60.64808354595,-56.13297968841,
    -169.6827857462));
#2518 = CARTESIAN_POINT('',(-60.97258700983,-55.84165129675,
    -171.3837168009));
#2519 = CARTESIAN_POINT('',(-61.24282701865,-55.5625433209,
    -173.0924322492));
#2520 = CARTESIAN_POINT('',(-61.45728061921,-55.31059687243,
    -174.807934858));
#2521 = CARTESIAN_POINT('',(-61.60961160998,-55.11271781707,
    -176.5348342725));
#2522 = CARTESIAN_POINT('',(-61.68518545179,-55.01547446978,
    -178.267323817));
#2523 = CARTESIAN_POINT('',(-61.68518545179,-55.01547446978,-180.));
#2524 = ORIENTED_EDGE('',*,*,#2525,.F.);
#2525 = EDGE_CURVE('',#1101,#2501,#2526,.T.);
#2526 = ( BOUNDED_CURVE() B_SPLINE_CURVE(10,(#2527,#2528,#2529,#2530,
    #2531,#2532,#2533,#2534,#2535,#2536,#2537,#2538,#2539,#2540,#2541,
    #2542,#2543,#2544,#2545,#2546,#2547,#2548,#2549,#2550,#2551,#2552,
    #2553,#2554,#2555,#2556,#2557,#2558,#2559,#2560,#2561,#2562,#2563,
    #2564,#2565,#2566,#2567,#2568,#2569,#2570,#2571,#2572,#2573,#2574,
    #2575,#2576,#2577,#2578,#2579,#2580,#2581,#2582,#2583,#2584,#2585,
    #2586,#2587,#2588,#2589,#2590,#2591,#2592,#2593,#2594,#2595,#2596,
    #2597,#2598,#2599,#2600,#2601,#2602,#2603,#2604,#2605,#2606,#2607,
#2608,#2609),.UNSPECIFIED.,.F.,.F.) B_SPLINE_CURVE_WITH_KNOTS((11,9,9,9,
    9,9,9,9,9,11),(0.,0.221579121505,0.420762599184,0.509387153692,
    0.639476568088,0.747464122245,0.90086205692,0.948414577779,
0.973521727677,1.),.UNSPECIFIED.) CURVE() GEOMETRIC_REPRESENTATION_ITEM(
) RATIONAL_B_SPLINE_CURVE((1.,1.,1.,1.,1.,1.,1.,1.,1.,1.,1.,1.,1.,1.,1.,
    1.,1.,1.,1.,1.,1.,1.,1.,1.,1.,1.,1.,1.,1.,1.,1.,1.,0.999999999999,1.
    ,1.,1.,1.,1.,1.,1.,1.,1.,1.,1.,1.,1.,1.,1.,1.,1.,1.,1.,1.,1.,1.,1.,
    1.,1.,1.,1.,1.,1.,1.,1.,1.,1.,1.,1.,1.,1.,1.,1.,1.,1.,1.,1.,
    1.000000000001,0.999999999999,1.000000000001,1.,1.,1.,1.)) 
REPRESENTATION_ITEM('') );
#2527 = CARTESIAN_POINT('',(-23.08910397095,-57.76960836307,-180.));
#2528 = CARTESIAN_POINT('',(-23.08910397095,-57.76960836307,
    -178.5255687109));
#2529 = CARTESIAN_POINT('',(-23.12099577458,-57.76912245606,
    -177.0512807481));
#2530 = CARTESIAN_POINT('',(-23.18480768424,-57.76815046639,
    -175.5778526274));
#2531 = CARTESIAN_POINT('',(-23.28069366058,-57.76668918258,
    -174.106079739));
#2532 = CARTESIAN_POINT('',(-23.40895372116,-57.76473221658,
    -172.6368412905));
#2533 = CARTESIAN_POINT('',(-23.57005433919,-57.76226986305,
    -171.1711052499));
#2534 = CARTESIAN_POINT('',(-23.76464884223,-57.75928895858,
    -169.7099332888));
#2535 = CARTESIAN_POINT('',(-23.99359781085,-57.75577274097,
    -168.2544857251));
#2536 = CARTESIAN_POINT('',(-24.25798947738,-57.75170070846,
    -166.8060264664));
#2537 = CARTESIAN_POINT('',(-24.82989058183,-57.74286646386,
    -164.0713843684));
#2538 = CARTESIAN_POINT('',(-25.13018537302,-57.73821622645,
    -162.7841647171));
#2539 = CARTESIAN_POINT('',(-25.4611833128,-57.73308210848,
    -161.5049921014));
#2540 = CARTESIAN_POINT('',(-25.8240746305,-57.727443315,-160.2349301832
    ));
#2541 = CARTESIAN_POINT('',(-26.22018014225,-57.72127609507,
    -158.9754202259));
#2542 = CARTESIAN_POINT('',(-26.65103042322,-57.71455592256,
    -157.7283181372));
#2543 = CARTESIAN_POINT('',(-27.11844497977,-57.7072596768,
    -156.4959315115));
#2544 = CARTESIAN_POINT('',(-27.62461142163,-57.69936782336,
    -155.2810566721));
#2545 = CARTESIAN_POINT('',(-28.17216463414,-57.69086659475,
    -154.0870157143));
#2546 = CARTESIAN_POINT('',(-29.02771508775,-57.6776939161,
    -152.3974161758));
#2547 = CARTESIAN_POINT('',(-29.29994453099,-57.67351853255,
    -151.8821658947));
#2548 = CARTESIAN_POINT('',(-29.58122735022,-57.66922217425,
    -151.3722873373));
#2549 = CARTESIAN_POINT('',(-29.87185079072,-57.66480516701,
    -150.8682001181));
#2550 = CARTESIAN_POINT('',(-30.17211627287,-57.66027000871,
    -150.3703988318));
#2551 = CARTESIAN_POINT('',(-30.48233939219,-57.65562136929,
    -149.8794530532));
#2552 = CARTESIAN_POINT('',(-30.8028499193,-57.65086609074,
    -149.3960073381));
#2553 = CARTESIAN_POINT('',(-31.13399179997,-57.64601318712,
    -148.9207812221));
#2554 = CARTESIAN_POINT('',(-31.47612315506,-57.64107384455,
    -148.4545692217));
#2555 = CARTESIAN_POINT('',(-32.348498592,-57.62870383028,-147.328409621
    ));
#2556 = CARTESIAN_POINT('',(-32.89169095485,-57.62119574413,
    -146.6802206846));
#2557 = CARTESIAN_POINT('',(-33.46012905315,-57.61358883516,
    -146.0563628389));
#2558 = CARTESIAN_POINT('',(-34.05610991013,-57.60594730145,
    -145.4597740015));
#2559 = CARTESIAN_POINT('',(-34.67954210713,-57.59838920654,
    -144.8954129095));
#2560 = CARTESIAN_POINT('',(-35.3306169977,-57.59106749618,
    -144.3685815772));
#2561 = CARTESIAN_POINT('',(-36.01096010626,-57.58417665611,
    -143.8843897166));
#2562 = CARTESIAN_POINT('',(-36.72097397175,-57.57799863359,
    -143.4493690333));
#2563 = CARTESIAN_POINT('',(-37.45673576856,-57.57292930256,
    -143.0726619984));
#2564 = CARTESIAN_POINT('',(-38.84528826566,-57.56638688454,
    -142.5016048321));
#2565 = CARTESIAN_POINT('',(-39.49071672961,-57.56445595819,
    -142.287291575));
#2566 = CARTESIAN_POINT('',(-40.14987393276,-57.56376909956,
    -142.12160269));
#2567 = CARTESIAN_POINT('',(-40.81954913182,-57.56458319071,
    -142.0085720168));
#2568 = CARTESIAN_POINT('',(-41.49557839686,-57.56712882669,
    -141.9513271808));
#2569 = CARTESIAN_POINT('',(-42.17324456067,-57.5715575205,
    -141.9514351923));
#2570 = CARTESIAN_POINT('',(-42.84769612845,-57.57791181431,
    -142.0086176239));
#2571 = CARTESIAN_POINT('',(-43.51438514802,-57.58611829701,
    -142.1208353678));
#2572 = CARTESIAN_POINT('',(-44.16952404024,-57.59600352815,
    -142.2847429722));
#2573 = CARTESIAN_POINT('',(-45.7211645262,-57.62342636493,
    -142.7973344162));
#2574 = CARTESIAN_POINT('',(-46.60342994627,-57.64244356253,
    -143.1948379954));
#2575 = CARTESIAN_POINT('',(-47.44927042062,-57.66373892208,
    -143.6777925849));
#2576 = CARTESIAN_POINT('',(-48.25561045808,-57.6864704491,
    -144.2335570934));
#2577 = CARTESIAN_POINT('',(-49.02131424659,-57.70983643033,
    -144.8493979673));
#2578 = CARTESIAN_POINT('',(-49.74719561421,-57.73324126583,
    -145.5151380449));
#2579 = CARTESIAN_POINT('',(-50.43559962688,-57.75631497019,
    -146.2237094013));
#2580 = CARTESIAN_POINT('',(-51.0886763795,-57.77881104978,
    -146.9692172885));
#2581 = CARTESIAN_POINT('',(-51.70709847793,-57.80050759651,
    -147.7451563292));
#2582 = CARTESIAN_POINT('',(-52.47541835541,-57.8277934402,
    -148.7974721128));
#2583 = CARTESIAN_POINT('',(-52.65413483526,-57.83416565976,
    -149.0490814707));
#2584 = CARTESIAN_POINT('',(-52.82980791658,-57.84045037595,
    -149.3031596233));
#2585 = CARTESIAN_POINT('',(-53.00249024195,-57.84664514628,
    -149.5595905272));
#2586 = CARTESIAN_POINT('',(-53.17223326916,-57.8527479403,
    -149.8182647201));
#2587 = CARTESIAN_POINT('',(-53.33908727123,-57.8587571396,
    -150.0790793208));
#2588 = CARTESIAN_POINT('',(-53.50310133633,-57.86467153777,
    -150.341938029));
#2589 = CARTESIAN_POINT('',(-53.66432336786,-57.87049034047,
    -150.6067511255));
#2590 = CARTESIAN_POINT('',(-53.82280008441,-57.87621316537,
    -150.8734354722));
#2591 = CARTESIAN_POINT('',(-54.06082533797,-57.88481096436,
    -151.283668164));
#2592 = CARTESIAN_POINT('',(-54.1423213324,-57.88775501421,
    -151.4259198304));
#2593 = CARTESIAN_POINT('',(-54.22307127255,-57.89067222136,
    -151.5686591224));
#2594 = CARTESIAN_POINT('',(-54.30308142791,-57.89356261545,
    -151.711875651));
#2595 = CARTESIAN_POINT('',(-54.38235806797,-57.89642622613,
    -151.8555590274));
#2596 = CARTESIAN_POINT('',(-54.46090746221,-57.89926308302,
    -151.9996988626));
#2597 = CARTESIAN_POINT('',(-54.53873588015,-57.90207321578,
    -152.1442847679));
#2598 = CARTESIAN_POINT('',(-54.61584959125,-57.90485665404,
    -152.2893063543));
#2599 = CARTESIAN_POINT('',(-54.69225486502,-57.90761342745,
    -152.4347532329));
#2600 = CARTESIAN_POINT('',(-54.84779528672,-57.91322279895,
    -152.7344424306));
#2601 = CARTESIAN_POINT('',(-54.92703213166,-57.91607902257,
    -152.8890694419));
#2602 = CARTESIAN_POINT('',(-55.00667436928,-57.91894826144,
    -153.0465275916));
#2603 = CARTESIAN_POINT('',(-55.08317897318,-57.92170281287,
    -153.1996950147));
#2604 = CARTESIAN_POINT('',(-55.16355708153,-57.92459499093,
    -153.3625884614));
#2605 = CARTESIAN_POINT('',(-55.2398718261,-57.92733869134,
    -153.5195232434));
#2606 = CARTESIAN_POINT('',(-55.31646817848,-57.93009055952,
    -153.6788501897));
#2607 = CARTESIAN_POINT('',(-55.39208611593,-57.93280499836,
    -153.8382019771));
#2608 = CARTESIAN_POINT('',(-55.46709666485,-57.93549528983,
    -153.998287821));
#2609 = CARTESIAN_POINT('',(-55.5412780261,-57.93815343403,
    -154.158607998));
#2610 = ORIENTED_EDGE('',*,*,#1122,.T.);
#2611 = ORIENTED_EDGE('',*,*,#1132,.T.);
#2612 = OFFSET_SURFACE('',#2613,1.2,.F.);
#2613 = B_SPLINE_SURFACE_WITH_KNOTS('',11,1,(
    (#2614,#2615)
    ,(#2616,#2617)
    ,(#2618,#2619)
    ,(#2620,#2621)
    ,(#2622,#2623)
    ,(#2624,#2625)
    ,(#2626,#2627)
    ,(#2628,#2629)
    ,(#2630,#2631)
    ,(#2632,#2633)
    ,(#2634,#2635)
    ,(#2636,#2637
    )),.UNSPECIFIED.,.F.,.F.,.F.,(12,12),(2,2),(1.570796326794,
    4.712388980385),(0.,1.),.PIECEWISE_BEZIER_KNOTS.);
#2614 = CARTESIAN_POINT('',(-64.5,-50.5,-180.));
#2615 = CARTESIAN_POINT('',(-52.,-87.,-180.));
#2616 = CARTESIAN_POINT('',(-64.5,-50.49999999999,-166.148432391));
#2617 = CARTESIAN_POINT('',(-52.,-87.,-178.8576026714));
#2618 = CARTESIAN_POINT('',(-62.32420080325,-50.5,-152.2968658648));
#2619 = CARTESIAN_POINT('',(-51.64110626929,-86.99999999999,
    -177.7152054321));
#2620 = CARTESIAN_POINT('',(-57.97260292144,-50.49999999999,
    -139.9642842684));
#2621 = CARTESIAN_POINT('',(-50.92331090399,-87.,-176.6980853004));
#2622 = CARTESIAN_POINT('',(-51.7434571785,-50.5,-130.6697326505));
#2623 = CARTESIAN_POINT('',(-49.89584059273,-86.99999999999,
    -175.9315243423));
#2624 = CARTESIAN_POINT('',(-44.23328366937,-50.49999999999,
    -125.6643310761));
#2625 = CARTESIAN_POINT('',(-48.65701718887,-87.,-175.5187077176));
#2626 = CARTESIAN_POINT('',(-36.26671633063,-50.5,-125.6643310761));
#2627 = CARTESIAN_POINT('',(-47.34298281112,-87.,-175.5187077176));
#2628 = CARTESIAN_POINT('',(-28.75654282151,-50.5,-130.6697326505));
#2629 = CARTESIAN_POINT('',(-46.10415940724,-86.99999999999,
    -175.9315243423));
#2630 = CARTESIAN_POINT('',(-22.52739707856,-50.49999999999,
    -139.9642842684));
#2631 = CARTESIAN_POINT('',(-45.07668909601,-87.,-176.6980853004));
#2632 = CARTESIAN_POINT('',(-18.17579919676,-50.5,-152.2968658648));
#2633 = CARTESIAN_POINT('',(-44.35889373069,-86.99999999999,
    -177.7152054321));
#2634 = CARTESIAN_POINT('',(-16.00000000001,-50.5,-166.148432391));
#2635 = CARTESIAN_POINT('',(-44.,-87.,-178.8576026714));
#2636 = CARTESIAN_POINT('',(-16.00000000001,-50.5,-180.));
#2637 = CARTESIAN_POINT('',(-44.,-87.,-180.));
#2638 = ADVANCED_FACE('',(#2639),#2704,.F.);
#2639 = FACE_BOUND('',#2640,.F.);
#2640 = EDGE_LOOP('',(#2641,#2642,#2643,#2703));
#2641 = ORIENTED_EDGE('',*,*,#2460,.F.);
#2642 = ORIENTED_EDGE('',*,*,#1215,.F.);
#2643 = ORIENTED_EDGE('',*,*,#2644,.T.);
#2644 = EDGE_CURVE('',#1208,#1176,#2645,.T.);
#2645 = B_SPLINE_CURVE_WITH_KNOTS('',12,(#2646,#2647,#2648,#2649,#2650,
    #2651,#2652,#2653,#2654,#2655,#2656,#2657,#2658,#2659,#2660,#2661,
    #2662,#2663,#2664,#2665,#2666,#2667,#2668,#2669,#2670,#2671,#2672,
    #2673,#2674,#2675,#2676,#2677,#2678,#2679,#2680,#2681,#2682,#2683,
    #2684,#2685,#2686,#2687,#2688,#2689,#2690,#2691,#2692,#2693,#2694,
    #2695,#2696,#2697,#2698,#2699,#2700,#2701,#2702),.UNSPECIFIED.,.F.,
  .F.,(13,11,11,11,11,13),(-0.507679938322,-4.0778E-13,3.141592653589,
    6.283185307179,12.566370614359,13.047227046286),.UNSPECIFIED.);
#2646 = CARTESIAN_POINT('',(-49.14179907422,-85.8,-180.6250385688));
#2647 = CARTESIAN_POINT('',(-49.14179907422,-85.8,-180.5329385403));
#2648 = CARTESIAN_POINT('',(-49.14179907422,-85.8,-180.4481136902));
#2649 = CARTESIAN_POINT('',(-49.14179907422,-85.8,-180.3705640185));
#2650 = CARTESIAN_POINT('',(-49.14179907422,-85.8,-180.3002895251));
#2651 = CARTESIAN_POINT('',(-49.14179907422,-85.8,-180.2372902101));
#2652 = CARTESIAN_POINT('',(-49.14179907422,-85.8,-180.1815660735));
#2653 = CARTESIAN_POINT('',(-49.14179907422,-85.8,-180.1331171153));
#2654 = CARTESIAN_POINT('',(-49.14179907422,-85.8,-180.0919433355));
#2655 = CARTESIAN_POINT('',(-49.14179907422,-85.8,-180.058044734));
#2656 = CARTESIAN_POINT('',(-49.14179907422,-85.8,-180.031421311));
#2657 = CARTESIAN_POINT('',(-49.14179907422,-85.8,-180.0120730663));
#2658 = CARTESIAN_POINT('',(-49.14179907421,-85.8,-179.9252902201));
#2659 = CARTESIAN_POINT('',(-49.14775125999,-85.8,-179.850560841));
#2660 = CARTESIAN_POINT('',(-49.15970415225,-85.8,-179.7735031736));
#2661 = CARTESIAN_POINT('',(-49.17711540488,-85.8,-179.6919782437));
#2662 = CARTESIAN_POINT('',(-49.19899256066,-85.8,-179.6038925009));
#2663 = CARTESIAN_POINT('',(-49.22388271876,-85.8,-179.5072653546));
#2664 = CARTESIAN_POINT('',(-49.24978967838,-85.8,-179.4004327937));
#2665 = CARTESIAN_POINT('',(-49.27409715886,-85.8,-179.2823313499));
#2666 = CARTESIAN_POINT('',(-49.29357665068,-85.8,-179.1528066604));
#2667 = CARTESIAN_POINT('',(-49.30455850094,-85.8,-179.0128908895));
#2668 = CARTESIAN_POINT('',(-49.30334479255,-85.8,-178.8649932658));
#2669 = CARTESIAN_POINT('',(-49.27054042748,-85.8,-178.5609027214));
#2670 = CARTESIAN_POINT('',(-49.23893773009,-85.8,-178.4046699443));
#2671 = CARTESIAN_POINT('',(-49.18928678374,-85.8,-178.2479097125));
#2672 = CARTESIAN_POINT('',(-49.11907726905,-85.8,-178.09530101));
#2673 = CARTESIAN_POINT('',(-49.02763683403,-85.8,-177.9523972069));
#2674 = CARTESIAN_POINT('',(-48.91641623403,-85.8,-177.8236878323));
#2675 = CARTESIAN_POINT('',(-48.7882775635,-85.8,-177.7117602215));
#2676 = CARTESIAN_POINT('',(-48.64645299102,-85.8,-177.6178753214));
#2677 = CARTESIAN_POINT('',(-48.49389001543,-85.8,-177.5429227251));
#2678 = CARTESIAN_POINT('',(-48.33334765606,-85.8,-177.4876008444));
#2679 = CARTESIAN_POINT('',(-48.16785607535,-85.8,-177.4517790153));
#2680 = CARTESIAN_POINT('',(-47.66428784929,-85.8,-177.4024597832));
#2681 = CARTESIAN_POINT('',(-47.31916418223,-85.8,-177.4470900007));
#2682 = CARTESIAN_POINT('',(-46.98633338479,-85.8,-177.5671317522));
#2683 = CARTESIAN_POINT('',(-46.6835626755,-85.8,-177.7578077976));
#2684 = CARTESIAN_POINT('',(-46.4328535642,-85.8,-178.0040161149));
#2685 = CARTESIAN_POINT('',(-46.23258194382,-85.8,-178.2984646782));
#2686 = CARTESIAN_POINT('',(-46.12076487482,-85.8,-178.6140446617));
#2687 = CARTESIAN_POINT('',(-46.0457451454,-85.8,-178.9106112977));
#2688 = CARTESIAN_POINT('',(-46.00673334588,-85.8,-179.1975549393));
#2689 = CARTESIAN_POINT('',(-45.98405158013,-85.8,-179.4691883308));
#2690 = CARTESIAN_POINT('',(-45.97290052723,-85.8,-179.7347271358));
#2691 = CARTESIAN_POINT('',(-45.97290052723,-85.8,-180.0203015121));
#2692 = CARTESIAN_POINT('',(-45.97290052723,-85.8,-180.0463821216));
#2693 = CARTESIAN_POINT('',(-45.97290052723,-85.8,-180.0782418284));
#2694 = CARTESIAN_POINT('',(-45.97290052723,-85.8,-180.1158806325));
#2695 = CARTESIAN_POINT('',(-45.97290052724,-85.8,-180.1592985339));
#2696 = CARTESIAN_POINT('',(-45.97290052724,-85.8,-180.2084955327));
#2697 = CARTESIAN_POINT('',(-45.97290052724,-85.8,-180.2634716287));
#2698 = CARTESIAN_POINT('',(-45.97290052724,-85.8,-180.3242268221));
#2699 = CARTESIAN_POINT('',(-45.97290052724,-85.8,-180.3907611128));
#2700 = CARTESIAN_POINT('',(-45.97290052724,-85.8,-180.4630745008));
#2701 = CARTESIAN_POINT('',(-45.97290052724,-85.8,-180.5411669862));
#2702 = CARTESIAN_POINT('',(-45.97290052724,-85.8,-180.6250385688));
#2703 = ORIENTED_EDGE('',*,*,#1175,.T.);
#2704 = OFFSET_SURFACE('',#2705,-1.2,.F.);
#2705 = ( BOUNDED_SURFACE() B_SPLINE_SURFACE(2,12,(
    (#2706,#2707,#2708,#2709,#2710,#2711,#2712,#2713,#2714,#2715,#2716
      ,#2717,#2718,#2719,#2720,#2721,#2722,#2723,#2724,#2725,#2726,#2727
      ,#2728,#2729,#2730,#2731,#2732,#2733,#2734,#2735,#2736,#2737,#2738
      ,#2739,#2740,#2741,#2742,#2743,#2744,#2745,#2746,#2747,#2748,#2749
      ,#2750,#2751,#2752,#2753,#2754,#2755,#2756,#2757,#2758,#2759,#2760
      ,#2761,#2762)
    ,(#2763,#2764,#2765,#2766,#2767,#2768,#2769,#2770,#2771,#2772,#2773
      ,#2774,#2775,#2776,#2777,#2778,#2779,#2780,#2781,#2782,#2783,#2784
      ,#2785,#2786,#2787,#2788,#2789,#2790,#2791,#2792,#2793,#2794,#2795
      ,#2796,#2797,#2798,#2799,#2800,#2801,#2802,#2803,#2804,#2805,#2806
      ,#2807,#2808,#2809,#2810,#2811,#2812,#2813,#2814,#2815,#2816,#2817
      ,#2818,#2819)
    ,(#2820,#2821,#2822,#2823,#2824,#2825,#2826,#2827,#2828,#2829,#2830
      ,#2831,#2832,#2833,#2834,#2835,#2836,#2837,#2838,#2839,#2840,#2841
      ,#2842,#2843,#2844,#2845,#2846,#2847,#2848,#2849,#2850,#2851,#2852
      ,#2853,#2854,#2855,#2856,#2857,#2858,#2859,#2860,#2861,#2862,#2863
      ,#2864,#2865,#2866,#2867,#2868,#2869,#2870,#2871,#2872,#2873,#2874
      ,#2875,#2876
)),.UNSPECIFIED.,.F.,.F.,.F.) B_SPLINE_SURFACE_WITH_KNOTS((3,3),(13,11,
    11,11,11,13),(0.,12.56637061436),(-0.507679938322,-4.0778E-13,
    3.141592653589,6.283185307179,12.566370614359,13.047227046286),
.UNSPECIFIED.) GEOMETRIC_REPRESENTATION_ITEM() RATIONAL_B_SPLINE_SURFACE
((
    (1.,1.,1.,1.,1.,1.,1.,1.,1.,1.,1.,1.,1.,1.,1.,1.,1.,1.,1.,1.,1.,1.
      ,1.,1.,1.,1.,1.,1.,1.,1.,1.,1.,1.,1.,1.,1.,1.,1.,1.,1.,1.,1.,1.,1.
      ,1.,1.,1.,1.,1.,1.,1.,1.,1.,1.,1.,1.,1.)
    ,(0.813631665704,0.813631665704,0.813631665704,0.813631665704
      ,0.813631665704,0.813631665704,0.813631665704,0.813631665704
      ,0.813631665704,0.813631665704,0.813631665704,0.813631665704
      ,0.813631665704,0.81433332619,0.815741894065,0.817873047383
      ,0.820758519978,0.824450533344,0.829020633222,0.834548528904
      ,0.841096532558,0.848665196639,0.857125746752,0.875124069021
      ,0.884666759636,0.894428102327,0.903953253497,0.912533377615
      ,0.919740540987,0.925614021176,0.930404520019,0.934249499646
      ,0.937172334521,0.93937018555,0.943901000893,0.944191645178
      ,0.942430351609,0.938627236345,0.933246182868,0.925908192983
      ,0.915902643973,0.909182914363,0.902863537232,0.898887897886
      ,0.896844383781,0.896844383781,0.896844383781,0.896844383781
      ,0.896844383781,0.896844383781,0.896844383781,0.896844383781
      ,0.896844383781,0.896844383781,0.896844383781,0.896844383781
      ,0.896844383781)
    ,(1.,1.,1.,1.,1.,1.,1.,1.,1.,1.,1.,1.,1.,1.,1.,1.,1.,1.,1.,1.,1.,1.
      ,1.,1.,1.,1.,1.,1.,1.,1.,1.,1.,1.,1.,1.,1.,1.,1.,1.,1.,1.,1.,1.,1.
,1.,1.,1.,1.,1.,1.,1.,1.,1.,1.,1.,1.,1.
))) REPRESENTATION_ITEM('') SURFACE() );
#2706 = CARTESIAN_POINT('',(-52.92603702072,-84.29597189948,
    -180.6250385688));
#2707 = CARTESIAN_POINT('',(-52.92603702072,-84.29597189948,
    -180.5729520214));
#2708 = CARTESIAN_POINT('',(-52.92603702072,-84.29597189949,
    -180.520865474));
#2709 = CARTESIAN_POINT('',(-52.92603702072,-84.29597189949,
    -180.4687789266));
#2710 = CARTESIAN_POINT('',(-52.92603702072,-84.29597189949,
    -180.4166923792));
#2711 = CARTESIAN_POINT('',(-52.92603702072,-84.29597189949,
    -180.3646058318));
#2712 = CARTESIAN_POINT('',(-52.92603702072,-84.29597189949,
    -180.3125192844));
#2713 = CARTESIAN_POINT('',(-52.92603702072,-84.29597189949,
    -180.260432737));
#2714 = CARTESIAN_POINT('',(-52.92603702072,-84.29597189949,
    -180.2083461896));
#2715 = CARTESIAN_POINT('',(-52.92603702072,-84.29597189949,
    -180.1562596422));
#2716 = CARTESIAN_POINT('',(-52.92603702072,-84.29597189949,
    -180.1041730948));
#2717 = CARTESIAN_POINT('',(-52.92603702072,-84.29597189948,
    -180.0520865474));
#2718 = CARTESIAN_POINT('',(-52.92603702071,-84.29597189947,
    -179.6776813454));
#2719 = CARTESIAN_POINT('',(-52.91117974019,-84.30511458021,
    -179.3553764773));
#2720 = CARTESIAN_POINT('',(-52.88151287632,-84.32343765108,
    -179.0327071265));
#2721 = CARTESIAN_POINT('',(-52.83651493931,-84.35121085737,
    -178.7098464179));
#2722 = CARTESIAN_POINT('',(-52.77530102807,-84.38892643469,
    -178.3869673675));
#2723 = CARTESIAN_POINT('',(-52.69659101585,-84.43735623696,
    -178.064312771));
#2724 = CARTESIAN_POINT('',(-52.59858931667,-84.49758056189,
    -177.7426387135));
#2725 = CARTESIAN_POINT('',(-52.47892544024,-84.57089374815,
    -177.4237839245));
#2726 = CARTESIAN_POINT('',(-52.33480449584,-84.65849155476,
    -177.1111172089));
#2727 = CARTESIAN_POINT('',(-52.16351685639,-84.76084540142,
    -176.8096151798));
#2728 = CARTESIAN_POINT('',(-51.96345614799,-84.87666848674,
    -176.5253225212));
#2729 = CARTESIAN_POINT('',(-51.50813338243,-85.12608921023,
    -176.002571495));
#2730 = CARTESIAN_POINT('',(-51.25279317223,-85.2597634553,
    -175.764150736));
#2731 = CARTESIAN_POINT('',(-50.97117458142,-85.39806791841,
    -175.5532537809));
#2732 = CARTESIAN_POINT('',(-50.66549847039,-85.5350485364,
    -175.3762352587));
#2733 = CARTESIAN_POINT('',(-50.34381320182,-85.66014360082,
    -175.2328158515));
#2734 = CARTESIAN_POINT('',(-50.01419621729,-85.76633846209,
    -175.1183206564));
#2735 = CARTESIAN_POINT('',(-49.68088202143,-85.85348620682,
    -175.0279476503));
#2736 = CARTESIAN_POINT('',(-49.34511212464,-85.92486817506,
    -174.9590748422));
#2737 = CARTESIAN_POINT('',(-49.00793993683,-85.98237741327,
    -174.9109452034));
#2738 = CARTESIAN_POINT('',(-48.67103495025,-86.02627690269,
    -174.8830930946));
#2739 = CARTESIAN_POINT('',(-48.33471569575,-86.05931251662,
    -174.8745946719));
#2740 = CARTESIAN_POINT('',(-47.33056860849,-86.12751980641,
    -174.907723581));
#2741 = CARTESIAN_POINT('',(-46.66726013603,-86.13204179184,
    -175.0075948554));
#2742 = CARTESIAN_POINT('',(-46.01853986772,-86.10547757939,
    -175.1857933539));
#2743 = CARTESIAN_POINT('',(-45.38295439191,-86.04751953516,
    -175.4371403842));
#2744 = CARTESIAN_POINT('',(-44.79424421068,-85.96760294649,
    -175.7905128403));
#2745 = CARTESIAN_POINT('',(-44.22172704605,-85.85541605054,
    -176.184869641));
#2746 = CARTESIAN_POINT('',(-43.73152873009,-85.70954425552,
    -176.7386891011));
#2747 = CARTESIAN_POINT('',(-43.36201124313,-85.61208092402,
    -177.3275022185));
#2748 = CARTESIAN_POINT('',(-43.07669231636,-85.52096648092,
    -177.9712150094));
#2749 = CARTESIAN_POINT('',(-42.89218716843,-85.46397014698,
    -178.6384904598));
#2750 = CARTESIAN_POINT('',(-42.799174962,-85.43463878975,
    -179.3194030325));
#2751 = CARTESIAN_POINT('',(-42.79917496201,-85.43463878976,
    -180.0520865474));
#2752 = CARTESIAN_POINT('',(-42.79917496201,-85.43463878976,
    -180.1041730948));
#2753 = CARTESIAN_POINT('',(-42.79917496201,-85.43463878976,
    -180.1562596422));
#2754 = CARTESIAN_POINT('',(-42.79917496201,-85.43463878976,
    -180.2083461896));
#2755 = CARTESIAN_POINT('',(-42.79917496201,-85.43463878976,
    -180.260432737));
#2756 = CARTESIAN_POINT('',(-42.79917496201,-85.43463878976,
    -180.3125192844));
#2757 = CARTESIAN_POINT('',(-42.79917496201,-85.43463878976,
    -180.3646058318));
#2758 = CARTESIAN_POINT('',(-42.79917496201,-85.43463878976,
    -180.4166923792));
#2759 = CARTESIAN_POINT('',(-42.79917496201,-85.43463878976,
    -180.4687789266));
#2760 = CARTESIAN_POINT('',(-42.79917496201,-85.43463878976,
    -180.520865474));
#2761 = CARTESIAN_POINT('',(-42.79917496201,-85.43463878976,
    -180.5729520214));
#2762 = CARTESIAN_POINT('',(-42.79917496201,-85.43463878976,
    -180.6250385688));
#2763 = CARTESIAN_POINT('',(-52.,-87.,-180.6250385688));
#2764 = CARTESIAN_POINT('',(-52.,-87.,-180.5631603631));
#2765 = CARTESIAN_POINT('',(-52.,-87.,-180.5030624589));
#2766 = CARTESIAN_POINT('',(-52.,-87.,-180.4447448563));
#2767 = CARTESIAN_POINT('',(-52.,-87.,-180.3882075551));
#2768 = CARTESIAN_POINT('',(-52.,-87.,-180.3334505554));
#2769 = CARTESIAN_POINT('',(-52.,-87.,-180.2804738573));
#2770 = CARTESIAN_POINT('',(-52.,-87.,-180.2292774606));
#2771 = CARTESIAN_POINT('',(-52.,-87.,-180.1798613655));
#2772 = CARTESIAN_POINT('',(-52.,-87.,-180.1322255718));
#2773 = CARTESIAN_POINT('',(-52.,-87.,-180.0863700797));
#2774 = CARTESIAN_POINT('',(-52.,-87.,-180.0422948891));
#2775 = CARTESIAN_POINT('',(-52.,-87.,-179.7382734614));
#2776 = CARTESIAN_POINT('',(-51.98531909082,-87.,-179.476977863));
#2777 = CARTESIAN_POINT('',(-51.95603584528,-86.99999999999,
    -179.2163820186));
#2778 = CARTESIAN_POINT('',(-51.91187129884,-87.,-178.9570509936));
#2779 = CARTESIAN_POINT('',(-51.85229614706,-86.99999999999,
    -178.6995937748));
#2780 = CARTESIAN_POINT('',(-51.77650976215,-87.,-178.4447388211));
#2781 = CARTESIAN_POINT('',(-51.6834000435,-86.99999999999,
    -178.1935970331));
#2782 = CARTESIAN_POINT('',(-51.5715862659,-87.,-177.9479590346));
#2783 = CARTESIAN_POINT('',(-51.43963301138,-87.,-177.7104669332));
#2784 = CARTESIAN_POINT('',(-51.28650081578,-87.,-177.4845033315));
#2785 = CARTESIAN_POINT('',(-51.11226903239,-87.,-177.2736569497));
#2786 = CARTESIAN_POINT('',(-50.72997430889,-87.,-176.8916239948));
#2787 = CARTESIAN_POINT('',(-50.52302316216,-87.,-176.720114218));
#2788 = CARTESIAN_POINT('',(-50.29999546702,-87.,-176.5677719254));
#2789 = CARTESIAN_POINT('',(-50.06309976516,-86.99999999999,
    -176.4363036771));
#2790 = CARTESIAN_POINT('',(-49.81697803254,-87.,-176.3238503647));
#2791 = CARTESIAN_POINT('',(-49.5653381963,-86.99999999999,
    -176.2278810131));
#2792 = CARTESIAN_POINT('',(-49.30970105779,-87.,-176.1475211443));
#2793 = CARTESIAN_POINT('',(-49.05057044023,-87.,-176.083335099));
#2794 = CARTESIAN_POINT('',(-48.78885472369,-87.,-176.0358586048));
#2795 = CARTESIAN_POINT('',(-48.52589296084,-87.,-176.0050907278));
#2796 = CARTESIAN_POINT('',(-48.26252117289,-87.,-175.9915346384));
#2797 = CARTESIAN_POINT('',(-47.47747790782,-87.,-176.002634595));
#2798 = CARTESIAN_POINT('',(-46.9536557531,-87.,-176.0786214105));
#2799 = CARTESIAN_POINT('',(-46.44021951087,-87.,-176.2265702126));
#2800 = CARTESIAN_POINT('',(-45.94455661307,-87.,-176.443270254));
#2801 = CARTESIAN_POINT('',(-45.48886164033,-86.99999999999,
    -176.7355495965));
#2802 = CARTESIAN_POINT('',(-45.0630366374,-87.,-177.0770503601));
#2803 = CARTESIAN_POINT('',(-44.70146359592,-86.99999999999,
    -177.4981001624));
#2804 = CARTESIAN_POINT('',(-44.42421258073,-87.,-177.9549879156));
#2805 = CARTESIAN_POINT('',(-44.21064203629,-86.99999999999,
    -178.4454713288));
#2806 = CARTESIAN_POINT('',(-44.07082823146,-87.,-178.9551905762));
#2807 = CARTESIAN_POINT('',(-44.,-87.,-179.4765469228));
#2808 = CARTESIAN_POINT('',(-44.,-87.,-180.0400602189));
#2809 = CARTESIAN_POINT('',(-44.,-87.,-180.082307043));
#2810 = CARTESIAN_POINT('',(-44.,-87.,-180.1267404723));
#2811 = CARTESIAN_POINT('',(-44.,-87.,-180.1733605067));
#2812 = CARTESIAN_POINT('',(-44.,-87.,-180.2221671464));
#2813 = CARTESIAN_POINT('',(-44.,-87.,-180.2731603912));
#2814 = CARTESIAN_POINT('',(-44.,-87.,-180.3263402412));
#2815 = CARTESIAN_POINT('',(-44.,-87.,-180.3817066963));
#2816 = CARTESIAN_POINT('',(-44.,-87.,-180.4392597567));
#2817 = CARTESIAN_POINT('',(-44.,-87.,-180.4989994222));
#2818 = CARTESIAN_POINT('',(-44.,-87.,-180.5609256929));
#2819 = CARTESIAN_POINT('',(-44.,-87.,-180.6250385688));
#2820 = CARTESIAN_POINT('',(-49.14179907422,-87.,-180.6250385688));
#2821 = CARTESIAN_POINT('',(-49.14179907422,-87.,-180.5329385403));
#2822 = CARTESIAN_POINT('',(-49.14179907422,-87.,-180.4481136902));
#2823 = CARTESIAN_POINT('',(-49.14179907422,-87.,-180.3705640185));
#2824 = CARTESIAN_POINT('',(-49.14179907422,-87.,-180.3002895251));
#2825 = CARTESIAN_POINT('',(-49.14179907422,-87.,-180.2372902101));
#2826 = CARTESIAN_POINT('',(-49.14179907422,-87.,-180.1815660735));
#2827 = CARTESIAN_POINT('',(-49.14179907422,-87.,-180.1331171153));
#2828 = CARTESIAN_POINT('',(-49.14179907422,-87.,-180.0919433355));
#2829 = CARTESIAN_POINT('',(-49.14179907422,-87.,-180.058044734));
#2830 = CARTESIAN_POINT('',(-49.14179907422,-87.,-180.031421311));
#2831 = CARTESIAN_POINT('',(-49.14179907422,-87.,-180.0120730663));
#2832 = CARTESIAN_POINT('',(-49.14179907421,-86.99999999999,
    -179.9252902201));
#2833 = CARTESIAN_POINT('',(-49.14775125999,-87.00000000004,
    -179.850560841));
#2834 = CARTESIAN_POINT('',(-49.15970415225,-86.99999999988,
    -179.7735031736));
#2835 = CARTESIAN_POINT('',(-49.17711540488,-87.00000000021,
    -179.6919782437));
#2836 = CARTESIAN_POINT('',(-49.19899256066,-86.99999999969,
    -179.6038925009));
#2837 = CARTESIAN_POINT('',(-49.22388271876,-87.00000000034,
    -179.5072653546));
#2838 = CARTESIAN_POINT('',(-49.24978967838,-86.9999999997,
    -179.4004327937));
#2839 = CARTESIAN_POINT('',(-49.27409715886,-87.00000000019,
    -179.2823313499));
#2840 = CARTESIAN_POINT('',(-49.29357665068,-86.9999999999,
    -179.1528066604));
#2841 = CARTESIAN_POINT('',(-49.30455850094,-87.00000000003,
    -179.0128908895));
#2842 = CARTESIAN_POINT('',(-49.30334479255,-86.99999999999,
    -178.8649932658));
#2843 = CARTESIAN_POINT('',(-49.27054042748,-87.,-178.5609027214));
#2844 = CARTESIAN_POINT('',(-49.23893773009,-87.00000000001,
    -178.4046699443));
#2845 = CARTESIAN_POINT('',(-49.18928678374,-86.99999999995,
    -178.2479097125));
#2846 = CARTESIAN_POINT('',(-49.11907726905,-87.0000000001,-178.09530101
    ));
#2847 = CARTESIAN_POINT('',(-49.02763683403,-86.99999999983,
    -177.9523972069));
#2848 = CARTESIAN_POINT('',(-48.91641623403,-87.00000000019,
    -177.8236878323));
#2849 = CARTESIAN_POINT('',(-48.7882775635,-86.99999999983,
    -177.7117602215));
#2850 = CARTESIAN_POINT('',(-48.64645299102,-87.00000000011,
    -177.6178753214));
#2851 = CARTESIAN_POINT('',(-48.49389001543,-86.99999999994,
    -177.5429227251));
#2852 = CARTESIAN_POINT('',(-48.33334765606,-87.00000000001,
    -177.4876008444));
#2853 = CARTESIAN_POINT('',(-48.16785607535,-86.99999999999,
    -177.4517790153));
#2854 = CARTESIAN_POINT('',(-47.66428784929,-86.99999999999,
    -177.4024597832));
#2855 = CARTESIAN_POINT('',(-47.31916418223,-87.00000000002,
    -177.4470900007));
#2856 = CARTESIAN_POINT('',(-46.98633338479,-86.99999999993,
    -177.5671317522));
#2857 = CARTESIAN_POINT('',(-46.6835626755,-87.00000000012,
    -177.7578077976));
#2858 = CARTESIAN_POINT('',(-46.4328535642,-86.99999999983,
    -178.0040161149));
#2859 = CARTESIAN_POINT('',(-46.23258194382,-87.00000000016,
    -178.2984646782));
#2860 = CARTESIAN_POINT('',(-46.12076487482,-86.99999999986,
    -178.6140446617));
#2861 = CARTESIAN_POINT('',(-46.0457451454,-87.00000000008,
    -178.9106112977));
#2862 = CARTESIAN_POINT('',(-46.00673334588,-86.99999999995,
    -179.1975549393));
#2863 = CARTESIAN_POINT('',(-45.98405158013,-87.00000000001,
    -179.4691883308));
#2864 = CARTESIAN_POINT('',(-45.97290052723,-86.99999999999,
    -179.7347271358));
#2865 = CARTESIAN_POINT('',(-45.97290052723,-87.,-180.0203015121));
#2866 = CARTESIAN_POINT('',(-45.97290052723,-87.,-180.0463821216));
#2867 = CARTESIAN_POINT('',(-45.97290052723,-87.,-180.0782418284));
#2868 = CARTESIAN_POINT('',(-45.97290052723,-87.,-180.1158806325));
#2869 = CARTESIAN_POINT('',(-45.97290052724,-87.,-180.1592985339));
#2870 = CARTESIAN_POINT('',(-45.97290052724,-87.,-180.2084955327));
#2871 = CARTESIAN_POINT('',(-45.97290052724,-87.,-180.2634716287));
#2872 = CARTESIAN_POINT('',(-45.97290052724,-87.,-180.3242268221));
#2873 = CARTESIAN_POINT('',(-45.97290052724,-87.,-180.3907611128));
#2874 = CARTESIAN_POINT('',(-45.97290052724,-87.,-180.4630745008));
#2875 = CARTESIAN_POINT('',(-45.97290052724,-87.,-180.5411669862));
#2876 = CARTESIAN_POINT('',(-45.97290052724,-87.,-180.6250385688));
#2877 = ADVANCED_FACE('',(#2878),#2882,.F.);
#2878 = FACE_BOUND('',#2879,.T.);
#2879 = EDGE_LOOP('',(#2880,#2881));
#2880 = ORIENTED_EDGE('',*,*,#2644,.T.);
#2881 = ORIENTED_EDGE('',*,*,#1207,.T.);
#2882 = PLANE('',#2883);
#2883 = AXIS2_PLACEMENT_3D('',#2884,#2885,#2886);
#2884 = CARTESIAN_POINT('',(-48.,-85.8,-178.6143593539));
#2885 = DIRECTION('',(0.,-1.,-1.089776975375E-16));
#2886 = DIRECTION('',(0.,-1.089776975375E-16,1.));
#2887 = ADVANCED_FACE('',(#2888),#3008,.T.);
#2888 = FACE_BOUND('',#2889,.T.);
#2889 = EDGE_LOOP('',(#2890,#2896,#3006,#3007));
#2890 = ORIENTED_EDGE('',*,*,#2891,.F.);
#2891 = EDGE_CURVE('',#1475,#2501,#2892,.T.);
#2892 = ( BOUNDED_CURVE() B_SPLINE_CURVE(2,(#2893,#2894,#2895),
.UNSPECIFIED.,.F.,.F.) B_SPLINE_CURVE_WITH_KNOTS((3,3),(0.,1.),
.PIECEWISE_BEZIER_KNOTS.) CURVE() GEOMETRIC_REPRESENTATION_ITEM() 
RATIONAL_B_SPLINE_CURVE((1.,0.856797954996,1.)) REPRESENTATION_ITEM('') 
  );
#2893 = CARTESIAN_POINT('',(-56.5,-57.3,-153.7056393294));
#2894 = CARTESIAN_POINT('',(-55.84701103323,-57.29999999984,
    -154.0141579103));
#2895 = CARTESIAN_POINT('',(-55.5412780261,-57.93815343403,
    -154.158607998));
#2896 = ORIENTED_EDGE('',*,*,#2897,.F.);
#2897 = EDGE_CURVE('',#1093,#1475,#2898,.T.);
#2898 = B_SPLINE_CURVE_WITH_KNOTS('',8,(#2899,#2900,#2901,#2902,#2903,
    #2904,#2905,#2906,#2907,#2908,#2909,#2910,#2911,#2912,#2913,#2914,
    #2915,#2916,#2917,#2918,#2919,#2920,#2921,#2922,#2923,#2924,#2925,
    #2926,#2927,#2928,#2929,#2930,#2931,#2932,#2933,#2934,#2935,#2936,
    #2937,#2938,#2939,#2940,#2941,#2942,#2943,#2944,#2945,#2946,#2947,
    #2948,#2949,#2950,#2951,#2952,#2953,#2954,#2955,#2956,#2957,#2958,
    #2959,#2960,#2961,#2962,#2963,#2964,#2965,#2966,#2967,#2968,#2969,
    #2970,#2971,#2972,#2973,#2974,#2975,#2976,#2977,#2978,#2979,#2980,
    #2981,#2982,#2983,#2984,#2985,#2986,#2987,#2988,#2989,#2990,#2991,
    #2992,#2993,#2994,#2995,#2996,#2997,#2998,#2999,#3000,#3001,#3002,
    #3003,#3004,#3005),.UNSPECIFIED.,.F.,.F.,(9,7,7,7,7,7,7,7,7,7,7,7,7,
    7,7,9),(0.,0.221579121505,0.420762599184,0.509387153692,
    0.604221409649,0.639476568088,0.659677560073,0.700714307872,
    0.747464122245,0.770805627714,0.816313385054,0.90086205692,
    0.948414577779,0.973521727677,0.986293048048,1.),.UNSPECIFIED.);
#2899 = CARTESIAN_POINT('',(-22.13698630138,-57.3,-180.));
#2900 = CARTESIAN_POINT('',(-22.13698630138,-57.3,-178.1335094089));
#2901 = CARTESIAN_POINT('',(-22.18952665599,-57.3,-176.2672555646));
#2902 = CARTESIAN_POINT('',(-22.29458724271,-57.3,-174.402656766));
#2903 = CARTESIAN_POINT('',(-22.45269311056,-57.3,-172.5413871408));
#2904 = CARTESIAN_POINT('',(-22.66488167548,-57.3,-170.6853799637));
#2905 = CARTESIAN_POINT('',(-22.93270109769,-57.3,-168.836829882));
#2906 = CARTESIAN_POINT('',(-23.25834865105,-57.3,-166.9982109704));
#2907 = CARTESIAN_POINT('',(-23.99268131322,-57.3,-163.5309914423));
#2908 = CARTESIAN_POINT('',(-24.38944564193,-57.3,-161.9009019513));
#2909 = CARTESIAN_POINT('',(-24.83774286564,-57.3,-160.2833895563));
#2910 = CARTESIAN_POINT('',(-25.34057649755,-57.3,-158.6809687294));
#2911 = CARTESIAN_POINT('',(-25.90150750659,-57.3,-157.0973177856));
#2912 = CARTESIAN_POINT('',(-26.52497332957,-57.3,-155.537417382));
#2913 = CARTESIAN_POINT('',(-27.21634475826,-57.3,-154.0075694179));
#2914 = CARTESIAN_POINT('',(-28.32521593238,-57.3,-151.8524807885));
#2915 = CARTESIAN_POINT('',(-28.68162263438,-57.3,-151.1966625745));
#2916 = CARTESIAN_POINT('',(-29.05367374621,-57.3,-150.5493817694));
#2917 = CARTESIAN_POINT('',(-29.44210053499,-57.3,-149.9115957509));
#2918 = CARTESIAN_POINT('',(-29.8476708633,-57.3,-149.2844765568));
#2919 = CARTESIAN_POINT('',(-30.27120168807,-57.3,-148.6694191232));
#2920 = CARTESIAN_POINT('',(-30.71358698757,-57.3,-148.0680600032));
#2921 = CARTESIAN_POINT('',(-31.67048423902,-57.3,-146.8555108496));
#2922 = CARTESIAN_POINT('',(-32.18763069681,-57.3,-146.2468989093));
#2923 = CARTESIAN_POINT('',(-32.72866599415,-57.3,-145.6585495979));
#2924 = CARTESIAN_POINT('',(-33.29481785366,-57.3,-145.0933943469));
#2925 = CARTESIAN_POINT('',(-33.8871016432,-57.3,-144.5551581824));
#2926 = CARTESIAN_POINT('',(-34.50626858584,-57.3,-144.0483047669));
#2927 = CARTESIAN_POINT('',(-35.15273808649,-57.3,-143.5779635391));
#2928 = CARTESIAN_POINT('',(-36.07696855215,-57.3,-142.9906511974));
#2929 = CARTESIAN_POINT('',(-36.33116094989,-57.3,-142.8373500176));
#2930 = CARTESIAN_POINT('',(-36.58904305694,-57.3,-142.6902168832));
#2931 = CARTESIAN_POINT('',(-36.85056336685,-57.3,-142.5495706086));
#2932 = CARTESIAN_POINT('',(-37.11564581749,-57.3,-142.4157400613));
#2933 = CARTESIAN_POINT('',(-37.38418709649,-57.3,-142.2890587973));
#2934 = CARTESIAN_POINT('',(-37.65605394669,-57.3,-142.1698596953));
#2935 = CARTESIAN_POINT('',(-38.08866900248,-57.3,-141.9946437374));
#2936 = CARTESIAN_POINT('',(-38.24729439069,-57.3,-141.9333818834));
#2937 = CARTESIAN_POINT('',(-38.40692459513,-57.3,-141.8747456053));
#2938 = CARTESIAN_POINT('',(-38.56752416151,-57.3,-141.8187955842));
#2939 = CARTESIAN_POINT('',(-38.72905405233,-57.3,-141.7655910949));
#2940 = CARTESIAN_POINT('',(-38.89147147684,-57.3,-141.7151894956));
#2941 = CARTESIAN_POINT('',(-39.05472972104,-57.3,-141.6676457169));
#2942 = CARTESIAN_POINT('',(-39.55202928254,-57.3,-141.5323413132));
#2943 = CARTESIAN_POINT('',(-39.88857048122,-57.3,-141.4536708965));
#2944 = CARTESIAN_POINT('',(-40.227942168,-57.3,-141.3874481915));
#2945 = CARTESIAN_POINT('',(-40.56964970274,-57.3,-141.3340548243));
#2946 = CARTESIAN_POINT('',(-40.91316174345,-57.3,-141.2937943863));
#2947 = CARTESIAN_POINT('',(-41.25790877885,-57.3,-141.2668804639));
#2948 = CARTESIAN_POINT('',(-41.60328166082,-57.3,-141.2534246692));
#2949 = CARTESIAN_POINT('',(-42.34205744351,-57.3,-141.2534246692));
#2950 = CARTESIAN_POINT('',(-42.73552773755,-57.3,-141.2708874607));
#2951 = CARTESIAN_POINT('',(-43.12806552912,-57.3,-141.3058196462));
#2952 = CARTESIAN_POINT('',(-43.5187733418,-57.3,-141.3580296199));
#2953 = CARTESIAN_POINT('',(-43.90682733369,-57.3,-141.4271575255));
#2954 = CARTESIAN_POINT('',(-44.29147340103,-57.3,-141.5127017735));
#2955 = CARTESIAN_POINT('',(-44.67202376445,-57.3,-141.6140421193));
#2956 = CARTESIAN_POINT('',(-45.23550065207,-57.3,-141.7885847137));
#2957 = CARTESIAN_POINT('',(-45.42198408675,-57.3,-141.8504727788));
#2958 = CARTESIAN_POINT('',(-45.60723428945,-57.3,-141.9160373022));
#2959 = CARTESIAN_POINT('',(-45.79118848276,-57.3,-141.9851880928));
#2960 = CARTESIAN_POINT('',(-45.9737907921,-57.3,-142.0578319445));
#2961 = CARTESIAN_POINT('',(-46.15499187353,-57.3,-142.1338736194));
#2962 = CARTESIAN_POINT('',(-46.33474854161,-57.3,-142.2132168309));
#2963 = CARTESIAN_POINT('',(-46.86059690208,-57.3,-142.4567056744));
#2964 = CARTESIAN_POINT('',(-47.20252735215,-57.3,-142.6298245566));
#2965 = CARTESIAN_POINT('',(-47.53855461792,-57.3,-142.8144131481));
#2966 = CARTESIAN_POINT('',(-47.86849593076,-57.3,-143.0097614577));
#2967 = CARTESIAN_POINT('',(-48.19223504207,-57.3,-143.2151764689));
#2968 = CARTESIAN_POINT('',(-48.50971330556,-57.3,-143.429997066));
#2969 = CARTESIAN_POINT('',(-48.82092268252,-57.3,-143.6536056444));
#2970 = CARTESIAN_POINT('',(-49.6925179968,-57.3,-144.3161538054));
#2971 = CARTESIAN_POINT('',(-50.23744716675,-57.3,-144.7751165215));
#2972 = CARTESIAN_POINT('',(-50.76113348896,-57.3,-145.2588051165));
#2973 = CARTESIAN_POINT('',(-51.26414626626,-57.3,-145.76409738));
#2974 = CARTESIAN_POINT('',(-51.74716636965,-57.3,-146.2882795315));
#2975 = CARTESIAN_POINT('',(-52.21097145191,-57.3,-146.8290599589));
#2976 = CARTESIAN_POINT('',(-52.6564188004,-57.3,-147.3845854924));
#2977 = CARTESIAN_POINT('',(-53.32514886728,-57.3,-148.2734111532));
#2978 = CARTESIAN_POINT('',(-53.56032189409,-57.3,-148.5975404023));
#2979 = CARTESIAN_POINT('',(-53.7900899604,-57.3,-148.9255704122));
#2980 = CARTESIAN_POINT('',(-54.01459159435,-57.3,-149.2572463679));
#2981 = CARTESIAN_POINT('',(-54.23395972412,-57.3,-149.5923355434));
#2982 = CARTESIAN_POINT('',(-54.44832260062,-57.3,-149.9306266566));
#2983 = CARTESIAN_POINT('',(-54.65780472015,-57.3,-150.2719292252));
#2984 = CARTESIAN_POINT('',(-54.97061900354,-57.3,-150.7977765876));
#2985 = CARTESIAN_POINT('',(-55.07738294402,-57.3,-150.9802712138));
#2986 = CARTESIAN_POINT('',(-55.18283704359,-57.3,-151.1635312037));
#2987 = CARTESIAN_POINT('',(-55.28699836055,-57.3,-151.3475320521));
#2988 = CARTESIAN_POINT('',(-55.38988353639,-57.3,-151.5322503447));
#2989 = CARTESIAN_POINT('',(-55.49150879582,-57.3,-151.7176637581));
#2990 = CARTESIAN_POINT('',(-55.59188994678,-57.3,-151.9037510601));
#2991 = CARTESIAN_POINT('',(-55.7414785112,-57.3,-152.1854821731));
#2992 = CARTESIAN_POINT('',(-55.79171845978,-57.3,-152.280870664));
#2993 = CARTESIAN_POINT('',(-55.84176126607,-57.3,-152.376655774));
#2994 = CARTESIAN_POINT('',(-55.89160597527,-57.3,-152.4728356842));
#2995 = CARTESIAN_POINT('',(-55.94125163791,-57.3,-152.5694085656));
#2996 = CARTESIAN_POINT('',(-55.99069730979,-57.3,-152.6663725786));
#2997 = CARTESIAN_POINT('',(-56.03994205205,-57.3,-152.7637258729));
#2998 = CARTESIAN_POINT('',(-56.14162070931,-57.3,-152.9663678237));
#2999 = CARTESIAN_POINT('',(-56.19389194096,-57.3,-153.0714523411));
#3000 = CARTESIAN_POINT('',(-56.24580123597,-57.3,-153.1767168517));
#3001 = CARTESIAN_POINT('',(-56.29735085201,-57.3,-153.2821585734));
#3002 = CARTESIAN_POINT('',(-56.34854312142,-57.3,-153.3877746523));
#3003 = CARTESIAN_POINT('',(-56.39938054742,-57.3,-153.4935620152));
#3004 = CARTESIAN_POINT('',(-56.44986556979,-57.3,-153.599517652));
#3005 = CARTESIAN_POINT('',(-56.5,-57.3,-153.7056393294));
#3006 = ORIENTED_EDGE('',*,*,#1100,.F.);
#3007 = ORIENTED_EDGE('',*,*,#2525,.T.);
#3008 = ( BOUNDED_SURFACE() B_SPLINE_SURFACE(2,10,(
    (#3009,#3010,#3011,#3012,#3013,#3014,#3015,#3016,#3017,#3018,#3019
      ,#3020,#3021,#3022,#3023,#3024,#3025,#3026,#3027,#3028,#3029,#3030
      ,#3031,#3032,#3033,#3034,#3035,#3036,#3037,#3038,#3039,#3040,#3041
      ,#3042,#3043,#3044,#3045,#3046,#3047,#3048,#3049,#3050,#3051,#3052
      ,#3053,#3054,#3055,#3056,#3057,#3058,#3059,#3060,#3061,#3062,#3063
      ,#3064,#3065,#3066,#3067,#3068,#3069,#3070,#3071,#3072,#3073,#3074
      ,#3075,#3076,#3077,#3078,#3079,#3080,#3081,#3082,#3083,#3084,#3085
      ,#3086,#3087,#3088,#3089,#3090,#3091)
    ,(#3092,#3093,#3094,#3095,#3096,#3097,#3098,#3099,#3100,#3101,#3102
      ,#3103,#3104,#3105,#3106,#3107,#3108,#3109,#3110,#3111,#3112,#3113
      ,#3114,#3115,#3116,#3117,#3118,#3119,#3120,#3121,#3122,#3123,#3124
      ,#3125,#3126,#3127,#3128,#3129,#3130,#3131,#3132,#3133,#3134,#3135
      ,#3136,#3137,#3138,#3139,#3140,#3141,#3142,#3143,#3144,#3145,#3146
      ,#3147,#3148,#3149,#3150,#3151,#3152,#3153,#3154,#3155,#3156,#3157
      ,#3158,#3159,#3160,#3161,#3162,#3163,#3164,#3165,#3166,#3167,#3168
      ,#3169,#3170,#3171,#3172,#3173,#3174)
    ,(#3175,#3176,#3177,#3178,#3179,#3180,#3181,#3182,#3183,#3184,#3185
      ,#3186,#3187,#3188,#3189,#3190,#3191,#3192,#3193,#3194,#3195,#3196
      ,#3197,#3198,#3199,#3200,#3201,#3202,#3203,#3204,#3205,#3206,#3207
      ,#3208,#3209,#3210,#3211,#3212,#3213,#3214,#3215,#3216,#3217,#3218
      ,#3219,#3220,#3221,#3222,#3223,#3224,#3225,#3226,#3227,#3228,#3229
      ,#3230,#3231,#3232,#3233,#3234,#3235,#3236,#3237,#3238,#3239,#3240
      ,#3241,#3242,#3243,#3244,#3245,#3246,#3247,#3248,#3249,#3250,#3251
      ,#3252,#3253,#3254,#3255,#3256,#3257
)),.UNSPECIFIED.,.F.,.F.,.F.) B_SPLINE_SURFACE_WITH_KNOTS((3,3),(11,9,9,
    9,9,9,9,9,9,11),(0.,1.),(0.,0.221579121505,0.420762599184,
    0.509387153692,0.639476568088,0.747464122245,0.90086205692,
    0.948414577779,0.973521727677,1.),.UNSPECIFIED.) 
GEOMETRIC_REPRESENTATION_ITEM() RATIONAL_B_SPLINE_SURFACE((
    (1.,1.,1.,1.,1.,1.,1.,1.,1.,1.,1.,1.,1.,1.,1.,1.,1.,1.,1.,1.,1.,1.
      ,1.,1.,1.,1.,1.,1.,1.,1.,1.,1.,0.999999999999,1.,1.,1.,1.,1.,1.,1.
      ,1.,1.,1.,1.,1.,1.,1.,1.,1.,1.,1.,1.,1.,1.,1.,1.,1.,1.,1.,1.,1.,1.
      ,1.,1.,1.,1.,1.,1.,1.,1.,1.,1.,1.,1.,1.,1.,1.000000000001
      ,0.999999999999,1.000000000001,1.,1.,1.,1.)
    ,(0.896844383781,0.896844383781,0.896957262804,0.897183050338
      ,0.897522426597,0.897976744745,0.898548053119,0.899239117461
      ,0.900053443138,0.90099529737,0.903035569381,0.904108382833
      ,0.905291384238,0.90658886297,0.908005680372,0.909546764789
      ,0.911216606581,0.913018753159,0.914955303998,0.917947920172
      ,0.918895484264,0.919869398163,0.920869477531,0.921895053463
      ,0.922944972508,0.924017596643,0.925110803298,0.926221985339
      ,0.929000970321,0.930684419166,0.932386621203,0.93409298086
      ,0.935777145526,0.937405207677,0.938934342889,0.940302879597
      ,0.941424496212,0.942871091564,0.943297585647,0.943448948304
      ,0.943269119115,0.942707376996,0.941729525615,0.940324339636
      ,0.938505271743,0.936307420496,0.930189178008,0.925930922142
      ,0.921139610293,0.915993519899,0.910667517423,0.905295346008
      ,0.899962966847,0.894729946835,0.889651180905,0.883226119541
      ,0.881722730724,0.880237155379,0.878770086269,0.877322120519
      ,0.875893759628,0.874485409452,0.873097380222,0.871729886531
      ,0.869671932704,0.8689666053,0.868267075272,0.867573352763
      ,0.866885447916,0.866203370874,0.865527131782,0.864856740782
      ,0.864192208019,0.86283890904,0.862149204512,0.861455751234
      ,0.860789372976,0.860089187184,0.859424301664,0.858756751235
      ,0.858097958739,0.857444273359,0.856797954996)
    ,(1.,1.,1.,1.,1.,1.,1.,1.,1.,1.,1.,1.,1.,1.,1.,1.,1.,1.,1.,1.,1.,1.
      ,1.,1.,1.,1.,1.,1.,1.,1.,1.,1.,0.999999999999,1.,1.,1.,1.,1.,1.,1.
      ,1.,1.,1.,1.,1.,1.,1.,1.,1.,1.,1.,1.,1.,1.,1.,1.,1.,1.,1.,1.,1.,1.
      ,1.,1.,1.,1.,1.,1.,1.,1.,1.,1.,1.,1.,1.,1.,1.000000000001
,0.999999999999,1.000000000001,1.,1.,1.,1.
))) REPRESENTATION_ITEM('') SURFACE() );
#3009 = CARTESIAN_POINT('',(-22.13698630138,-57.3,-180.));
#3010 = CARTESIAN_POINT('',(-22.13698630138,-57.3,-178.5068075271));
#3011 = CARTESIAN_POINT('',(-22.16966014075,-57.3,-177.013760414));
#3012 = CARTESIAN_POINT('',(-22.23503952439,-57.3,-175.5215249082));
#3013 = CARTESIAN_POINT('',(-22.33328999781,-57.3,-174.0308476433));
#3014 = CARTESIAN_POINT('',(-22.46473411264,-57.3,-172.5425591322));
#3015 = CARTESIAN_POINT('',(-22.62987459208,-57.3,-171.0575772605));
#3016 = CARTESIAN_POINT('',(-22.82941749645,-57.3,-169.5769107797));
#3017 = CARTESIAN_POINT('',(-23.06429538864,-57.3,-168.1016628001));
#3018 = CARTESIAN_POINT('',(-23.33569049963,-57.3,-166.6330342847));
#3019 = CARTESIAN_POINT('',(-23.92315662936,-57.3,-163.8592586622));
#3020 = CARTESIAN_POINT('',(-24.23177599759,-57.3,-162.5531667485));
#3021 = CARTESIAN_POINT('',(-24.57215902701,-57.3,-161.254720306));
#3022 = CARTESIAN_POINT('',(-24.94560408526,-57.3,-159.9649261891));
#3023 = CARTESIAN_POINT('',(-25.35355814721,-57.3,-158.685166188));
#3024 = CARTESIAN_POINT('',(-25.79771006286,-57.3,-157.4172336148));
#3025 = CARTESIAN_POINT('',(-26.28008382531,-57.3,-156.1633698895));
#3026 = CARTESIAN_POINT('',(-26.8031318387,-57.3,-154.9263011267));
#3027 = CARTESIAN_POINT('',(-27.36982818614,-57.3,-153.7092747215));
#3028 = CARTESIAN_POINT('',(-28.25692512544,-57.3,-151.985203818));
#3029 = CARTESIAN_POINT('',(-28.53940263028,-57.3,-151.4591700299));
#3030 = CARTESIAN_POINT('',(-28.83150359614,-57.3,-150.9383311039));
#3031 = CARTESIAN_POINT('',(-29.1335572184,-57.3,-150.4231003488));
#3032 = CARTESIAN_POINT('',(-29.44591270387,-57.3,-149.9139678502));
#3033 = CARTESIAN_POINT('',(-29.76893927074,-57.3,-149.4115004703));
#3034 = CARTESIAN_POINT('',(-30.10302614867,-57.3,-148.9163418482));
#3035 = CARTESIAN_POINT('',(-30.44858257872,-57.3,-148.4292123993));
#3036 = CARTESIAN_POINT('',(-30.80603781335,-57.3,-147.9509093161));
#3037 = CARTESIAN_POINT('',(-31.71866466477,-57.3,-146.7944581772));
#3038 = CARTESIAN_POINT('',(-32.2879216763,-57.3,-146.1278678002));
#3039 = CARTESIAN_POINT('',(-32.88477577264,-57.3,-145.4852512933));
#3040 = CARTESIAN_POINT('',(-33.51188727698,-57.3,-144.8695623456));
#3041 = CARTESIAN_POINT('',(-34.16940902229,-57.3,-144.2858736249));
#3042 = CARTESIAN_POINT('',(-34.85783107715,-57.3,-143.7396310993));
#3043 = CARTESIAN_POINT('',(-35.57920607263,-57.3,-143.2361068397));
#3044 = CARTESIAN_POINT('',(-36.33429876284,-57.3,-142.7821141957));
#3045 = CARTESIAN_POINT('',(-37.11921540217,-57.3,-142.3872878188));
#3046 = CARTESIAN_POINT('',(-38.60501173308,-57.3,-141.7855167435));
#3047 = CARTESIAN_POINT('',(-39.29727445301,-57.3,-141.5582051578));
#3048 = CARTESIAN_POINT('',(-40.00593340278,-57.3,-141.3807166956));
#3049 = CARTESIAN_POINT('',(-40.72754094385,-57.3,-141.2574407155));
#3050 = CARTESIAN_POINT('',(-41.45749915998,-57.3,-141.1918638947));
#3051 = CARTESIAN_POINT('',(-42.19047494913,-57.3,-141.1858506631));
#3052 = CARTESIAN_POINT('',(-42.92086807481,-57.3,-141.2393142495));
#3053 = CARTESIAN_POINT('',(-43.64333217712,-57.3,-141.3502783399));
#3054 = CARTESIAN_POINT('',(-44.35334874329,-57.3,-141.5153293484));
#3055 = CARTESIAN_POINT('',(-46.03440918896,-57.3,-142.0360546131));
#3056 = CARTESIAN_POINT('',(-46.98977761168,-57.3,-142.4428172705));
#3057 = CARTESIAN_POINT('',(-47.90427163606,-57.3,-142.9390528592));
#3058 = CARTESIAN_POINT('',(-48.77387111583,-57.3,-143.5113076865));
#3059 = CARTESIAN_POINT('',(-49.59716641196,-57.3,-144.1459482886));
#3060 = CARTESIAN_POINT('',(-50.37518557438,-57.3,-144.8320449152));
#3061 = CARTESIAN_POINT('',(-51.11071769406,-57.3,-145.5619995953));
#3062 = CARTESIAN_POINT('',(-51.80636691659,-57.3,-146.3295272086));
#3063 = CARTESIAN_POINT('',(-52.4631941264,-57.3,-147.1277658022));
#3064 = CARTESIAN_POINT('',(-53.27700425965,-57.3,-148.2094209652));
#3065 = CARTESIAN_POINT('',(-53.4661299239,-57.3,-148.4679811528));
#3066 = CARTESIAN_POINT('',(-53.65186965109,-57.3,-148.7290118553));
#3067 = CARTESIAN_POINT('',(-53.83428871134,-57.3,-148.9923912997));
#3068 = CARTESIAN_POINT('',(-54.01345081563,-57.3,-149.2580048612));
#3069 = CARTESIAN_POINT('',(-54.18941811594,-57.3,-149.5257450631));
#3070 = CARTESIAN_POINT('',(-54.36225120504,-57.3,-149.7955115767));
#3071 = CARTESIAN_POINT('',(-54.5320091167,-57.3,-150.0672112214));
#3072 = CARTESIAN_POINT('',(-54.69874932554,-57.3,-150.3407579645));
#3073 = CARTESIAN_POINT('',(-54.94900075226,-57.3,-150.7614358544));
#3074 = CARTESIAN_POINT('',(-55.03464852024,-57.3,-150.9072892431));
#3075 = CARTESIAN_POINT('',(-55.11947871986,-57.3,-151.0536224155));
#3076 = CARTESIAN_POINT('',(-55.20349901987,-57.3,-151.2004246995));
#3077 = CARTESIAN_POINT('',(-55.28671708909,-57.3,-151.347685423));
#3078 = CARTESIAN_POINT('',(-55.36914059627,-57.3,-151.4953939139));
#3079 = CARTESIAN_POINT('',(-55.45077721022,-57.3,-151.6435395001));
#3080 = CARTESIAN_POINT('',(-55.5316345997,-57.3,-151.7921115095));
#3081 = CARTESIAN_POINT('',(-55.61172043351,-57.3,-151.94109927));
#3082 = CARTESIAN_POINT('',(-55.7746961651,-57.3,-152.2480434167));
#3083 = CARTESIAN_POINT('',(-55.85768066003,-57.3,-152.406374549));
#3084 = CARTESIAN_POINT('',(-55.94110899258,-57.3,-152.5676801464));
#3085 = CARTESIAN_POINT('',(-56.02110907315,-57.3,-152.7243601901));
#3086 = CARTESIAN_POINT('',(-56.10520652732,-57.3,-152.8910738313));
#3087 = CARTESIAN_POINT('',(-56.18522576329,-57.3,-153.0521609714));
#3088 = CARTESIAN_POINT('',(-56.264932753,-57.3,-153.2144016628));
#3089 = CARTESIAN_POINT('',(-56.34428969601,-57.3,-153.3781475377));
#3090 = CARTESIAN_POINT('',(-56.42252263812,-57.3,-153.5416397074));
#3091 = CARTESIAN_POINT('',(-56.5,-57.3,-153.7056393294));
#3092 = CARTESIAN_POINT('',(-22.72885645955,-57.3,-180.));
#3093 = CARTESIAN_POINT('',(-22.72885645955,-57.3,-178.5184701453));
#3094 = CARTESIAN_POINT('',(-22.76088823849,-57.29999999999,
    -177.0374569216));
#3095 = CARTESIAN_POINT('',(-22.82496394711,-57.29999999999,
    -175.5575072932));
#3096 = CARTESIAN_POINT('',(-22.92123120972,-57.29999999999,
    -174.0792498871));
#3097 = CARTESIAN_POINT('',(-23.049999735,-57.3,-172.603397179));
#3098 = CARTESIAN_POINT('',(-23.21176718835,-57.3,-171.1307477015));
#3099 = CARTESIAN_POINT('',(-23.40724422399,-57.3,-169.6621882419));
#3100 = CARTESIAN_POINT('',(-23.63737856451,-57.3,-168.1986959947));
#3101 = CARTESIAN_POINT('',(-23.90337800362,-57.3,-166.741340626));
#3102 = CARTESIAN_POINT('',(-24.47880938644,-57.3,-163.9907380225));
#3103 = CARTESIAN_POINT('',(-24.7806446608,-57.3,-162.6972647627));
#3104 = CARTESIAN_POINT('',(-25.11344604956,-57.3,-161.4114845273));
#3105 = CARTESIAN_POINT('',(-25.47848332893,-57.3,-160.1343138365));
#3106 = CARTESIAN_POINT('',(-25.87718063255,-57.3,-158.8670273335));
#3107 = CARTESIAN_POINT('',(-26.31120874067,-57.3,-157.6113118674));
#3108 = CARTESIAN_POINT('',(-26.78257712902,-57.3,-156.3693148867));
#3109 = CARTESIAN_POINT('',(-27.29372588473,-57.3,-155.1436871315));
#3110 = CARTESIAN_POINT('',(-27.84761763966,-57.3,-153.9376196963));
#3111 = CARTESIAN_POINT('',(-28.71401705837,-57.3,-152.2303420026));
#3112 = CARTESIAN_POINT('',(-28.98922665414,-57.3,-151.7106373518));
#3113 = CARTESIAN_POINT('',(-29.27376446286,-57.3,-151.196079278));
#3114 = CARTESIAN_POINT('',(-29.56795247411,-57.3,-150.6870701004));
#3115 = CARTESIAN_POINT('',(-29.87212933242,-57.3,-150.1840949828));
#3116 = CARTESIAN_POINT('',(-30.18665099661,-57.3,-149.6877200559));
#3117 = CARTESIAN_POINT('',(-30.51189147321,-57.3,-149.1985905779));
#3118 = CARTESIAN_POINT('',(-30.8482436303,-57.3,-148.7174291456));
#3119 = CARTESIAN_POINT('',(-31.19612009863,-57.3,-148.2450339763));
#3120 = CARTESIAN_POINT('',(-32.0825644011,-57.3,-147.1050420711));
#3121 = CARTESIAN_POINT('',(-32.6345565928,-57.29999999334,
    -146.4488857204));
#3122 = CARTESIAN_POINT('',(-33.21302599189,-57.30000001336,
    -145.8164932548));
#3123 = CARTESIAN_POINT('',(-33.82055810527,-57.29999999927,
    -145.2107716499));
#3124 = CARTESIAN_POINT('',(-34.45725035909,-57.29999998419,
    -144.6367593938));
#3125 = CARTESIAN_POINT('',(-35.12353264474,-57.30000000121,
    -144.0998820152));
#3126 = CARTESIAN_POINT('',(-35.82132347321,-57.30000001719,
    -143.6054407855));
#3127 = CARTESIAN_POINT('',(-36.55116861202,-57.29999999737,
    -143.1603284742));
#3128 = CARTESIAN_POINT('',(-37.30892253135,-57.3,-142.7742293483));
#3129 = CARTESIAN_POINT('',(-38.73966314751,-57.3,-142.1884584936));
#3130 = CARTESIAN_POINT('',(-39.40540105179,-57.30000000327,
    -141.968062022));
#3131 = CARTESIAN_POINT('',(-40.08663522268,-57.30000000487,
    -141.796879578));
#3132 = CARTESIAN_POINT('',(-40.77991948988,-57.30000000423,
    -141.6793430623));
#3133 = CARTESIAN_POINT('',(-41.48063449497,-57.3000000026,
    -141.6189468599));
#3134 = CARTESIAN_POINT('',(-42.18343563795,-57.30000000128,
    -141.6174770386));
#3135 = CARTESIAN_POINT('',(-42.88272864543,-57.30000000075,
    -141.67467499));
#3136 = CARTESIAN_POINT('',(-43.57320398444,-57.30000000052,
    -141.7883209872));
#3137 = CARTESIAN_POINT('',(-44.2504647746,-57.3,-141.9547387019));
#3138 = CARTESIAN_POINT('',(-45.85737457597,-57.3,-142.4771563043));
#3139 = CARTESIAN_POINT('',(-46.77277984918,-57.30000000242,
    -142.8848161515));
#3140 = CARTESIAN_POINT('',(-47.64800787835,-57.3000000008,
    -143.3808063986));
#3141 = CARTESIAN_POINT('',(-48.47870197572,-57.29999999675,
    -143.9509247528));
#3142 = CARTESIAN_POINT('',(-49.26369205438,-57.29999999662,
    -144.5810985059));
#3143 = CARTESIAN_POINT('',(-50.0044223512,-57.30000000071,
    -145.260290004));
#3144 = CARTESIAN_POINT('',(-50.7039581677,-57.30000000239,
    -145.9810185584));
#3145 = CARTESIAN_POINT('',(-51.36508544893,-57.29999999901,
    -146.7372538904));
#3146 = CARTESIAN_POINT('',(-51.98910875329,-57.3,-147.5224079433));
#3147 = CARTESIAN_POINT('',(-52.76357022002,-57.3,-148.5867812628));
#3148 = CARTESIAN_POINT('',(-52.94449636135,-57.3,-148.8425046023));
#3149 = CARTESIAN_POINT('',(-53.12213610861,-57.3,-149.1005580122));
#3150 = CARTESIAN_POINT('',(-53.29655790649,-57.3,-149.3608227091));
#3151 = CARTESIAN_POINT('',(-53.46782827949,-57.3,-149.6231871277));
#3152 = CARTESIAN_POINT('',(-53.63601191847,-57.3,-149.8875471322));
#3153 = CARTESIAN_POINT('',(-53.80117176281,-57.3,-150.1538062326));
#3154 = CARTESIAN_POINT('',(-53.96336907809,-57.3,-150.4218758052));
#3155 = CARTESIAN_POINT('',(-54.12266352973,-57.3,-150.6916753152));
#3156 = CARTESIAN_POINT('',(-54.36191226375,-57.3,-151.106797804));
#3157 = CARTESIAN_POINT('',(-54.44391229147,-57.3,-151.2509193349));
#3158 = CARTESIAN_POINT('',(-54.52512113428,-57.3,-151.3954873334));
#3159 = CARTESIAN_POINT('',(-54.60554664396,-57.3,-151.5404919399));
#3160 = CARTESIAN_POINT('',(-54.68519672517,-57.3,-151.6859232388));
#3161 = CARTESIAN_POINT('',(-54.76407933534,-57.3,-151.8317712589));
#3162 = CARTESIAN_POINT('',(-54.84220248434,-57.3,-151.9780259737));
#3163 = CARTESIAN_POINT('',(-54.91957423429,-57.3,-152.1246773018));
#3164 = CARTESIAN_POINT('',(-54.9962026993,-57.3,-152.2717151077));
#3165 = CARTESIAN_POINT('',(-55.15225952369,-57.3,-152.5748375368));
#3166 = CARTESIAN_POINT('',(-55.23177992517,-57.2999999915,
    -152.7313013631));
#3167 = CARTESIAN_POINT('',(-55.31168390059,-57.30000003482,
    -152.8906073346));
#3168 = CARTESIAN_POINT('',(-55.38836925231,-57.29999994611,
    -153.0454577438));
#3169 = CARTESIAN_POINT('',(-55.4689365532,-57.30000000706,
    -153.2101460266));
#3170 = CARTESIAN_POINT('',(-55.54543853008,-57.30000009979,
    -153.3688730965));
#3171 = CARTESIAN_POINT('',(-55.62202261727,-57.29999984344,
    -153.5295970826));
#3172 = CARTESIAN_POINT('',(-55.69781389754,-57.30000011312,
    -153.6907682488));
#3173 = CARTESIAN_POINT('',(-55.7728197317,-57.29999996197,
    -153.8523209839));
#3174 = CARTESIAN_POINT('',(-55.84701103323,-57.29999999984,
    -154.0141579103));
#3175 = CARTESIAN_POINT('',(-23.08910397095,-57.76960836307,-180.));
#3176 = CARTESIAN_POINT('',(-23.08910397095,-57.76960836307,
    -178.5255687109));
#3177 = CARTESIAN_POINT('',(-23.12099577458,-57.76912245606,
    -177.0512807481));
#3178 = CARTESIAN_POINT('',(-23.18480768424,-57.76815046639,
    -175.5778526274));
#3179 = CARTESIAN_POINT('',(-23.28069366058,-57.76668918258,
    -174.106079739));
#3180 = CARTESIAN_POINT('',(-23.40895372116,-57.76473221658,
    -172.6368412905));
#3181 = CARTESIAN_POINT('',(-23.57005433919,-57.76226986305,
    -171.1711052499));
#3182 = CARTESIAN_POINT('',(-23.76464884223,-57.75928895858,
    -169.7099332888));
#3183 = CARTESIAN_POINT('',(-23.99359781085,-57.75577274097,
    -168.2544857251));
#3184 = CARTESIAN_POINT('',(-24.25798947738,-57.75170070846,
    -166.8060264664));
#3185 = CARTESIAN_POINT('',(-24.82989058183,-57.74286646386,
    -164.0713843684));
#3186 = CARTESIAN_POINT('',(-25.13018537302,-57.73821622645,
    -162.7841647171));
#3187 = CARTESIAN_POINT('',(-25.4611833128,-57.73308210848,
    -161.5049921014));
#3188 = CARTESIAN_POINT('',(-25.8240746305,-57.727443315,-160.2349301832
    ));
#3189 = CARTESIAN_POINT('',(-26.22018014225,-57.72127609507,
    -158.9754202259));
#3190 = CARTESIAN_POINT('',(-26.65103042322,-57.71455592256,
    -157.7283181372));
#3191 = CARTESIAN_POINT('',(-27.11844497977,-57.7072596768,
    -156.4959315115));
#3192 = CARTESIAN_POINT('',(-27.62461142163,-57.69936782336,
    -155.2810566721));
#3193 = CARTESIAN_POINT('',(-28.17216463414,-57.69086659475,
    -154.0870157143));
#3194 = CARTESIAN_POINT('',(-29.02771508775,-57.6776939161,
    -152.3974161758));
#3195 = CARTESIAN_POINT('',(-29.29994453099,-57.67351853255,
    -151.8821658947));
#3196 = CARTESIAN_POINT('',(-29.58122735022,-57.66922217425,
    -151.3722873373));
#3197 = CARTESIAN_POINT('',(-29.87185079072,-57.66480516701,
    -150.8682001181));
#3198 = CARTESIAN_POINT('',(-30.17211627287,-57.66027000871,
    -150.3703988318));
#3199 = CARTESIAN_POINT('',(-30.48233939219,-57.65562136929,
    -149.8794530532));
#3200 = CARTESIAN_POINT('',(-30.8028499193,-57.65086609074,
    -149.3960073381));
#3201 = CARTESIAN_POINT('',(-31.13399179997,-57.64601318712,
    -148.9207812221));
#3202 = CARTESIAN_POINT('',(-31.47612315506,-57.64107384455,
    -148.4545692217));
#3203 = CARTESIAN_POINT('',(-32.348498592,-57.62870383028,-147.328409621
    ));
#3204 = CARTESIAN_POINT('',(-32.89169095485,-57.62119574413,
    -146.6802206846));
#3205 = CARTESIAN_POINT('',(-33.46012905315,-57.61358883516,
    -146.0563628389));
#3206 = CARTESIAN_POINT('',(-34.05610991013,-57.60594730145,
    -145.4597740015));
#3207 = CARTESIAN_POINT('',(-34.67954210713,-57.59838920654,
    -144.8954129095));
#3208 = CARTESIAN_POINT('',(-35.3306169977,-57.59106749618,
    -144.3685815772));
#3209 = CARTESIAN_POINT('',(-36.01096010626,-57.58417665611,
    -143.8843897166));
#3210 = CARTESIAN_POINT('',(-36.72097397175,-57.57799863359,
    -143.4493690333));
#3211 = CARTESIAN_POINT('',(-37.45673576856,-57.57292930256,
    -143.0726619984));
#3212 = CARTESIAN_POINT('',(-38.84528826566,-57.56638688454,
    -142.5016048321));
#3213 = CARTESIAN_POINT('',(-39.49071672961,-57.56445595819,
    -142.287291575));
#3214 = CARTESIAN_POINT('',(-40.14987393276,-57.56376909956,
    -142.12160269));
#3215 = CARTESIAN_POINT('',(-40.81954913182,-57.56458319071,
    -142.0085720168));
#3216 = CARTESIAN_POINT('',(-41.49557839686,-57.56712882669,
    -141.9513271808));
#3217 = CARTESIAN_POINT('',(-42.17324456067,-57.5715575205,
    -141.9514351923));
#3218 = CARTESIAN_POINT('',(-42.84769612845,-57.57791181431,
    -142.0086176239));
#3219 = CARTESIAN_POINT('',(-43.51438514802,-57.58611829701,
    -142.1208353678));
#3220 = CARTESIAN_POINT('',(-44.16952404024,-57.59600352815,
    -142.2847429722));
#3221 = CARTESIAN_POINT('',(-45.7211645262,-57.62342636493,
    -142.7973344162));
#3222 = CARTESIAN_POINT('',(-46.60342994627,-57.64244356253,
    -143.1948379954));
#3223 = CARTESIAN_POINT('',(-47.44927042062,-57.66373892208,
    -143.6777925849));
#3224 = CARTESIAN_POINT('',(-48.25561045808,-57.6864704491,
    -144.2335570934));
#3225 = CARTESIAN_POINT('',(-49.02131424659,-57.70983643033,
    -144.8493979673));
#3226 = CARTESIAN_POINT('',(-49.74719561421,-57.73324126583,
    -145.5151380449));
#3227 = CARTESIAN_POINT('',(-50.43559962688,-57.75631497019,
    -146.2237094013));
#3228 = CARTESIAN_POINT('',(-51.0886763795,-57.77881104978,
    -146.9692172885));
#3229 = CARTESIAN_POINT('',(-51.70709847793,-57.80050759651,
    -147.7451563292));
#3230 = CARTESIAN_POINT('',(-52.47541835541,-57.8277934402,
    -148.7974721128));
#3231 = CARTESIAN_POINT('',(-52.65413483526,-57.83416565976,
    -149.0490814707));
#3232 = CARTESIAN_POINT('',(-52.82980791658,-57.84045037595,
    -149.3031596233));
#3233 = CARTESIAN_POINT('',(-53.00249024195,-57.84664514628,
    -149.5595905272));
#3234 = CARTESIAN_POINT('',(-53.17223326916,-57.8527479403,
    -149.8182647201));
#3235 = CARTESIAN_POINT('',(-53.33908727123,-57.8587571396,
    -150.0790793208));
#3236 = CARTESIAN_POINT('',(-53.50310133633,-57.86467153777,
    -150.341938029));
#3237 = CARTESIAN_POINT('',(-53.66432336786,-57.87049034047,
    -150.6067511255));
#3238 = CARTESIAN_POINT('',(-53.82280008441,-57.87621316537,
    -150.8734354722));
#3239 = CARTESIAN_POINT('',(-54.06082533797,-57.88481096436,
    -151.283668164));
#3240 = CARTESIAN_POINT('',(-54.1423213324,-57.88775501421,
    -151.4259198304));
#3241 = CARTESIAN_POINT('',(-54.22307127255,-57.89067222136,
    -151.5686591224));
#3242 = CARTESIAN_POINT('',(-54.30308142791,-57.89356261545,
    -151.711875651));
#3243 = CARTESIAN_POINT('',(-54.38235806797,-57.89642622613,
    -151.8555590274));
#3244 = CARTESIAN_POINT('',(-54.46090746221,-57.89926308302,
    -151.9996988626));
#3245 = CARTESIAN_POINT('',(-54.53873588015,-57.90207321578,
    -152.1442847679));
#3246 = CARTESIAN_POINT('',(-54.61584959125,-57.90485665404,
    -152.2893063543));
#3247 = CARTESIAN_POINT('',(-54.69225486502,-57.90761342745,
    -152.4347532329));
#3248 = CARTESIAN_POINT('',(-54.84779528672,-57.91322279895,
    -152.7344424306));
#3249 = CARTESIAN_POINT('',(-54.92703213166,-57.91607902257,
    -152.8890694419));
#3250 = CARTESIAN_POINT('',(-55.00667436928,-57.91894826144,
    -153.0465275916));
#3251 = CARTESIAN_POINT('',(-55.08317897318,-57.92170281287,
    -153.1996950147));
#3252 = CARTESIAN_POINT('',(-55.16355708153,-57.92459499093,
    -153.3625884614));
#3253 = CARTESIAN_POINT('',(-55.2398718261,-57.92733869134,
    -153.5195232434));
#3254 = CARTESIAN_POINT('',(-55.31646817848,-57.93009055952,
    -153.6788501897));
#3255 = CARTESIAN_POINT('',(-55.39208611593,-57.93280499836,
    -153.8382019771));
#3256 = CARTESIAN_POINT('',(-55.46709666485,-57.93549528983,
    -153.998287821));
#3257 = CARTESIAN_POINT('',(-55.5412780261,-57.93815343403,
    -154.158607998));
#3258 = ADVANCED_FACE('',(#3259),#3289,.F.);
#3259 = FACE_BOUND('',#3260,.T.);
#3260 = EDGE_LOOP('',(#3261,#3262,#3263,#3264,#3265,#3266,#3267,#3275,
    #3283));
#3261 = ORIENTED_EDGE('',*,*,#2061,.F.);
#3262 = ORIENTED_EDGE('',*,*,#1092,.T.);
#3263 = ORIENTED_EDGE('',*,*,#2897,.T.);
#3264 = ORIENTED_EDGE('',*,*,#1502,.T.);
#3265 = ORIENTED_EDGE('',*,*,#1423,.T.);
#3266 = ORIENTED_EDGE('',*,*,#2077,.F.);
#3267 = ORIENTED_EDGE('',*,*,#3268,.T.);
#3268 = EDGE_CURVE('',#2078,#3269,#3271,.T.);
#3269 = VERTEX_POINT('',#3270);
#3270 = CARTESIAN_POINT('',(-4.4,-57.3,-93.6));
#3271 = LINE('',#3272,#3273);
#3272 = CARTESIAN_POINT('',(0.,-57.3,-93.6));
#3273 = VECTOR('',#3274,1.);
#3274 = DIRECTION('',(-1.,0.,0.));
#3275 = ORIENTED_EDGE('',*,*,#3276,.T.);
#3276 = EDGE_CURVE('',#3269,#3277,#3279,.T.);
#3277 = VERTEX_POINT('',#3278);
#3278 = CARTESIAN_POINT('',(-4.4,-57.3,-102.8));
#3279 = LINE('',#3280,#3281);
#3280 = CARTESIAN_POINT('',(-4.4,-57.3,-93.6));
#3281 = VECTOR('',#3282,1.);
#3282 = DIRECTION('',(0.,-1.110223024625E-16,-1.));
#3283 = ORIENTED_EDGE('',*,*,#3284,.T.);
#3284 = EDGE_CURVE('',#3277,#2054,#3285,.T.);
#3285 = LINE('',#3286,#3287);
#3286 = CARTESIAN_POINT('',(-4.4,-57.3,-102.8));
#3287 = VECTOR('',#3288,1.);
#3288 = DIRECTION('',(1.,0.,0.));
#3289 = PLANE('',#3290);
#3290 = AXIS2_PLACEMENT_3D('',#3291,#3292,#3293);
#3291 = CARTESIAN_POINT('',(4.34E-15,-57.3,-129.8404355071));
#3292 = DIRECTION('',(0.,-1.,5.210223024625E-16));
#3293 = DIRECTION('',(0.,-5.210223024625E-16,-1.));
#3294 = ADVANCED_FACE('',(#3295),#3313,.F.);
#3295 = FACE_BOUND('',#3296,.T.);
#3296 = EDGE_LOOP('',(#3297,#3298,#3306,#3312));
#3297 = ORIENTED_EDGE('',*,*,#1979,.T.);
#3298 = ORIENTED_EDGE('',*,*,#3299,.T.);
#3299 = EDGE_CURVE('',#1971,#3300,#3302,.T.);
#3300 = VERTEX_POINT('',#3301);
#3301 = CARTESIAN_POINT('',(-4.4,-47.39999999998,-176.3));
#3302 = LINE('',#3303,#3304);
#3303 = CARTESIAN_POINT('',(-0.296544054001,-47.39999999998,-176.3));
#3304 = VECTOR('',#3305,1.);
#3305 = DIRECTION('',(-1.,0.,0.));
#3306 = ORIENTED_EDGE('',*,*,#3307,.F.);
#3307 = EDGE_CURVE('',#1060,#3300,#3308,.T.);
#3308 = LINE('',#3309,#3310);
#3309 = CARTESIAN_POINT('',(-4.4,-47.39999999998,-178.8));
#3310 = VECTOR('',#3311,1.);
#3311 = DIRECTION('',(0.,-7.915897769754E-14,1.));
#3312 = ORIENTED_EDGE('',*,*,#1067,.F.);
#3313 = PLANE('',#3314);
#3314 = AXIS2_PLACEMENT_3D('',#3315,#3316,#3317);
#3315 = CARTESIAN_POINT('',(-0.296544054001,-47.39999999998,-178.8));
#3316 = DIRECTION('',(0.,1.,7.915897769754E-14));
#3317 = DIRECTION('',(1.,0.,0.));
#3318 = ADVANCED_FACE('',(#3319),#3353,.T.);
#3319 = FACE_BOUND('',#3320,.F.);
#3320 = EDGE_LOOP('',(#3321,#3329,#3337,#3345,#3351,#3352));
#3321 = ORIENTED_EDGE('',*,*,#3322,.T.);
#3322 = EDGE_CURVE('',#1052,#3323,#3325,.T.);
#3323 = VERTEX_POINT('',#3324);
#3324 = CARTESIAN_POINT('',(-4.4,-38.59999999998,-176.3));
#3325 = LINE('',#3326,#3327);
#3326 = CARTESIAN_POINT('',(-4.4,-38.59999999998,-178.8));
#3327 = VECTOR('',#3328,1.);
#3328 = DIRECTION('',(0.,-7.915897769754E-14,1.));
#3329 = ORIENTED_EDGE('',*,*,#3330,.T.);
#3330 = EDGE_CURVE('',#3323,#3331,#3333,.T.);
#3331 = VERTEX_POINT('',#3332);
#3332 = CARTESIAN_POINT('',(-4.4,-41.99999999998,-176.3));
#3333 = LINE('',#3334,#3335);
#3334 = CARTESIAN_POINT('',(-4.4,-38.59999999998,-176.3));
#3335 = VECTOR('',#3336,1.);
#3336 = DIRECTION('',(0.,-1.,-7.888897769754E-14));
#3337 = ORIENTED_EDGE('',*,*,#3338,.T.);
#3338 = EDGE_CURVE('',#3331,#3339,#3341,.T.);
#3339 = VERTEX_POINT('',#3340);
#3340 = CARTESIAN_POINT('',(-4.4,-45.99999999998,-176.3));
#3341 = LINE('',#3342,#3343);
#3342 = CARTESIAN_POINT('',(-4.4,-38.59999999998,-176.3));
#3343 = VECTOR('',#3344,1.);
#3344 = DIRECTION('',(0.,-1.,-7.888897769754E-14));
#3345 = ORIENTED_EDGE('',*,*,#3346,.T.);
#3346 = EDGE_CURVE('',#3339,#3300,#3347,.T.);
#3347 = LINE('',#3348,#3349);
#3348 = CARTESIAN_POINT('',(-4.4,-38.59999999998,-176.3));
#3349 = VECTOR('',#3350,1.);
#3350 = DIRECTION('',(0.,-1.,-7.888897769754E-14));
#3351 = ORIENTED_EDGE('',*,*,#3307,.F.);
#3352 = ORIENTED_EDGE('',*,*,#1059,.F.);
#3353 = PLANE('',#3354);
#3354 = AXIS2_PLACEMENT_3D('',#3355,#3356,#3357);
#3355 = CARTESIAN_POINT('',(-4.4,-38.59999999998,-178.8));
#3356 = DIRECTION('',(-1.,0.,-0.));
#3357 = DIRECTION('',(0.,1.,7.915897769754E-14));
#3358 = ADVANCED_FACE('',(#3359),#3370,.T.);
#3359 = FACE_BOUND('',#3360,.F.);
#3360 = EDGE_LOOP('',(#3361,#3362,#3368,#3369));
#3361 = ORIENTED_EDGE('',*,*,#1995,.T.);
#3362 = ORIENTED_EDGE('',*,*,#3363,.T.);
#3363 = EDGE_CURVE('',#1996,#3323,#3364,.T.);
#3364 = LINE('',#3365,#3366);
#3365 = CARTESIAN_POINT('',(-3.827493293448,-38.59999999998,-176.3));
#3366 = VECTOR('',#3367,1.);
#3367 = DIRECTION('',(-1.,0.,0.));
#3368 = ORIENTED_EDGE('',*,*,#3322,.F.);
#3369 = ORIENTED_EDGE('',*,*,#1051,.F.);
#3370 = PLANE('',#3371);
#3371 = AXIS2_PLACEMENT_3D('',#3372,#3373,#3374);
#3372 = CARTESIAN_POINT('',(-3.827493293448,-38.59999999998,-178.8));
#3373 = DIRECTION('',(0.,1.,7.915897769754E-14));
#3374 = DIRECTION('',(1.,0.,0.));
#3375 = ADVANCED_FACE('',(#3376),#3382,.F.);
#3376 = FACE_BOUND('',#3377,.F.);
#3377 = EDGE_LOOP('',(#3378,#3379,#3380,#3381));
#3378 = ORIENTED_EDGE('',*,*,#1474,.T.);
#3379 = ORIENTED_EDGE('',*,*,#1009,.T.);
#3380 = ORIENTED_EDGE('',*,*,#2500,.F.);
#3381 = ORIENTED_EDGE('',*,*,#2891,.F.);
#3382 = ( BOUNDED_SURFACE() B_SPLINE_SURFACE(2,7,(
    (#3383,#3384,#3385,#3386,#3387,#3388,#3389,#3390,#3391,#3392,#3393
      ,#3394,#3395,#3396,#3397,#3398,#3399,#3400,#3401,#3402)
    ,(#3403,#3404,#3405,#3406,#3407,#3408,#3409,#3410,#3411,#3412,#3413
      ,#3414,#3415,#3416,#3417,#3418,#3419,#3420,#3421,#3422)
    ,(#3423,#3424,#3425,#3426,#3427,#3428,#3429,#3430,#3431,#3432,#3433
      ,#3434,#3435,#3436,#3437,#3438,#3439,#3440,#3441,#3442
)),.UNSPECIFIED.,.F.,.F.,.F.) B_SPLINE_SURFACE_WITH_KNOTS((3,3),(8,6,6,8
    ),(0.,1.),(0.,1.687403955182E-02,0.542971804102,1.),.UNSPECIFIED.) 
GEOMETRIC_REPRESENTATION_ITEM() RATIONAL_B_SPLINE_SURFACE((
    (1.,1.,1.,1.,1.,1.,1.,1.,1.,1.,1.,1.,1.,1.,1.,1.,1.,1.,1.,1.)
    ,(0.856804684586,0.857408473425,0.857997482275,0.858598473156
      ,0.859208158297,0.859811924074,0.860402554962,0.879593558192
      ,0.896965544623,0.912872862533,0.927100622674,0.939560338132
      ,0.950273765029,0.967031605159,0.973504466666,0.978666880531
      ,0.982537747243,0.98512860526,0.98642270012,0.98642270012)
    ,(1.,1.,1.,1.,1.,1.,1.,1.,1.,1.,1.,1.,1.,1.,1.,1.,1.,1.,1.,1.
))) REPRESENTATION_ITEM('') SURFACE() );
#3383 = CARTESIAN_POINT('',(-55.54127842083,-57.93812575772,
    -154.1585745019));
#3384 = CARTESIAN_POINT('',(-55.56907542457,-57.93912177588,
    -154.2186490876));
#3385 = CARTESIAN_POINT('',(-55.59677728501,-57.94004781571,
    -154.2787341746));
#3386 = CARTESIAN_POINT('',(-55.62445359245,-57.94079399796,
    -154.3388415457));
#3387 = CARTESIAN_POINT('',(-55.65209525551,-57.94137491499,
    -154.3989696408));
#3388 = CARTESIAN_POINT('',(-55.67966354942,-57.94185205722,
    -154.4591119038));
#3389 = CARTESIAN_POINT('',(-55.70713916419,-57.94225623953,
    -154.5192651289));
#3390 = CARTESIAN_POINT('',(-56.58984722466,-57.95042262018,
    -156.4554978571));
#3391 = CARTESIAN_POINT('',(-57.3844483581,-57.84043323706,
    -158.3464639637));
#3392 = CARTESIAN_POINT('',(-58.10617925163,-57.64268004704,
    -160.2524931402));
#3393 = CARTESIAN_POINT('',(-58.75378118675,-57.38291887205,
    -162.1714172582));
#3394 = CARTESIAN_POINT('',(-59.32958976394,-57.08079991175,
    -164.1008951564));
#3395 = CARTESIAN_POINT('',(-59.8352087948,-56.75299994957,
    -166.039864278));
#3396 = CARTESIAN_POINT('',(-60.64808354595,-56.13297968841,
    -169.6827857462));
#3397 = CARTESIAN_POINT('',(-60.97258700983,-55.84165129675,
    -171.3837168009));
#3398 = CARTESIAN_POINT('',(-61.24282701865,-55.5625433209,
    -173.0924322492));
#3399 = CARTESIAN_POINT('',(-61.45728061921,-55.31059687243,
    -174.807934858));
#3400 = CARTESIAN_POINT('',(-61.60961160998,-55.11271781707,
    -176.5348342725));
#3401 = CARTESIAN_POINT('',(-61.68518545179,-55.01547446978,
    -178.267323817));
#3402 = CARTESIAN_POINT('',(-61.68518545179,-55.01547446978,-180.));
#3403 = CARTESIAN_POINT('',(-55.84702155952,-57.29999999989,
    -154.01413025));
#3404 = CARTESIAN_POINT('',(-55.8731482919,-57.30236799008,
    -154.0741674371));
#3405 = CARTESIAN_POINT('',(-55.89918956183,-57.30461470712,
    -154.1342457234));
#3406 = CARTESIAN_POINT('',(-55.92523391077,-57.30674023297,
    -154.1943551131));
#3407 = CARTESIAN_POINT('',(-55.95126861049,-57.30874536029,
    -154.254494233));
#3408 = CARTESIAN_POINT('',(-55.97724494408,-57.31063130168,
    -154.3146695904));
#3409 = CARTESIAN_POINT('',(-56.00313980953,-57.31239910678,
    -154.3748869897));
#3410 = CARTESIAN_POINT('',(-56.81810704919,-57.36436200975,
    -156.2725646962));
#3411 = CARTESIAN_POINT('',(-57.56896291097,-57.30508888755,
    -158.1482455283));
#3412 = CARTESIAN_POINT('',(-58.26399987418,-57.15730709276,
    -160.0592435645));
#3413 = CARTESIAN_POINT('',(-58.89479690188,-56.94336653753,
    -161.9979779028));
#3414 = CARTESIAN_POINT('',(-59.45847124887,-56.68254196124,
    -163.9563016323));
#3415 = CARTESIAN_POINT('',(-59.95411988266,-56.39238083402,
    -165.9275454217));
#3416 = CARTESIAN_POINT('',(-60.74304186713,-55.84104702683,
    -169.5995018785));
#3417 = CARTESIAN_POINT('',(-61.05752200197,-55.58021171493,
    -171.3075002315));
#3418 = CARTESIAN_POINT('',(-61.32038379863,-55.32724775189,
    -173.0297685586));
#3419 = CARTESIAN_POINT('',(-61.52903775303,-55.09688530234,
    -174.7622670211));
#3420 = CARTESIAN_POINT('',(-61.67686025636,-54.91529276743,
    -176.5071636026));
#3421 = CARTESIAN_POINT('',(-61.74991406784,-54.82646691092,
    -178.2557809503));
#3422 = CARTESIAN_POINT('',(-61.74991406784,-54.82646691092,-180.));
#3423 = CARTESIAN_POINT('',(-56.5,-57.3,-153.7056393294));
#3424 = CARTESIAN_POINT('',(-56.52467725933,-57.3,-153.7670926629));
#3425 = CARTESIAN_POINT('',(-56.54929757245,-57.29989551987,
    -153.8285621121));
#3426 = CARTESIAN_POINT('',(-56.57386040597,-57.29968742939,
    -153.890047571));
#3427 = CARTESIAN_POINT('',(-56.59836537459,-57.29937659475,
    -153.9515489641));
#3428 = CARTESIAN_POINT('',(-56.62281215984,-57.29896387884,
    -154.0130662247));
#3429 = CARTESIAN_POINT('',(-56.64720042879,-57.29845014151,
    -154.074599273));
#3430 = CARTESIAN_POINT('',(-57.43006791802,-57.27869605179,
    -156.0551102625));
#3431 = CARTESIAN_POINT('',(-58.13092504835,-57.16216989976,
    -157.9884112676));
#3432 = CARTESIAN_POINT('',(-58.76434075066,-56.97456100691,
    -159.9348635339));
#3433 = CARTESIAN_POINT('',(-59.33048494723,-56.73755672338,
    -161.891969155));
#3434 = CARTESIAN_POINT('',(-59.83235477768,-56.46743162068,
    -163.8574718016));
#3435 = CARTESIAN_POINT('',(-60.27187932689,-56.17800900379,
    -165.8304973342));
#3436 = CARTESIAN_POINT('',(-60.97704367069,-55.63490825169,
    -169.5338868758));
#3437 = CARTESIAN_POINT('',(-61.25785961919,-55.38145558041,
    -171.2616404291));
#3438 = CARTESIAN_POINT('',(-61.49125301178,-55.13982518194,
    -172.9960559349));
#3439 = CARTESIAN_POINT('',(-61.67614691973,-54.92253259662,
    -174.7363539522));
#3440 = CARTESIAN_POINT('',(-61.80730948369,-54.75230087324,
    -176.4873500035));
#3441 = CARTESIAN_POINT('',(-61.87238831038,-54.66862613368,
    -178.2435799557));
#3442 = CARTESIAN_POINT('',(-61.87238831038,-54.66862613368,-180.));
#3443 = ADVANCED_FACE('',(#3444),#3460,.F.);
#3444 = FACE_BOUND('',#3445,.T.);
#3445 = EDGE_LOOP('',(#3446,#3447,#3453,#3454));
#3446 = ORIENTED_EDGE('',*,*,#2322,.F.);
#3447 = ORIENTED_EDGE('',*,*,#3448,.T.);
#3448 = EDGE_CURVE('',#2323,#1253,#3449,.T.);
#3449 = LINE('',#3450,#3451);
#3450 = CARTESIAN_POINT('',(-44.41817521395,-75.36750207346,-180.));
#3451 = VECTOR('',#3452,1.);
#3452 = DIRECTION('',(0.,3.310223024625E-16,1.));
#3453 = ORIENTED_EDGE('',*,*,#1250,.F.);
#3454 = ORIENTED_EDGE('',*,*,#3455,.F.);
#3455 = EDGE_CURVE('',#2314,#1251,#3456,.T.);
#3456 = LINE('',#3457,#3458);
#3457 = CARTESIAN_POINT('',(-33.94680220025,-61.71731939488,-180.));
#3458 = VECTOR('',#3459,1.);
#3459 = DIRECTION('',(0.,3.310223024625E-16,1.));
#3460 = PLANE('',#3461);
#3461 = AXIS2_PLACEMENT_3D('',#3462,#3463,#3464);
#3462 = CARTESIAN_POINT('',(-44.41817521395,-75.36750207346,-180.));
#3463 = DIRECTION('',(0.793431391307,-0.608659697441,2.07574801026E-16)
  );
#3464 = DIRECTION('',(-0.608659697441,-0.793431391307,2.680885799089E-16
    ));
#3465 = ADVANCED_FACE('',(#3466),#3472,.F.);
#3466 = FACE_BOUND('',#3467,.T.);
#3467 = EDGE_LOOP('',(#3468,#3469,#3470,#3471));
#3468 = ORIENTED_EDGE('',*,*,#2313,.F.);
#3469 = ORIENTED_EDGE('',*,*,#3455,.T.);
#3470 = ORIENTED_EDGE('',*,*,#1260,.T.);
#3471 = ORIENTED_EDGE('',*,*,#2439,.F.);
#3472 = CYLINDRICAL_SURFACE('',#3473,2.);
#3473 = AXIS2_PLACEMENT_3D('',#3474,#3475,#3476);
#3474 = CARTESIAN_POINT('',(-35.53366498286,-60.5,-180.));
#3475 = DIRECTION('',(0.,-3.310223024625E-16,-1.));
#3476 = DIRECTION('',(-1.,0.,0.));
#3477 = ADVANCED_FACE('',(#3478),#3489,.F.);
#3478 = FACE_BOUND('',#3479,.T.);
#3479 = EDGE_LOOP('',(#3480,#3481,#3487,#3488));
#3480 = ORIENTED_EDGE('',*,*,#2330,.F.);
#3481 = ORIENTED_EDGE('',*,*,#3482,.T.);
#3482 = EDGE_CURVE('',#2331,#1287,#3483,.T.);
#3483 = LINE('',#3484,#3485);
#3484 = CARTESIAN_POINT('',(-47.89715696981,-74.79816862832,-180.));
#3485 = VECTOR('',#3486,1.);
#3486 = DIRECTION('',(0.,3.310223024625E-16,1.));
#3487 = ORIENTED_EDGE('',*,*,#1294,.T.);
#3488 = ORIENTED_EDGE('',*,*,#3448,.F.);
#3489 = CYLINDRICAL_SURFACE('',#3490,2.);
#3490 = AXIS2_PLACEMENT_3D('',#3491,#3492,#3493);
#3491 = CARTESIAN_POINT('',(-46.00503799656,-74.15018267858,-180.));
#3492 = DIRECTION('',(0.,-3.310223024625E-16,-1.));
#3493 = DIRECTION('',(-1.,0.,0.));
#3494 = ADVANCED_FACE('',(#3495),#3506,.F.);
#3495 = FACE_BOUND('',#3496,.T.);
#3496 = EDGE_LOOP('',(#3497,#3498,#3504,#3505));
#3497 = ORIENTED_EDGE('',*,*,#2339,.F.);
#3498 = ORIENTED_EDGE('',*,*,#3499,.T.);
#3499 = EDGE_CURVE('',#2340,#1278,#3500,.T.);
#3500 = LINE('',#3501,#3502);
#3501 = CARTESIAN_POINT('',(-52.57187706522,-61.14798594974,-180.));
#3502 = VECTOR('',#3503,1.);
#3503 = DIRECTION('',(0.,3.310223024625E-16,1.));
#3504 = ORIENTED_EDGE('',*,*,#1286,.F.);
#3505 = ORIENTED_EDGE('',*,*,#3482,.F.);
#3506 = PLANE('',#3507);
#3507 = AXIS2_PLACEMENT_3D('',#3508,#3509,#3510);
#3508 = CARTESIAN_POINT('',(-52.57187706522,-61.14798594974,-180.));
#3509 = DIRECTION('',(-0.946059486625,-0.323992974872,1.059704460519E-16
    ));
#3510 = DIRECTION('',(-0.323992974872,0.946059486625,-3.150337024716E-16
    ));
#3511 = ADVANCED_FACE('',(#3512),#3518,.F.);
#3512 = FACE_BOUND('',#3513,.T.);
#3513 = EDGE_LOOP('',(#3514,#3515,#3516,#3517));
#3514 = ORIENTED_EDGE('',*,*,#2347,.F.);
#3515 = ORIENTED_EDGE('',*,*,#2446,.T.);
#3516 = ORIENTED_EDGE('',*,*,#1277,.T.);
#3517 = ORIENTED_EDGE('',*,*,#3499,.F.);
#3518 = CYLINDRICAL_SURFACE('',#3519,2.);
#3519 = AXIS2_PLACEMENT_3D('',#3520,#3521,#3522);
#3520 = CARTESIAN_POINT('',(-50.67975809197,-60.5,-180.));
#3521 = DIRECTION('',(0.,-3.310223024625E-16,-1.));
#3522 = DIRECTION('',(-1.,0.,0.));
#3523 = ADVANCED_FACE('',(#3524),#3530,.T.);
#3524 = FACE_BOUND('',#3525,.F.);
#3525 = EDGE_LOOP('',(#3526,#3527,#3528,#3529));
#3526 = ORIENTED_EDGE('',*,*,#1365,.F.);
#3527 = ORIENTED_EDGE('',*,*,#1341,.F.);
#3528 = ORIENTED_EDGE('',*,*,#1324,.T.);
#3529 = ORIENTED_EDGE('',*,*,#1389,.T.);
#3530 = PLANE('',#3531);
#3531 = AXIS2_PLACEMENT_3D('',#3532,#3533,#3534);
#3532 = CARTESIAN_POINT('',(-60.8,-31.45,-134.45));
#3533 = DIRECTION('',(-1.,0.,-0.));
#3534 = DIRECTION('',(0.,1.,-1.110223024625E-16));
#3535 = ADVANCED_FACE('',(#3536),#3567,.F.);
#3536 = FACE_BOUND('',#3537,.T.);
#3537 = EDGE_LOOP('',(#3538,#3539,#3540,#3541,#3547,#3548,#3549,#3550,
    #3557,#3558,#3559,#3560));
#3538 = ORIENTED_EDGE('',*,*,#1799,.T.);
#3539 = ORIENTED_EDGE('',*,*,#1760,.T.);
#3540 = ORIENTED_EDGE('',*,*,#1696,.T.);
#3541 = ORIENTED_EDGE('',*,*,#3542,.T.);
#3542 = EDGE_CURVE('',#1697,#1589,#3543,.T.);
#3543 = LINE('',#3544,#3545);
#3544 = CARTESIAN_POINT('',(-57.8,-41.,-158.5));
#3545 = VECTOR('',#3546,1.);
#3546 = DIRECTION('',(-0.,1.,-1.110223024625E-16));
#3547 = ORIENTED_EDGE('',*,*,#1596,.T.);
#3548 = ORIENTED_EDGE('',*,*,#1525,.T.);
#3549 = ORIENTED_EDGE('',*,*,#1557,.T.);
#3550 = ORIENTED_EDGE('',*,*,#3551,.F.);
#3551 = EDGE_CURVE('',#1729,#1558,#3552,.T.);
#3552 = CIRCLE('',#3553,2.75);
#3553 = AXIS2_PLACEMENT_3D('',#3554,#3555,#3556);
#3554 = CARTESIAN_POINT('',(-57.8,-36.5,-154.5));
#3555 = DIRECTION('',(1.,-0.,0.));
#3556 = DIRECTION('',(0.,0.771428571429,-0.636315927181));
#3557 = ORIENTED_EDGE('',*,*,#1728,.T.);
#3558 = ORIENTED_EDGE('',*,*,#1785,.T.);
#3559 = ORIENTED_EDGE('',*,*,#1849,.F.);
#3560 = ORIENTED_EDGE('',*,*,#3561,.F.);
#3561 = EDGE_CURVE('',#1800,#1841,#3562,.T.);
#3562 = CIRCLE('',#3563,2.75);
#3563 = AXIS2_PLACEMENT_3D('',#3564,#3565,#3566);
#3564 = CARTESIAN_POINT('',(-57.8,-36.5,-154.5));
#3565 = DIRECTION('',(1.,0.,0.));
#3566 = DIRECTION('',(0.,-0.771428571429,0.636315927181));
#3567 = PLANE('',#3568);
#3568 = AXIS2_PLACEMENT_3D('',#3569,#3570,#3571);
#3569 = CARTESIAN_POINT('',(-57.8,-36.5,-156.1138188166));
#3570 = DIRECTION('',(-1.,0.,-0.));
#3571 = DIRECTION('',(0.,1.,-1.110223024625E-16));
#3572 = ADVANCED_FACE('',(#3573),#3580,.F.);
#3573 = FACE_BOUND('',#3574,.F.);
#3574 = EDGE_LOOP('',(#3575,#3576,#3577,#3578,#3579));
#3575 = ORIENTED_EDGE('',*,*,#1622,.T.);
#3576 = ORIENTED_EDGE('',*,*,#1565,.T.);
#3577 = ORIENTED_EDGE('',*,*,#3551,.F.);
#3578 = ORIENTED_EDGE('',*,*,#1736,.F.);
#3579 = ORIENTED_EDGE('',*,*,#1669,.T.);
#3580 = CONICAL_SURFACE('',#3581,1.75,0.785398163397);
#3581 = AXIS2_PLACEMENT_3D('',#3582,#3583,#3584);
#3582 = CARTESIAN_POINT('',(-58.8,-36.5,-154.5));
#3583 = DIRECTION('',(1.,0.,0.));
#3584 = DIRECTION('',(0.,0.771428571429,-0.636315927181));
#3585 = ADVANCED_FACE('',(#3586),#3592,.F.);
#3586 = FACE_BOUND('',#3587,.T.);
#3587 = EDGE_LOOP('',(#3588,#3589,#3590,#3591));
#3588 = ORIENTED_EDGE('',*,*,#1704,.F.);
#3589 = ORIENTED_EDGE('',*,*,#1645,.T.);
#3590 = ORIENTED_EDGE('',*,*,#1588,.T.);
#3591 = ORIENTED_EDGE('',*,*,#3542,.F.);
#3592 = PLANE('',#3593);
#3593 = AXIS2_PLACEMENT_3D('',#3594,#3595,#3596);
#3594 = CARTESIAN_POINT('',(-60.3,-41.,-160.));
#3595 = DIRECTION('',(-0.514495755428,1.252008389579E-16,0.857492925713)
  );
#3596 = DIRECTION('',(-2.1317225604E-17,-1.,1.332176784692E-16));
#3597 = ADVANCED_FACE('',(#3598),#3605,.F.);
#3598 = FACE_BOUND('',#3599,.F.);
#3599 = EDGE_LOOP('',(#3600,#3601,#3602,#3603,#3604));
#3600 = ORIENTED_EDGE('',*,*,#1866,.F.);
#3601 = ORIENTED_EDGE('',*,*,#1891,.T.);
#3602 = ORIENTED_EDGE('',*,*,#1840,.T.);
#3603 = ORIENTED_EDGE('',*,*,#3561,.F.);
#3604 = ORIENTED_EDGE('',*,*,#1807,.F.);
#3605 = CONICAL_SURFACE('',#3606,1.75,0.785398163397);
#3606 = AXIS2_PLACEMENT_3D('',#3607,#3608,#3609);
#3607 = CARTESIAN_POINT('',(-58.8,-36.5,-154.5));
#3608 = DIRECTION('',(1.,0.,0.));
#3609 = DIRECTION('',(0.,-0.771428571429,0.636315927181));
#3610 = ADVANCED_FACE('',(#3611),#3677,.F.);
#3611 = FACE_BOUND('',#3612,.F.);
#3612 = EDGE_LOOP('',(#3613,#3614,#3615,#3616,#3617));
#3613 = ORIENTED_EDGE('',*,*,#2356,.F.);
#3614 = ORIENTED_EDGE('',*,*,#1919,.F.);
#3615 = ORIENTED_EDGE('',*,*,#2133,.F.);
#3616 = ORIENTED_EDGE('',*,*,#2307,.T.);
#3617 = ORIENTED_EDGE('',*,*,#3618,.F.);
#3618 = EDGE_CURVE('',#2357,#2254,#3619,.T.);
#3619 = B_SPLINE_CURVE_WITH_KNOTS('',12,(#3620,#3621,#3622,#3623,#3624,
    #3625,#3626,#3627,#3628,#3629,#3630,#3631,#3632,#3633,#3634,#3635,
    #3636,#3637,#3638,#3639,#3640,#3641,#3642,#3643,#3644,#3645,#3646,
    #3647,#3648,#3649,#3650,#3651,#3652,#3653,#3654,#3655,#3656,#3657,
    #3658,#3659,#3660,#3661,#3662,#3663,#3664,#3665,#3666,#3667,#3668,
    #3669,#3670,#3671,#3672,#3673,#3674,#3675,#3676),.UNSPECIFIED.,.F.,
  .F.,(13,11,11,11,11,13),(-0.507679938322,-4.0778E-13,3.141592653589,
    6.283185307179,12.566370614359,13.047227046286),.UNSPECIFIED.);
#3620 = CARTESIAN_POINT('',(-52.92603702072,-84.29597189948,
    -180.6250385688));
#3621 = CARTESIAN_POINT('',(-52.92603702072,-84.29597189948,
    -180.5729520214));
#3622 = CARTESIAN_POINT('',(-52.92603702072,-84.29597189949,
    -180.520865474));
#3623 = CARTESIAN_POINT('',(-52.92603702072,-84.29597189949,
    -180.4687789266));
#3624 = CARTESIAN_POINT('',(-52.92603702072,-84.29597189949,
    -180.4166923792));
#3625 = CARTESIAN_POINT('',(-52.92603702072,-84.29597189949,
    -180.3646058318));
#3626 = CARTESIAN_POINT('',(-52.92603702072,-84.29597189949,
    -180.3125192844));
#3627 = CARTESIAN_POINT('',(-52.92603702072,-84.29597189949,
    -180.260432737));
#3628 = CARTESIAN_POINT('',(-52.92603702072,-84.29597189949,
    -180.2083461896));
#3629 = CARTESIAN_POINT('',(-52.92603702072,-84.29597189949,
    -180.1562596422));
#3630 = CARTESIAN_POINT('',(-52.92603702072,-84.29597189949,
    -180.1041730948));
#3631 = CARTESIAN_POINT('',(-52.92603702072,-84.29597189948,
    -180.0520865474));
#3632 = CARTESIAN_POINT('',(-52.92603702071,-84.29597189947,
    -179.6776813454));
#3633 = CARTESIAN_POINT('',(-52.91117974019,-84.30511458021,
    -179.3553764773));
#3634 = CARTESIAN_POINT('',(-52.88151287632,-84.32343765108,
    -179.0327071265));
#3635 = CARTESIAN_POINT('',(-52.83651493931,-84.35121085737,
    -178.7098464179));
#3636 = CARTESIAN_POINT('',(-52.77530102807,-84.38892643469,
    -178.3869673675));
#3637 = CARTESIAN_POINT('',(-52.69659101585,-84.43735623696,
    -178.064312771));
#3638 = CARTESIAN_POINT('',(-52.59858931667,-84.49758056189,
    -177.7426387135));
#3639 = CARTESIAN_POINT('',(-52.47892544024,-84.57089374815,
    -177.4237839245));
#3640 = CARTESIAN_POINT('',(-52.33480449584,-84.65849155476,
    -177.1111172089));
#3641 = CARTESIAN_POINT('',(-52.16351685639,-84.76084540142,
    -176.8096151798));
#3642 = CARTESIAN_POINT('',(-51.96345614799,-84.87666848674,
    -176.5253225212));
#3643 = CARTESIAN_POINT('',(-51.50813338243,-85.12608921023,
    -176.002571495));
#3644 = CARTESIAN_POINT('',(-51.25279317223,-85.2597634553,
    -175.764150736));
#3645 = CARTESIAN_POINT('',(-50.97117458142,-85.39806791841,
    -175.5532537809));
#3646 = CARTESIAN_POINT('',(-50.66549847039,-85.5350485364,
    -175.3762352587));
#3647 = CARTESIAN_POINT('',(-50.34381320182,-85.66014360082,
    -175.2328158515));
#3648 = CARTESIAN_POINT('',(-50.01419621729,-85.76633846209,
    -175.1183206564));
#3649 = CARTESIAN_POINT('',(-49.68088202143,-85.85348620682,
    -175.0279476503));
#3650 = CARTESIAN_POINT('',(-49.34511212464,-85.92486817506,
    -174.9590748422));
#3651 = CARTESIAN_POINT('',(-49.00793993683,-85.98237741327,
    -174.9109452034));
#3652 = CARTESIAN_POINT('',(-48.67103495025,-86.02627690269,
    -174.8830930946));
#3653 = CARTESIAN_POINT('',(-48.33471569575,-86.05931251662,
    -174.8745946719));
#3654 = CARTESIAN_POINT('',(-47.33056860849,-86.12751980641,
    -174.907723581));
#3655 = CARTESIAN_POINT('',(-46.66726013603,-86.13204179184,
    -175.0075948554));
#3656 = CARTESIAN_POINT('',(-46.01853986772,-86.10547757939,
    -175.1857933539));
#3657 = CARTESIAN_POINT('',(-45.38295439191,-86.04751953516,
    -175.4371403842));
#3658 = CARTESIAN_POINT('',(-44.79424421068,-85.96760294649,
    -175.7905128403));
#3659 = CARTESIAN_POINT('',(-44.22172704605,-85.85541605054,
    -176.184869641));
#3660 = CARTESIAN_POINT('',(-43.73152873009,-85.70954425552,
    -176.7386891011));
#3661 = CARTESIAN_POINT('',(-43.36201124313,-85.61208092402,
    -177.3275022185));
#3662 = CARTESIAN_POINT('',(-43.07669231636,-85.52096648092,
    -177.9712150094));
#3663 = CARTESIAN_POINT('',(-42.89218716843,-85.46397014698,
    -178.6384904598));
#3664 = CARTESIAN_POINT('',(-42.799174962,-85.43463878975,
    -179.3194030325));
#3665 = CARTESIAN_POINT('',(-42.79917496201,-85.43463878976,
    -180.0520865474));
#3666 = CARTESIAN_POINT('',(-42.79917496201,-85.43463878976,
    -180.1041730948));
#3667 = CARTESIAN_POINT('',(-42.79917496201,-85.43463878976,
    -180.1562596422));
#3668 = CARTESIAN_POINT('',(-42.79917496201,-85.43463878976,
    -180.2083461896));
#3669 = CARTESIAN_POINT('',(-42.79917496201,-85.43463878976,
    -180.260432737));
#3670 = CARTESIAN_POINT('',(-42.79917496201,-85.43463878976,
    -180.3125192844));
#3671 = CARTESIAN_POINT('',(-42.79917496201,-85.43463878976,
    -180.3646058318));
#3672 = CARTESIAN_POINT('',(-42.79917496201,-85.43463878976,
    -180.4166923792));
#3673 = CARTESIAN_POINT('',(-42.79917496201,-85.43463878976,
    -180.4687789266));
#3674 = CARTESIAN_POINT('',(-42.79917496201,-85.43463878976,
    -180.520865474));
#3675 = CARTESIAN_POINT('',(-42.79917496201,-85.43463878976,
    -180.5729520214));
#3676 = CARTESIAN_POINT('',(-42.79917496201,-85.43463878976,
    -180.6250385688));
#3677 = B_SPLINE_SURFACE_WITH_KNOTS('',11,1,(
    (#3678,#3679)
    ,(#3680,#3681)
    ,(#3682,#3683)
    ,(#3684,#3685)
    ,(#3686,#3687)
    ,(#3688,#3689)
    ,(#3690,#3691)
    ,(#3692,#3693)
    ,(#3694,#3695)
    ,(#3696,#3697)
    ,(#3698,#3699)
    ,(#3700,#3701
    )),.UNSPECIFIED.,.F.,.F.,.F.,(12,12),(2,2),(1.570796326794,
    4.712388980385),(0.,1.),.PIECEWISE_BEZIER_KNOTS.);
#3678 = CARTESIAN_POINT('',(-64.5,-50.5,-180.));
#3679 = CARTESIAN_POINT('',(-52.,-87.,-180.));
#3680 = CARTESIAN_POINT('',(-64.5,-50.49999999999,-166.148432391));
#3681 = CARTESIAN_POINT('',(-52.,-87.,-178.8576026714));
#3682 = CARTESIAN_POINT('',(-62.32420080325,-50.5,-152.2968658648));
#3683 = CARTESIAN_POINT('',(-51.64110626929,-86.99999999999,
    -177.7152054321));
#3684 = CARTESIAN_POINT('',(-57.97260292144,-50.49999999999,
    -139.9642842684));
#3685 = CARTESIAN_POINT('',(-50.92331090399,-87.,-176.6980853004));
#3686 = CARTESIAN_POINT('',(-51.7434571785,-50.5,-130.6697326505));
#3687 = CARTESIAN_POINT('',(-49.89584059273,-86.99999999999,
    -175.9315243423));
#3688 = CARTESIAN_POINT('',(-44.23328366937,-50.49999999999,
    -125.6643310761));
#3689 = CARTESIAN_POINT('',(-48.65701718887,-87.,-175.5187077176));
#3690 = CARTESIAN_POINT('',(-36.26671633063,-50.5,-125.6643310761));
#3691 = CARTESIAN_POINT('',(-47.34298281112,-87.,-175.5187077176));
#3692 = CARTESIAN_POINT('',(-28.75654282151,-50.5,-130.6697326505));
#3693 = CARTESIAN_POINT('',(-46.10415940724,-86.99999999999,
    -175.9315243423));
#3694 = CARTESIAN_POINT('',(-22.52739707856,-50.49999999999,
    -139.9642842684));
#3695 = CARTESIAN_POINT('',(-45.07668909601,-87.,-176.6980853004));
#3696 = CARTESIAN_POINT('',(-18.17579919676,-50.5,-152.2968658648));
#3697 = CARTESIAN_POINT('',(-44.35889373069,-86.99999999999,
    -177.7152054321));
#3698 = CARTESIAN_POINT('',(-16.00000000001,-50.5,-166.148432391));
#3699 = CARTESIAN_POINT('',(-44.,-87.,-178.8576026714));
#3700 = CARTESIAN_POINT('',(-16.00000000001,-50.5,-180.));
#3701 = CARTESIAN_POINT('',(-44.,-87.,-180.));
#3702 = ADVANCED_FACE('',(#3703),#3734,.F.);
#3703 = FACE_BOUND('',#3704,.T.);
#3704 = EDGE_LOOP('',(#3705,#3713,#3719,#3720,#3728));
#3705 = ORIENTED_EDGE('',*,*,#3706,.F.);
#3706 = EDGE_CURVE('',#3339,#3707,#3709,.T.);
#3707 = VERTEX_POINT('',#3708);
#3708 = CARTESIAN_POINT('',(-4.5,-45.99999999998,-176.3));
#3709 = LINE('',#3710,#3711);
#3710 = CARTESIAN_POINT('',(-0.575714714375,-45.99999999998,-176.3));
#3711 = VECTOR('',#3712,1.);
#3712 = DIRECTION('',(-1.,0.,0.));
#3713 = ORIENTED_EDGE('',*,*,#3714,.F.);
#3714 = EDGE_CURVE('',#1961,#3339,#3715,.T.);
#3715 = LINE('',#3716,#3717);
#3716 = CARTESIAN_POINT('',(-0.575714714375,-45.99999999998,-176.3));
#3717 = VECTOR('',#3718,1.);
#3718 = DIRECTION('',(-1.,0.,0.));
#3719 = ORIENTED_EDGE('',*,*,#1960,.T.);
#3720 = ORIENTED_EDGE('',*,*,#3721,.T.);
#3721 = EDGE_CURVE('',#1963,#3722,#3724,.T.);
#3722 = VERTEX_POINT('',#3723);
#3723 = CARTESIAN_POINT('',(-4.5,-45.99999999998,-175.05));
#3724 = LINE('',#3725,#3726);
#3725 = CARTESIAN_POINT('',(-0.575714714375,-45.99999999998,-175.05));
#3726 = VECTOR('',#3727,1.);
#3727 = DIRECTION('',(-1.,0.,0.));
#3728 = ORIENTED_EDGE('',*,*,#3729,.F.);
#3729 = EDGE_CURVE('',#3707,#3722,#3730,.T.);
#3730 = LINE('',#3731,#3732);
#3731 = CARTESIAN_POINT('',(-4.5,-45.99999999998,-176.3));
#3732 = VECTOR('',#3733,1.);
#3733 = DIRECTION('',(0.,-7.787897769754E-14,1.));
#3734 = PLANE('',#3735);
#3735 = AXIS2_PLACEMENT_3D('',#3736,#3737,#3738);
#3736 = CARTESIAN_POINT('',(-0.575714714375,-45.99999999998,-176.3));
#3737 = DIRECTION('',(0.,1.,7.787897769754E-14));
#3738 = DIRECTION('',(1.,0.,0.));
#3739 = ADVANCED_FACE('',(#3740),#3746,.T.);
#3740 = FACE_BOUND('',#3741,.F.);
#3741 = EDGE_LOOP('',(#3742,#3743,#3744,#3745));
#3742 = ORIENTED_EDGE('',*,*,#3714,.F.);
#3743 = ORIENTED_EDGE('',*,*,#1970,.T.);
#3744 = ORIENTED_EDGE('',*,*,#3299,.T.);
#3745 = ORIENTED_EDGE('',*,*,#3346,.F.);
#3746 = PLANE('',#3747);
#3747 = AXIS2_PLACEMENT_3D('',#3748,#3749,#3750);
#3748 = CARTESIAN_POINT('',(-2.939783855618,-43.62748086821,-176.3));
#3749 = DIRECTION('',(4.4E-16,-7.774897769754E-14,1.));
#3750 = DIRECTION('',(0.,1.,7.774897769754E-14));
#3751 = ADVANCED_FACE('',(#3752),#3763,.T.);
#3752 = FACE_BOUND('',#3753,.F.);
#3753 = EDGE_LOOP('',(#3754,#3755,#3756,#3762));
#3754 = ORIENTED_EDGE('',*,*,#3363,.F.);
#3755 = ORIENTED_EDGE('',*,*,#2003,.T.);
#3756 = ORIENTED_EDGE('',*,*,#3757,.F.);
#3757 = EDGE_CURVE('',#3331,#2004,#3758,.T.);
#3758 = LINE('',#3759,#3760);
#3759 = CARTESIAN_POINT('',(-4.9,-41.99999999998,-176.3));
#3760 = VECTOR('',#3761,1.);
#3761 = DIRECTION('',(1.,0.,0.));
#3762 = ORIENTED_EDGE('',*,*,#3330,.F.);
#3763 = PLANE('',#3764);
#3764 = AXIS2_PLACEMENT_3D('',#3765,#3766,#3767);
#3765 = CARTESIAN_POINT('',(-2.939783855618,-43.62748086821,-176.3));
#3766 = DIRECTION('',(4.4E-16,-7.774897769754E-14,1.));
#3767 = DIRECTION('',(0.,1.,7.774897769754E-14));
#3768 = ADVANCED_FACE('',(#3769),#3795,.F.);
#3769 = FACE_BOUND('',#3770,.T.);
#3770 = EDGE_LOOP('',(#3771,#3779,#3787,#3793,#3794));
#3771 = ORIENTED_EDGE('',*,*,#3772,.F.);
#3772 = EDGE_CURVE('',#3773,#3331,#3775,.T.);
#3773 = VERTEX_POINT('',#3774);
#3774 = CARTESIAN_POINT('',(-4.5,-41.99999999998,-176.3));
#3775 = LINE('',#3776,#3777);
#3776 = CARTESIAN_POINT('',(-4.9,-41.99999999998,-176.3));
#3777 = VECTOR('',#3778,1.);
#3778 = DIRECTION('',(1.,0.,0.));
#3779 = ORIENTED_EDGE('',*,*,#3780,.T.);
#3780 = EDGE_CURVE('',#3773,#3781,#3783,.T.);
#3781 = VERTEX_POINT('',#3782);
#3782 = CARTESIAN_POINT('',(-4.5,-41.99999999998,-175.05));
#3783 = LINE('',#3784,#3785);
#3784 = CARTESIAN_POINT('',(-4.5,-41.99999999998,-176.3));
#3785 = VECTOR('',#3786,1.);
#3786 = DIRECTION('',(0.,-7.787897769754E-14,1.));
#3787 = ORIENTED_EDGE('',*,*,#3788,.T.);
#3788 = EDGE_CURVE('',#3781,#2013,#3789,.T.);
#3789 = LINE('',#3790,#3791);
#3790 = CARTESIAN_POINT('',(-4.9,-41.99999999998,-175.05));
#3791 = VECTOR('',#3792,1.);
#3792 = DIRECTION('',(1.,0.,0.));
#3793 = ORIENTED_EDGE('',*,*,#2012,.F.);
#3794 = ORIENTED_EDGE('',*,*,#3757,.F.);
#3795 = PLANE('',#3796);
#3796 = AXIS2_PLACEMENT_3D('',#3797,#3798,#3799);
#3797 = CARTESIAN_POINT('',(-4.9,-41.99999999998,-176.3));
#3798 = DIRECTION('',(0.,-1.,-7.787897769754E-14));
#3799 = DIRECTION('',(-1.,0.,-0.));
#3800 = ADVANCED_FACE('',(#3801),#3828,.T.);
#3801 = FACE_BOUND('',#3802,.F.);
#3802 = EDGE_LOOP('',(#3803,#3813,#3819,#3820,#3821,#3822));
#3803 = ORIENTED_EDGE('',*,*,#3804,.T.);
#3804 = EDGE_CURVE('',#3805,#3807,#3809,.T.);
#3805 = VERTEX_POINT('',#3806);
#3806 = CARTESIAN_POINT('',(-4.9,-45.59999999998,-175.05));
#3807 = VERTEX_POINT('',#3808);
#3808 = CARTESIAN_POINT('',(-4.9,-42.39999999998,-175.05));
#3809 = LINE('',#3810,#3811);
#3810 = CARTESIAN_POINT('',(-4.9,-45.99999999998,-175.05));
#3811 = VECTOR('',#3812,1.);
#3812 = DIRECTION('',(0.,1.,7.788897769754E-14));
#3813 = ORIENTED_EDGE('',*,*,#3814,.F.);
#3814 = EDGE_CURVE('',#3781,#3807,#3815,.T.);
#3815 = LINE('',#3816,#3817);
#3816 = CARTESIAN_POINT('',(-4.768064695819,-42.2680646958,-175.05));
#3817 = VECTOR('',#3818,1.);
#3818 = DIRECTION('',(-0.707106781187,-0.707106781187,
    -5.491149537707E-14));
#3819 = ORIENTED_EDGE('',*,*,#3788,.T.);
#3820 = ORIENTED_EDGE('',*,*,#2020,.T.);
#3821 = ORIENTED_EDGE('',*,*,#3721,.T.);
#3822 = ORIENTED_EDGE('',*,*,#3823,.T.);
#3823 = EDGE_CURVE('',#3722,#3805,#3824,.T.);
#3824 = LINE('',#3825,#3826);
#3825 = CARTESIAN_POINT('',(-4.683769962766,-45.81623003722,-175.05));
#3826 = VECTOR('',#3827,1.);
#3827 = DIRECTION('',(-0.707106781187,0.707106781187,5.491149537707E-14)
  );
#3828 = PLANE('',#3829);
#3829 = AXIS2_PLACEMENT_3D('',#3830,#3831,#3832);
#3830 = CARTESIAN_POINT('',(-3.003669317169,-44.16858946609,-175.05));
#3831 = DIRECTION('',(0.,-7.765897769754E-14,1.));
#3832 = DIRECTION('',(0.,1.,7.765897769754E-14));
#3833 = ADVANCED_FACE('',(#3834),#3859,.F.);
#3834 = FACE_BOUND('',#3835,.T.);
#3835 = EDGE_LOOP('',(#3836,#3837,#3845,#3853));
#3836 = ORIENTED_EDGE('',*,*,#2035,.F.);
#3837 = ORIENTED_EDGE('',*,*,#3838,.F.);
#3838 = EDGE_CURVE('',#3839,#2036,#3841,.T.);
#3839 = VERTEX_POINT('',#3840);
#3840 = CARTESIAN_POINT('',(-4.4,-54.8,-101.3));
#3841 = LINE('',#3842,#3843);
#3842 = CARTESIAN_POINT('',(-4.4,-54.8,-101.3));
#3843 = VECTOR('',#3844,1.);
#3844 = DIRECTION('',(1.,0.,0.));
#3845 = ORIENTED_EDGE('',*,*,#3846,.F.);
#3846 = EDGE_CURVE('',#3847,#3839,#3849,.T.);
#3847 = VERTEX_POINT('',#3848);
#3848 = CARTESIAN_POINT('',(-4.4,-54.8,-99.45));
#3849 = LINE('',#3850,#3851);
#3850 = CARTESIAN_POINT('',(-4.4,-54.8,-93.6));
#3851 = VECTOR('',#3852,1.);
#3852 = DIRECTION('',(0.,-1.110223024625E-16,-1.));
#3853 = ORIENTED_EDGE('',*,*,#3854,.T.);
#3854 = EDGE_CURVE('',#3847,#2038,#3855,.T.);
#3855 = LINE('',#3856,#3857);
#3856 = CARTESIAN_POINT('',(-4.9,-54.8,-99.45));
#3857 = VECTOR('',#3858,1.);
#3858 = DIRECTION('',(1.,0.,0.));
#3859 = PLANE('',#3860);
#3860 = AXIS2_PLACEMENT_3D('',#3861,#3862,#3863);
#3861 = CARTESIAN_POINT('',(-2.2,-54.8,-98.2));
#3862 = DIRECTION('',(0.,-1.,1.110223024625E-16));
#3863 = DIRECTION('',(1.,0.,0.));
#3864 = ADVANCED_FACE('',(#3865),#3883,.T.);
#3865 = FACE_BOUND('',#3866,.F.);
#3866 = EDGE_LOOP('',(#3867,#3875,#3881,#3882));
#3867 = ORIENTED_EDGE('',*,*,#3868,.F.);
#3868 = EDGE_CURVE('',#3869,#3839,#3871,.T.);
#3869 = VERTEX_POINT('',#3870);
#3870 = CARTESIAN_POINT('',(-4.4,-57.05,-102.8));
#3871 = LINE('',#3872,#3873);
#3872 = CARTESIAN_POINT('',(-4.4,-54.45096153846,-101.0673076923));
#3873 = VECTOR('',#3874,1.);
#3874 = DIRECTION('',(0.,0.832050294338,0.554700196225));
#3875 = ORIENTED_EDGE('',*,*,#3876,.T.);
#3876 = EDGE_CURVE('',#3869,#2046,#3877,.T.);
#3877 = LINE('',#3878,#3879);
#3878 = CARTESIAN_POINT('',(-4.4,-57.05,-102.8));
#3879 = VECTOR('',#3880,1.);
#3880 = DIRECTION('',(1.,0.,0.));
#3881 = ORIENTED_EDGE('',*,*,#2045,.T.);
#3882 = ORIENTED_EDGE('',*,*,#3838,.F.);
#3883 = PLANE('',#3884);
#3884 = AXIS2_PLACEMENT_3D('',#3885,#3886,#3887);
#3885 = CARTESIAN_POINT('',(-4.4,-55.925,-102.05));
#3886 = DIRECTION('',(-0.,0.554700196225,-0.832050294338));
#3887 = DIRECTION('',(-1.,0.,0.));
#3888 = ADVANCED_FACE('',(#3889),#3900,.F.);
#3889 = FACE_BOUND('',#3890,.T.);
#3890 = EDGE_LOOP('',(#3891,#3897,#3898,#3899));
#3891 = ORIENTED_EDGE('',*,*,#3892,.T.);
#3892 = EDGE_CURVE('',#3277,#3869,#3893,.T.);
#3893 = LINE('',#3894,#3895);
#3894 = CARTESIAN_POINT('',(-4.4,-57.3,-102.8));
#3895 = VECTOR('',#3896,1.);
#3896 = DIRECTION('',(-0.,1.,-1.110223024625E-16));
#3897 = ORIENTED_EDGE('',*,*,#3876,.T.);
#3898 = ORIENTED_EDGE('',*,*,#2053,.F.);
#3899 = ORIENTED_EDGE('',*,*,#3284,.F.);
#3900 = PLANE('',#3901);
#3901 = AXIS2_PLACEMENT_3D('',#3902,#3903,#3904);
#3902 = CARTESIAN_POINT('',(-4.4,-57.3,-102.8));
#3903 = DIRECTION('',(0.,1.110223024625E-16,1.));
#3904 = DIRECTION('',(-1.,0.,-0.));
#3905 = ADVANCED_FACE('',(#3906),#3924,.F.);
#3906 = FACE_BOUND('',#3907,.T.);
#3907 = EDGE_LOOP('',(#3908,#3909,#3917,#3923));
#3908 = ORIENTED_EDGE('',*,*,#2085,.T.);
#3909 = ORIENTED_EDGE('',*,*,#3910,.T.);
#3910 = EDGE_CURVE('',#2086,#3911,#3913,.T.);
#3911 = VERTEX_POINT('',#3912);
#3912 = CARTESIAN_POINT('',(-4.4,-54.8,-93.6));
#3913 = LINE('',#3914,#3915);
#3914 = CARTESIAN_POINT('',(0.,-54.8,-93.6));
#3915 = VECTOR('',#3916,1.);
#3916 = DIRECTION('',(-1.,0.,0.));
#3917 = ORIENTED_EDGE('',*,*,#3918,.F.);
#3918 = EDGE_CURVE('',#3269,#3911,#3919,.T.);
#3919 = LINE('',#3920,#3921);
#3920 = CARTESIAN_POINT('',(-4.4,-57.3,-93.6));
#3921 = VECTOR('',#3922,1.);
#3922 = DIRECTION('',(-0.,1.,-1.110223024625E-16));
#3923 = ORIENTED_EDGE('',*,*,#3268,.F.);
#3924 = PLANE('',#3925);
#3925 = AXIS2_PLACEMENT_3D('',#3926,#3927,#3928);
#3926 = CARTESIAN_POINT('',(0.,-57.3,-93.6));
#3927 = DIRECTION('',(-0.,-1.110223024625E-16,-1.));
#3928 = DIRECTION('',(1.,0.,0.));
#3929 = ADVANCED_FACE('',(#3930),#3948,.F.);
#3930 = FACE_BOUND('',#3931,.T.);
#3931 = EDGE_LOOP('',(#3932,#3933,#3941,#3947));
#3932 = ORIENTED_EDGE('',*,*,#2093,.F.);
#3933 = ORIENTED_EDGE('',*,*,#3934,.T.);
#3934 = EDGE_CURVE('',#2094,#3935,#3937,.T.);
#3935 = VERTEX_POINT('',#3936);
#3936 = CARTESIAN_POINT('',(-4.4,-54.8,-95.45));
#3937 = LINE('',#3938,#3939);
#3938 = CARTESIAN_POINT('',(0.,-54.8,-95.45));
#3939 = VECTOR('',#3940,1.);
#3940 = DIRECTION('',(-1.,0.,0.));
#3941 = ORIENTED_EDGE('',*,*,#3942,.F.);
#3942 = EDGE_CURVE('',#3911,#3935,#3943,.T.);
#3943 = LINE('',#3944,#3945);
#3944 = CARTESIAN_POINT('',(-4.4,-54.8,-93.6));
#3945 = VECTOR('',#3946,1.);
#3946 = DIRECTION('',(0.,-1.110223024625E-16,-1.));
#3947 = ORIENTED_EDGE('',*,*,#3910,.F.);
#3948 = PLANE('',#3949);
#3949 = AXIS2_PLACEMENT_3D('',#3950,#3951,#3952);
#3950 = CARTESIAN_POINT('',(-2.2,-54.8,-98.2));
#3951 = DIRECTION('',(0.,-1.,1.110223024625E-16));
#3952 = DIRECTION('',(1.,0.,0.));
#3953 = ADVANCED_FACE('',(#3954),#3972,.F.);
#3954 = FACE_BOUND('',#3955,.T.);
#3955 = EDGE_LOOP('',(#3956,#3964,#3970,#3971));
#3956 = ORIENTED_EDGE('',*,*,#3957,.T.);
#3957 = EDGE_CURVE('',#2102,#3958,#3960,.T.);
#3958 = VERTEX_POINT('',#3959);
#3959 = CARTESIAN_POINT('',(-4.4,-53.6,-95.45));
#3960 = LINE('',#3961,#3962);
#3961 = CARTESIAN_POINT('',(0.,-53.6,-95.45));
#3962 = VECTOR('',#3963,1.);
#3963 = DIRECTION('',(-1.,0.,0.));
#3964 = ORIENTED_EDGE('',*,*,#3965,.F.);
#3965 = EDGE_CURVE('',#3935,#3958,#3966,.T.);
#3966 = LINE('',#3967,#3968);
#3967 = CARTESIAN_POINT('',(-4.4,-54.8,-95.45));
#3968 = VECTOR('',#3969,1.);
#3969 = DIRECTION('',(-0.,1.,-1.110223024625E-16));
#3970 = ORIENTED_EDGE('',*,*,#3934,.F.);
#3971 = ORIENTED_EDGE('',*,*,#2101,.T.);
#3972 = PLANE('',#3973);
#3973 = AXIS2_PLACEMENT_3D('',#3974,#3975,#3976);
#3974 = CARTESIAN_POINT('',(0.,-54.8,-95.45));
#3975 = DIRECTION('',(-0.,-1.110223024625E-16,-1.));
#3976 = DIRECTION('',(1.,0.,0.));
#3977 = ADVANCED_FACE('',(#3978),#4012,.F.);
#3978 = FACE_BOUND('',#3979,.T.);
#3979 = EDGE_LOOP('',(#3980,#3981,#3982,#3990,#3998,#4006));
#3980 = ORIENTED_EDGE('',*,*,#3957,.F.);
#3981 = ORIENTED_EDGE('',*,*,#2109,.F.);
#3982 = ORIENTED_EDGE('',*,*,#3983,.F.);
#3983 = EDGE_CURVE('',#3984,#2110,#3986,.T.);
#3984 = VERTEX_POINT('',#3985);
#3985 = CARTESIAN_POINT('',(-4.4,-53.6,-99.45));
#3986 = LINE('',#3987,#3988);
#3987 = CARTESIAN_POINT('',(-4.9,-53.6,-99.45));
#3988 = VECTOR('',#3989,1.);
#3989 = DIRECTION('',(1.,0.,0.));
#3990 = ORIENTED_EDGE('',*,*,#3991,.T.);
#3991 = EDGE_CURVE('',#3984,#3992,#3994,.T.);
#3992 = VERTEX_POINT('',#3993);
#3993 = CARTESIAN_POINT('',(-4.9,-53.6,-98.95));
#3994 = LINE('',#3995,#3996);
#3995 = CARTESIAN_POINT('',(-4.5375,-53.6,-99.3125));
#3996 = VECTOR('',#3997,1.);
#3997 = DIRECTION('',(-0.707106781187,7.850462293419E-17,0.707106781187)
  );
#3998 = ORIENTED_EDGE('',*,*,#3999,.F.);
#3999 = EDGE_CURVE('',#4000,#3992,#4002,.T.);
#4000 = VERTEX_POINT('',#4001);
#4001 = CARTESIAN_POINT('',(-4.9,-53.6,-95.95));
#4002 = LINE('',#4003,#4004);
#4003 = CARTESIAN_POINT('',(-4.9,-53.6,-95.45));
#4004 = VECTOR('',#4005,1.);
#4005 = DIRECTION('',(0.,-1.110223024625E-16,-1.));
#4006 = ORIENTED_EDGE('',*,*,#4007,.F.);
#4007 = EDGE_CURVE('',#3958,#4000,#4008,.T.);
#4008 = LINE('',#4009,#4010);
#4009 = CARTESIAN_POINT('',(-4.5375,-53.6,-95.5875));
#4010 = VECTOR('',#4011,1.);
#4011 = DIRECTION('',(-0.707106781187,-7.850462293419E-17,
    -0.707106781187));
#4012 = PLANE('',#4013);
#4013 = AXIS2_PLACEMENT_3D('',#4014,#4015,#4016);
#4014 = CARTESIAN_POINT('',(-2.45,-53.6,-97.45));
#4015 = DIRECTION('',(0.,-1.,1.110223024625E-16));
#4016 = DIRECTION('',(1.,0.,0.));
#4017 = ADVANCED_FACE('',(#4018),#4029,.F.);
#4018 = FACE_BOUND('',#4019,.T.);
#4019 = EDGE_LOOP('',(#4020,#4021,#4022,#4023));
#4020 = ORIENTED_EDGE('',*,*,#3983,.T.);
#4021 = ORIENTED_EDGE('',*,*,#2117,.F.);
#4022 = ORIENTED_EDGE('',*,*,#3854,.F.);
#4023 = ORIENTED_EDGE('',*,*,#4024,.T.);
#4024 = EDGE_CURVE('',#3847,#3984,#4025,.T.);
#4025 = LINE('',#4026,#4027);
#4026 = CARTESIAN_POINT('',(-4.4,-54.8,-99.45));
#4027 = VECTOR('',#4028,1.);
#4028 = DIRECTION('',(-0.,1.,-1.110223024625E-16));
#4029 = PLANE('',#4030);
#4030 = AXIS2_PLACEMENT_3D('',#4031,#4032,#4033);
#4031 = CARTESIAN_POINT('',(-4.9,-54.8,-99.45));
#4032 = DIRECTION('',(0.,1.110223024625E-16,1.));
#4033 = DIRECTION('',(-1.,0.,-0.));
#4034 = ADVANCED_FACE('',(#4035),#4100,.T.);
#4035 = FACE_BOUND('',#4036,.T.);
#4036 = EDGE_LOOP('',(#4037,#4038,#4098,#4099));
#4037 = ORIENTED_EDGE('',*,*,#2363,.T.);
#4038 = ORIENTED_EDGE('',*,*,#4039,.T.);
#4039 = EDGE_CURVE('',#2364,#2256,#4040,.T.);
#4040 = B_SPLINE_CURVE_WITH_KNOTS('',12,(#4041,#4042,#4043,#4044,#4045,
    #4046,#4047,#4048,#4049,#4050,#4051,#4052,#4053,#4054,#4055,#4056,
    #4057,#4058,#4059,#4060,#4061,#4062,#4063,#4064,#4065,#4066,#4067,
    #4068,#4069,#4070,#4071,#4072,#4073,#4074,#4075,#4076,#4077,#4078,
    #4079,#4080,#4081,#4082,#4083,#4084,#4085,#4086,#4087,#4088,#4089,
    #4090,#4091,#4092,#4093,#4094,#4095,#4096,#4097),.UNSPECIFIED.,.F.,
  .F.,(13,11,11,11,11,13),(-0.507679938322,-4.0778E-13,3.141592653589,
    6.283185307179,12.566370614359,13.047227046286),.UNSPECIFIED.);
#4041 = CARTESIAN_POINT('',(-49.14179907422,-87.,-180.6250385688));
#4042 = CARTESIAN_POINT('',(-49.14179907422,-87.,-180.5329385403));
#4043 = CARTESIAN_POINT('',(-49.14179907422,-87.,-180.4481136902));
#4044 = CARTESIAN_POINT('',(-49.14179907422,-87.,-180.3705640185));
#4045 = CARTESIAN_POINT('',(-49.14179907422,-87.,-180.3002895251));
#4046 = CARTESIAN_POINT('',(-49.14179907422,-87.,-180.2372902101));
#4047 = CARTESIAN_POINT('',(-49.14179907422,-87.,-180.1815660735));
#4048 = CARTESIAN_POINT('',(-49.14179907422,-87.,-180.1331171153));
#4049 = CARTESIAN_POINT('',(-49.14179907422,-87.,-180.0919433355));
#4050 = CARTESIAN_POINT('',(-49.14179907422,-87.,-180.058044734));
#4051 = CARTESIAN_POINT('',(-49.14179907422,-87.,-180.031421311));
#4052 = CARTESIAN_POINT('',(-49.14179907422,-87.,-180.0120730663));
#4053 = CARTESIAN_POINT('',(-49.14179907421,-86.99999999999,
    -179.9252902201));
#4054 = CARTESIAN_POINT('',(-49.14775125999,-87.00000000004,
    -179.850560841));
#4055 = CARTESIAN_POINT('',(-49.15970415225,-86.99999999988,
    -179.7735031736));
#4056 = CARTESIAN_POINT('',(-49.17711540488,-87.00000000021,
    -179.6919782437));
#4057 = CARTESIAN_POINT('',(-49.19899256066,-86.99999999969,
    -179.6038925009));
#4058 = CARTESIAN_POINT('',(-49.22388271876,-87.00000000034,
    -179.5072653546));
#4059 = CARTESIAN_POINT('',(-49.24978967838,-86.9999999997,
    -179.4004327937));
#4060 = CARTESIAN_POINT('',(-49.27409715886,-87.00000000019,
    -179.2823313499));
#4061 = CARTESIAN_POINT('',(-49.29357665068,-86.9999999999,
    -179.1528066604));
#4062 = CARTESIAN_POINT('',(-49.30455850094,-87.00000000003,
    -179.0128908895));
#4063 = CARTESIAN_POINT('',(-49.30334479255,-86.99999999999,
    -178.8649932658));
#4064 = CARTESIAN_POINT('',(-49.27054042748,-87.,-178.5609027214));
#4065 = CARTESIAN_POINT('',(-49.23893773009,-87.00000000001,
    -178.4046699443));
#4066 = CARTESIAN_POINT('',(-49.18928678374,-86.99999999995,
    -178.2479097125));
#4067 = CARTESIAN_POINT('',(-49.11907726905,-87.0000000001,-178.09530101
    ));
#4068 = CARTESIAN_POINT('',(-49.02763683403,-86.99999999983,
    -177.9523972069));
#4069 = CARTESIAN_POINT('',(-48.91641623403,-87.00000000019,
    -177.8236878323));
#4070 = CARTESIAN_POINT('',(-48.7882775635,-86.99999999983,
    -177.7117602215));
#4071 = CARTESIAN_POINT('',(-48.64645299102,-87.00000000011,
    -177.6178753214));
#4072 = CARTESIAN_POINT('',(-48.49389001543,-86.99999999994,
    -177.5429227251));
#4073 = CARTESIAN_POINT('',(-48.33334765606,-87.00000000001,
    -177.4876008444));
#4074 = CARTESIAN_POINT('',(-48.16785607535,-86.99999999999,
    -177.4517790153));
#4075 = CARTESIAN_POINT('',(-47.66428784929,-86.99999999999,
    -177.4024597832));
#4076 = CARTESIAN_POINT('',(-47.31916418223,-87.00000000002,
    -177.4470900007));
#4077 = CARTESIAN_POINT('',(-46.98633338479,-86.99999999993,
    -177.5671317522));
#4078 = CARTESIAN_POINT('',(-46.6835626755,-87.00000000012,
    -177.7578077976));
#4079 = CARTESIAN_POINT('',(-46.4328535642,-86.99999999983,
    -178.0040161149));
#4080 = CARTESIAN_POINT('',(-46.23258194382,-87.00000000016,
    -178.2984646782));
#4081 = CARTESIAN_POINT('',(-46.12076487482,-86.99999999986,
    -178.6140446617));
#4082 = CARTESIAN_POINT('',(-46.0457451454,-87.00000000008,
    -178.9106112977));
#4083 = CARTESIAN_POINT('',(-46.00673334588,-86.99999999995,
    -179.1975549393));
#4084 = CARTESIAN_POINT('',(-45.98405158013,-87.00000000001,
    -179.4691883308));
#4085 = CARTESIAN_POINT('',(-45.97290052723,-86.99999999999,
    -179.7347271358));
#4086 = CARTESIAN_POINT('',(-45.97290052723,-87.,-180.0203015121));
#4087 = CARTESIAN_POINT('',(-45.97290052723,-87.,-180.0463821216));
#4088 = CARTESIAN_POINT('',(-45.97290052723,-87.,-180.0782418284));
#4089 = CARTESIAN_POINT('',(-45.97290052723,-87.,-180.1158806325));
#4090 = CARTESIAN_POINT('',(-45.97290052724,-87.,-180.1592985339));
#4091 = CARTESIAN_POINT('',(-45.97290052724,-87.,-180.2084955327));
#4092 = CARTESIAN_POINT('',(-45.97290052724,-87.,-180.2634716287));
#4093 = CARTESIAN_POINT('',(-45.97290052724,-87.,-180.3242268221));
#4094 = CARTESIAN_POINT('',(-45.97290052724,-87.,-180.3907611128));
#4095 = CARTESIAN_POINT('',(-45.97290052724,-87.,-180.4630745008));
#4096 = CARTESIAN_POINT('',(-45.97290052724,-87.,-180.5411669862));
#4097 = CARTESIAN_POINT('',(-45.97290052724,-87.,-180.6250385688));
#4098 = ORIENTED_EDGE('',*,*,#2253,.F.);
#4099 = ORIENTED_EDGE('',*,*,#3618,.F.);
#4100 = ( BOUNDED_SURFACE() B_SPLINE_SURFACE(2,12,(
    (#4101,#4102,#4103,#4104,#4105,#4106,#4107,#4108,#4109,#4110,#4111
      ,#4112,#4113,#4114,#4115,#4116,#4117,#4118,#4119,#4120,#4121,#4122
      ,#4123,#4124,#4125,#4126,#4127,#4128,#4129,#4130,#4131,#4132,#4133
      ,#4134,#4135,#4136,#4137,#4138,#4139,#4140,#4141,#4142,#4143,#4144
      ,#4145,#4146,#4147,#4148,#4149,#4150,#4151,#4152,#4153,#4154,#4155
      ,#4156,#4157)
    ,(#4158,#4159,#4160,#4161,#4162,#4163,#4164,#4165,#4166,#4167,#4168
      ,#4169,#4170,#4171,#4172,#4173,#4174,#4175,#4176,#4177,#4178,#4179
      ,#4180,#4181,#4182,#4183,#4184,#4185,#4186,#4187,#4188,#4189,#4190
      ,#4191,#4192,#4193,#4194,#4195,#4196,#4197,#4198,#4199,#4200,#4201
      ,#4202,#4203,#4204,#4205,#4206,#4207,#4208,#4209,#4210,#4211,#4212
      ,#4213,#4214)
    ,(#4215,#4216,#4217,#4218,#4219,#4220,#4221,#4222,#4223,#4224,#4225
      ,#4226,#4227,#4228,#4229,#4230,#4231,#4232,#4233,#4234,#4235,#4236
      ,#4237,#4238,#4239,#4240,#4241,#4242,#4243,#4244,#4245,#4246,#4247
      ,#4248,#4249,#4250,#4251,#4252,#4253,#4254,#4255,#4256,#4257,#4258
      ,#4259,#4260,#4261,#4262,#4263,#4264,#4265,#4266,#4267,#4268,#4269
      ,#4270,#4271
)),.UNSPECIFIED.,.F.,.F.,.F.) B_SPLINE_SURFACE_WITH_KNOTS((3,3),(13,11,
    11,11,11,13),(0.,12.56637061436),(-0.507679938322,-4.0778E-13,
    3.141592653589,6.283185307179,12.566370614359,13.047227046286),
.UNSPECIFIED.) GEOMETRIC_REPRESENTATION_ITEM() RATIONAL_B_SPLINE_SURFACE
((
    (1.,1.,1.,1.,1.,1.,1.,1.,1.,1.,1.,1.,1.,1.,1.,1.,1.,1.,1.,1.,1.,1.
      ,1.,1.,1.,1.,1.,1.,1.,1.,1.,1.,1.,1.,1.,1.,1.,1.,1.,1.,1.,1.,1.,1.
      ,1.,1.,1.,1.,1.,1.,1.,1.,1.,1.,1.,1.,1.)
    ,(0.813631665704,0.813631665704,0.813631665704,0.813631665704
      ,0.813631665704,0.813631665704,0.813631665704,0.813631665704
      ,0.813631665704,0.813631665704,0.813631665704,0.813631665704
      ,0.813631665704,0.81433332619,0.815741894065,0.817873047383
      ,0.820758519978,0.824450533344,0.829020633222,0.834548528904
      ,0.841096532558,0.848665196639,0.857125746752,0.875124069021
      ,0.884666759636,0.894428102327,0.903953253497,0.912533377615
      ,0.919740540987,0.925614021176,0.930404520019,0.934249499646
      ,0.937172334521,0.93937018555,0.943901000893,0.944191645178
      ,0.942430351609,0.938627236345,0.933246182868,0.925908192983
      ,0.915902643973,0.909182914363,0.902863537232,0.898887897886
      ,0.896844383781,0.896844383781,0.896844383781,0.896844383781
      ,0.896844383781,0.896844383781,0.896844383781,0.896844383781
      ,0.896844383781,0.896844383781,0.896844383781,0.896844383781
      ,0.896844383781)
    ,(1.,1.,1.,1.,1.,1.,1.,1.,1.,1.,1.,1.,1.,1.,1.,1.,1.,1.,1.,1.,1.,1.
      ,1.,1.,1.,1.,1.,1.,1.,1.,1.,1.,1.,1.,1.,1.,1.,1.,1.,1.,1.,1.,1.,1.
,1.,1.,1.,1.,1.,1.,1.,1.,1.,1.,1.,1.,1.
))) REPRESENTATION_ITEM('') SURFACE() );
#4101 = CARTESIAN_POINT('',(-52.92603702072,-84.29597189948,
    -180.6250385688));
#4102 = CARTESIAN_POINT('',(-52.92603702072,-84.29597189948,
    -180.5729520214));
#4103 = CARTESIAN_POINT('',(-52.92603702072,-84.29597189949,
    -180.520865474));
#4104 = CARTESIAN_POINT('',(-52.92603702072,-84.29597189949,
    -180.4687789266));
#4105 = CARTESIAN_POINT('',(-52.92603702072,-84.29597189949,
    -180.4166923792));
#4106 = CARTESIAN_POINT('',(-52.92603702072,-84.29597189949,
    -180.3646058318));
#4107 = CARTESIAN_POINT('',(-52.92603702072,-84.29597189949,
    -180.3125192844));
#4108 = CARTESIAN_POINT('',(-52.92603702072,-84.29597189949,
    -180.260432737));
#4109 = CARTESIAN_POINT('',(-52.92603702072,-84.29597189949,
    -180.2083461896));
#4110 = CARTESIAN_POINT('',(-52.92603702072,-84.29597189949,
    -180.1562596422));
#4111 = CARTESIAN_POINT('',(-52.92603702072,-84.29597189949,
    -180.1041730948));
#4112 = CARTESIAN_POINT('',(-52.92603702072,-84.29597189948,
    -180.0520865474));
#4113 = CARTESIAN_POINT('',(-52.92603702071,-84.29597189947,
    -179.6776813454));
#4114 = CARTESIAN_POINT('',(-52.91117974019,-84.30511458021,
    -179.3553764773));
#4115 = CARTESIAN_POINT('',(-52.88151287632,-84.32343765108,
    -179.0327071265));
#4116 = CARTESIAN_POINT('',(-52.83651493931,-84.35121085737,
    -178.7098464179));
#4117 = CARTESIAN_POINT('',(-52.77530102807,-84.38892643469,
    -178.3869673675));
#4118 = CARTESIAN_POINT('',(-52.69659101585,-84.43735623696,
    -178.064312771));
#4119 = CARTESIAN_POINT('',(-52.59858931667,-84.49758056189,
    -177.7426387135));
#4120 = CARTESIAN_POINT('',(-52.47892544024,-84.57089374815,
    -177.4237839245));
#4121 = CARTESIAN_POINT('',(-52.33480449584,-84.65849155476,
    -177.1111172089));
#4122 = CARTESIAN_POINT('',(-52.16351685639,-84.76084540142,
    -176.8096151798));
#4123 = CARTESIAN_POINT('',(-51.96345614799,-84.87666848674,
    -176.5253225212));
#4124 = CARTESIAN_POINT('',(-51.50813338243,-85.12608921023,
    -176.002571495));
#4125 = CARTESIAN_POINT('',(-51.25279317223,-85.2597634553,
    -175.764150736));
#4126 = CARTESIAN_POINT('',(-50.97117458142,-85.39806791841,
    -175.5532537809));
#4127 = CARTESIAN_POINT('',(-50.66549847039,-85.5350485364,
    -175.3762352587));
#4128 = CARTESIAN_POINT('',(-50.34381320182,-85.66014360082,
    -175.2328158515));
#4129 = CARTESIAN_POINT('',(-50.01419621729,-85.76633846209,
    -175.1183206564));
#4130 = CARTESIAN_POINT('',(-49.68088202143,-85.85348620682,
    -175.0279476503));
#4131 = CARTESIAN_POINT('',(-49.34511212464,-85.92486817506,
    -174.9590748422));
#4132 = CARTESIAN_POINT('',(-49.00793993683,-85.98237741327,
    -174.9109452034));
#4133 = CARTESIAN_POINT('',(-48.67103495025,-86.02627690269,
    -174.8830930946));
#4134 = CARTESIAN_POINT('',(-48.33471569575,-86.05931251662,
    -174.8745946719));
#4135 = CARTESIAN_POINT('',(-47.33056860849,-86.12751980641,
    -174.907723581));
#4136 = CARTESIAN_POINT('',(-46.66726013603,-86.13204179184,
    -175.0075948554));
#4137 = CARTESIAN_POINT('',(-46.01853986772,-86.10547757939,
    -175.1857933539));
#4138 = CARTESIAN_POINT('',(-45.38295439191,-86.04751953516,
    -175.4371403842));
#4139 = CARTESIAN_POINT('',(-44.79424421068,-85.96760294649,
    -175.7905128403));
#4140 = CARTESIAN_POINT('',(-44.22172704605,-85.85541605054,
    -176.184869641));
#4141 = CARTESIAN_POINT('',(-43.73152873009,-85.70954425552,
    -176.7386891011));
#4142 = CARTESIAN_POINT('',(-43.36201124313,-85.61208092402,
    -177.3275022185));
#4143 = CARTESIAN_POINT('',(-43.07669231636,-85.52096648092,
    -177.9712150094));
#4144 = CARTESIAN_POINT('',(-42.89218716843,-85.46397014698,
    -178.6384904598));
#4145 = CARTESIAN_POINT('',(-42.799174962,-85.43463878975,
    -179.3194030325));
#4146 = CARTESIAN_POINT('',(-42.79917496201,-85.43463878976,
    -180.0520865474));
#4147 = CARTESIAN_POINT('',(-42.79917496201,-85.43463878976,
    -180.1041730948));
#4148 = CARTESIAN_POINT('',(-42.79917496201,-85.43463878976,
    -180.1562596422));
#4149 = CARTESIAN_POINT('',(-42.79917496201,-85.43463878976,
    -180.2083461896));
#4150 = CARTESIAN_POINT('',(-42.79917496201,-85.43463878976,
    -180.260432737));
#4151 = CARTESIAN_POINT('',(-42.79917496201,-85.43463878976,
    -180.3125192844));
#4152 = CARTESIAN_POINT('',(-42.79917496201,-85.43463878976,
    -180.3646058318));
#4153 = CARTESIAN_POINT('',(-42.79917496201,-85.43463878976,
    -180.4166923792));
#4154 = CARTESIAN_POINT('',(-42.79917496201,-85.43463878976,
    -180.4687789266));
#4155 = CARTESIAN_POINT('',(-42.79917496201,-85.43463878976,
    -180.520865474));
#4156 = CARTESIAN_POINT('',(-42.79917496201,-85.43463878976,
    -180.5729520214));
#4157 = CARTESIAN_POINT('',(-42.79917496201,-85.43463878976,
    -180.6250385688));
#4158 = CARTESIAN_POINT('',(-52.,-87.,-180.6250385688));
#4159 = CARTESIAN_POINT('',(-52.,-87.,-180.5631603631));
#4160 = CARTESIAN_POINT('',(-52.,-87.,-180.5030624589));
#4161 = CARTESIAN_POINT('',(-52.,-87.,-180.4447448563));
#4162 = CARTESIAN_POINT('',(-52.,-87.,-180.3882075551));
#4163 = CARTESIAN_POINT('',(-52.,-87.,-180.3334505554));
#4164 = CARTESIAN_POINT('',(-52.,-87.,-180.2804738573));
#4165 = CARTESIAN_POINT('',(-52.,-87.,-180.2292774606));
#4166 = CARTESIAN_POINT('',(-52.,-87.,-180.1798613655));
#4167 = CARTESIAN_POINT('',(-52.,-87.,-180.1322255718));
#4168 = CARTESIAN_POINT('',(-52.,-87.,-180.0863700797));
#4169 = CARTESIAN_POINT('',(-52.,-87.,-180.0422948891));
#4170 = CARTESIAN_POINT('',(-52.,-87.,-179.7382734614));
#4171 = CARTESIAN_POINT('',(-51.98531909082,-87.,-179.476977863));
#4172 = CARTESIAN_POINT('',(-51.95603584528,-86.99999999999,
    -179.2163820186));
#4173 = CARTESIAN_POINT('',(-51.91187129884,-87.,-178.9570509936));
#4174 = CARTESIAN_POINT('',(-51.85229614706,-86.99999999999,
    -178.6995937748));
#4175 = CARTESIAN_POINT('',(-51.77650976215,-87.,-178.4447388211));
#4176 = CARTESIAN_POINT('',(-51.6834000435,-86.99999999999,
    -178.1935970331));
#4177 = CARTESIAN_POINT('',(-51.5715862659,-87.,-177.9479590346));
#4178 = CARTESIAN_POINT('',(-51.43963301138,-87.,-177.7104669332));
#4179 = CARTESIAN_POINT('',(-51.28650081578,-87.,-177.4845033315));
#4180 = CARTESIAN_POINT('',(-51.11226903239,-87.,-177.2736569497));
#4181 = CARTESIAN_POINT('',(-50.72997430889,-87.,-176.8916239948));
#4182 = CARTESIAN_POINT('',(-50.52302316216,-87.,-176.720114218));
#4183 = CARTESIAN_POINT('',(-50.29999546702,-87.,-176.5677719254));
#4184 = CARTESIAN_POINT('',(-50.06309976516,-86.99999999999,
    -176.4363036771));
#4185 = CARTESIAN_POINT('',(-49.81697803254,-87.,-176.3238503647));
#4186 = CARTESIAN_POINT('',(-49.5653381963,-86.99999999999,
    -176.2278810131));
#4187 = CARTESIAN_POINT('',(-49.30970105779,-87.,-176.1475211443));
#4188 = CARTESIAN_POINT('',(-49.05057044023,-87.,-176.083335099));
#4189 = CARTESIAN_POINT('',(-48.78885472369,-87.,-176.0358586048));
#4190 = CARTESIAN_POINT('',(-48.52589296084,-87.,-176.0050907278));
#4191 = CARTESIAN_POINT('',(-48.26252117289,-87.,-175.9915346384));
#4192 = CARTESIAN_POINT('',(-47.47747790782,-87.,-176.002634595));
#4193 = CARTESIAN_POINT('',(-46.9536557531,-87.,-176.0786214105));
#4194 = CARTESIAN_POINT('',(-46.44021951087,-87.,-176.2265702126));
#4195 = CARTESIAN_POINT('',(-45.94455661307,-87.,-176.443270254));
#4196 = CARTESIAN_POINT('',(-45.48886164033,-86.99999999999,
    -176.7355495965));
#4197 = CARTESIAN_POINT('',(-45.0630366374,-87.,-177.0770503601));
#4198 = CARTESIAN_POINT('',(-44.70146359592,-86.99999999999,
    -177.4981001624));
#4199 = CARTESIAN_POINT('',(-44.42421258073,-87.,-177.9549879156));
#4200 = CARTESIAN_POINT('',(-44.21064203629,-86.99999999999,
    -178.4454713288));
#4201 = CARTESIAN_POINT('',(-44.07082823146,-87.,-178.9551905762));
#4202 = CARTESIAN_POINT('',(-44.,-87.,-179.4765469228));
#4203 = CARTESIAN_POINT('',(-44.,-87.,-180.0400602189));
#4204 = CARTESIAN_POINT('',(-44.,-87.,-180.082307043));
#4205 = CARTESIAN_POINT('',(-44.,-87.,-180.1267404723));
#4206 = CARTESIAN_POINT('',(-44.,-87.,-180.1733605067));
#4207 = CARTESIAN_POINT('',(-44.,-87.,-180.2221671464));
#4208 = CARTESIAN_POINT('',(-44.,-87.,-180.2731603912));
#4209 = CARTESIAN_POINT('',(-44.,-87.,-180.3263402412));
#4210 = CARTESIAN_POINT('',(-44.,-87.,-180.3817066963));
#4211 = CARTESIAN_POINT('',(-44.,-87.,-180.4392597567));
#4212 = CARTESIAN_POINT('',(-44.,-87.,-180.4989994222));
#4213 = CARTESIAN_POINT('',(-44.,-87.,-180.5609256929));
#4214 = CARTESIAN_POINT('',(-44.,-87.,-180.6250385688));
#4215 = CARTESIAN_POINT('',(-49.14179907422,-87.,-180.6250385688));
#4216 = CARTESIAN_POINT('',(-49.14179907422,-87.,-180.5329385403));
#4217 = CARTESIAN_POINT('',(-49.14179907422,-87.,-180.4481136902));
#4218 = CARTESIAN_POINT('',(-49.14179907422,-87.,-180.3705640185));
#4219 = CARTESIAN_POINT('',(-49.14179907422,-87.,-180.3002895251));
#4220 = CARTESIAN_POINT('',(-49.14179907422,-87.,-180.2372902101));
#4221 = CARTESIAN_POINT('',(-49.14179907422,-87.,-180.1815660735));
#4222 = CARTESIAN_POINT('',(-49.14179907422,-87.,-180.1331171153));
#4223 = CARTESIAN_POINT('',(-49.14179907422,-87.,-180.0919433355));
#4224 = CARTESIAN_POINT('',(-49.14179907422,-87.,-180.058044734));
#4225 = CARTESIAN_POINT('',(-49.14179907422,-87.,-180.031421311));
#4226 = CARTESIAN_POINT('',(-49.14179907422,-87.,-180.0120730663));
#4227 = CARTESIAN_POINT('',(-49.14179907421,-86.99999999999,
    -179.9252902201));
#4228 = CARTESIAN_POINT('',(-49.14775125999,-87.00000000004,
    -179.850560841));
#4229 = CARTESIAN_POINT('',(-49.15970415225,-86.99999999988,
    -179.7735031736));
#4230 = CARTESIAN_POINT('',(-49.17711540488,-87.00000000021,
    -179.6919782437));
#4231 = CARTESIAN_POINT('',(-49.19899256066,-86.99999999969,
    -179.6038925009));
#4232 = CARTESIAN_POINT('',(-49.22388271876,-87.00000000034,
    -179.5072653546));
#4233 = CARTESIAN_POINT('',(-49.24978967838,-86.9999999997,
    -179.4004327937));
#4234 = CARTESIAN_POINT('',(-49.27409715886,-87.00000000019,
    -179.2823313499));
#4235 = CARTESIAN_POINT('',(-49.29357665068,-86.9999999999,
    -179.1528066604));
#4236 = CARTESIAN_POINT('',(-49.30455850094,-87.00000000003,
    -179.0128908895));
#4237 = CARTESIAN_POINT('',(-49.30334479255,-86.99999999999,
    -178.8649932658));
#4238 = CARTESIAN_POINT('',(-49.27054042748,-87.,-178.5609027214));
#4239 = CARTESIAN_POINT('',(-49.23893773009,-87.00000000001,
    -178.4046699443));
#4240 = CARTESIAN_POINT('',(-49.18928678374,-86.99999999995,
    -178.2479097125));
#4241 = CARTESIAN_POINT('',(-49.11907726905,-87.0000000001,-178.09530101
    ));
#4242 = CARTESIAN_POINT('',(-49.02763683403,-86.99999999983,
    -177.9523972069));
#4243 = CARTESIAN_POINT('',(-48.91641623403,-87.00000000019,
    -177.8236878323));
#4244 = CARTESIAN_POINT('',(-48.7882775635,-86.99999999983,
    -177.7117602215));
#4245 = CARTESIAN_POINT('',(-48.64645299102,-87.00000000011,
    -177.6178753214));
#4246 = CARTESIAN_POINT('',(-48.49389001543,-86.99999999994,
    -177.5429227251));
#4247 = CARTESIAN_POINT('',(-48.33334765606,-87.00000000001,
    -177.4876008444));
#4248 = CARTESIAN_POINT('',(-48.16785607535,-86.99999999999,
    -177.4517790153));
#4249 = CARTESIAN_POINT('',(-47.66428784929,-86.99999999999,
    -177.4024597832));
#4250 = CARTESIAN_POINT('',(-47.31916418223,-87.00000000002,
    -177.4470900007));
#4251 = CARTESIAN_POINT('',(-46.98633338479,-86.99999999993,
    -177.5671317522));
#4252 = CARTESIAN_POINT('',(-46.6835626755,-87.00000000012,
    -177.7578077976));
#4253 = CARTESIAN_POINT('',(-46.4328535642,-86.99999999983,
    -178.0040161149));
#4254 = CARTESIAN_POINT('',(-46.23258194382,-87.00000000016,
    -178.2984646782));
#4255 = CARTESIAN_POINT('',(-46.12076487482,-86.99999999986,
    -178.6140446617));
#4256 = CARTESIAN_POINT('',(-46.0457451454,-87.00000000008,
    -178.9106112977));
#4257 = CARTESIAN_POINT('',(-46.00673334588,-86.99999999995,
    -179.1975549393));
#4258 = CARTESIAN_POINT('',(-45.98405158013,-87.00000000001,
    -179.4691883308));
#4259 = CARTESIAN_POINT('',(-45.97290052723,-86.99999999999,
    -179.7347271358));
#4260 = CARTESIAN_POINT('',(-45.97290052723,-87.,-180.0203015121));
#4261 = CARTESIAN_POINT('',(-45.97290052723,-87.,-180.0463821216));
#4262 = CARTESIAN_POINT('',(-45.97290052723,-87.,-180.0782418284));
#4263 = CARTESIAN_POINT('',(-45.97290052723,-87.,-180.1158806325));
#4264 = CARTESIAN_POINT('',(-45.97290052724,-87.,-180.1592985339));
#4265 = CARTESIAN_POINT('',(-45.97290052724,-87.,-180.2084955327));
#4266 = CARTESIAN_POINT('',(-45.97290052724,-87.,-180.2634716287));
#4267 = CARTESIAN_POINT('',(-45.97290052724,-87.,-180.3242268221));
#4268 = CARTESIAN_POINT('',(-45.97290052724,-87.,-180.3907611128));
#4269 = CARTESIAN_POINT('',(-45.97290052724,-87.,-180.4630745008));
#4270 = CARTESIAN_POINT('',(-45.97290052724,-87.,-180.5411669862));
#4271 = CARTESIAN_POINT('',(-45.97290052724,-87.,-180.6250385688));
#4272 = ADVANCED_FACE('',(#4273),#4277,.T.);
#4273 = FACE_BOUND('',#4274,.F.);
#4274 = EDGE_LOOP('',(#4275,#4276));
#4275 = ORIENTED_EDGE('',*,*,#2424,.T.);
#4276 = ORIENTED_EDGE('',*,*,#4039,.T.);
#4277 = PLANE('',#4278);
#4278 = AXIS2_PLACEMENT_3D('',#4279,#4280,#4281);
#4279 = CARTESIAN_POINT('',(-48.,-87.,-178.6143593539));
#4280 = DIRECTION('',(0.,-1.,-1.089776975375E-16));
#4281 = DIRECTION('',(0.,-1.089776975375E-16,1.));
#4282 = ADVANCED_FACE('',(#4283),#4297,.F.);
#4283 = FACE_BOUND('',#4284,.T.);
#4284 = EDGE_LOOP('',(#4285,#4286,#4287,#4288,#4289,#4295,#4296));
#4285 = ORIENTED_EDGE('',*,*,#3892,.F.);
#4286 = ORIENTED_EDGE('',*,*,#3276,.F.);
#4287 = ORIENTED_EDGE('',*,*,#3918,.T.);
#4288 = ORIENTED_EDGE('',*,*,#3942,.T.);
#4289 = ORIENTED_EDGE('',*,*,#4290,.T.);
#4290 = EDGE_CURVE('',#3935,#3847,#4291,.T.);
#4291 = LINE('',#4292,#4293);
#4292 = CARTESIAN_POINT('',(-4.4,-54.8,-93.6));
#4293 = VECTOR('',#4294,1.);
#4294 = DIRECTION('',(0.,-1.110223024625E-16,-1.));
#4295 = ORIENTED_EDGE('',*,*,#3846,.T.);
#4296 = ORIENTED_EDGE('',*,*,#3868,.F.);
#4297 = PLANE('',#4298);
#4298 = AXIS2_PLACEMENT_3D('',#4299,#4300,#4301);
#4299 = CARTESIAN_POINT('',(-4.4,-57.3,-93.6));
#4300 = DIRECTION('',(1.,0.,0.));
#4301 = DIRECTION('',(0.,1.110223024625E-16,1.));
#4302 = ADVANCED_FACE('',(#4303),#4314,.F.);
#4303 = FACE_BOUND('',#4304,.T.);
#4304 = EDGE_LOOP('',(#4305,#4306,#4312,#4313));
#4305 = ORIENTED_EDGE('',*,*,#3706,.T.);
#4306 = ORIENTED_EDGE('',*,*,#4307,.T.);
#4307 = EDGE_CURVE('',#3707,#3773,#4308,.T.);
#4308 = LINE('',#4309,#4310);
#4309 = CARTESIAN_POINT('',(-4.5,-45.99999999998,-176.3));
#4310 = VECTOR('',#4311,1.);
#4311 = DIRECTION('',(0.,1.,7.782897769754E-14));
#4312 = ORIENTED_EDGE('',*,*,#3772,.T.);
#4313 = ORIENTED_EDGE('',*,*,#3338,.T.);
#4314 = PLANE('',#4315);
#4315 = AXIS2_PLACEMENT_3D('',#4316,#4317,#4318);
#4316 = CARTESIAN_POINT('',(-3.003669317169,-44.16858946609,-176.3));
#4317 = DIRECTION('',(0.,-7.765897769754E-14,1.));
#4318 = DIRECTION('',(0.,1.,7.765897769754E-14));
#4319 = ADVANCED_FACE('',(#4320),#4338,.T.);
#4320 = FACE_BOUND('',#4321,.T.);
#4321 = EDGE_LOOP('',(#4322,#4330,#4331,#4332));
#4322 = ORIENTED_EDGE('',*,*,#4323,.F.);
#4323 = EDGE_CURVE('',#3707,#4324,#4326,.T.);
#4324 = VERTEX_POINT('',#4325);
#4325 = CARTESIAN_POINT('',(-4.9,-45.59999999998,-175.9));
#4326 = LINE('',#4327,#4328);
#4327 = CARTESIAN_POINT('',(-4.633333333334,-45.86666666665,
    -176.1666666666));
#4328 = VECTOR('',#4329,1.);
#4329 = DIRECTION('',(-0.57735026919,0.57735026919,0.57735026919));
#4330 = ORIENTED_EDGE('',*,*,#3729,.T.);
#4331 = ORIENTED_EDGE('',*,*,#3823,.T.);
#4332 = ORIENTED_EDGE('',*,*,#4333,.F.);
#4333 = EDGE_CURVE('',#4324,#3805,#4334,.T.);
#4334 = LINE('',#4335,#4336);
#4335 = CARTESIAN_POINT('',(-4.9,-45.59999999998,-176.3));
#4336 = VECTOR('',#4337,1.);
#4337 = DIRECTION('',(0.,-7.787897769754E-14,1.));
#4338 = PLANE('',#4339);
#4339 = AXIS2_PLACEMENT_3D('',#4340,#4341,#4342);
#4340 = CARTESIAN_POINT('',(-4.7,-45.79999999998,-176.3));
#4341 = DIRECTION('',(-0.707106781187,-0.707106781187,
    -5.518149537707E-14));
#4342 = DIRECTION('',(-7.972072836853E-17,-7.795869842591E-14,1.));
#4343 = ADVANCED_FACE('',(#4344),#4362,.T.);
#4344 = FACE_BOUND('',#4345,.F.);
#4345 = EDGE_LOOP('',(#4346,#4354,#4355,#4356));
#4346 = ORIENTED_EDGE('',*,*,#4347,.F.);
#4347 = EDGE_CURVE('',#3773,#4348,#4350,.T.);
#4348 = VERTEX_POINT('',#4349);
#4349 = CARTESIAN_POINT('',(-4.9,-42.39999999998,-175.9));
#4350 = LINE('',#4351,#4352);
#4351 = CARTESIAN_POINT('',(-5.3,-42.79999999998,-175.5));
#4352 = VECTOR('',#4353,1.);
#4353 = DIRECTION('',(-0.57735026919,-0.57735026919,0.57735026919));
#4354 = ORIENTED_EDGE('',*,*,#3780,.T.);
#4355 = ORIENTED_EDGE('',*,*,#3814,.T.);
#4356 = ORIENTED_EDGE('',*,*,#4357,.F.);
#4357 = EDGE_CURVE('',#4348,#3807,#4358,.T.);
#4358 = LINE('',#4359,#4360);
#4359 = CARTESIAN_POINT('',(-4.9,-42.39999999998,-176.3));
#4360 = VECTOR('',#4361,1.);
#4361 = DIRECTION('',(0.,-7.787897769754E-14,1.));
#4362 = PLANE('',#4363);
#4363 = AXIS2_PLACEMENT_3D('',#4364,#4365,#4366);
#4364 = CARTESIAN_POINT('',(-4.7,-42.19999999998,-176.3));
#4365 = DIRECTION('',(-0.707106781187,0.707106781187,5.518149537707E-14)
  );
#4366 = DIRECTION('',(-7.972072836853E-17,7.795869842591E-14,-1.));
#4367 = ADVANCED_FACE('',(#4368),#4379,.F.);
#4368 = FACE_BOUND('',#4369,.T.);
#4369 = EDGE_LOOP('',(#4370,#4371,#4372,#4378));
#4370 = ORIENTED_EDGE('',*,*,#3804,.T.);
#4371 = ORIENTED_EDGE('',*,*,#4357,.F.);
#4372 = ORIENTED_EDGE('',*,*,#4373,.F.);
#4373 = EDGE_CURVE('',#4324,#4348,#4374,.T.);
#4374 = LINE('',#4375,#4376);
#4375 = CARTESIAN_POINT('',(-4.9,-45.99999999998,-175.9));
#4376 = VECTOR('',#4377,1.);
#4377 = DIRECTION('',(0.,1.,7.782897769754E-14));
#4378 = ORIENTED_EDGE('',*,*,#4333,.T.);
#4379 = PLANE('',#4380);
#4380 = AXIS2_PLACEMENT_3D('',#4381,#4382,#4383);
#4381 = CARTESIAN_POINT('',(-4.9,-45.99999999998,-176.3));
#4382 = DIRECTION('',(1.,0.,0.));
#4383 = DIRECTION('',(0.,-1.,-7.782897769754E-14));
#4384 = ADVANCED_FACE('',(#4385),#4403,.T.);
#4385 = FACE_BOUND('',#4386,.T.);
#4386 = EDGE_LOOP('',(#4387,#4395,#4396,#4397));
#4387 = ORIENTED_EDGE('',*,*,#4388,.F.);
#4388 = EDGE_CURVE('',#3935,#4389,#4391,.T.);
#4389 = VERTEX_POINT('',#4390);
#4390 = CARTESIAN_POINT('',(-4.9,-54.8,-95.95));
#4391 = LINE('',#4392,#4393);
#4392 = CARTESIAN_POINT('',(-4.5375,-54.8,-95.5875));
#4393 = VECTOR('',#4394,1.);
#4394 = DIRECTION('',(-0.707106781187,-7.850462293419E-17,
    -0.707106781187));
#4395 = ORIENTED_EDGE('',*,*,#3965,.T.);
#4396 = ORIENTED_EDGE('',*,*,#4007,.T.);
#4397 = ORIENTED_EDGE('',*,*,#4398,.F.);
#4398 = EDGE_CURVE('',#4389,#4000,#4399,.T.);
#4399 = LINE('',#4400,#4401);
#4400 = CARTESIAN_POINT('',(-4.9,-54.8,-95.95));
#4401 = VECTOR('',#4402,1.);
#4402 = DIRECTION('',(-0.,1.,-1.110223024625E-16));
#4403 = PLANE('',#4404);
#4404 = AXIS2_PLACEMENT_3D('',#4405,#4406,#4407);
#4405 = CARTESIAN_POINT('',(-4.65,-54.8,-95.7));
#4406 = DIRECTION('',(-0.707106781187,7.850462293419E-17,0.707106781187)
  );
#4407 = DIRECTION('',(0.,1.,-1.110223024625E-16));
#4408 = ADVANCED_FACE('',(#4409),#4427,.F.);
#4409 = FACE_BOUND('',#4410,.T.);
#4410 = EDGE_LOOP('',(#4411,#4419,#4420,#4421));
#4411 = ORIENTED_EDGE('',*,*,#4412,.F.);
#4412 = EDGE_CURVE('',#4389,#4413,#4415,.T.);
#4413 = VERTEX_POINT('',#4414);
#4414 = CARTESIAN_POINT('',(-4.9,-54.8,-98.95));
#4415 = LINE('',#4416,#4417);
#4416 = CARTESIAN_POINT('',(-4.9,-54.8,-95.45));
#4417 = VECTOR('',#4418,1.);
#4418 = DIRECTION('',(0.,-1.110223024625E-16,-1.));
#4419 = ORIENTED_EDGE('',*,*,#4398,.T.);
#4420 = ORIENTED_EDGE('',*,*,#3999,.T.);
#4421 = ORIENTED_EDGE('',*,*,#4422,.F.);
#4422 = EDGE_CURVE('',#4413,#3992,#4423,.T.);
#4423 = LINE('',#4424,#4425);
#4424 = CARTESIAN_POINT('',(-4.9,-54.8,-98.95));
#4425 = VECTOR('',#4426,1.);
#4426 = DIRECTION('',(-0.,1.,-1.110223024625E-16));
#4427 = PLANE('',#4428);
#4428 = AXIS2_PLACEMENT_3D('',#4429,#4430,#4431);
#4429 = CARTESIAN_POINT('',(-4.9,-54.8,-95.45));
#4430 = DIRECTION('',(1.,0.,0.));
#4431 = DIRECTION('',(0.,1.110223024625E-16,1.));
#4432 = ADVANCED_FACE('',(#4433),#4444,.T.);
#4433 = FACE_BOUND('',#4434,.F.);
#4434 = EDGE_LOOP('',(#4435,#4441,#4442,#4443));
#4435 = ORIENTED_EDGE('',*,*,#4436,.F.);
#4436 = EDGE_CURVE('',#3847,#4413,#4437,.T.);
#4437 = LINE('',#4438,#4439);
#4438 = CARTESIAN_POINT('',(-4.5375,-54.8,-99.3125));
#4439 = VECTOR('',#4440,1.);
#4440 = DIRECTION('',(-0.707106781187,7.850462293419E-17,0.707106781187)
  );
#4441 = ORIENTED_EDGE('',*,*,#4024,.T.);
#4442 = ORIENTED_EDGE('',*,*,#3991,.T.);
#4443 = ORIENTED_EDGE('',*,*,#4422,.F.);
#4444 = PLANE('',#4445);
#4445 = AXIS2_PLACEMENT_3D('',#4446,#4447,#4448);
#4446 = CARTESIAN_POINT('',(-4.65,-54.8,-99.2));
#4447 = DIRECTION('',(-0.707106781187,-7.850462293419E-17,
    -0.707106781187));
#4448 = DIRECTION('',(0.,-1.,1.110223024625E-16));
#4449 = ADVANCED_FACE('',(#4450),#4456,.T.);
#4450 = FACE_BOUND('',#4451,.F.);
#4451 = EDGE_LOOP('',(#4452,#4453,#4454,#4455));
#4452 = ORIENTED_EDGE('',*,*,#4412,.F.);
#4453 = ORIENTED_EDGE('',*,*,#4388,.F.);
#4454 = ORIENTED_EDGE('',*,*,#4290,.T.);
#4455 = ORIENTED_EDGE('',*,*,#4436,.T.);
#4456 = PLANE('',#4457);
#4457 = AXIS2_PLACEMENT_3D('',#4458,#4459,#4460);
#4458 = CARTESIAN_POINT('',(-2.45,-54.8,-97.45));
#4459 = DIRECTION('',(0.,-1.,1.110223024625E-16));
#4460 = DIRECTION('',(1.,0.,0.));
#4461 = ADVANCED_FACE('',(#4462),#4468,.T.);
#4462 = FACE_BOUND('',#4463,.F.);
#4463 = EDGE_LOOP('',(#4464,#4465,#4466,#4467));
#4464 = ORIENTED_EDGE('',*,*,#4323,.F.);
#4465 = ORIENTED_EDGE('',*,*,#4307,.T.);
#4466 = ORIENTED_EDGE('',*,*,#4347,.T.);
#4467 = ORIENTED_EDGE('',*,*,#4373,.F.);
#4468 = PLANE('',#4469);
#4469 = AXIS2_PLACEMENT_3D('',#4470,#4471,#4472);
#4470 = CARTESIAN_POINT('',(-4.7,-45.99999999998,-176.1));
#4471 = DIRECTION('',(-0.707106781187,5.418149537707E-14,-0.707106781187
    ));
#4472 = DIRECTION('',(6.023860528177E-16,-1.,-7.722659164472E-14));
#4473 = ( GEOMETRIC_REPRESENTATION_CONTEXT(3) 
GLOBAL_UNCERTAINTY_ASSIGNED_CONTEXT((#4477)) 
GLOBAL_UNIT_ASSIGNED_CONTEXT((#4474,#4475,#4476)) REPRESENTATION_CONTEXT
('Context #1','3D Context with UNIT and UNCERTAINTY') );
#4474 = ( LENGTH_UNIT() NAMED_UNIT(*) SI_UNIT(.MILLI.,.METRE.) );
#4475 = ( NAMED_UNIT(*) PLANE_ANGLE_UNIT() SI_UNIT($,.RADIAN.) );
#4476 = ( NAMED_UNIT(*) SI_UNIT($,.STERADIAN.) SOLID_ANGLE_UNIT() );
#4477 = UNCERTAINTY_MEASURE_WITH_UNIT(LENGTH_MEASURE(1.E-04),#4474,
  'distance_accuracy_value','confusion accuracy');
#4478 = PRODUCT_RELATED_PRODUCT_CATEGORY('part',$,(#7));
ENDSEC;
END-ISO-10303-21;
